ISO-10303-21;
HEADER;
FILE_DESCRIPTION(('STEP AP242'),'1');
FILE_NAME('744009.stp','2025-08-14T12:02:18',('TraceParts'),('TraceParts S.A.'),'Spatial InterOp 3D',' ',' ');
FILE_SCHEMA(('AP242_MANAGED_MODEL_BASED_3D_ENGINEERING_MIM_LF  {1 0 10303 442 1 1 4}'));
ENDSEC;
DATA;
#1=MECHANICAL_DESIGN_GEOMETRIC_PRESENTATION_REPRESENTATION(' ',(#30,#31,#32,#33,#34,#35,#36,#37,#38,#39,#40,#41,#42,#43,#44,#45,#46,#47,#48,#49,#50,#51,#52,#53,#54,#55,#56,#57,#58,#59,#60,#61,#62,#63,#64,#65,#66,#67,#68,#69,#70,#71,#72,#73,#74,#75,#76,#77,#78,#79,#80,#81,#82,#83,#84,#85,#86,#87,#88,#89,#90,#91,#92,#93,#94,#95,#96,#97,#98,#99,#100,#101,#102,#103,#104,#105,#106,#107,#108,#109,#110,#111,#112,#113,#114,#115,#116,#117,#118,#119,#120,#121,#122,#123,#124,#125,#126,#127,#128,#129,#130,#131,#132,#133,#134,#135,#136,#137,#138,#139,#140,#141,#142,#143,#144,#145,#146,#147,#148,#149,#150,#151,#152,#153,#154,#155,#156,#157,#158,#159,#160,#161,#162,#163,#164,#165,#166,#167,#168,#169,#170,#171,#172,#173,#174,#175,#176,#177,#178,#179,#180,#181,#182,#183,#184,#185,#186,#187,#188,#189,#190,#191,#192,#193,#194,#195,#196,#197,#198,#199,#200,#201,#202,#203,#204,#205,#206,#207,#208,#209,#210,#211,#212,#213,#214,#215,#216,#217,#218,#219,#220,#221,#222,#223,#224,#225,#226,#227,#228,#229,#230,#231,#232,#233,#234,#235,#236,#237,#238,#239,#240,#241,#242,#243,#244,#245,#246,#247,#248,#249,#250,#251,#252,#253,#254,#255,#256,#257,#258,#259,#260,#261,#262,#263,#264,#265,#266,#267,#268,#269,#270,#271,#272,#273,#274,#275,#276,#277,#278,#279,#280,#281,#282,#283,#284,#285,#286,#287,#288,#289,#290,#291,#292,#293,#294,#295,#296,#297,#298,#299,#300,#301,#302,#303,#304,#305,#306,#307,#308,#309,#310,#311,#312,#313,#314,#315,#316,#317,#318,#319,#320,#321,#322,#323,#324,#325,#326,#327,#328,#329,#330,#331,#332,#333,#334,#335,#336,#337,#338,#339,#340,#341,#342,#343,#344,#345,#346,#347,#348,#349,#350,#351,#352,#353,#354,#355,#356,#357,#358,#359,#360,#361,#362,#363,#364,#365,#366,#367,#368,#369,#370,#371,#372,#373,#374,#375,#376,#377,#378,#379,#380,#381,#382,#383,#384,#385,#386,#387,#388,#389,#390,#391,#392,#393,#394,#395,#396,#397,#398,#399,#400,#401,#402,#403,#404,#405,#406,#407,#408,#409,#410,#411,#412,#413,#414,#415,#416,#417,#418,#419,#420,#421,#422,#423,#424,#425,#426,#427,#428,#429,#430,#431,#432,#433,#434,#435,#436,#437,#438,#439,#440,#441,#442,#443,#444,#445,#446,#447,#448,#449,#450,#451,#452,#453,#454,#455,#456,#457,#458,#459,#460,#461,#462,#463,#464,#465,#466,#467,#468,#469,#470,#471,#472,#473,#474,#475,#476),#26);
#2=PRODUCT_DEFINITION_CONTEXT('',#477,'design');
#3=APPLICATION_PROTOCOL_DEFINITION('INTERNATIONAL STANDARD','ap242_managed_model_based_3d_engineering',2014,#477);
#4=PRODUCT_CATEGORY_RELATIONSHIP('NONE','NONE',#478,#479);
#5=SHAPE_DEFINITION_REPRESENTATION(#480,#481);
#6=SHAPE_DEFINITION_REPRESENTATION(#480,#482);
#7=SHAPE_DEFINITION_REPRESENTATION(#480,#483);
#8=SHAPE_DEFINITION_REPRESENTATION(#480,#484);
#9=SHAPE_DEFINITION_REPRESENTATION(#480,#485);
#10=SHAPE_DEFINITION_REPRESENTATION(#480,#486);
#11=SHAPE_DEFINITION_REPRESENTATION(#480,#487);
#12=SHAPE_DEFINITION_REPRESENTATION(#480,#488);
#13=SHAPE_DEFINITION_REPRESENTATION(#480,#489);
#14=SHAPE_DEFINITION_REPRESENTATION(#480,#490);
#15=SHAPE_DEFINITION_REPRESENTATION(#480,#491);
#16=SHAPE_DEFINITION_REPRESENTATION(#480,#492);
#17=SHAPE_DEFINITION_REPRESENTATION(#480,#493);
#18=SHAPE_DEFINITION_REPRESENTATION(#480,#494);
#19=SHAPE_DEFINITION_REPRESENTATION(#480,#495);
#20=SHAPE_DEFINITION_REPRESENTATION(#480,#496);
#21=SHAPE_DEFINITION_REPRESENTATION(#480,#497);
#22=SHAPE_DEFINITION_REPRESENTATION(#480,#498);
#23=SHAPE_DEFINITION_REPRESENTATION(#480,#499);
#24=SHAPE_DEFINITION_REPRESENTATION(#480,#500);
#25=SHAPE_DEFINITION_REPRESENTATION(#480,#501);
#26= (GEOMETRIC_REPRESENTATION_CONTEXT(3)GLOBAL_UNCERTAINTY_ASSIGNED_CONTEXT((#504))GLOBAL_UNIT_ASSIGNED_CONTEXT((#506,#507,#508))REPRESENTATION_CONTEXT('NONE','WORKSPACE'));
#30=STYLED_ITEM('',(#510),#511);
#31=STYLED_ITEM('',(#512),#513);
#32=STYLED_ITEM('',(#514),#515);
#33=STYLED_ITEM('',(#516),#517);
#34=STYLED_ITEM('',(#518),#519);
#35=STYLED_ITEM('',(#520),#521);
#36=STYLED_ITEM('',(#522),#523);
#37=STYLED_ITEM('',(#524),#525);
#38=STYLED_ITEM('',(#526),#527);
#39=STYLED_ITEM('',(#528),#529);
#40=STYLED_ITEM('',(#530),#531);
#41=STYLED_ITEM('',(#532),#533);
#42=STYLED_ITEM('',(#534),#535);
#43=STYLED_ITEM('',(#536),#537);
#44=STYLED_ITEM('',(#538),#539);
#45=STYLED_ITEM('',(#540),#541);
#46=STYLED_ITEM('',(#542),#543);
#47=STYLED_ITEM('',(#544),#545);
#48=STYLED_ITEM('',(#546),#547);
#49=STYLED_ITEM('',(#548),#549);
#50=STYLED_ITEM('',(#550),#551);
#51=STYLED_ITEM('',(#552),#553);
#52=STYLED_ITEM('',(#554),#555);
#53=STYLED_ITEM('',(#556),#557);
#54=STYLED_ITEM('',(#558),#559);
#55=STYLED_ITEM('',(#560),#561);
#56=STYLED_ITEM('',(#562),#563);
#57=STYLED_ITEM('',(#564),#565);
#58=STYLED_ITEM('',(#566),#567);
#59=STYLED_ITEM('',(#568),#569);
#60=STYLED_ITEM('',(#570),#571);
#61=STYLED_ITEM('',(#572),#573);
#62=STYLED_ITEM('',(#574),#575);
#63=STYLED_ITEM('',(#576),#577);
#64=STYLED_ITEM('',(#578),#579);
#65=STYLED_ITEM('',(#580),#581);
#66=STYLED_ITEM('',(#582),#583);
#67=STYLED_ITEM('',(#584),#585);
#68=STYLED_ITEM('',(#586),#587);
#69=STYLED_ITEM('',(#588),#589);
#70=STYLED_ITEM('',(#590),#591);
#71=STYLED_ITEM('',(#592),#593);
#72=STYLED_ITEM('',(#594),#595);
#73=STYLED_ITEM('',(#596),#597);
#74=STYLED_ITEM('',(#598),#599);
#75=STYLED_ITEM('',(#600),#601);
#76=STYLED_ITEM('',(#602),#603);
#77=STYLED_ITEM('',(#604),#605);
#78=STYLED_ITEM('',(#606),#607);
#79=STYLED_ITEM('',(#608),#609);
#80=STYLED_ITEM('',(#610),#611);
#81=STYLED_ITEM('',(#612),#613);
#82=STYLED_ITEM('',(#614),#615);
#83=STYLED_ITEM('',(#616),#617);
#84=STYLED_ITEM('',(#618),#619);
#85=STYLED_ITEM('',(#620),#621);
#86=STYLED_ITEM('',(#622),#623);
#87=STYLED_ITEM('',(#624),#625);
#88=STYLED_ITEM('',(#626),#627);
#89=STYLED_ITEM('',(#628),#629);
#90=STYLED_ITEM('',(#630),#631);
#91=STYLED_ITEM('',(#632),#633);
#92=STYLED_ITEM('',(#634),#635);
#93=STYLED_ITEM('',(#636),#637);
#94=STYLED_ITEM('',(#638),#639);
#95=STYLED_ITEM('',(#640),#641);
#96=STYLED_ITEM('',(#642),#643);
#97=STYLED_ITEM('',(#644),#645);
#98=STYLED_ITEM('',(#646),#647);
#99=STYLED_ITEM('',(#648),#649);
#100=STYLED_ITEM('',(#650),#651);
#101=STYLED_ITEM('',(#652),#653);
#102=STYLED_ITEM('',(#654),#655);
#103=STYLED_ITEM('',(#656),#657);
#104=STYLED_ITEM('',(#658),#659);
#105=STYLED_ITEM('',(#660),#661);
#106=STYLED_ITEM('',(#662),#663);
#107=STYLED_ITEM('',(#664),#665);
#108=STYLED_ITEM('',(#666),#667);
#109=STYLED_ITEM('',(#668),#669);
#110=STYLED_ITEM('',(#670),#671);
#111=STYLED_ITEM('',(#672),#673);
#112=STYLED_ITEM('',(#674),#675);
#113=STYLED_ITEM('',(#676),#677);
#114=STYLED_ITEM('',(#678),#679);
#115=STYLED_ITEM('',(#680),#681);
#116=STYLED_ITEM('',(#682),#683);
#117=STYLED_ITEM('',(#684),#685);
#118=STYLED_ITEM('',(#686),#687);
#119=STYLED_ITEM('',(#688),#689);
#120=STYLED_ITEM('',(#690),#691);
#121=STYLED_ITEM('',(#692),#693);
#122=STYLED_ITEM('',(#694),#695);
#123=STYLED_ITEM('',(#696),#697);
#124=STYLED_ITEM('',(#698),#699);
#125=STYLED_ITEM('',(#700),#701);
#126=STYLED_ITEM('',(#702),#703);
#127=STYLED_ITEM('',(#704),#705);
#128=STYLED_ITEM('',(#706),#707);
#129=STYLED_ITEM('',(#708),#709);
#130=STYLED_ITEM('',(#710),#711);
#131=STYLED_ITEM('',(#712),#713);
#132=STYLED_ITEM('',(#714),#715);
#133=STYLED_ITEM('',(#716),#717);
#134=STYLED_ITEM('',(#718),#719);
#135=STYLED_ITEM('',(#720),#721);
#136=STYLED_ITEM('',(#722),#723);
#137=STYLED_ITEM('',(#724),#725);
#138=STYLED_ITEM('',(#726),#727);
#139=STYLED_ITEM('',(#728),#729);
#140=STYLED_ITEM('',(#730),#731);
#141=STYLED_ITEM('',(#732),#733);
#142=STYLED_ITEM('',(#734),#735);
#143=STYLED_ITEM('',(#736),#737);
#144=STYLED_ITEM('',(#738),#739);
#145=STYLED_ITEM('',(#740),#741);
#146=STYLED_ITEM('',(#742),#743);
#147=STYLED_ITEM('',(#744),#745);
#148=STYLED_ITEM('',(#746),#747);
#149=STYLED_ITEM('',(#748),#749);
#150=STYLED_ITEM('',(#750),#751);
#151=STYLED_ITEM('',(#752),#753);
#152=STYLED_ITEM('',(#754),#755);
#153=STYLED_ITEM('',(#756),#757);
#154=STYLED_ITEM('',(#758),#759);
#155=STYLED_ITEM('',(#760),#761);
#156=STYLED_ITEM('',(#762),#763);
#157=STYLED_ITEM('',(#764),#765);
#158=STYLED_ITEM('',(#766),#767);
#159=STYLED_ITEM('',(#768),#769);
#160=STYLED_ITEM('',(#770),#771);
#161=STYLED_ITEM('',(#772),#773);
#162=STYLED_ITEM('',(#774),#775);
#163=STYLED_ITEM('',(#776),#777);
#164=STYLED_ITEM('',(#778),#779);
#165=STYLED_ITEM('',(#780),#781);
#166=STYLED_ITEM('',(#782),#783);
#167=STYLED_ITEM('',(#784),#785);
#168=STYLED_ITEM('',(#786),#787);
#169=STYLED_ITEM('',(#788),#789);
#170=STYLED_ITEM('',(#790),#791);
#171=STYLED_ITEM('',(#792),#793);
#172=STYLED_ITEM('',(#794),#795);
#173=STYLED_ITEM('',(#796),#797);
#174=STYLED_ITEM('',(#798),#799);
#175=STYLED_ITEM('',(#800),#801);
#176=STYLED_ITEM('',(#802),#803);
#177=STYLED_ITEM('',(#804),#805);
#178=STYLED_ITEM('',(#806),#807);
#179=STYLED_ITEM('',(#808),#809);
#180=STYLED_ITEM('',(#810),#811);
#181=STYLED_ITEM('',(#812),#813);
#182=STYLED_ITEM('',(#814),#815);
#183=STYLED_ITEM('',(#816),#817);
#184=STYLED_ITEM('',(#818),#819);
#185=STYLED_ITEM('',(#820),#821);
#186=STYLED_ITEM('',(#822),#823);
#187=STYLED_ITEM('',(#824),#825);
#188=STYLED_ITEM('',(#826),#827);
#189=STYLED_ITEM('',(#828),#829);
#190=STYLED_ITEM('',(#830),#831);
#191=STYLED_ITEM('',(#832),#833);
#192=STYLED_ITEM('',(#834),#835);
#193=STYLED_ITEM('',(#836),#837);
#194=STYLED_ITEM('',(#838),#839);
#195=STYLED_ITEM('',(#840),#841);
#196=STYLED_ITEM('',(#842),#843);
#197=STYLED_ITEM('',(#844),#845);
#198=STYLED_ITEM('',(#846),#847);
#199=STYLED_ITEM('',(#848),#849);
#200=STYLED_ITEM('',(#850),#851);
#201=STYLED_ITEM('',(#852),#853);
#202=STYLED_ITEM('',(#854),#855);
#203=STYLED_ITEM('',(#856),#857);
#204=STYLED_ITEM('',(#858),#859);
#205=STYLED_ITEM('',(#860),#861);
#206=STYLED_ITEM('',(#862),#863);
#207=STYLED_ITEM('',(#864),#865);
#208=STYLED_ITEM('',(#866),#867);
#209=STYLED_ITEM('',(#868),#869);
#210=STYLED_ITEM('',(#870),#871);
#211=STYLED_ITEM('',(#872),#873);
#212=STYLED_ITEM('',(#874),#875);
#213=STYLED_ITEM('',(#876),#877);
#214=STYLED_ITEM('',(#878),#879);
#215=STYLED_ITEM('',(#880),#881);
#216=STYLED_ITEM('',(#882),#883);
#217=STYLED_ITEM('',(#884),#885);
#218=STYLED_ITEM('',(#886),#887);
#219=STYLED_ITEM('',(#888),#889);
#220=STYLED_ITEM('',(#890),#891);
#221=STYLED_ITEM('',(#892),#893);
#222=STYLED_ITEM('',(#894),#895);
#223=STYLED_ITEM('',(#896),#897);
#224=STYLED_ITEM('',(#898),#899);
#225=STYLED_ITEM('',(#900),#901);
#226=STYLED_ITEM('',(#902),#903);
#227=STYLED_ITEM('',(#904),#905);
#228=STYLED_ITEM('',(#906),#907);
#229=STYLED_ITEM('',(#908),#909);
#230=STYLED_ITEM('',(#910),#911);
#231=STYLED_ITEM('',(#912),#913);
#232=STYLED_ITEM('',(#914),#915);
#233=STYLED_ITEM('',(#916),#917);
#234=STYLED_ITEM('',(#918),#919);
#235=STYLED_ITEM('',(#920),#921);
#236=STYLED_ITEM('',(#922),#923);
#237=STYLED_ITEM('',(#924),#925);
#238=STYLED_ITEM('',(#926),#927);
#239=STYLED_ITEM('',(#928),#929);
#240=STYLED_ITEM('',(#930),#931);
#241=STYLED_ITEM('',(#932),#933);
#242=STYLED_ITEM('',(#934),#935);
#243=STYLED_ITEM('',(#936),#937);
#244=STYLED_ITEM('',(#938),#939);
#245=STYLED_ITEM('',(#940),#941);
#246=STYLED_ITEM('',(#942),#943);
#247=STYLED_ITEM('',(#944),#945);
#248=STYLED_ITEM('',(#946),#947);
#249=STYLED_ITEM('',(#948),#949);
#250=STYLED_ITEM('',(#950),#951);
#251=STYLED_ITEM('',(#952),#953);
#252=STYLED_ITEM('',(#954),#955);
#253=STYLED_ITEM('',(#956),#957);
#254=STYLED_ITEM('',(#958),#959);
#255=STYLED_ITEM('',(#960),#961);
#256=STYLED_ITEM('',(#962),#963);
#257=STYLED_ITEM('',(#964),#965);
#258=STYLED_ITEM('',(#966),#967);
#259=STYLED_ITEM('',(#968),#969);
#260=STYLED_ITEM('',(#970),#971);
#261=STYLED_ITEM('',(#972),#973);
#262=STYLED_ITEM('',(#974),#975);
#263=STYLED_ITEM('',(#976),#977);
#264=STYLED_ITEM('',(#978),#979);
#265=STYLED_ITEM('',(#980),#981);
#266=STYLED_ITEM('',(#982),#983);
#267=STYLED_ITEM('',(#984),#985);
#268=STYLED_ITEM('',(#986),#987);
#269=STYLED_ITEM('',(#988),#989);
#270=STYLED_ITEM('',(#990),#991);
#271=STYLED_ITEM('',(#992),#993);
#272=STYLED_ITEM('',(#994),#995);
#273=STYLED_ITEM('',(#996),#997);
#274=STYLED_ITEM('',(#998),#999);
#275=STYLED_ITEM('',(#1000),#1001);
#276=STYLED_ITEM('',(#1002),#1003);
#277=STYLED_ITEM('',(#1004),#1005);
#278=STYLED_ITEM('',(#1006),#1007);
#279=STYLED_ITEM('',(#1008),#1009);
#280=STYLED_ITEM('',(#1010),#1011);
#281=STYLED_ITEM('',(#1012),#1013);
#282=STYLED_ITEM('',(#1014),#1015);
#283=STYLED_ITEM('',(#1016),#1017);
#284=STYLED_ITEM('',(#1018),#1019);
#285=STYLED_ITEM('',(#1020),#1021);
#286=STYLED_ITEM('',(#1022),#1023);
#287=STYLED_ITEM('',(#1024),#1025);
#288=STYLED_ITEM('',(#1026),#1027);
#289=STYLED_ITEM('',(#1028),#1029);
#290=STYLED_ITEM('',(#1030),#1031);
#291=STYLED_ITEM('',(#1032),#1033);
#292=STYLED_ITEM('',(#1034),#1035);
#293=STYLED_ITEM('',(#1036),#1037);
#294=STYLED_ITEM('',(#1038),#1039);
#295=STYLED_ITEM('',(#1040),#1041);
#296=STYLED_ITEM('',(#1042),#1043);
#297=STYLED_ITEM('',(#1044),#1045);
#298=STYLED_ITEM('',(#1046),#1047);
#299=STYLED_ITEM('',(#1048),#1049);
#300=STYLED_ITEM('',(#1050),#1051);
#301=STYLED_ITEM('',(#1052),#1053);
#302=STYLED_ITEM('',(#1054),#1055);
#303=STYLED_ITEM('',(#1056),#1057);
#304=STYLED_ITEM('',(#1058),#1059);
#305=STYLED_ITEM('',(#1060),#1061);
#306=STYLED_ITEM('',(#1062),#1063);
#307=STYLED_ITEM('',(#1064),#1065);
#308=STYLED_ITEM('',(#1066),#1067);
#309=STYLED_ITEM('',(#1068),#1069);
#310=STYLED_ITEM('',(#1070),#1071);
#311=STYLED_ITEM('',(#1072),#1073);
#312=STYLED_ITEM('',(#1074),#1075);
#313=STYLED_ITEM('',(#1076),#1077);
#314=STYLED_ITEM('',(#1078),#1079);
#315=STYLED_ITEM('',(#1080),#1081);
#316=STYLED_ITEM('',(#1082),#1083);
#317=STYLED_ITEM('',(#1084),#1085);
#318=STYLED_ITEM('',(#1086),#1087);
#319=STYLED_ITEM('',(#1088),#1089);
#320=STYLED_ITEM('',(#1090),#1091);
#321=STYLED_ITEM('',(#1092),#1093);
#322=STYLED_ITEM('',(#1094),#1095);
#323=STYLED_ITEM('',(#1096),#1097);
#324=STYLED_ITEM('',(#1098),#1099);
#325=STYLED_ITEM('',(#1100),#1101);
#326=STYLED_ITEM('',(#1102),#1103);
#327=STYLED_ITEM('',(#1104),#1105);
#328=STYLED_ITEM('',(#1106),#1107);
#329=STYLED_ITEM('',(#1108),#1109);
#330=STYLED_ITEM('',(#1110),#1111);
#331=STYLED_ITEM('',(#1112),#1113);
#332=STYLED_ITEM('',(#1114),#1115);
#333=STYLED_ITEM('',(#1116),#1117);
#334=STYLED_ITEM('',(#1118),#1119);
#335=STYLED_ITEM('',(#1120),#1121);
#336=STYLED_ITEM('',(#1122),#1123);
#337=STYLED_ITEM('',(#1124),#1125);
#338=STYLED_ITEM('',(#1126),#1127);
#339=STYLED_ITEM('',(#1128),#1129);
#340=STYLED_ITEM('',(#1130),#1131);
#341=STYLED_ITEM('',(#1132),#1133);
#342=STYLED_ITEM('',(#1134),#1135);
#343=STYLED_ITEM('',(#1136),#1137);
#344=STYLED_ITEM('',(#1138),#1139);
#345=STYLED_ITEM('',(#1140),#1141);
#346=STYLED_ITEM('',(#1142),#1143);
#347=STYLED_ITEM('',(#1144),#1145);
#348=STYLED_ITEM('',(#1146),#1147);
#349=STYLED_ITEM('',(#1148),#1149);
#350=STYLED_ITEM('',(#1150),#1151);
#351=STYLED_ITEM('',(#1152),#1153);
#352=STYLED_ITEM('',(#1154),#1155);
#353=STYLED_ITEM('',(#1156),#1157);
#354=STYLED_ITEM('',(#1158),#1159);
#355=STYLED_ITEM('',(#1160),#1161);
#356=STYLED_ITEM('',(#1162),#1163);
#357=STYLED_ITEM('',(#1164),#1165);
#358=STYLED_ITEM('',(#1166),#1167);
#359=STYLED_ITEM('',(#1168),#1169);
#360=STYLED_ITEM('',(#1170),#1171);
#361=STYLED_ITEM('',(#1172),#1173);
#362=STYLED_ITEM('',(#1174),#1175);
#363=STYLED_ITEM('',(#1176),#1177);
#364=STYLED_ITEM('',(#1178),#1179);
#365=STYLED_ITEM('',(#1180),#1181);
#366=STYLED_ITEM('',(#1182),#1183);
#367=STYLED_ITEM('',(#1184),#1185);
#368=STYLED_ITEM('',(#1186),#1187);
#369=STYLED_ITEM('',(#1188),#1189);
#370=STYLED_ITEM('',(#1190),#1191);
#371=STYLED_ITEM('',(#1192),#1193);
#372=STYLED_ITEM('',(#1194),#1195);
#373=STYLED_ITEM('',(#1196),#1197);
#374=STYLED_ITEM('',(#1198),#1199);
#375=STYLED_ITEM('',(#1200),#1201);
#376=STYLED_ITEM('',(#1202),#1203);
#377=STYLED_ITEM('',(#1204),#1205);
#378=STYLED_ITEM('',(#1206),#1207);
#379=STYLED_ITEM('',(#1208),#1209);
#380=STYLED_ITEM('',(#1210),#1211);
#381=STYLED_ITEM('',(#1212),#1213);
#382=STYLED_ITEM('',(#1214),#1215);
#383=STYLED_ITEM('',(#1216),#1217);
#384=STYLED_ITEM('',(#1218),#1219);
#385=STYLED_ITEM('',(#1220),#1221);
#386=STYLED_ITEM('',(#1222),#1223);
#387=STYLED_ITEM('',(#1224),#1225);
#388=STYLED_ITEM('',(#1226),#1227);
#389=STYLED_ITEM('',(#1228),#1229);
#390=STYLED_ITEM('',(#1230),#1231);
#391=STYLED_ITEM('',(#1232),#1233);
#392=STYLED_ITEM('',(#1234),#1235);
#393=STYLED_ITEM('',(#1236),#1237);
#394=STYLED_ITEM('',(#1238),#1239);
#395=STYLED_ITEM('',(#1240),#1241);
#396=STYLED_ITEM('',(#1242),#1243);
#397=STYLED_ITEM('',(#1244),#1245);
#398=STYLED_ITEM('',(#1246),#1247);
#399=STYLED_ITEM('',(#1248),#1249);
#400=STYLED_ITEM('',(#1250),#1251);
#401=STYLED_ITEM('',(#1252),#1253);
#402=STYLED_ITEM('',(#1254),#1255);
#403=STYLED_ITEM('',(#1256),#1257);
#404=STYLED_ITEM('',(#1258),#1259);
#405=STYLED_ITEM('',(#1260),#1261);
#406=STYLED_ITEM('',(#1262),#1263);
#407=STYLED_ITEM('',(#1264),#1265);
#408=STYLED_ITEM('',(#1266),#1267);
#409=STYLED_ITEM('',(#1268),#1269);
#410=STYLED_ITEM('',(#1270),#1271);
#411=STYLED_ITEM('',(#1272),#1273);
#412=STYLED_ITEM('',(#1274),#1275);
#413=STYLED_ITEM('',(#1276),#1277);
#414=STYLED_ITEM('',(#1278),#1279);
#415=STYLED_ITEM('',(#1280),#1281);
#416=STYLED_ITEM('',(#1282),#1283);
#417=STYLED_ITEM('',(#1284),#1285);
#418=STYLED_ITEM('',(#1286),#1287);
#419=STYLED_ITEM('',(#1288),#1289);
#420=STYLED_ITEM('',(#1290),#1291);
#421=STYLED_ITEM('',(#1292),#1293);
#422=STYLED_ITEM('',(#1294),#1295);
#423=STYLED_ITEM('',(#1296),#1297);
#424=STYLED_ITEM('',(#1298),#1299);
#425=STYLED_ITEM('',(#1300),#1301);
#426=STYLED_ITEM('',(#1302),#1303);
#427=STYLED_ITEM('',(#1304),#1305);
#428=STYLED_ITEM('',(#1306),#1307);
#429=STYLED_ITEM('',(#1308),#1309);
#430=STYLED_ITEM('',(#1310),#1311);
#431=STYLED_ITEM('',(#1312),#1313);
#432=STYLED_ITEM('',(#1314),#1315);
#433=STYLED_ITEM('',(#1316),#1317);
#434=STYLED_ITEM('',(#1318),#1319);
#435=STYLED_ITEM('',(#1320),#1321);
#436=STYLED_ITEM('',(#1322),#1323);
#437=STYLED_ITEM('',(#1324),#1325);
#438=STYLED_ITEM('',(#1326),#1327);
#439=STYLED_ITEM('',(#1328),#1329);
#440=STYLED_ITEM('',(#1330),#1331);
#441=STYLED_ITEM('',(#1332),#1333);
#442=STYLED_ITEM('',(#1334),#1335);
#443=STYLED_ITEM('',(#1336),#1337);
#444=STYLED_ITEM('',(#1338),#1339);
#445=STYLED_ITEM('',(#1340),#1341);
#446=STYLED_ITEM('',(#1342),#1343);
#447=STYLED_ITEM('',(#1344),#1345);
#448=STYLED_ITEM('',(#1346),#1347);
#449=STYLED_ITEM('',(#1348),#1349);
#450=STYLED_ITEM('',(#1350),#1351);
#451=STYLED_ITEM('',(#1352),#1353);
#452=STYLED_ITEM('',(#1354),#1355);
#453=STYLED_ITEM('',(#1356),#1357);
#454=STYLED_ITEM('',(#1358),#1359);
#455=STYLED_ITEM('',(#1360),#1361);
#456=STYLED_ITEM('',(#1362),#1363);
#457=STYLED_ITEM('',(#1364),#1365);
#458=STYLED_ITEM('',(#1366),#1367);
#459=STYLED_ITEM('',(#1368),#1369);
#460=STYLED_ITEM('',(#1370),#1371);
#461=STYLED_ITEM('',(#1372),#1373);
#462=STYLED_ITEM('',(#1374),#1375);
#463=STYLED_ITEM('',(#1376),#1377);
#464=STYLED_ITEM('',(#1378),#1379);
#465=STYLED_ITEM('',(#1380),#1381);
#466=STYLED_ITEM('',(#1382),#1383);
#467=STYLED_ITEM('',(#1384),#1385);
#468=STYLED_ITEM('',(#1386),#1387);
#469=STYLED_ITEM('',(#1388),#1389);
#470=STYLED_ITEM('',(#1390),#1391);
#471=STYLED_ITEM('',(#1392),#1393);
#472=STYLED_ITEM('',(#1394),#1395);
#473=STYLED_ITEM('',(#1396),#1397);
#474=STYLED_ITEM('',(#1398),#1399);
#475=STYLED_ITEM('',(#1400),#1401);
#476=STYLED_ITEM('',(#1402),#1403);
#477=APPLICATION_CONTEXT('managed model based 3d engineering');
#478=PRODUCT_CATEGORY('part','NONE');
#479=PRODUCT_RELATED_PRODUCT_CATEGORY('detail',' ',(#1404));
#480=PRODUCT_DEFINITION_SHAPE('NONE','NONE',#1405);
#481=ADVANCED_BREP_SHAPE_REPRESENTATION('PST_1.0-10-3.5|1#PST_1.0-V-Stift_L13.1.3;PST_1.0-V-Stift_L13.1.3',(#523,#1406),#26);
#482=ADVANCED_BREP_SHAPE_REPRESENTATION('PST_1.0-10-3.5|2#Bohrloch.1.1.4;Bohrloch.1.1.4',(#533,#1407),#26);
#483=ADVANCED_BREP_SHAPE_REPRESENTATION('PST_1.0-10-3.5|3#Bohrloch.1.1.4;Bohrloch.1.1.4',(#543,#1408),#26);
#484=ADVANCED_BREP_SHAPE_REPRESENTATION('PST_1.0-10-3.5|4#Bohrloch.1.1.4;Bohrloch.1.1.4',(#553,#1409),#26);
#485=ADVANCED_BREP_SHAPE_REPRESENTATION('PST_1.0-10-3.5|5#Bohrloch.1.1.4;Bohrloch.1.1.4',(#563,#1410),#26);
#486=ADVANCED_BREP_SHAPE_REPRESENTATION('PST_1.0-10-3.5|6#Bohrloch.1.1.4;Bohrloch.1.1.4',(#573,#1411),#26);
#487=ADVANCED_BREP_SHAPE_REPRESENTATION('PST_1.0-10-3.5|7#Bohrloch.1.1.4;Bohrloch.1.1.4',(#583,#1412),#26);
#488=ADVANCED_BREP_SHAPE_REPRESENTATION('PST_1.0-10-3.5|8#PST_1.0-V-Stift_L13.1.3;PST_1.0-V-Stift_L13.1.3',(#597,#1413),#26);
#489=ADVANCED_BREP_SHAPE_REPRESENTATION('PST_1.0-10-3.5|9#PST_1.0-V-Stift_L13.1.3;PST_1.0-V-Stift_L13.1.3',(#611,#1414),#26);
#490=ADVANCED_BREP_SHAPE_REPRESENTATION('PST_1.0-10-3.5|10#PST_1.0-V-Stift_L13.1.3;PST_1.0-V-Stift_L13.1.3',(#625,#1415),#26);
#491=ADVANCED_BREP_SHAPE_REPRESENTATION('PST_1.0-10-3.5|11#PST_1.0-V-Stift_L13.1.3;PST_1.0-V-Stift_L13.1.3',(#639,#1416),#26);
#492=ADVANCED_BREP_SHAPE_REPRESENTATION('PST_1.0-10-3.5|12#PST_1.0-V-Stift_L13.1.3;PST_1.0-V-Stift_L13.1.3',(#653,#1417),#26);
#493=ADVANCED_BREP_SHAPE_REPRESENTATION('PST_1.0-10-3.5|13#PST_1.0-V-Stift_L13.1.3;PST_1.0-V-Stift_L13.1.3',(#667,#1418),#26);
#494=ADVANCED_BREP_SHAPE_REPRESENTATION('PST_1.0-10-3.5|14#PST_1.0-10-ST-3.5;PST_1.0-10-ST-3.5',(#1321,#1419),#26);
#495=ADVANCED_BREP_SHAPE_REPRESENTATION('PST_1.0-10-3.5|15#Bohrloch.1.1.4;Bohrloch.1.1.4',(#1331,#1420),#26);
#496=ADVANCED_BREP_SHAPE_REPRESENTATION('PST_1.0-10-3.5|16#PST_1.0-V-Stift_L13.1.3;PST_1.0-V-Stift_L13.1.3',(#1345,#1421),#26);
#497=ADVANCED_BREP_SHAPE_REPRESENTATION('PST_1.0-10-3.5|17#PST_1.0-V-Stift_L13.1.3;PST_1.0-V-Stift_L13.1.3',(#1359,#1422),#26);
#498=ADVANCED_BREP_SHAPE_REPRESENTATION('PST_1.0-10-3.5|18#PST_1.0-V-Stift_L13.1.3;PST_1.0-V-Stift_L13.1.3',(#1373,#1423),#26);
#499=ADVANCED_BREP_SHAPE_REPRESENTATION('PST_1.0-10-3.5|19#Bohrloch.1.1.4;Bohrloch.1.1.4',(#1383,#1424),#26);
#500=ADVANCED_BREP_SHAPE_REPRESENTATION('PST_1.0-10-3.5|20#Bohrloch.1.1.4;Bohrloch.1.1.4',(#1393,#1425),#26);
#501=ADVANCED_BREP_SHAPE_REPRESENTATION('PST_1.0-10-3.5|21#Bohrloch.1.1.4;Bohrloch.1.1.4',(#1403,#1426),#26);
#504=UNCERTAINTY_MEASURE_WITH_UNIT(LENGTH_MEASURE(1.0E-06),#506,'','');
#506= (CONVERSION_BASED_UNIT('MILLIMETRE',#1429)LENGTH_UNIT()NAMED_UNIT(#1432));
#507= (NAMED_UNIT(#1434)PLANE_ANGLE_UNIT()SI_UNIT($,.RADIAN.));
#508= (NAMED_UNIT(#1434)SOLID_ANGLE_UNIT()SI_UNIT($,.STERADIAN.));
#510=PRESENTATION_STYLE_ASSIGNMENT((#1440));
#511=ADVANCED_FACE('',(#1441),#1442,.T.);
#512=PRESENTATION_STYLE_ASSIGNMENT((#1443));
#513=ADVANCED_FACE('',(#1444),#1445,.T.);
#514=PRESENTATION_STYLE_ASSIGNMENT((#1446));
#515=ADVANCED_FACE('',(#1447),#1448,.T.);
#516=PRESENTATION_STYLE_ASSIGNMENT((#1449));
#517=ADVANCED_FACE('',(#1450),#1451,.T.);
#518=PRESENTATION_STYLE_ASSIGNMENT((#1452));
#519=ADVANCED_FACE('',(#1453),#1454,.T.);
#520=PRESENTATION_STYLE_ASSIGNMENT((#1455));
#521=ADVANCED_FACE('',(#1456),#1457,.T.);
#522=PRESENTATION_STYLE_ASSIGNMENT((#1458));
#523=MANIFOLD_SOLID_BREP('PST_1.0-10-3.5|1#PST_1.0-V-Stift_L13.1.3;PST_1.0-V-Stift_L13.1.3',#1459);
#524=PRESENTATION_STYLE_ASSIGNMENT((#1460));
#525=ADVANCED_FACE('',(#1461),#1462,.T.);
#526=PRESENTATION_STYLE_ASSIGNMENT((#1463));
#527=ADVANCED_FACE('',(#1464),#1465,.T.);
#528=PRESENTATION_STYLE_ASSIGNMENT((#1466));
#529=ADVANCED_FACE('',(#1467),#1468,.T.);
#530=PRESENTATION_STYLE_ASSIGNMENT((#1469));
#531=ADVANCED_FACE('',(#1470),#1471,.F.);
#532=PRESENTATION_STYLE_ASSIGNMENT((#1472));
#533=MANIFOLD_SOLID_BREP('PST_1.0-10-3.5|2#Bohrloch.1.1.4;Bohrloch.1.1.4',#1473);
#534=PRESENTATION_STYLE_ASSIGNMENT((#1474));
#535=ADVANCED_FACE('',(#1475),#1476,.T.);
#536=PRESENTATION_STYLE_ASSIGNMENT((#1477));
#537=ADVANCED_FACE('',(#1478),#1479,.T.);
#538=PRESENTATION_STYLE_ASSIGNMENT((#1480));
#539=ADVANCED_FACE('',(#1481),#1482,.T.);
#540=PRESENTATION_STYLE_ASSIGNMENT((#1483));
#541=ADVANCED_FACE('',(#1484),#1485,.F.);
#542=PRESENTATION_STYLE_ASSIGNMENT((#1486));
#543=MANIFOLD_SOLID_BREP('PST_1.0-10-3.5|3#Bohrloch.1.1.4;Bohrloch.1.1.4',#1487);
#544=PRESENTATION_STYLE_ASSIGNMENT((#1488));
#545=ADVANCED_FACE('',(#1489),#1490,.T.);
#546=PRESENTATION_STYLE_ASSIGNMENT((#1491));
#547=ADVANCED_FACE('',(#1492),#1493,.T.);
#548=PRESENTATION_STYLE_ASSIGNMENT((#1494));
#549=ADVANCED_FACE('',(#1495),#1496,.T.);
#550=PRESENTATION_STYLE_ASSIGNMENT((#1497));
#551=ADVANCED_FACE('',(#1498),#1499,.F.);
#552=PRESENTATION_STYLE_ASSIGNMENT((#1500));
#553=MANIFOLD_SOLID_BREP('PST_1.0-10-3.5|4#Bohrloch.1.1.4;Bohrloch.1.1.4',#1501);
#554=PRESENTATION_STYLE_ASSIGNMENT((#1502));
#555=ADVANCED_FACE('',(#1503),#1504,.T.);
#556=PRESENTATION_STYLE_ASSIGNMENT((#1505));
#557=ADVANCED_FACE('',(#1506),#1507,.T.);
#558=PRESENTATION_STYLE_ASSIGNMENT((#1508));
#559=ADVANCED_FACE('',(#1509),#1510,.T.);
#560=PRESENTATION_STYLE_ASSIGNMENT((#1511));
#561=ADVANCED_FACE('',(#1512),#1513,.F.);
#562=PRESENTATION_STYLE_ASSIGNMENT((#1514));
#563=MANIFOLD_SOLID_BREP('PST_1.0-10-3.5|5#Bohrloch.1.1.4;Bohrloch.1.1.4',#1515);
#564=PRESENTATION_STYLE_ASSIGNMENT((#1516));
#565=ADVANCED_FACE('',(#1517),#1518,.T.);
#566=PRESENTATION_STYLE_ASSIGNMENT((#1519));
#567=ADVANCED_FACE('',(#1520),#1521,.T.);
#568=PRESENTATION_STYLE_ASSIGNMENT((#1522));
#569=ADVANCED_FACE('',(#1523),#1524,.T.);
#570=PRESENTATION_STYLE_ASSIGNMENT((#1525));
#571=ADVANCED_FACE('',(#1526),#1527,.F.);
#572=PRESENTATION_STYLE_ASSIGNMENT((#1528));
#573=MANIFOLD_SOLID_BREP('PST_1.0-10-3.5|6#Bohrloch.1.1.4;Bohrloch.1.1.4',#1529);
#574=PRESENTATION_STYLE_ASSIGNMENT((#1530));
#575=ADVANCED_FACE('',(#1531),#1532,.T.);
#576=PRESENTATION_STYLE_ASSIGNMENT((#1533));
#577=ADVANCED_FACE('',(#1534),#1535,.T.);
#578=PRESENTATION_STYLE_ASSIGNMENT((#1536));
#579=ADVANCED_FACE('',(#1537),#1538,.T.);
#580=PRESENTATION_STYLE_ASSIGNMENT((#1539));
#581=ADVANCED_FACE('',(#1540),#1541,.F.);
#582=PRESENTATION_STYLE_ASSIGNMENT((#1542));
#583=MANIFOLD_SOLID_BREP('PST_1.0-10-3.5|7#Bohrloch.1.1.4;Bohrloch.1.1.4',#1543);
#584=PRESENTATION_STYLE_ASSIGNMENT((#1544));
#585=ADVANCED_FACE('',(#1545),#1546,.T.);
#586=PRESENTATION_STYLE_ASSIGNMENT((#1547));
#587=ADVANCED_FACE('',(#1548),#1549,.T.);
#588=PRESENTATION_STYLE_ASSIGNMENT((#1550));
#589=ADVANCED_FACE('',(#1551),#1552,.T.);
#590=PRESENTATION_STYLE_ASSIGNMENT((#1553));
#591=ADVANCED_FACE('',(#1554),#1555,.T.);
#592=PRESENTATION_STYLE_ASSIGNMENT((#1556));
#593=ADVANCED_FACE('',(#1557),#1558,.T.);
#594=PRESENTATION_STYLE_ASSIGNMENT((#1559));
#595=ADVANCED_FACE('',(#1560),#1561,.T.);
#596=PRESENTATION_STYLE_ASSIGNMENT((#1562));
#597=MANIFOLD_SOLID_BREP('PST_1.0-10-3.5|8#PST_1.0-V-Stift_L13.1.3;PST_1.0-V-Stift_L13.1.3',#1563);
#598=PRESENTATION_STYLE_ASSIGNMENT((#1564));
#599=ADVANCED_FACE('',(#1565),#1566,.T.);
#600=PRESENTATION_STYLE_ASSIGNMENT((#1567));
#601=ADVANCED_FACE('',(#1568),#1569,.T.);
#602=PRESENTATION_STYLE_ASSIGNMENT((#1570));
#603=ADVANCED_FACE('',(#1571),#1572,.T.);
#604=PRESENTATION_STYLE_ASSIGNMENT((#1573));
#605=ADVANCED_FACE('',(#1574),#1575,.T.);
#606=PRESENTATION_STYLE_ASSIGNMENT((#1576));
#607=ADVANCED_FACE('',(#1577),#1578,.T.);
#608=PRESENTATION_STYLE_ASSIGNMENT((#1579));
#609=ADVANCED_FACE('',(#1580),#1581,.T.);
#610=PRESENTATION_STYLE_ASSIGNMENT((#1582));
#611=MANIFOLD_SOLID_BREP('PST_1.0-10-3.5|9#PST_1.0-V-Stift_L13.1.3;PST_1.0-V-Stift_L13.1.3',#1583);
#612=PRESENTATION_STYLE_ASSIGNMENT((#1584));
#613=ADVANCED_FACE('',(#1585),#1586,.T.);
#614=PRESENTATION_STYLE_ASSIGNMENT((#1587));
#615=ADVANCED_FACE('',(#1588),#1589,.T.);
#616=PRESENTATION_STYLE_ASSIGNMENT((#1590));
#617=ADVANCED_FACE('',(#1591),#1592,.T.);
#618=PRESENTATION_STYLE_ASSIGNMENT((#1593));
#619=ADVANCED_FACE('',(#1594),#1595,.T.);
#620=PRESENTATION_STYLE_ASSIGNMENT((#1596));
#621=ADVANCED_FACE('',(#1597),#1598,.T.);
#622=PRESENTATION_STYLE_ASSIGNMENT((#1599));
#623=ADVANCED_FACE('',(#1600),#1601,.T.);
#624=PRESENTATION_STYLE_ASSIGNMENT((#1602));
#625=MANIFOLD_SOLID_BREP('PST_1.0-10-3.5|10#PST_1.0-V-Stift_L13.1.3;PST_1.0-V-Stift_L13.1.3',#1603);
#626=PRESENTATION_STYLE_ASSIGNMENT((#1604));
#627=ADVANCED_FACE('',(#1605),#1606,.T.);
#628=PRESENTATION_STYLE_ASSIGNMENT((#1607));
#629=ADVANCED_FACE('',(#1608),#1609,.T.);
#630=PRESENTATION_STYLE_ASSIGNMENT((#1610));
#631=ADVANCED_FACE('',(#1611),#1612,.T.);
#632=PRESENTATION_STYLE_ASSIGNMENT((#1613));
#633=ADVANCED_FACE('',(#1614),#1615,.T.);
#634=PRESENTATION_STYLE_ASSIGNMENT((#1616));
#635=ADVANCED_FACE('',(#1617),#1618,.T.);
#636=PRESENTATION_STYLE_ASSIGNMENT((#1619));
#637=ADVANCED_FACE('',(#1620),#1621,.T.);
#638=PRESENTATION_STYLE_ASSIGNMENT((#1622));
#639=MANIFOLD_SOLID_BREP('PST_1.0-10-3.5|11#PST_1.0-V-Stift_L13.1.3;PST_1.0-V-Stift_L13.1.3',#1623);
#640=PRESENTATION_STYLE_ASSIGNMENT((#1624));
#641=ADVANCED_FACE('',(#1625),#1626,.T.);
#642=PRESENTATION_STYLE_ASSIGNMENT((#1627));
#643=ADVANCED_FACE('',(#1628),#1629,.T.);
#644=PRESENTATION_STYLE_ASSIGNMENT((#1630));
#645=ADVANCED_FACE('',(#1631),#1632,.T.);
#646=PRESENTATION_STYLE_ASSIGNMENT((#1633));
#647=ADVANCED_FACE('',(#1634),#1635,.T.);
#648=PRESENTATION_STYLE_ASSIGNMENT((#1636));
#649=ADVANCED_FACE('',(#1637),#1638,.T.);
#650=PRESENTATION_STYLE_ASSIGNMENT((#1639));
#651=ADVANCED_FACE('',(#1640),#1641,.T.);
#652=PRESENTATION_STYLE_ASSIGNMENT((#1642));
#653=MANIFOLD_SOLID_BREP('PST_1.0-10-3.5|12#PST_1.0-V-Stift_L13.1.3;PST_1.0-V-Stift_L13.1.3',#1643);
#654=PRESENTATION_STYLE_ASSIGNMENT((#1644));
#655=ADVANCED_FACE('',(#1645),#1646,.T.);
#656=PRESENTATION_STYLE_ASSIGNMENT((#1647));
#657=ADVANCED_FACE('',(#1648),#1649,.T.);
#658=PRESENTATION_STYLE_ASSIGNMENT((#1650));
#659=ADVANCED_FACE('',(#1651),#1652,.T.);
#660=PRESENTATION_STYLE_ASSIGNMENT((#1653));
#661=ADVANCED_FACE('',(#1654),#1655,.T.);
#662=PRESENTATION_STYLE_ASSIGNMENT((#1656));
#663=ADVANCED_FACE('',(#1657),#1658,.T.);
#664=PRESENTATION_STYLE_ASSIGNMENT((#1659));
#665=ADVANCED_FACE('',(#1660),#1661,.T.);
#666=PRESENTATION_STYLE_ASSIGNMENT((#1662));
#667=MANIFOLD_SOLID_BREP('PST_1.0-10-3.5|13#PST_1.0-V-Stift_L13.1.3;PST_1.0-V-Stift_L13.1.3',#1663);
#668=PRESENTATION_STYLE_ASSIGNMENT((#1664));
#669=ADVANCED_FACE('',(#1665),#1666,.F.);
#670=PRESENTATION_STYLE_ASSIGNMENT((#1667));
#671=ADVANCED_FACE('',(#1668),#1669,.F.);
#672=PRESENTATION_STYLE_ASSIGNMENT((#1670));
#673=ADVANCED_FACE('',(#1671),#1672,.F.);
#674=PRESENTATION_STYLE_ASSIGNMENT((#1673));
#675=ADVANCED_FACE('',(#1674),#1675,.F.);
#676=PRESENTATION_STYLE_ASSIGNMENT((#1676));
#677=ADVANCED_FACE('',(#1677),#1678,.F.);
#678=PRESENTATION_STYLE_ASSIGNMENT((#1679));
#679=ADVANCED_FACE('',(#1680),#1681,.F.);
#680=PRESENTATION_STYLE_ASSIGNMENT((#1682));
#681=ADVANCED_FACE('',(#1683),#1684,.F.);
#682=PRESENTATION_STYLE_ASSIGNMENT((#1685));
#683=ADVANCED_FACE('',(#1686),#1687,.F.);
#684=PRESENTATION_STYLE_ASSIGNMENT((#1688));
#685=ADVANCED_FACE('',(#1689),#1690,.F.);
#686=PRESENTATION_STYLE_ASSIGNMENT((#1691));
#687=ADVANCED_FACE('',(#1692),#1693,.F.);
#688=PRESENTATION_STYLE_ASSIGNMENT((#1694));
#689=ADVANCED_FACE('',(#1695),#1696,.F.);
#690=PRESENTATION_STYLE_ASSIGNMENT((#1697));
#691=ADVANCED_FACE('',(#1698),#1699,.F.);
#692=PRESENTATION_STYLE_ASSIGNMENT((#1700));
#693=ADVANCED_FACE('',(#1701),#1702,.F.);
#694=PRESENTATION_STYLE_ASSIGNMENT((#1703));
#695=ADVANCED_FACE('',(#1704),#1705,.F.);
#696=PRESENTATION_STYLE_ASSIGNMENT((#1706));
#697=ADVANCED_FACE('',(#1707),#1708,.F.);
#698=PRESENTATION_STYLE_ASSIGNMENT((#1709));
#699=ADVANCED_FACE('',(#1710),#1711,.F.);
#700=PRESENTATION_STYLE_ASSIGNMENT((#1712));
#701=ADVANCED_FACE('',(#1713),#1714,.F.);
#702=PRESENTATION_STYLE_ASSIGNMENT((#1715));
#703=ADVANCED_FACE('',(#1716),#1717,.F.);
#704=PRESENTATION_STYLE_ASSIGNMENT((#1718));
#705=ADVANCED_FACE('',(#1719),#1720,.F.);
#706=PRESENTATION_STYLE_ASSIGNMENT((#1721));
#707=ADVANCED_FACE('',(#1722),#1723,.F.);
#708=PRESENTATION_STYLE_ASSIGNMENT((#1724));
#709=ADVANCED_FACE('',(#1725),#1726,.F.);
#710=PRESENTATION_STYLE_ASSIGNMENT((#1727));
#711=ADVANCED_FACE('',(#1728),#1729,.F.);
#712=PRESENTATION_STYLE_ASSIGNMENT((#1730));
#713=ADVANCED_FACE('',(#1731),#1732,.F.);
#714=PRESENTATION_STYLE_ASSIGNMENT((#1733));
#715=ADVANCED_FACE('',(#1734),#1735,.F.);
#716=PRESENTATION_STYLE_ASSIGNMENT((#1736));
#717=ADVANCED_FACE('',(#1737),#1738,.F.);
#718=PRESENTATION_STYLE_ASSIGNMENT((#1739));
#719=ADVANCED_FACE('',(#1740),#1741,.F.);
#720=PRESENTATION_STYLE_ASSIGNMENT((#1742));
#721=ADVANCED_FACE('',(#1743),#1744,.F.);
#722=PRESENTATION_STYLE_ASSIGNMENT((#1745));
#723=ADVANCED_FACE('',(#1746),#1747,.F.);
#724=PRESENTATION_STYLE_ASSIGNMENT((#1748));
#725=ADVANCED_FACE('',(#1749),#1750,.F.);
#726=PRESENTATION_STYLE_ASSIGNMENT((#1751));
#727=ADVANCED_FACE('',(#1752),#1753,.F.);
#728=PRESENTATION_STYLE_ASSIGNMENT((#1754));
#729=ADVANCED_FACE('',(#1755),#1756,.F.);
#730=PRESENTATION_STYLE_ASSIGNMENT((#1757));
#731=ADVANCED_FACE('',(#1758),#1759,.F.);
#732=PRESENTATION_STYLE_ASSIGNMENT((#1760));
#733=ADVANCED_FACE('',(#1761),#1762,.F.);
#734=PRESENTATION_STYLE_ASSIGNMENT((#1763));
#735=ADVANCED_FACE('',(#1764),#1765,.F.);
#736=PRESENTATION_STYLE_ASSIGNMENT((#1766));
#737=ADVANCED_FACE('',(#1767),#1768,.F.);
#738=PRESENTATION_STYLE_ASSIGNMENT((#1769));
#739=ADVANCED_FACE('',(#1770),#1771,.F.);
#740=PRESENTATION_STYLE_ASSIGNMENT((#1772));
#741=ADVANCED_FACE('',(#1773),#1774,.F.);
#742=PRESENTATION_STYLE_ASSIGNMENT((#1775));
#743=ADVANCED_FACE('',(#1776),#1777,.F.);
#744=PRESENTATION_STYLE_ASSIGNMENT((#1778));
#745=ADVANCED_FACE('',(#1779),#1780,.F.);
#746=PRESENTATION_STYLE_ASSIGNMENT((#1781));
#747=ADVANCED_FACE('',(#1782),#1783,.F.);
#748=PRESENTATION_STYLE_ASSIGNMENT((#1784));
#749=ADVANCED_FACE('',(#1785),#1786,.F.);
#750=PRESENTATION_STYLE_ASSIGNMENT((#1787));
#751=ADVANCED_FACE('',(#1788,#1789),#1790,.T.);
#752=PRESENTATION_STYLE_ASSIGNMENT((#1791));
#753=ADVANCED_FACE('',(#1792),#1793,.F.);
#754=PRESENTATION_STYLE_ASSIGNMENT((#1794));
#755=ADVANCED_FACE('',(#1795),#1796,.T.);
#756=PRESENTATION_STYLE_ASSIGNMENT((#1797));
#757=ADVANCED_FACE('',(#1798),#1799,.F.);
#758=PRESENTATION_STYLE_ASSIGNMENT((#1800));
#759=ADVANCED_FACE('',(#1801),#1802,.F.);
#760=PRESENTATION_STYLE_ASSIGNMENT((#1803));
#761=ADVANCED_FACE('',(#1804),#1805,.T.);
#762=PRESENTATION_STYLE_ASSIGNMENT((#1806));
#763=ADVANCED_FACE('',(#1807,#1808),#1809,.T.);
#764=PRESENTATION_STYLE_ASSIGNMENT((#1810));
#765=ADVANCED_FACE('',(#1811),#1812,.T.);
#766=PRESENTATION_STYLE_ASSIGNMENT((#1813));
#767=ADVANCED_FACE('',(#1814),#1815,.T.);
#768=PRESENTATION_STYLE_ASSIGNMENT((#1816));
#769=ADVANCED_FACE('',(#1817),#1818,.T.);
#770=PRESENTATION_STYLE_ASSIGNMENT((#1819));
#771=ADVANCED_FACE('',(#1820),#1821,.T.);
#772=PRESENTATION_STYLE_ASSIGNMENT((#1822));
#773=ADVANCED_FACE('',(#1823),#1824,.T.);
#774=PRESENTATION_STYLE_ASSIGNMENT((#1825));
#775=ADVANCED_FACE('',(#1826,#1827),#1828,.F.);
#776=PRESENTATION_STYLE_ASSIGNMENT((#1829));
#777=ADVANCED_FACE('',(#1830),#1831,.F.);
#778=PRESENTATION_STYLE_ASSIGNMENT((#1832));
#779=ADVANCED_FACE('',(#1833),#1834,.T.);
#780=PRESENTATION_STYLE_ASSIGNMENT((#1835));
#781=ADVANCED_FACE('',(#1836),#1837,.F.);
#782=PRESENTATION_STYLE_ASSIGNMENT((#1838));
#783=ADVANCED_FACE('',(#1839,#1840),#1841,.T.);
#784=PRESENTATION_STYLE_ASSIGNMENT((#1842));
#785=ADVANCED_FACE('',(#1843),#1844,.F.);
#786=PRESENTATION_STYLE_ASSIGNMENT((#1845));
#787=ADVANCED_FACE('',(#1846),#1847,.T.);
#788=PRESENTATION_STYLE_ASSIGNMENT((#1848));
#789=ADVANCED_FACE('',(#1849,#1850),#1851,.T.);
#790=PRESENTATION_STYLE_ASSIGNMENT((#1852));
#791=ADVANCED_FACE('',(#1853),#1854,.T.);
#792=PRESENTATION_STYLE_ASSIGNMENT((#1855));
#793=ADVANCED_FACE('',(#1856),#1857,.F.);
#794=PRESENTATION_STYLE_ASSIGNMENT((#1858));
#795=ADVANCED_FACE('',(#1859,#1860),#1861,.F.);
#796=PRESENTATION_STYLE_ASSIGNMENT((#1862));
#797=ADVANCED_FACE('',(#1863),#1864,.T.);
#798=PRESENTATION_STYLE_ASSIGNMENT((#1865));
#799=ADVANCED_FACE('',(#1866),#1867,.F.);
#800=PRESENTATION_STYLE_ASSIGNMENT((#1868));
#801=ADVANCED_FACE('',(#1869),#1870,.T.);
#802=PRESENTATION_STYLE_ASSIGNMENT((#1871));
#803=ADVANCED_FACE('',(#1872),#1873,.F.);
#804=PRESENTATION_STYLE_ASSIGNMENT((#1874));
#805=ADVANCED_FACE('',(#1875),#1876,.F.);
#806=PRESENTATION_STYLE_ASSIGNMENT((#1877));
#807=ADVANCED_FACE('',(#1878),#1879,.T.);
#808=PRESENTATION_STYLE_ASSIGNMENT((#1880));
#809=ADVANCED_FACE('',(#1881),#1882,.F.);
#810=PRESENTATION_STYLE_ASSIGNMENT((#1883));
#811=ADVANCED_FACE('',(#1884),#1885,.F.);
#812=PRESENTATION_STYLE_ASSIGNMENT((#1886));
#813=ADVANCED_FACE('',(#1887),#1888,.T.);
#814=PRESENTATION_STYLE_ASSIGNMENT((#1889));
#815=ADVANCED_FACE('',(#1890),#1891,.F.);
#816=PRESENTATION_STYLE_ASSIGNMENT((#1892));
#817=ADVANCED_FACE('',(#1893),#1894,.F.);
#818=PRESENTATION_STYLE_ASSIGNMENT((#1895));
#819=ADVANCED_FACE('',(#1896),#1897,.F.);
#820=PRESENTATION_STYLE_ASSIGNMENT((#1898));
#821=ADVANCED_FACE('',(#1899),#1900,.T.);
#822=PRESENTATION_STYLE_ASSIGNMENT((#1901));
#823=ADVANCED_FACE('',(#1902),#1903,.F.);
#824=PRESENTATION_STYLE_ASSIGNMENT((#1904));
#825=ADVANCED_FACE('',(#1905,#1906),#1907,.T.);
#826=PRESENTATION_STYLE_ASSIGNMENT((#1908));
#827=ADVANCED_FACE('',(#1909),#1910,.T.);
#828=PRESENTATION_STYLE_ASSIGNMENT((#1911));
#829=ADVANCED_FACE('',(#1912),#1913,.T.);
#830=PRESENTATION_STYLE_ASSIGNMENT((#1914));
#831=ADVANCED_FACE('',(#1915),#1916,.T.);
#832=PRESENTATION_STYLE_ASSIGNMENT((#1917));
#833=ADVANCED_FACE('',(#1918),#1919,.T.);
#834=PRESENTATION_STYLE_ASSIGNMENT((#1920));
#835=ADVANCED_FACE('',(#1921),#1922,.F.);
#836=PRESENTATION_STYLE_ASSIGNMENT((#1923));
#837=ADVANCED_FACE('',(#1924),#1925,.F.);
#838=PRESENTATION_STYLE_ASSIGNMENT((#1926));
#839=ADVANCED_FACE('',(#1927),#1928,.T.);
#840=PRESENTATION_STYLE_ASSIGNMENT((#1929));
#841=ADVANCED_FACE('',(#1930,#1931),#1932,.F.);
#842=PRESENTATION_STYLE_ASSIGNMENT((#1933));
#843=ADVANCED_FACE('',(#1934),#1935,.F.);
#844=PRESENTATION_STYLE_ASSIGNMENT((#1936));
#845=ADVANCED_FACE('',(#1937),#1938,.T.);
#846=PRESENTATION_STYLE_ASSIGNMENT((#1939));
#847=ADVANCED_FACE('',(#1940),#1941,.T.);
#848=PRESENTATION_STYLE_ASSIGNMENT((#1942));
#849=ADVANCED_FACE('',(#1943,#1944),#1945,.F.);
#850=PRESENTATION_STYLE_ASSIGNMENT((#1946));
#851=ADVANCED_FACE('',(#1947),#1948,.T.);
#852=PRESENTATION_STYLE_ASSIGNMENT((#1949));
#853=ADVANCED_FACE('',(#1950),#1951,.T.);
#854=PRESENTATION_STYLE_ASSIGNMENT((#1952));
#855=ADVANCED_FACE('',(#1953),#1954,.F.);
#856=PRESENTATION_STYLE_ASSIGNMENT((#1955));
#857=ADVANCED_FACE('',(#1956),#1957,.F.);
#858=PRESENTATION_STYLE_ASSIGNMENT((#1958));
#859=ADVANCED_FACE('',(#1959),#1960,.F.);
#860=PRESENTATION_STYLE_ASSIGNMENT((#1961));
#861=ADVANCED_FACE('',(#1962),#1963,.T.);
#862=PRESENTATION_STYLE_ASSIGNMENT((#1964));
#863=ADVANCED_FACE('',(#1965),#1966,.T.);
#864=PRESENTATION_STYLE_ASSIGNMENT((#1967));
#865=ADVANCED_FACE('',(#1968),#1969,.F.);
#866=PRESENTATION_STYLE_ASSIGNMENT((#1970));
#867=ADVANCED_FACE('',(#1971),#1972,.F.);
#868=PRESENTATION_STYLE_ASSIGNMENT((#1973));
#869=ADVANCED_FACE('',(#1974),#1975,.T.);
#870=PRESENTATION_STYLE_ASSIGNMENT((#1976));
#871=ADVANCED_FACE('',(#1977),#1978,.F.);
#872=PRESENTATION_STYLE_ASSIGNMENT((#1979));
#873=ADVANCED_FACE('',(#1980),#1981,.T.);
#874=PRESENTATION_STYLE_ASSIGNMENT((#1982));
#875=ADVANCED_FACE('',(#1983),#1984,.F.);
#876=PRESENTATION_STYLE_ASSIGNMENT((#1985));
#877=ADVANCED_FACE('',(#1986),#1987,.F.);
#878=PRESENTATION_STYLE_ASSIGNMENT((#1988));
#879=ADVANCED_FACE('',(#1989),#1990,.T.);
#880=PRESENTATION_STYLE_ASSIGNMENT((#1991));
#881=ADVANCED_FACE('',(#1992),#1993,.T.);
#882=PRESENTATION_STYLE_ASSIGNMENT((#1994));
#883=ADVANCED_FACE('',(#1995),#1996,.F.);
#884=PRESENTATION_STYLE_ASSIGNMENT((#1997));
#885=ADVANCED_FACE('',(#1998),#1999,.F.);
#886=PRESENTATION_STYLE_ASSIGNMENT((#2000));
#887=ADVANCED_FACE('',(#2001),#2002,.F.);
#888=PRESENTATION_STYLE_ASSIGNMENT((#2003));
#889=ADVANCED_FACE('',(#2004,#2005),#2006,.T.);
#890=PRESENTATION_STYLE_ASSIGNMENT((#2007));
#891=ADVANCED_FACE('',(#2008,#2009),#2010,.F.);
#892=PRESENTATION_STYLE_ASSIGNMENT((#2011));
#893=ADVANCED_FACE('',(#2012),#2013,.F.);
#894=PRESENTATION_STYLE_ASSIGNMENT((#2014));
#895=ADVANCED_FACE('',(#2015),#2016,.T.);
#896=PRESENTATION_STYLE_ASSIGNMENT((#2017));
#897=ADVANCED_FACE('',(#2018),#2019,.T.);
#898=PRESENTATION_STYLE_ASSIGNMENT((#2020));
#899=ADVANCED_FACE('',(#2021),#2022,.F.);
#900=PRESENTATION_STYLE_ASSIGNMENT((#2023));
#901=ADVANCED_FACE('',(#2024),#2025,.T.);
#902=PRESENTATION_STYLE_ASSIGNMENT((#2026));
#903=ADVANCED_FACE('',(#2027),#2028,.F.);
#904=PRESENTATION_STYLE_ASSIGNMENT((#2029));
#905=ADVANCED_FACE('',(#2030),#2031,.F.);
#906=PRESENTATION_STYLE_ASSIGNMENT((#2032));
#907=ADVANCED_FACE('',(#2033),#2034,.F.);
#908=PRESENTATION_STYLE_ASSIGNMENT((#2035));
#909=ADVANCED_FACE('',(#2036),#2037,.F.);
#910=PRESENTATION_STYLE_ASSIGNMENT((#2038));
#911=ADVANCED_FACE('',(#2039),#2040,.T.);
#912=PRESENTATION_STYLE_ASSIGNMENT((#2041));
#913=ADVANCED_FACE('',(#2042),#2043,.T.);
#914=PRESENTATION_STYLE_ASSIGNMENT((#2044));
#915=ADVANCED_FACE('',(#2045,#2046),#2047,.F.);
#916=PRESENTATION_STYLE_ASSIGNMENT((#2048));
#917=ADVANCED_FACE('',(#2049),#2050,.F.);
#918=PRESENTATION_STYLE_ASSIGNMENT((#2051));
#919=ADVANCED_FACE('',(#2052),#2053,.T.);
#920=PRESENTATION_STYLE_ASSIGNMENT((#2054));
#921=ADVANCED_FACE('',(#2055),#2056,.T.);
#922=PRESENTATION_STYLE_ASSIGNMENT((#2057));
#923=ADVANCED_FACE('',(#2058,#2059),#2060,.F.);
#924=PRESENTATION_STYLE_ASSIGNMENT((#2061));
#925=ADVANCED_FACE('',(#2062),#2063,.T.);
#926=PRESENTATION_STYLE_ASSIGNMENT((#2064));
#927=ADVANCED_FACE('',(#2065),#2066,.T.);
#928=PRESENTATION_STYLE_ASSIGNMENT((#2067));
#929=ADVANCED_FACE('',(#2068),#2069,.T.);
#930=PRESENTATION_STYLE_ASSIGNMENT((#2070));
#931=ADVANCED_FACE('',(#2071),#2072,.F.);
#932=PRESENTATION_STYLE_ASSIGNMENT((#2073));
#933=ADVANCED_FACE('',(#2074),#2075,.F.);
#934=PRESENTATION_STYLE_ASSIGNMENT((#2076));
#935=ADVANCED_FACE('',(#2077,#2078),#2079,.F.);
#936=PRESENTATION_STYLE_ASSIGNMENT((#2080));
#937=ADVANCED_FACE('',(#2081),#2082,.T.);
#938=PRESENTATION_STYLE_ASSIGNMENT((#2083));
#939=ADVANCED_FACE('',(#2084),#2085,.F.);
#940=PRESENTATION_STYLE_ASSIGNMENT((#2086));
#941=ADVANCED_FACE('',(#2087),#2088,.F.);
#942=PRESENTATION_STYLE_ASSIGNMENT((#2089));
#943=ADVANCED_FACE('',(#2090,#2091),#2092,.T.);
#944=PRESENTATION_STYLE_ASSIGNMENT((#2093));
#945=ADVANCED_FACE('',(#2094),#2095,.T.);
#946=PRESENTATION_STYLE_ASSIGNMENT((#2096));
#947=ADVANCED_FACE('',(#2097),#2098,.F.);
#948=PRESENTATION_STYLE_ASSIGNMENT((#2099));
#949=ADVANCED_FACE('',(#2100),#2101,.T.);
#950=PRESENTATION_STYLE_ASSIGNMENT((#2102));
#951=ADVANCED_FACE('',(#2103),#2104,.T.);
#952=PRESENTATION_STYLE_ASSIGNMENT((#2105));
#953=ADVANCED_FACE('',(#2106),#2107,.F.);
#954=PRESENTATION_STYLE_ASSIGNMENT((#2108));
#955=ADVANCED_FACE('',(#2109),#2110,.T.);
#956=PRESENTATION_STYLE_ASSIGNMENT((#2111));
#957=ADVANCED_FACE('',(#2112),#2113,.F.);
#958=PRESENTATION_STYLE_ASSIGNMENT((#2114));
#959=ADVANCED_FACE('',(#2115),#2116,.F.);
#960=PRESENTATION_STYLE_ASSIGNMENT((#2117));
#961=ADVANCED_FACE('',(#2118),#2119,.F.);
#962=PRESENTATION_STYLE_ASSIGNMENT((#2120));
#963=ADVANCED_FACE('',(#2121),#2122,.T.);
#964=PRESENTATION_STYLE_ASSIGNMENT((#2123));
#965=ADVANCED_FACE('',(#2124),#2125,.T.);
#966=PRESENTATION_STYLE_ASSIGNMENT((#2126));
#967=ADVANCED_FACE('',(#2127,#2128),#2129,.T.);
#968=PRESENTATION_STYLE_ASSIGNMENT((#2130));
#969=ADVANCED_FACE('',(#2131),#2132,.F.);
#970=PRESENTATION_STYLE_ASSIGNMENT((#2133));
#971=ADVANCED_FACE('',(#2134),#2135,.T.);
#972=PRESENTATION_STYLE_ASSIGNMENT((#2136));
#973=ADVANCED_FACE('',(#2137),#2138,.T.);
#974=PRESENTATION_STYLE_ASSIGNMENT((#2139));
#975=ADVANCED_FACE('',(#2140,#2141),#2142,.T.);
#976=PRESENTATION_STYLE_ASSIGNMENT((#2143));
#977=ADVANCED_FACE('',(#2144),#2145,.F.);
#978=PRESENTATION_STYLE_ASSIGNMENT((#2146));
#979=ADVANCED_FACE('',(#2147,#2148),#2149,.T.);
#980=PRESENTATION_STYLE_ASSIGNMENT((#2150));
#981=ADVANCED_FACE('',(#2151),#2152,.F.);
#982=PRESENTATION_STYLE_ASSIGNMENT((#2153));
#983=ADVANCED_FACE('',(#2154),#2155,.T.);
#984=PRESENTATION_STYLE_ASSIGNMENT((#2156));
#985=ADVANCED_FACE('',(#2157,#2158),#2159,.T.);
#986=PRESENTATION_STYLE_ASSIGNMENT((#2160));
#987=ADVANCED_FACE('',(#2161),#2162,.F.);
#988=PRESENTATION_STYLE_ASSIGNMENT((#2163));
#989=ADVANCED_FACE('',(#2164),#2165,.T.);
#990=PRESENTATION_STYLE_ASSIGNMENT((#2166));
#991=ADVANCED_FACE('',(#2167,#2168),#2169,.F.);
#992=PRESENTATION_STYLE_ASSIGNMENT((#2170));
#993=ADVANCED_FACE('',(#2171),#2172,.T.);
#994=PRESENTATION_STYLE_ASSIGNMENT((#2173));
#995=ADVANCED_FACE('',(#2174),#2175,.F.);
#996=PRESENTATION_STYLE_ASSIGNMENT((#2176));
#997=ADVANCED_FACE('',(#2177),#2178,.T.);
#998=PRESENTATION_STYLE_ASSIGNMENT((#2179));
#999=ADVANCED_FACE('',(#2180),#2181,.F.);
#1000=PRESENTATION_STYLE_ASSIGNMENT((#2182));
#1001=ADVANCED_FACE('',(#2183),#2184,.F.);
#1002=PRESENTATION_STYLE_ASSIGNMENT((#2185));
#1003=ADVANCED_FACE('',(#2186,#2187),#2188,.T.);
#1004=PRESENTATION_STYLE_ASSIGNMENT((#2189));
#1005=ADVANCED_FACE('',(#2190),#2191,.T.);
#1006=PRESENTATION_STYLE_ASSIGNMENT((#2192));
#1007=ADVANCED_FACE('',(#2193),#2194,.T.);
#1008=PRESENTATION_STYLE_ASSIGNMENT((#2195));
#1009=ADVANCED_FACE('',(#2196),#2197,.T.);
#1010=PRESENTATION_STYLE_ASSIGNMENT((#2198));
#1011=ADVANCED_FACE('',(#2199),#2200,.F.);
#1012=PRESENTATION_STYLE_ASSIGNMENT((#2201));
#1013=ADVANCED_FACE('',(#2202),#2203,.F.);
#1014=PRESENTATION_STYLE_ASSIGNMENT((#2204));
#1015=ADVANCED_FACE('',(#2205),#2206,.F.);
#1016=PRESENTATION_STYLE_ASSIGNMENT((#2207));
#1017=ADVANCED_FACE('',(#2208,#2209),#2210,.F.);
#1018=PRESENTATION_STYLE_ASSIGNMENT((#2211));
#1019=ADVANCED_FACE('',(#2212),#2213,.F.);
#1020=PRESENTATION_STYLE_ASSIGNMENT((#2214));
#1021=ADVANCED_FACE('',(#2215),#2216,.T.);
#1022=PRESENTATION_STYLE_ASSIGNMENT((#2217));
#1023=ADVANCED_FACE('',(#2218),#2219,.T.);
#1024=PRESENTATION_STYLE_ASSIGNMENT((#2220));
#1025=ADVANCED_FACE('',(#2221,#2222),#2223,.F.);
#1026=PRESENTATION_STYLE_ASSIGNMENT((#2224));
#1027=ADVANCED_FACE('',(#2225),#2226,.T.);
#1028=PRESENTATION_STYLE_ASSIGNMENT((#2227));
#1029=ADVANCED_FACE('',(#2228,#2229),#2230,.T.);
#1030=PRESENTATION_STYLE_ASSIGNMENT((#2231));
#1031=ADVANCED_FACE('',(#2232,#2233),#2234,.T.);
#1032=PRESENTATION_STYLE_ASSIGNMENT((#2235));
#1033=ADVANCED_FACE('',(#2236),#2237,.F.);
#1034=PRESENTATION_STYLE_ASSIGNMENT((#2238));
#1035=ADVANCED_FACE('',(#2239),#2240,.F.);
#1036=PRESENTATION_STYLE_ASSIGNMENT((#2241));
#1037=ADVANCED_FACE('',(#2242),#2243,.T.);
#1038=PRESENTATION_STYLE_ASSIGNMENT((#2244));
#1039=ADVANCED_FACE('',(#2245),#2246,.T.);
#1040=PRESENTATION_STYLE_ASSIGNMENT((#2247));
#1041=ADVANCED_FACE('',(#2248),#2249,.T.);
#1042=PRESENTATION_STYLE_ASSIGNMENT((#2250));
#1043=ADVANCED_FACE('',(#2251),#2252,.F.);
#1044=PRESENTATION_STYLE_ASSIGNMENT((#2253));
#1045=ADVANCED_FACE('',(#2254),#2255,.F.);
#1046=PRESENTATION_STYLE_ASSIGNMENT((#2256));
#1047=ADVANCED_FACE('',(#2257),#2258,.F.);
#1048=PRESENTATION_STYLE_ASSIGNMENT((#2259));
#1049=ADVANCED_FACE('',(#2260,#2261),#2262,.F.);
#1050=PRESENTATION_STYLE_ASSIGNMENT((#2263));
#1051=ADVANCED_FACE('',(#2264),#2265,.F.);
#1052=PRESENTATION_STYLE_ASSIGNMENT((#2266));
#1053=ADVANCED_FACE('',(#2267,#2268),#2269,.T.);
#1054=PRESENTATION_STYLE_ASSIGNMENT((#2270));
#1055=ADVANCED_FACE('',(#2271),#2272,.T.);
#1056=PRESENTATION_STYLE_ASSIGNMENT((#2273));
#1057=ADVANCED_FACE('',(#2274),#2275,.T.);
#1058=PRESENTATION_STYLE_ASSIGNMENT((#2276));
#1059=ADVANCED_FACE('',(#2277),#2278,.T.);
#1060=PRESENTATION_STYLE_ASSIGNMENT((#2279));
#1061=ADVANCED_FACE('',(#2280,#2281),#2282,.F.);
#1062=PRESENTATION_STYLE_ASSIGNMENT((#2283));
#1063=ADVANCED_FACE('',(#2284),#2285,.F.);
#1064=PRESENTATION_STYLE_ASSIGNMENT((#2286));
#1065=ADVANCED_FACE('',(#2287),#2288,.T.);
#1066=PRESENTATION_STYLE_ASSIGNMENT((#2289));
#1067=ADVANCED_FACE('',(#2290),#2291,.T.);
#1068=PRESENTATION_STYLE_ASSIGNMENT((#2292));
#1069=ADVANCED_FACE('',(#2293,#2294),#2295,.F.);
#1070=PRESENTATION_STYLE_ASSIGNMENT((#2296));
#1071=ADVANCED_FACE('',(#2297),#2298,.T.);
#1072=PRESENTATION_STYLE_ASSIGNMENT((#2299));
#1073=ADVANCED_FACE('',(#2300),#2301,.F.);
#1074=PRESENTATION_STYLE_ASSIGNMENT((#2302));
#1075=ADVANCED_FACE('',(#2303),#2304,.T.);
#1076=PRESENTATION_STYLE_ASSIGNMENT((#2305));
#1077=ADVANCED_FACE('',(#2306,#2307),#2308,.F.);
#1078=PRESENTATION_STYLE_ASSIGNMENT((#2309));
#1079=ADVANCED_FACE('',(#2310),#2311,.T.);
#1080=PRESENTATION_STYLE_ASSIGNMENT((#2312));
#1081=ADVANCED_FACE('',(#2313),#2314,.F.);
#1082=PRESENTATION_STYLE_ASSIGNMENT((#2315));
#1083=ADVANCED_FACE('',(#2316),#2317,.T.);
#1084=PRESENTATION_STYLE_ASSIGNMENT((#2318));
#1085=ADVANCED_FACE('',(#2319),#2320,.F.);
#1086=PRESENTATION_STYLE_ASSIGNMENT((#2321));
#1087=ADVANCED_FACE('',(#2322),#2323,.F.);
#1088=PRESENTATION_STYLE_ASSIGNMENT((#2324));
#1089=ADVANCED_FACE('',(#2325,#2326),#2327,.T.);
#1090=PRESENTATION_STYLE_ASSIGNMENT((#2328));
#1091=ADVANCED_FACE('',(#2329),#2330,.T.);
#1092=PRESENTATION_STYLE_ASSIGNMENT((#2331));
#1093=ADVANCED_FACE('',(#2332),#2333,.F.);
#1094=PRESENTATION_STYLE_ASSIGNMENT((#2334));
#1095=ADVANCED_FACE('',(#2335),#2336,.T.);
#1096=PRESENTATION_STYLE_ASSIGNMENT((#2337));
#1097=ADVANCED_FACE('',(#2338),#2339,.F.);
#1098=PRESENTATION_STYLE_ASSIGNMENT((#2340));
#1099=ADVANCED_FACE('',(#2341),#2342,.F.);
#1100=PRESENTATION_STYLE_ASSIGNMENT((#2343));
#1101=ADVANCED_FACE('',(#2344),#2345,.F.);
#1102=PRESENTATION_STYLE_ASSIGNMENT((#2346));
#1103=ADVANCED_FACE('',(#2347),#2348,.F.);
#1104=PRESENTATION_STYLE_ASSIGNMENT((#2349));
#1105=ADVANCED_FACE('',(#2350),#2351,.F.);
#1106=PRESENTATION_STYLE_ASSIGNMENT((#2352));
#1107=ADVANCED_FACE('',(#2353),#2354,.T.);
#1108=PRESENTATION_STYLE_ASSIGNMENT((#2355));
#1109=ADVANCED_FACE('',(#2356),#2357,.F.);
#1110=PRESENTATION_STYLE_ASSIGNMENT((#2358));
#1111=ADVANCED_FACE('',(#2359),#2360,.T.);
#1112=PRESENTATION_STYLE_ASSIGNMENT((#2361));
#1113=ADVANCED_FACE('',(#2362,#2363),#2364,.T.);
#1114=PRESENTATION_STYLE_ASSIGNMENT((#2365));
#1115=ADVANCED_FACE('',(#2366),#2367,.F.);
#1116=PRESENTATION_STYLE_ASSIGNMENT((#2368));
#1117=ADVANCED_FACE('',(#2369),#2370,.T.);
#1118=PRESENTATION_STYLE_ASSIGNMENT((#2371));
#1119=ADVANCED_FACE('',(#2372),#2373,.T.);
#1120=PRESENTATION_STYLE_ASSIGNMENT((#2374));
#1121=ADVANCED_FACE('',(#2375,#2376),#2377,.T.);
#1122=PRESENTATION_STYLE_ASSIGNMENT((#2378));
#1123=ADVANCED_FACE('',(#2379,#2380),#2381,.T.);
#1124=PRESENTATION_STYLE_ASSIGNMENT((#2382));
#1125=ADVANCED_FACE('',(#2383),#2384,.F.);
#1126=PRESENTATION_STYLE_ASSIGNMENT((#2385));
#1127=ADVANCED_FACE('',(#2386,#2387),#2388,.F.);
#1128=PRESENTATION_STYLE_ASSIGNMENT((#2389));
#1129=ADVANCED_FACE('',(#2390),#2391,.F.);
#1130=PRESENTATION_STYLE_ASSIGNMENT((#2392));
#1131=ADVANCED_FACE('',(#2393),#2394,.T.);
#1132=PRESENTATION_STYLE_ASSIGNMENT((#2395));
#1133=ADVANCED_FACE('',(#2396),#2397,.F.);
#1134=PRESENTATION_STYLE_ASSIGNMENT((#2398));
#1135=ADVANCED_FACE('',(#2399),#2400,.T.);
#1136=PRESENTATION_STYLE_ASSIGNMENT((#2401));
#1137=ADVANCED_FACE('',(#2402),#2403,.T.);
#1138=PRESENTATION_STYLE_ASSIGNMENT((#2404));
#1139=ADVANCED_FACE('',(#2405,#2406),#2407,.T.);
#1140=PRESENTATION_STYLE_ASSIGNMENT((#2408));
#1141=ADVANCED_FACE('',(#2409),#2410,.T.);
#1142=PRESENTATION_STYLE_ASSIGNMENT((#2411));
#1143=ADVANCED_FACE('',(#2412),#2413,.T.);
#1144=PRESENTATION_STYLE_ASSIGNMENT((#2414));
#1145=ADVANCED_FACE('',(#2415),#2416,.T.);
#1146=PRESENTATION_STYLE_ASSIGNMENT((#2417));
#1147=ADVANCED_FACE('',(#2418),#2419,.T.);
#1148=PRESENTATION_STYLE_ASSIGNMENT((#2420));
#1149=ADVANCED_FACE('',(#2421),#2422,.T.);
#1150=PRESENTATION_STYLE_ASSIGNMENT((#2423));
#1151=ADVANCED_FACE('',(#2424),#2425,.T.);
#1152=PRESENTATION_STYLE_ASSIGNMENT((#2426));
#1153=ADVANCED_FACE('',(#2427),#2428,.T.);
#1154=PRESENTATION_STYLE_ASSIGNMENT((#2429));
#1155=ADVANCED_FACE('',(#2430),#2431,.F.);
#1156=PRESENTATION_STYLE_ASSIGNMENT((#2432));
#1157=ADVANCED_FACE('',(#2433),#2434,.F.);
#1158=PRESENTATION_STYLE_ASSIGNMENT((#2435));
#1159=ADVANCED_FACE('',(#2436),#2437,.T.);
#1160=PRESENTATION_STYLE_ASSIGNMENT((#2438));
#1161=ADVANCED_FACE('',(#2439),#2440,.F.);
#1162=PRESENTATION_STYLE_ASSIGNMENT((#2441));
#1163=ADVANCED_FACE('',(#2442),#2443,.T.);
#1164=PRESENTATION_STYLE_ASSIGNMENT((#2444));
#1165=ADVANCED_FACE('',(#2445),#2446,.F.);
#1166=PRESENTATION_STYLE_ASSIGNMENT((#2447));
#1167=ADVANCED_FACE('',(#2448),#2449,.F.);
#1168=PRESENTATION_STYLE_ASSIGNMENT((#2450));
#1169=ADVANCED_FACE('',(#2451),#2452,.F.);
#1170=PRESENTATION_STYLE_ASSIGNMENT((#2453));
#1171=ADVANCED_FACE('',(#2454),#2455,.T.);
#1172=PRESENTATION_STYLE_ASSIGNMENT((#2456));
#1173=ADVANCED_FACE('',(#2457),#2458,.F.);
#1174=PRESENTATION_STYLE_ASSIGNMENT((#2459));
#1175=ADVANCED_FACE('',(#2460),#2461,.F.);
#1176=PRESENTATION_STYLE_ASSIGNMENT((#2462));
#1177=ADVANCED_FACE('',(#2463),#2464,.T.);
#1178=PRESENTATION_STYLE_ASSIGNMENT((#2465));
#1179=ADVANCED_FACE('',(#2466),#2467,.T.);
#1180=PRESENTATION_STYLE_ASSIGNMENT((#2468));
#1181=ADVANCED_FACE('',(#2469),#2470,.F.);
#1182=PRESENTATION_STYLE_ASSIGNMENT((#2471));
#1183=ADVANCED_FACE('',(#2472),#2473,.F.);
#1184=PRESENTATION_STYLE_ASSIGNMENT((#2474));
#1185=ADVANCED_FACE('',(#2475),#2476,.F.);
#1186=PRESENTATION_STYLE_ASSIGNMENT((#2477));
#1187=ADVANCED_FACE('',(#2478),#2479,.F.);
#1188=PRESENTATION_STYLE_ASSIGNMENT((#2480));
#1189=ADVANCED_FACE('',(#2481),#2482,.T.);
#1190=PRESENTATION_STYLE_ASSIGNMENT((#2483));
#1191=ADVANCED_FACE('',(#2484),#2485,.T.);
#1192=PRESENTATION_STYLE_ASSIGNMENT((#2486));
#1193=ADVANCED_FACE('',(#2487),#2488,.F.);
#1194=PRESENTATION_STYLE_ASSIGNMENT((#2489));
#1195=ADVANCED_FACE('',(#2490),#2491,.T.);
#1196=PRESENTATION_STYLE_ASSIGNMENT((#2492));
#1197=ADVANCED_FACE('',(#2493),#2494,.T.);
#1198=PRESENTATION_STYLE_ASSIGNMENT((#2495));
#1199=ADVANCED_FACE('',(#2496),#2497,.T.);
#1200=PRESENTATION_STYLE_ASSIGNMENT((#2498));
#1201=ADVANCED_FACE('',(#2499),#2500,.F.);
#1202=PRESENTATION_STYLE_ASSIGNMENT((#2501));
#1203=ADVANCED_FACE('',(#2502),#2503,.T.);
#1204=PRESENTATION_STYLE_ASSIGNMENT((#2504));
#1205=ADVANCED_FACE('',(#2505),#2506,.F.);
#1206=PRESENTATION_STYLE_ASSIGNMENT((#2507));
#1207=ADVANCED_FACE('',(#2508,#2509),#2510,.T.);
#1208=PRESENTATION_STYLE_ASSIGNMENT((#2511));
#1209=ADVANCED_FACE('',(#2512),#2513,.F.);
#1210=PRESENTATION_STYLE_ASSIGNMENT((#2514));
#1211=ADVANCED_FACE('',(#2515),#2516,.F.);
#1212=PRESENTATION_STYLE_ASSIGNMENT((#2517));
#1213=ADVANCED_FACE('',(#2518),#2519,.T.);
#1214=PRESENTATION_STYLE_ASSIGNMENT((#2520));
#1215=ADVANCED_FACE('',(#2521),#2522,.F.);
#1216=PRESENTATION_STYLE_ASSIGNMENT((#2523));
#1217=ADVANCED_FACE('',(#2524),#2525,.T.);
#1218=PRESENTATION_STYLE_ASSIGNMENT((#2526));
#1219=ADVANCED_FACE('',(#2527),#2528,.F.);
#1220=PRESENTATION_STYLE_ASSIGNMENT((#2529));
#1221=ADVANCED_FACE('',(#2530),#2531,.F.);
#1222=PRESENTATION_STYLE_ASSIGNMENT((#2532));
#1223=ADVANCED_FACE('',(#2533),#2534,.T.);
#1224=PRESENTATION_STYLE_ASSIGNMENT((#2535));
#1225=ADVANCED_FACE('',(#2536),#2537,.F.);
#1226=PRESENTATION_STYLE_ASSIGNMENT((#2538));
#1227=ADVANCED_FACE('',(#2539),#2540,.T.);
#1228=PRESENTATION_STYLE_ASSIGNMENT((#2541));
#1229=ADVANCED_FACE('',(#2542),#2543,.T.);
#1230=PRESENTATION_STYLE_ASSIGNMENT((#2544));
#1231=ADVANCED_FACE('',(#2545),#2546,.F.);
#1232=PRESENTATION_STYLE_ASSIGNMENT((#2547));
#1233=ADVANCED_FACE('',(#2548,#2549),#2550,.F.);
#1234=PRESENTATION_STYLE_ASSIGNMENT((#2551));
#1235=ADVANCED_FACE('',(#2552),#2553,.F.);
#1236=PRESENTATION_STYLE_ASSIGNMENT((#2554));
#1237=ADVANCED_FACE('',(#2555),#2556,.F.);
#1238=PRESENTATION_STYLE_ASSIGNMENT((#2557));
#1239=ADVANCED_FACE('',(#2558),#2559,.T.);
#1240=PRESENTATION_STYLE_ASSIGNMENT((#2560));
#1241=ADVANCED_FACE('',(#2561),#2562,.F.);
#1242=PRESENTATION_STYLE_ASSIGNMENT((#2563));
#1243=ADVANCED_FACE('',(#2564),#2565,.T.);
#1244=PRESENTATION_STYLE_ASSIGNMENT((#2566));
#1245=ADVANCED_FACE('',(#2567),#2568,.F.);
#1246=PRESENTATION_STYLE_ASSIGNMENT((#2569));
#1247=ADVANCED_FACE('',(#2570),#2571,.F.);
#1248=PRESENTATION_STYLE_ASSIGNMENT((#2572));
#1249=ADVANCED_FACE('',(#2573),#2574,.F.);
#1250=PRESENTATION_STYLE_ASSIGNMENT((#2575));
#1251=ADVANCED_FACE('',(#2576),#2577,.T.);
#1252=PRESENTATION_STYLE_ASSIGNMENT((#2578));
#1253=ADVANCED_FACE('',(#2579),#2580,.F.);
#1254=PRESENTATION_STYLE_ASSIGNMENT((#2581));
#1255=ADVANCED_FACE('',(#2582),#2583,.T.);
#1256=PRESENTATION_STYLE_ASSIGNMENT((#2584));
#1257=ADVANCED_FACE('',(#2585),#2586,.T.);
#1258=PRESENTATION_STYLE_ASSIGNMENT((#2587));
#1259=ADVANCED_FACE('',(#2588),#2589,.T.);
#1260=PRESENTATION_STYLE_ASSIGNMENT((#2590));
#1261=ADVANCED_FACE('',(#2591,#2592),#2593,.T.);
#1262=PRESENTATION_STYLE_ASSIGNMENT((#2594));
#1263=ADVANCED_FACE('',(#2595),#2596,.T.);
#1264=PRESENTATION_STYLE_ASSIGNMENT((#2597));
#1265=ADVANCED_FACE('',(#2598,#2599),#2600,.F.);
#1266=PRESENTATION_STYLE_ASSIGNMENT((#2601));
#1267=ADVANCED_FACE('',(#2602),#2603,.F.);
#1268=PRESENTATION_STYLE_ASSIGNMENT((#2604));
#1269=ADVANCED_FACE('',(#2605),#2606,.T.);
#1270=PRESENTATION_STYLE_ASSIGNMENT((#2607));
#1271=ADVANCED_FACE('',(#2608),#2609,.F.);
#1272=PRESENTATION_STYLE_ASSIGNMENT((#2610));
#1273=ADVANCED_FACE('',(#2611),#2612,.F.);
#1274=PRESENTATION_STYLE_ASSIGNMENT((#2613));
#1275=ADVANCED_FACE('',(#2614),#2615,.T.);
#1276=PRESENTATION_STYLE_ASSIGNMENT((#2616));
#1277=ADVANCED_FACE('',(#2617),#2618,.T.);
#1278=PRESENTATION_STYLE_ASSIGNMENT((#2619));
#1279=ADVANCED_FACE('',(#2620),#2621,.T.);
#1280=PRESENTATION_STYLE_ASSIGNMENT((#2622));
#1281=ADVANCED_FACE('',(#2623),#2624,.F.);
#1282=PRESENTATION_STYLE_ASSIGNMENT((#2625));
#1283=ADVANCED_FACE('',(#2626),#2627,.F.);
#1284=PRESENTATION_STYLE_ASSIGNMENT((#2628));
#1285=ADVANCED_FACE('',(#2629),#2630,.F.);
#1286=PRESENTATION_STYLE_ASSIGNMENT((#2631));
#1287=ADVANCED_FACE('',(#2632),#2633,.F.);
#1288=PRESENTATION_STYLE_ASSIGNMENT((#2634));
#1289=ADVANCED_FACE('',(#2635),#2636,.T.);
#1290=PRESENTATION_STYLE_ASSIGNMENT((#2637));
#1291=ADVANCED_FACE('',(#2638),#2639,.F.);
#1292=PRESENTATION_STYLE_ASSIGNMENT((#2640));
#1293=ADVANCED_FACE('',(#2641),#2642,.F.);
#1294=PRESENTATION_STYLE_ASSIGNMENT((#2643));
#1295=ADVANCED_FACE('',(#2644),#2645,.F.);
#1296=PRESENTATION_STYLE_ASSIGNMENT((#2646));
#1297=ADVANCED_FACE('',(#2647),#2648,.F.);
#1298=PRESENTATION_STYLE_ASSIGNMENT((#2649));
#1299=ADVANCED_FACE('',(#2650),#2651,.F.);
#1300=PRESENTATION_STYLE_ASSIGNMENT((#2652));
#1301=ADVANCED_FACE('',(#2653),#2654,.F.);
#1302=PRESENTATION_STYLE_ASSIGNMENT((#2655));
#1303=ADVANCED_FACE('',(#2656),#2657,.F.);
#1304=PRESENTATION_STYLE_ASSIGNMENT((#2658));
#1305=ADVANCED_FACE('',(#2659),#2660,.F.);
#1306=PRESENTATION_STYLE_ASSIGNMENT((#2661));
#1307=ADVANCED_FACE('',(#2662),#2663,.F.);
#1308=PRESENTATION_STYLE_ASSIGNMENT((#2664));
#1309=ADVANCED_FACE('',(#2665),#2666,.F.);
#1310=PRESENTATION_STYLE_ASSIGNMENT((#2667));
#1311=ADVANCED_FACE('',(#2668),#2669,.F.);
#1312=PRESENTATION_STYLE_ASSIGNMENT((#2670));
#1313=ADVANCED_FACE('',(#2671),#2672,.T.);
#1314=PRESENTATION_STYLE_ASSIGNMENT((#2673));
#1315=ADVANCED_FACE('',(#2674),#2675,.F.);
#1316=PRESENTATION_STYLE_ASSIGNMENT((#2676));
#1317=ADVANCED_FACE('',(#2677),#2678,.F.);
#1318=PRESENTATION_STYLE_ASSIGNMENT((#2679));
#1319=ADVANCED_FACE('',(#2680),#2681,.T.);
#1320=PRESENTATION_STYLE_ASSIGNMENT((#2682));
#1321=MANIFOLD_SOLID_BREP('PST_1.0-10-3.5|14#PST_1.0-10-ST-3.5;PST_1.0-10-ST-3.5',#2683);
#1322=PRESENTATION_STYLE_ASSIGNMENT((#2684));
#1323=ADVANCED_FACE('',(#2685),#2686,.T.);
#1324=PRESENTATION_STYLE_ASSIGNMENT((#2687));
#1325=ADVANCED_FACE('',(#2688),#2689,.T.);
#1326=PRESENTATION_STYLE_ASSIGNMENT((#2690));
#1327=ADVANCED_FACE('',(#2691),#2692,.T.);
#1328=PRESENTATION_STYLE_ASSIGNMENT((#2693));
#1329=ADVANCED_FACE('',(#2694),#2695,.F.);
#1330=PRESENTATION_STYLE_ASSIGNMENT((#2696));
#1331=MANIFOLD_SOLID_BREP('PST_1.0-10-3.5|15#Bohrloch.1.1.4;Bohrloch.1.1.4',#2697);
#1332=PRESENTATION_STYLE_ASSIGNMENT((#2698));
#1333=ADVANCED_FACE('',(#2699),#2700,.T.);
#1334=PRESENTATION_STYLE_ASSIGNMENT((#2701));
#1335=ADVANCED_FACE('',(#2702),#2703,.T.);
#1336=PRESENTATION_STYLE_ASSIGNMENT((#2704));
#1337=ADVANCED_FACE('',(#2705),#2706,.T.);
#1338=PRESENTATION_STYLE_ASSIGNMENT((#2707));
#1339=ADVANCED_FACE('',(#2708),#2709,.T.);
#1340=PRESENTATION_STYLE_ASSIGNMENT((#2710));
#1341=ADVANCED_FACE('',(#2711),#2712,.T.);
#1342=PRESENTATION_STYLE_ASSIGNMENT((#2713));
#1343=ADVANCED_FACE('',(#2714),#2715,.T.);
#1344=PRESENTATION_STYLE_ASSIGNMENT((#2716));
#1345=MANIFOLD_SOLID_BREP('PST_1.0-10-3.5|16#PST_1.0-V-Stift_L13.1.3;PST_1.0-V-Stift_L13.1.3',#2717);
#1346=PRESENTATION_STYLE_ASSIGNMENT((#2718));
#1347=ADVANCED_FACE('',(#2719),#2720,.T.);
#1348=PRESENTATION_STYLE_ASSIGNMENT((#2721));
#1349=ADVANCED_FACE('',(#2722),#2723,.T.);
#1350=PRESENTATION_STYLE_ASSIGNMENT((#2724));
#1351=ADVANCED_FACE('',(#2725),#2726,.T.);
#1352=PRESENTATION_STYLE_ASSIGNMENT((#2727));
#1353=ADVANCED_FACE('',(#2728),#2729,.T.);
#1354=PRESENTATION_STYLE_ASSIGNMENT((#2730));
#1355=ADVANCED_FACE('',(#2731),#2732,.T.);
#1356=PRESENTATION_STYLE_ASSIGNMENT((#2733));
#1357=ADVANCED_FACE('',(#2734),#2735,.T.);
#1358=PRESENTATION_STYLE_ASSIGNMENT((#2736));
#1359=MANIFOLD_SOLID_BREP('PST_1.0-10-3.5|17#PST_1.0-V-Stift_L13.1.3;PST_1.0-V-Stift_L13.1.3',#2737);
#1360=PRESENTATION_STYLE_ASSIGNMENT((#2738));
#1361=ADVANCED_FACE('',(#2739),#2740,.T.);
#1362=PRESENTATION_STYLE_ASSIGNMENT((#2741));
#1363=ADVANCED_FACE('',(#2742),#2743,.T.);
#1364=PRESENTATION_STYLE_ASSIGNMENT((#2744));
#1365=ADVANCED_FACE('',(#2745),#2746,.T.);
#1366=PRESENTATION_STYLE_ASSIGNMENT((#2747));
#1367=ADVANCED_FACE('',(#2748),#2749,.T.);
#1368=PRESENTATION_STYLE_ASSIGNMENT((#2750));
#1369=ADVANCED_FACE('',(#2751),#2752,.T.);
#1370=PRESENTATION_STYLE_ASSIGNMENT((#2753));
#1371=ADVANCED_FACE('',(#2754),#2755,.T.);
#1372=PRESENTATION_STYLE_ASSIGNMENT((#2756));
#1373=MANIFOLD_SOLID_BREP('PST_1.0-10-3.5|18#PST_1.0-V-Stift_L13.1.3;PST_1.0-V-Stift_L13.1.3',#2757);
#1374=PRESENTATION_STYLE_ASSIGNMENT((#2758));
#1375=ADVANCED_FACE('',(#2759),#2760,.T.);
#1376=PRESENTATION_STYLE_ASSIGNMENT((#2761));
#1377=ADVANCED_FACE('',(#2762),#2763,.T.);
#1378=PRESENTATION_STYLE_ASSIGNMENT((#2764));
#1379=ADVANCED_FACE('',(#2765),#2766,.T.);
#1380=PRESENTATION_STYLE_ASSIGNMENT((#2767));
#1381=ADVANCED_FACE('',(#2768),#2769,.F.);
#1382=PRESENTATION_STYLE_ASSIGNMENT((#2770));
#1383=MANIFOLD_SOLID_BREP('PST_1.0-10-3.5|19#Bohrloch.1.1.4;Bohrloch.1.1.4',#2771);
#1384=PRESENTATION_STYLE_ASSIGNMENT((#2772));
#1385=ADVANCED_FACE('',(#2773),#2774,.T.);
#1386=PRESENTATION_STYLE_ASSIGNMENT((#2775));
#1387=ADVANCED_FACE('',(#2776),#2777,.T.);
#1388=PRESENTATION_STYLE_ASSIGNMENT((#2778));
#1389=ADVANCED_FACE('',(#2779),#2780,.T.);
#1390=PRESENTATION_STYLE_ASSIGNMENT((#2781));
#1391=ADVANCED_FACE('',(#2782),#2783,.F.);
#1392=PRESENTATION_STYLE_ASSIGNMENT((#2784));
#1393=MANIFOLD_SOLID_BREP('PST_1.0-10-3.5|20#Bohrloch.1.1.4;Bohrloch.1.1.4',#2785);
#1394=PRESENTATION_STYLE_ASSIGNMENT((#2786));
#1395=ADVANCED_FACE('',(#2787),#2788,.T.);
#1396=PRESENTATION_STYLE_ASSIGNMENT((#2789));
#1397=ADVANCED_FACE('',(#2790),#2791,.T.);
#1398=PRESENTATION_STYLE_ASSIGNMENT((#2792));
#1399=ADVANCED_FACE('',(#2793),#2794,.T.);
#1400=PRESENTATION_STYLE_ASSIGNMENT((#2795));
#1401=ADVANCED_FACE('',(#2796),#2797,.F.);
#1402=PRESENTATION_STYLE_ASSIGNMENT((#2798));
#1403=MANIFOLD_SOLID_BREP('PST_1.0-10-3.5|21#Bohrloch.1.1.4;Bohrloch.1.1.4',#2799);
#1404=PRODUCT('PST_1.0-10-3.5|1#PST_1.0-V-Stift_L13.1.3;PST_1.0-V-Stift_L13.1.3','','PART--DESC',(#2800));
#1405=PRODUCT_DEFINITION('','NONE',#2801,#2);
#1406=AXIS2_PLACEMENT_3D('',#2802,#2803,#2804);
#1407=AXIS2_PLACEMENT_3D('',#2805,#2806,#2807);
#1408=AXIS2_PLACEMENT_3D('',#2808,#2809,#2810);
#1409=AXIS2_PLACEMENT_3D('',#2811,#2812,#2813);
#1410=AXIS2_PLACEMENT_3D('',#2814,#2815,#2816);
#1411=AXIS2_PLACEMENT_3D('',#2817,#2818,#2819);
#1412=AXIS2_PLACEMENT_3D('',#2820,#2821,#2822);
#1413=AXIS2_PLACEMENT_3D('',#2823,#2824,#2825);
#1414=AXIS2_PLACEMENT_3D('',#2826,#2827,#2828);
#1415=AXIS2_PLACEMENT_3D('',#2829,#2830,#2831);
#1416=AXIS2_PLACEMENT_3D('',#2832,#2833,#2834);
#1417=AXIS2_PLACEMENT_3D('',#2835,#2836,#2837);
#1418=AXIS2_PLACEMENT_3D('',#2838,#2839,#2840);
#1419=AXIS2_PLACEMENT_3D('',#2841,#2842,#2843);
#1420=AXIS2_PLACEMENT_3D('',#2844,#2845,#2846);
#1421=AXIS2_PLACEMENT_3D('',#2847,#2848,#2849);
#1422=AXIS2_PLACEMENT_3D('',#2850,#2851,#2852);
#1423=AXIS2_PLACEMENT_3D('',#2853,#2854,#2855);
#1424=AXIS2_PLACEMENT_3D('',#2856,#2857,#2858);
#1425=AXIS2_PLACEMENT_3D('',#2859,#2860,#2861);
#1426=AXIS2_PLACEMENT_3D('',#2862,#2863,#2864);
#1429=LENGTH_MEASURE_WITH_UNIT(LENGTH_MEASURE(1.0),#2865);
#1432=DIMENSIONAL_EXPONENTS(1.0,0.0,0.0,0.0,0.0,0.0,0.0);
#1434=DIMENSIONAL_EXPONENTS(0.0,0.0,0.0,0.0,0.0,0.0,0.0);
#1440=SURFACE_STYLE_USAGE(.BOTH.,#2866);
#1441=FACE_OUTER_BOUND('',#2867,.T.);
#1442=TOROIDAL_SURFACE('',#2868,-0.774796727811619,1.28463137816958);
#1443=SURFACE_STYLE_USAGE(.BOTH.,#2869);
#1444=FACE_OUTER_BOUND('',#2870,.T.);
#1445=TOROIDAL_SURFACE('',#2871,-0.774796727811619,1.28463137816957);
#1446=SURFACE_STYLE_USAGE(.BOTH.,#2872);
#1447=FACE_OUTER_BOUND('',#2873,.T.);
#1448=CYLINDRICAL_SURFACE('',#2874,0.499999999999996);
#1449=SURFACE_STYLE_USAGE(.BOTH.,#2875);
#1450=FACE_OUTER_BOUND('',#2876,.T.);
#1451=CYLINDRICAL_SURFACE('',#2877,0.499999999999996);
#1452=SURFACE_STYLE_USAGE(.BOTH.,#2878);
#1453=FACE_OUTER_BOUND('',#2879,.T.);
#1454=TOROIDAL_SURFACE('',#2880,-0.774796727811619,1.28463137816958);
#1455=SURFACE_STYLE_USAGE(.BOTH.,#2881);
#1456=FACE_OUTER_BOUND('',#2882,.T.);
#1457=TOROIDAL_SURFACE('',#2883,-0.774796727811619,1.28463137816957);
#1458=SURFACE_STYLE_USAGE(.BOTH.,#2884);
#1459=CLOSED_SHELL('',(#511,#513,#515,#517,#519,#521));
#1460=SURFACE_STYLE_USAGE(.BOTH.,#2885);
#1461=FACE_OUTER_BOUND('',#2886,.T.);
#1462=CYLINDRICAL_SURFACE('',#2887,0.6);
#1463=SURFACE_STYLE_USAGE(.BOTH.,#2888);
#1464=FACE_OUTER_BOUND('',#2889,.T.);
#1465=CYLINDRICAL_SURFACE('',#2890,0.6);
#1466=SURFACE_STYLE_USAGE(.BOTH.,#2891);
#1467=FACE_OUTER_BOUND('',#2892,.T.);
#1468=PLANE('',#2893);
#1469=SURFACE_STYLE_USAGE(.BOTH.,#2894);
#1470=FACE_OUTER_BOUND('',#2895,.T.);
#1471=PLANE('',#2896);
#1472=SURFACE_STYLE_USAGE(.BOTH.,#2897);
#1473=CLOSED_SHELL('',(#525,#527,#529,#531));
#1474=SURFACE_STYLE_USAGE(.BOTH.,#2898);
#1475=FACE_OUTER_BOUND('',#2899,.T.);
#1476=CYLINDRICAL_SURFACE('',#2900,0.6);
#1477=SURFACE_STYLE_USAGE(.BOTH.,#2901);
#1478=FACE_OUTER_BOUND('',#2902,.T.);
#1479=CYLINDRICAL_SURFACE('',#2903,0.6);
#1480=SURFACE_STYLE_USAGE(.BOTH.,#2904);
#1481=FACE_OUTER_BOUND('',#2905,.T.);
#1482=PLANE('',#2906);
#1483=SURFACE_STYLE_USAGE(.BOTH.,#2907);
#1484=FACE_OUTER_BOUND('',#2908,.T.);
#1485=PLANE('',#2909);
#1486=SURFACE_STYLE_USAGE(.BOTH.,#2910);
#1487=CLOSED_SHELL('',(#535,#537,#539,#541));
#1488=SURFACE_STYLE_USAGE(.BOTH.,#2911);
#1489=FACE_OUTER_BOUND('',#2912,.T.);
#1490=CYLINDRICAL_SURFACE('',#2913,0.6);
#1491=SURFACE_STYLE_USAGE(.BOTH.,#2914);
#1492=FACE_OUTER_BOUND('',#2915,.T.);
#1493=CYLINDRICAL_SURFACE('',#2916,0.6);
#1494=SURFACE_STYLE_USAGE(.BOTH.,#2917);
#1495=FACE_OUTER_BOUND('',#2918,.T.);
#1496=PLANE('',#2919);
#1497=SURFACE_STYLE_USAGE(.BOTH.,#2920);
#1498=FACE_OUTER_BOUND('',#2921,.T.);
#1499=PLANE('',#2922);
#1500=SURFACE_STYLE_USAGE(.BOTH.,#2923);
#1501=CLOSED_SHELL('',(#545,#547,#549,#551));
#1502=SURFACE_STYLE_USAGE(.BOTH.,#2924);
#1503=FACE_OUTER_BOUND('',#2925,.T.);
#1504=CYLINDRICAL_SURFACE('',#2926,0.6);
#1505=SURFACE_STYLE_USAGE(.BOTH.,#2927);
#1506=FACE_OUTER_BOUND('',#2928,.T.);
#1507=CYLINDRICAL_SURFACE('',#2929,0.6);
#1508=SURFACE_STYLE_USAGE(.BOTH.,#2930);
#1509=FACE_OUTER_BOUND('',#2931,.T.);
#1510=PLANE('',#2932);
#1511=SURFACE_STYLE_USAGE(.BOTH.,#2933);
#1512=FACE_OUTER_BOUND('',#2934,.T.);
#1513=PLANE('',#2935);
#1514=SURFACE_STYLE_USAGE(.BOTH.,#2936);
#1515=CLOSED_SHELL('',(#555,#557,#559,#561));
#1516=SURFACE_STYLE_USAGE(.BOTH.,#2937);
#1517=FACE_OUTER_BOUND('',#2938,.T.);
#1518=CYLINDRICAL_SURFACE('',#2939,0.6);
#1519=SURFACE_STYLE_USAGE(.BOTH.,#2940);
#1520=FACE_OUTER_BOUND('',#2941,.T.);
#1521=CYLINDRICAL_SURFACE('',#2942,0.6);
#1522=SURFACE_STYLE_USAGE(.BOTH.,#2943);
#1523=FACE_OUTER_BOUND('',#2944,.T.);
#1524=PLANE('',#2945);
#1525=SURFACE_STYLE_USAGE(.BOTH.,#2946);
#1526=FACE_OUTER_BOUND('',#2947,.T.);
#1527=PLANE('',#2948);
#1528=SURFACE_STYLE_USAGE(.BOTH.,#2949);
#1529=CLOSED_SHELL('',(#565,#567,#569,#571));
#1530=SURFACE_STYLE_USAGE(.BOTH.,#2950);
#1531=FACE_OUTER_BOUND('',#2951,.T.);
#1532=CYLINDRICAL_SURFACE('',#2952,0.6);
#1533=SURFACE_STYLE_USAGE(.BOTH.,#2953);
#1534=FACE_OUTER_BOUND('',#2954,.T.);
#1535=CYLINDRICAL_SURFACE('',#2955,0.6);
#1536=SURFACE_STYLE_USAGE(.BOTH.,#2956);
#1537=FACE_OUTER_BOUND('',#2957,.T.);
#1538=PLANE('',#2958);
#1539=SURFACE_STYLE_USAGE(.BOTH.,#2959);
#1540=FACE_OUTER_BOUND('',#2960,.T.);
#1541=PLANE('',#2961);
#1542=SURFACE_STYLE_USAGE(.BOTH.,#2962);
#1543=CLOSED_SHELL('',(#575,#577,#579,#581));
#1544=SURFACE_STYLE_USAGE(.BOTH.,#2963);
#1545=FACE_OUTER_BOUND('',#2964,.T.);
#1546=TOROIDAL_SURFACE('',#2965,-0.774796727811619,1.28463137816958);
#1547=SURFACE_STYLE_USAGE(.BOTH.,#2966);
#1548=FACE_OUTER_BOUND('',#2967,.T.);
#1549=TOROIDAL_SURFACE('',#2968,-0.774796727811619,1.28463137816957);
#1550=SURFACE_STYLE_USAGE(.BOTH.,#2969);
#1551=FACE_OUTER_BOUND('',#2970,.T.);
#1552=CYLINDRICAL_SURFACE('',#2971,0.499999999999996);
#1553=SURFACE_STYLE_USAGE(.BOTH.,#2972);
#1554=FACE_OUTER_BOUND('',#2973,.T.);
#1555=CYLINDRICAL_SURFACE('',#2974,0.499999999999996);
#1556=SURFACE_STYLE_USAGE(.BOTH.,#2975);
#1557=FACE_OUTER_BOUND('',#2976,.T.);
#1558=TOROIDAL_SURFACE('',#2977,-0.774796727811619,1.28463137816958);
#1559=SURFACE_STYLE_USAGE(.BOTH.,#2978);
#1560=FACE_OUTER_BOUND('',#2979,.T.);
#1561=TOROIDAL_SURFACE('',#2980,-0.774796727811619,1.28463137816957);
#1562=SURFACE_STYLE_USAGE(.BOTH.,#2981);
#1563=CLOSED_SHELL('',(#585,#587,#589,#591,#593,#595));
#1564=SURFACE_STYLE_USAGE(.BOTH.,#2982);
#1565=FACE_OUTER_BOUND('',#2983,.T.);
#1566=TOROIDAL_SURFACE('',#2984,-0.774796727811619,1.28463137816958);
#1567=SURFACE_STYLE_USAGE(.BOTH.,#2985);
#1568=FACE_OUTER_BOUND('',#2986,.T.);
#1569=TOROIDAL_SURFACE('',#2987,-0.774796727811619,1.28463137816957);
#1570=SURFACE_STYLE_USAGE(.BOTH.,#2988);
#1571=FACE_OUTER_BOUND('',#2989,.T.);
#1572=CYLINDRICAL_SURFACE('',#2990,0.499999999999996);
#1573=SURFACE_STYLE_USAGE(.BOTH.,#2991);
#1574=FACE_OUTER_BOUND('',#2992,.T.);
#1575=CYLINDRICAL_SURFACE('',#2993,0.499999999999996);
#1576=SURFACE_STYLE_USAGE(.BOTH.,#2994);
#1577=FACE_OUTER_BOUND('',#2995,.T.);
#1578=TOROIDAL_SURFACE('',#2996,-0.774796727811619,1.28463137816958);
#1579=SURFACE_STYLE_USAGE(.BOTH.,#2997);
#1580=FACE_OUTER_BOUND('',#2998,.T.);
#1581=TOROIDAL_SURFACE('',#2999,-0.774796727811619,1.28463137816957);
#1582=SURFACE_STYLE_USAGE(.BOTH.,#3000);
#1583=CLOSED_SHELL('',(#599,#601,#603,#605,#607,#609));
#1584=SURFACE_STYLE_USAGE(.BOTH.,#3001);
#1585=FACE_OUTER_BOUND('',#3002,.T.);
#1586=TOROIDAL_SURFACE('',#3003,-0.774796727811619,1.28463137816958);
#1587=SURFACE_STYLE_USAGE(.BOTH.,#3004);
#1588=FACE_OUTER_BOUND('',#3005,.T.);
#1589=TOROIDAL_SURFACE('',#3006,-0.774796727811619,1.28463137816957);
#1590=SURFACE_STYLE_USAGE(.BOTH.,#3007);
#1591=FACE_OUTER_BOUND('',#3008,.T.);
#1592=CYLINDRICAL_SURFACE('',#3009,0.499999999999996);
#1593=SURFACE_STYLE_USAGE(.BOTH.,#3010);
#1594=FACE_OUTER_BOUND('',#3011,.T.);
#1595=CYLINDRICAL_SURFACE('',#3012,0.499999999999996);
#1596=SURFACE_STYLE_USAGE(.BOTH.,#3013);
#1597=FACE_OUTER_BOUND('',#3014,.T.);
#1598=TOROIDAL_SURFACE('',#3015,-0.774796727811619,1.28463137816958);
#1599=SURFACE_STYLE_USAGE(.BOTH.,#3016);
#1600=FACE_OUTER_BOUND('',#3017,.T.);
#1601=TOROIDAL_SURFACE('',#3018,-0.774796727811619,1.28463137816957);
#1602=SURFACE_STYLE_USAGE(.BOTH.,#3019);
#1603=CLOSED_SHELL('',(#613,#615,#617,#619,#621,#623));
#1604=SURFACE_STYLE_USAGE(.BOTH.,#3020);
#1605=FACE_OUTER_BOUND('',#3021,.T.);
#1606=TOROIDAL_SURFACE('',#3022,-0.774796727811619,1.28463137816958);
#1607=SURFACE_STYLE_USAGE(.BOTH.,#3023);
#1608=FACE_OUTER_BOUND('',#3024,.T.);
#1609=TOROIDAL_SURFACE('',#3025,-0.774796727811619,1.28463137816957);
#1610=SURFACE_STYLE_USAGE(.BOTH.,#3026);
#1611=FACE_OUTER_BOUND('',#3027,.T.);
#1612=CYLINDRICAL_SURFACE('',#3028,0.499999999999996);
#1613=SURFACE_STYLE_USAGE(.BOTH.,#3029);
#1614=FACE_OUTER_BOUND('',#3030,.T.);
#1615=CYLINDRICAL_SURFACE('',#3031,0.499999999999996);
#1616=SURFACE_STYLE_USAGE(.BOTH.,#3032);
#1617=FACE_OUTER_BOUND('',#3033,.T.);
#1618=TOROIDAL_SURFACE('',#3034,-0.774796727811619,1.28463137816958);
#1619=SURFACE_STYLE_USAGE(.BOTH.,#3035);
#1620=FACE_OUTER_BOUND('',#3036,.T.);
#1621=TOROIDAL_SURFACE('',#3037,-0.774796727811619,1.28463137816957);
#1622=SURFACE_STYLE_USAGE(.BOTH.,#3038);
#1623=CLOSED_SHELL('',(#627,#629,#631,#633,#635,#637));
#1624=SURFACE_STYLE_USAGE(.BOTH.,#3039);
#1625=FACE_OUTER_BOUND('',#3040,.T.);
#1626=TOROIDAL_SURFACE('',#3041,-0.774796727811619,1.28463137816958);
#1627=SURFACE_STYLE_USAGE(.BOTH.,#3042);
#1628=FACE_OUTER_BOUND('',#3043,.T.);
#1629=TOROIDAL_SURFACE('',#3044,-0.774796727811619,1.28463137816957);
#1630=SURFACE_STYLE_USAGE(.BOTH.,#3045);
#1631=FACE_OUTER_BOUND('',#3046,.T.);
#1632=CYLINDRICAL_SURFACE('',#3047,0.499999999999996);
#1633=SURFACE_STYLE_USAGE(.BOTH.,#3048);
#1634=FACE_OUTER_BOUND('',#3049,.T.);
#1635=CYLINDRICAL_SURFACE('',#3050,0.499999999999996);
#1636=SURFACE_STYLE_USAGE(.BOTH.,#3051);
#1637=FACE_OUTER_BOUND('',#3052,.T.);
#1638=TOROIDAL_SURFACE('',#3053,-0.774796727811619,1.28463137816958);
#1639=SURFACE_STYLE_USAGE(.BOTH.,#3054);
#1640=FACE_OUTER_BOUND('',#3055,.T.);
#1641=TOROIDAL_SURFACE('',#3056,-0.774796727811619,1.28463137816957);
#1642=SURFACE_STYLE_USAGE(.BOTH.,#3057);
#1643=CLOSED_SHELL('',(#641,#643,#645,#647,#649,#651));
#1644=SURFACE_STYLE_USAGE(.BOTH.,#3058);
#1645=FACE_OUTER_BOUND('',#3059,.T.);
#1646=TOROIDAL_SURFACE('',#3060,-0.774796727811619,1.28463137816958);
#1647=SURFACE_STYLE_USAGE(.BOTH.,#3061);
#1648=FACE_OUTER_BOUND('',#3062,.T.);
#1649=TOROIDAL_SURFACE('',#3063,-0.774796727811619,1.28463137816957);
#1650=SURFACE_STYLE_USAGE(.BOTH.,#3064);
#1651=FACE_OUTER_BOUND('',#3065,.T.);
#1652=CYLINDRICAL_SURFACE('',#3066,0.499999999999996);
#1653=SURFACE_STYLE_USAGE(.BOTH.,#3067);
#1654=FACE_OUTER_BOUND('',#3068,.T.);
#1655=CYLINDRICAL_SURFACE('',#3069,0.499999999999996);
#1656=SURFACE_STYLE_USAGE(.BOTH.,#3070);
#1657=FACE_OUTER_BOUND('',#3071,.T.);
#1658=TOROIDAL_SURFACE('',#3072,-0.774796727811619,1.28463137816958);
#1659=SURFACE_STYLE_USAGE(.BOTH.,#3073);
#1660=FACE_OUTER_BOUND('',#3074,.T.);
#1661=TOROIDAL_SURFACE('',#3075,-0.774796727811619,1.28463137816957);
#1662=SURFACE_STYLE_USAGE(.BOTH.,#3076);
#1663=CLOSED_SHELL('',(#655,#657,#659,#661,#663,#665));
#1664=SURFACE_STYLE_USAGE(.BOTH.,#3077);
#1665=FACE_OUTER_BOUND('',#3078,.T.);
#1666=CYLINDRICAL_SURFACE('',#3079,1.20000000000001);
#1667=SURFACE_STYLE_USAGE(.BOTH.,#3080);
#1668=FACE_OUTER_BOUND('',#3081,.T.);
#1669=CYLINDRICAL_SURFACE('',#3082,1.2);
#1670=SURFACE_STYLE_USAGE(.BOTH.,#3083);
#1671=FACE_OUTER_BOUND('',#3084,.T.);
#1672=CYLINDRICAL_SURFACE('',#3085,1.2);
#1673=SURFACE_STYLE_USAGE(.BOTH.,#3086);
#1674=FACE_OUTER_BOUND('',#3087,.T.);
#1675=CYLINDRICAL_SURFACE('',#3088,1.20000000000001);
#1676=SURFACE_STYLE_USAGE(.BOTH.,#3089);
#1677=FACE_OUTER_BOUND('',#3090,.T.);
#1678=CYLINDRICAL_SURFACE('',#3091,1.20000000000001);
#1679=SURFACE_STYLE_USAGE(.BOTH.,#3092);
#1680=FACE_OUTER_BOUND('',#3093,.T.);
#1681=CYLINDRICAL_SURFACE('',#3094,1.2);
#1682=SURFACE_STYLE_USAGE(.BOTH.,#3095);
#1683=FACE_OUTER_BOUND('',#3096,.T.);
#1684=CYLINDRICAL_SURFACE('',#3097,1.20000000000005);
#1685=SURFACE_STYLE_USAGE(.BOTH.,#3098);
#1686=FACE_OUTER_BOUND('',#3099,.T.);
#1687=CYLINDRICAL_SURFACE('',#3100,1.20000000000005);
#1688=SURFACE_STYLE_USAGE(.BOTH.,#3101);
#1689=FACE_OUTER_BOUND('',#3102,.T.);
#1690=CYLINDRICAL_SURFACE('',#3103,1.2);
#1691=SURFACE_STYLE_USAGE(.BOTH.,#3104);
#1692=FACE_OUTER_BOUND('',#3105,.T.);
#1693=CYLINDRICAL_SURFACE('',#3106,1.20000000000001);
#1694=SURFACE_STYLE_USAGE(.BOTH.,#3107);
#1695=FACE_OUTER_BOUND('',#3108,.T.);
#1696=CYLINDRICAL_SURFACE('',#3109,1.20000000000001);
#1697=SURFACE_STYLE_USAGE(.BOTH.,#3110);
#1698=FACE_OUTER_BOUND('',#3111,.T.);
#1699=CYLINDRICAL_SURFACE('',#3112,1.2);
#1700=SURFACE_STYLE_USAGE(.BOTH.,#3113);
#1701=FACE_OUTER_BOUND('',#3114,.T.);
#1702=CYLINDRICAL_SURFACE('',#3115,1.2);
#1703=SURFACE_STYLE_USAGE(.BOTH.,#3116);
#1704=FACE_OUTER_BOUND('',#3117,.T.);
#1705=CYLINDRICAL_SURFACE('',#3118,1.2);
#1706=SURFACE_STYLE_USAGE(.BOTH.,#3119);
#1707=FACE_OUTER_BOUND('',#3120,.T.);
#1708=CYLINDRICAL_SURFACE('',#3121,1.2);
#1709=SURFACE_STYLE_USAGE(.BOTH.,#3122);
#1710=FACE_OUTER_BOUND('',#3123,.T.);
#1711=CYLINDRICAL_SURFACE('',#3124,1.2);
#1712=SURFACE_STYLE_USAGE(.BOTH.,#3125);
#1713=FACE_OUTER_BOUND('',#3126,.T.);
#1714=CYLINDRICAL_SURFACE('',#3127,1.2);
#1715=SURFACE_STYLE_USAGE(.BOTH.,#3128);
#1716=FACE_OUTER_BOUND('',#3129,.T.);
#1717=CYLINDRICAL_SURFACE('',#3130,1.20000000000005);
#1718=SURFACE_STYLE_USAGE(.BOTH.,#3131);
#1719=FACE_OUTER_BOUND('',#3132,.T.);
#1720=CYLINDRICAL_SURFACE('',#3133,1.20000000000005);
#1721=SURFACE_STYLE_USAGE(.BOTH.,#3134);
#1722=FACE_OUTER_BOUND('',#3135,.T.);
#1723=CYLINDRICAL_SURFACE('',#3136,1.2);
#1724=SURFACE_STYLE_USAGE(.BOTH.,#3137);
#1725=FACE_OUTER_BOUND('',#3138,.T.);
#1726=CYLINDRICAL_SURFACE('',#3139,1.2);
#1727=SURFACE_STYLE_USAGE(.BOTH.,#3140);
#1728=FACE_OUTER_BOUND('',#3141,.T.);
#1729=CYLINDRICAL_SURFACE('',#3142,1.19999999999999);
#1730=SURFACE_STYLE_USAGE(.BOTH.,#3143);
#1731=FACE_OUTER_BOUND('',#3144,.T.);
#1732=CYLINDRICAL_SURFACE('',#3145,1.19999999999999);
#1733=SURFACE_STYLE_USAGE(.BOTH.,#3146);
#1734=FACE_OUTER_BOUND('',#3147,.T.);
#1735=CYLINDRICAL_SURFACE('',#3148,1.2);
#1736=SURFACE_STYLE_USAGE(.BOTH.,#3149);
#1737=FACE_OUTER_BOUND('',#3150,.T.);
#1738=CYLINDRICAL_SURFACE('',#3151,1.2);
#1739=SURFACE_STYLE_USAGE(.BOTH.,#3152);
#1740=FACE_OUTER_BOUND('',#3153,.T.);
#1741=CYLINDRICAL_SURFACE('',#3154,1.20000000000005);
#1742=SURFACE_STYLE_USAGE(.BOTH.,#3155);
#1743=FACE_OUTER_BOUND('',#3156,.T.);
#1744=CYLINDRICAL_SURFACE('',#3157,1.20000000000001);
#1745=SURFACE_STYLE_USAGE(.BOTH.,#3158);
#1746=FACE_OUTER_BOUND('',#3159,.T.);
#1747=CYLINDRICAL_SURFACE('',#3160,1.20000000000001);
#1748=SURFACE_STYLE_USAGE(.BOTH.,#3161);
#1749=FACE_OUTER_BOUND('',#3162,.T.);
#1750=CYLINDRICAL_SURFACE('',#3163,1.20000000000001);
#1751=SURFACE_STYLE_USAGE(.BOTH.,#3164);
#1752=FACE_OUTER_BOUND('',#3165,.T.);
#1753=CYLINDRICAL_SURFACE('',#3166,1.20000000000001);
#1754=SURFACE_STYLE_USAGE(.BOTH.,#3167);
#1755=FACE_OUTER_BOUND('',#3168,.T.);
#1756=CYLINDRICAL_SURFACE('',#3169,1.20000000000005);
#1757=SURFACE_STYLE_USAGE(.BOTH.,#3170);
#1758=FACE_OUTER_BOUND('',#3171,.T.);
#1759=CYLINDRICAL_SURFACE('',#3172,1.20000000000005);
#1760=SURFACE_STYLE_USAGE(.BOTH.,#3173);
#1761=FACE_OUTER_BOUND('',#3174,.T.);
#1762=CYLINDRICAL_SURFACE('',#3175,1.20000000000005);
#1763=SURFACE_STYLE_USAGE(.BOTH.,#3176);
#1764=FACE_OUTER_BOUND('',#3177,.T.);
#1765=CYLINDRICAL_SURFACE('',#3178,1.20000000000001);
#1766=SURFACE_STYLE_USAGE(.BOTH.,#3179);
#1767=FACE_OUTER_BOUND('',#3180,.T.);
#1768=CYLINDRICAL_SURFACE('',#3181,1.20000000000001);
#1769=SURFACE_STYLE_USAGE(.BOTH.,#3182);
#1770=FACE_OUTER_BOUND('',#3183,.T.);
#1771=CYLINDRICAL_SURFACE('',#3184,1.19999999999999);
#1772=SURFACE_STYLE_USAGE(.BOTH.,#3185);
#1773=FACE_OUTER_BOUND('',#3186,.T.);
#1774=CYLINDRICAL_SURFACE('',#3187,1.20000000000001);
#1775=SURFACE_STYLE_USAGE(.BOTH.,#3188);
#1776=FACE_OUTER_BOUND('',#3189,.T.);
#1777=CYLINDRICAL_SURFACE('',#3190,1.19999999999999);
#1778=SURFACE_STYLE_USAGE(.BOTH.,#3191);
#1779=FACE_OUTER_BOUND('',#3192,.T.);
#1780=CYLINDRICAL_SURFACE('',#3193,1.19999999999999);
#1781=SURFACE_STYLE_USAGE(.BOTH.,#3194);
#1782=FACE_OUTER_BOUND('',#3195,.T.);
#1783=CYLINDRICAL_SURFACE('',#3196,1.19999999999999);
#1784=SURFACE_STYLE_USAGE(.BOTH.,#3197);
#1785=FACE_OUTER_BOUND('',#3198,.T.);
#1786=CYLINDRICAL_SURFACE('',#3199,0.5);
#1787=SURFACE_STYLE_USAGE(.BOTH.,#3200);
#1788=FACE_OUTER_BOUND('',#3201,.T.);
#1789=FACE_BOUND('',#3202,.T.);
#1790=PLANE('',#3203);
#1791=SURFACE_STYLE_USAGE(.BOTH.,#3204);
#1792=FACE_OUTER_BOUND('',#3205,.T.);
#1793=CYLINDRICAL_SURFACE('',#3206,0.5);
#1794=SURFACE_STYLE_USAGE(.BOTH.,#3207);
#1795=FACE_OUTER_BOUND('',#3208,.T.);
#1796=PLANE('',#3209);
#1797=SURFACE_STYLE_USAGE(.BOTH.,#3210);
#1798=FACE_OUTER_BOUND('',#3211,.T.);
#1799=PLANE('',#3212);
#1800=SURFACE_STYLE_USAGE(.BOTH.,#3213);
#1801=FACE_OUTER_BOUND('',#3214,.T.);
#1802=CYLINDRICAL_SURFACE('',#3215,1.19999999999999);
#1803=SURFACE_STYLE_USAGE(.BOTH.,#3216);
#1804=FACE_OUTER_BOUND('',#3217,.T.);
#1805=PLANE('',#3218);
#1806=SURFACE_STYLE_USAGE(.BOTH.,#3219);
#1807=FACE_OUTER_BOUND('',#3220,.T.);
#1808=FACE_BOUND('',#3221,.T.);
#1809=PLANE('',#3222);
#1810=SURFACE_STYLE_USAGE(.BOTH.,#3223);
#1811=FACE_OUTER_BOUND('',#3224,.T.);
#1812=PLANE('',#3225);
#1813=SURFACE_STYLE_USAGE(.BOTH.,#3226);
#1814=FACE_OUTER_BOUND('',#3227,.T.);
#1815=PLANE('',#3228);
#1816=SURFACE_STYLE_USAGE(.BOTH.,#3229);
#1817=FACE_OUTER_BOUND('',#3230,.T.);
#1818=PLANE('',#3231);
#1819=SURFACE_STYLE_USAGE(.BOTH.,#3232);
#1820=FACE_OUTER_BOUND('',#3233,.T.);
#1821=PLANE('',#3234);
#1822=SURFACE_STYLE_USAGE(.BOTH.,#3235);
#1823=FACE_OUTER_BOUND('',#3236,.T.);
#1824=PLANE('',#3237);
#1825=SURFACE_STYLE_USAGE(.BOTH.,#3238);
#1826=FACE_OUTER_BOUND('',#3239,.T.);
#1827=FACE_BOUND('',#3240,.T.);
#1828=PLANE('',#3241);
#1829=SURFACE_STYLE_USAGE(.BOTH.,#3242);
#1830=FACE_OUTER_BOUND('',#3243,.T.);
#1831=CYLINDRICAL_SURFACE('',#3244,1.19999999999999);
#1832=SURFACE_STYLE_USAGE(.BOTH.,#3245);
#1833=FACE_OUTER_BOUND('',#3246,.T.);
#1834=PLANE('',#3247);
#1835=SURFACE_STYLE_USAGE(.BOTH.,#3248);
#1836=FACE_OUTER_BOUND('',#3249,.T.);
#1837=PLANE('',#3250);
#1838=SURFACE_STYLE_USAGE(.BOTH.,#3251);
#1839=FACE_OUTER_BOUND('',#3252,.T.);
#1840=FACE_BOUND('',#3253,.T.);
#1841=PLANE('',#3254);
#1842=SURFACE_STYLE_USAGE(.BOTH.,#3255);
#1843=FACE_OUTER_BOUND('',#3256,.T.);
#1844=PLANE('',#3257);
#1845=SURFACE_STYLE_USAGE(.BOTH.,#3258);
#1846=FACE_OUTER_BOUND('',#3259,.T.);
#1847=PLANE('',#3260);
#1848=SURFACE_STYLE_USAGE(.BOTH.,#3261);
#1849=FACE_OUTER_BOUND('',#3262,.T.);
#1850=FACE_BOUND('',#3263,.T.);
#1851=PLANE('',#3264);
#1852=SURFACE_STYLE_USAGE(.BOTH.,#3265);
#1853=FACE_OUTER_BOUND('',#3266,.T.);
#1854=PLANE('',#3267);
#1855=SURFACE_STYLE_USAGE(.BOTH.,#3268);
#1856=FACE_OUTER_BOUND('',#3269,.T.);
#1857=PLANE('',#3270);
#1858=SURFACE_STYLE_USAGE(.BOTH.,#3271);
#1859=FACE_OUTER_BOUND('',#3272,.T.);
#1860=FACE_BOUND('',#3273,.T.);
#1861=PLANE('',#3274);
#1862=SURFACE_STYLE_USAGE(.BOTH.,#3275);
#1863=FACE_OUTER_BOUND('',#3276,.T.);
#1864=PLANE('',#3277);
#1865=SURFACE_STYLE_USAGE(.BOTH.,#3278);
#1866=FACE_OUTER_BOUND('',#3279,.T.);
#1867=CYLINDRICAL_SURFACE('',#3280,1.19999999999999);
#1868=SURFACE_STYLE_USAGE(.BOTH.,#3281);
#1869=FACE_OUTER_BOUND('',#3282,.T.);
#1870=PLANE('',#3283);
#1871=SURFACE_STYLE_USAGE(.BOTH.,#3284);
#1872=FACE_OUTER_BOUND('',#3285,.T.);
#1873=PLANE('',#3286);
#1874=SURFACE_STYLE_USAGE(.BOTH.,#3287);
#1875=FACE_OUTER_BOUND('',#3288,.T.);
#1876=CYLINDRICAL_SURFACE('',#3289,0.5);
#1877=SURFACE_STYLE_USAGE(.BOTH.,#3290);
#1878=FACE_OUTER_BOUND('',#3291,.T.);
#1879=PLANE('',#3292);
#1880=SURFACE_STYLE_USAGE(.BOTH.,#3293);
#1881=FACE_OUTER_BOUND('',#3294,.T.);
#1882=PLANE('',#3295);
#1883=SURFACE_STYLE_USAGE(.BOTH.,#3296);
#1884=FACE_OUTER_BOUND('',#3297,.T.);
#1885=CYLINDRICAL_SURFACE('',#3298,1.20000000000001);
#1886=SURFACE_STYLE_USAGE(.BOTH.,#3299);
#1887=FACE_OUTER_BOUND('',#3300,.T.);
#1888=PLANE('',#3301);
#1889=SURFACE_STYLE_USAGE(.BOTH.,#3302);
#1890=FACE_OUTER_BOUND('',#3303,.T.);
#1891=PLANE('',#3304);
#1892=SURFACE_STYLE_USAGE(.BOTH.,#3305);
#1893=FACE_OUTER_BOUND('',#3306,.T.);
#1894=PLANE('',#3307);
#1895=SURFACE_STYLE_USAGE(.BOTH.,#3308);
#1896=FACE_OUTER_BOUND('',#3309,.T.);
#1897=CYLINDRICAL_SURFACE('',#3310,1.19999999999999);
#1898=SURFACE_STYLE_USAGE(.BOTH.,#3311);
#1899=FACE_OUTER_BOUND('',#3312,.T.);
#1900=PLANE('',#3313);
#1901=SURFACE_STYLE_USAGE(.BOTH.,#3314);
#1902=FACE_OUTER_BOUND('',#3315,.T.);
#1903=CYLINDRICAL_SURFACE('',#3316,1.20000000000001);
#1904=SURFACE_STYLE_USAGE(.BOTH.,#3317);
#1905=FACE_OUTER_BOUND('',#3318,.T.);
#1906=FACE_BOUND('',#3319,.T.);
#1907=PLANE('',#3320);
#1908=SURFACE_STYLE_USAGE(.BOTH.,#3321);
#1909=FACE_OUTER_BOUND('',#3322,.T.);
#1910=PLANE('',#3323);
#1911=SURFACE_STYLE_USAGE(.BOTH.,#3324);
#1912=FACE_OUTER_BOUND('',#3325,.T.);
#1913=PLANE('',#3326);
#1914=SURFACE_STYLE_USAGE(.BOTH.,#3327);
#1915=FACE_OUTER_BOUND('',#3328,.T.);
#1916=PLANE('',#3329);
#1917=SURFACE_STYLE_USAGE(.BOTH.,#3330);
#1918=FACE_OUTER_BOUND('',#3331,.T.);
#1919=PLANE('',#3332);
#1920=SURFACE_STYLE_USAGE(.BOTH.,#3333);
#1921=FACE_OUTER_BOUND('',#3334,.T.);
#1922=CYLINDRICAL_SURFACE('',#3335,1.20000000000001);
#1923=SURFACE_STYLE_USAGE(.BOTH.,#3336);
#1924=FACE_OUTER_BOUND('',#3337,.T.);
#1925=PLANE('',#3338);
#1926=SURFACE_STYLE_USAGE(.BOTH.,#3339);
#1927=FACE_OUTER_BOUND('',#3340,.T.);
#1928=PLANE('',#3341);
#1929=SURFACE_STYLE_USAGE(.BOTH.,#3342);
#1930=FACE_OUTER_BOUND('',#3343,.T.);
#1931=FACE_BOUND('',#3344,.T.);
#1932=PLANE('',#3345);
#1933=SURFACE_STYLE_USAGE(.BOTH.,#3346);
#1934=FACE_OUTER_BOUND('',#3347,.T.);
#1935=PLANE('',#3348);
#1936=SURFACE_STYLE_USAGE(.BOTH.,#3349);
#1937=FACE_OUTER_BOUND('',#3350,.T.);
#1938=PLANE('',#3351);
#1939=SURFACE_STYLE_USAGE(.BOTH.,#3352);
#1940=FACE_OUTER_BOUND('',#3353,.T.);
#1941=PLANE('',#3354);
#1942=SURFACE_STYLE_USAGE(.BOTH.,#3355);
#1943=FACE_OUTER_BOUND('',#3356,.T.);
#1944=FACE_BOUND('',#3357,.T.);
#1945=PLANE('',#3358);
#1946=SURFACE_STYLE_USAGE(.BOTH.,#3359);
#1947=FACE_OUTER_BOUND('',#3360,.T.);
#1948=PLANE('',#3361);
#1949=SURFACE_STYLE_USAGE(.BOTH.,#3362);
#1950=FACE_OUTER_BOUND('',#3363,.T.);
#1951=PLANE('',#3364);
#1952=SURFACE_STYLE_USAGE(.BOTH.,#3365);
#1953=FACE_OUTER_BOUND('',#3366,.T.);
#1954=PLANE('',#3367);
#1955=SURFACE_STYLE_USAGE(.BOTH.,#3368);
#1956=FACE_OUTER_BOUND('',#3369,.T.);
#1957=PLANE('',#3370);
#1958=SURFACE_STYLE_USAGE(.BOTH.,#3371);
#1959=FACE_OUTER_BOUND('',#3372,.T.);
#1960=CYLINDRICAL_SURFACE('',#3373,1.20000000000005);
#1961=SURFACE_STYLE_USAGE(.BOTH.,#3374);
#1962=FACE_OUTER_BOUND('',#3375,.T.);
#1963=PLANE('',#3376);
#1964=SURFACE_STYLE_USAGE(.BOTH.,#3377);
#1965=FACE_OUTER_BOUND('',#3378,.T.);
#1966=PLANE('',#3379);
#1967=SURFACE_STYLE_USAGE(.BOTH.,#3380);
#1968=FACE_OUTER_BOUND('',#3381,.T.);
#1969=PLANE('',#3382);
#1970=SURFACE_STYLE_USAGE(.BOTH.,#3383);
#1971=FACE_OUTER_BOUND('',#3384,.T.);
#1972=CYLINDRICAL_SURFACE('',#3385,1.20000000000005);
#1973=SURFACE_STYLE_USAGE(.BOTH.,#3386);
#1974=FACE_OUTER_BOUND('',#3387,.T.);
#1975=PLANE('',#3388);
#1976=SURFACE_STYLE_USAGE(.BOTH.,#3389);
#1977=FACE_OUTER_BOUND('',#3390,.T.);
#1978=PLANE('',#3391);
#1979=SURFACE_STYLE_USAGE(.BOTH.,#3392);
#1980=FACE_OUTER_BOUND('',#3393,.T.);
#1981=PLANE('',#3394);
#1982=SURFACE_STYLE_USAGE(.BOTH.,#3395);
#1983=FACE_OUTER_BOUND('',#3396,.T.);
#1984=CYLINDRICAL_SURFACE('',#3397,1.20000000000005);
#1985=SURFACE_STYLE_USAGE(.BOTH.,#3398);
#1986=FACE_OUTER_BOUND('',#3399,.T.);
#1987=PLANE('',#3400);
#1988=SURFACE_STYLE_USAGE(.BOTH.,#3401);
#1989=FACE_OUTER_BOUND('',#3402,.T.);
#1990=PLANE('',#3403);
#1991=SURFACE_STYLE_USAGE(.BOTH.,#3404);
#1992=FACE_OUTER_BOUND('',#3405,.T.);
#1993=PLANE('',#3406);
#1994=SURFACE_STYLE_USAGE(.BOTH.,#3407);
#1995=FACE_OUTER_BOUND('',#3408,.T.);
#1996=CYLINDRICAL_SURFACE('',#3409,1.20000000000001);
#1997=SURFACE_STYLE_USAGE(.BOTH.,#3410);
#1998=FACE_OUTER_BOUND('',#3411,.T.);
#1999=PLANE('',#3412);
#2000=SURFACE_STYLE_USAGE(.BOTH.,#3413);
#2001=FACE_OUTER_BOUND('',#3414,.T.);
#2002=PLANE('',#3415);
#2003=SURFACE_STYLE_USAGE(.BOTH.,#3416);
#2004=FACE_OUTER_BOUND('',#3417,.T.);
#2005=FACE_BOUND('',#3418,.T.);
#2006=PLANE('',#3419);
#2007=SURFACE_STYLE_USAGE(.BOTH.,#3420);
#2008=FACE_OUTER_BOUND('',#3421,.T.);
#2009=FACE_BOUND('',#3422,.T.);
#2010=PLANE('',#3423);
#2011=SURFACE_STYLE_USAGE(.BOTH.,#3424);
#2012=FACE_OUTER_BOUND('',#3425,.T.);
#2013=CYLINDRICAL_SURFACE('',#3426,0.5);
#2014=SURFACE_STYLE_USAGE(.BOTH.,#3427);
#2015=FACE_OUTER_BOUND('',#3428,.T.);
#2016=PLANE('',#3429);
#2017=SURFACE_STYLE_USAGE(.BOTH.,#3430);
#2018=FACE_OUTER_BOUND('',#3431,.T.);
#2019=PLANE('',#3432);
#2020=SURFACE_STYLE_USAGE(.BOTH.,#3433);
#2021=FACE_OUTER_BOUND('',#3434,.T.);
#2022=PLANE('',#3435);
#2023=SURFACE_STYLE_USAGE(.BOTH.,#3436);
#2024=FACE_OUTER_BOUND('',#3437,.T.);
#2025=PLANE('',#3438);
#2026=SURFACE_STYLE_USAGE(.BOTH.,#3439);
#2027=FACE_OUTER_BOUND('',#3440,.T.);
#2028=CYLINDRICAL_SURFACE('',#3441,1.20000000000001);
#2029=SURFACE_STYLE_USAGE(.BOTH.,#3442);
#2030=FACE_OUTER_BOUND('',#3443,.T.);
#2031=PLANE('',#3444);
#2032=SURFACE_STYLE_USAGE(.BOTH.,#3445);
#2033=FACE_OUTER_BOUND('',#3446,.T.);
#2034=CYLINDRICAL_SURFACE('',#3447,1.20000000000001);
#2035=SURFACE_STYLE_USAGE(.BOTH.,#3448);
#2036=FACE_OUTER_BOUND('',#3449,.T.);
#2037=PLANE('',#3450);
#2038=SURFACE_STYLE_USAGE(.BOTH.,#3451);
#2039=FACE_OUTER_BOUND('',#3452,.T.);
#2040=PLANE('',#3453);
#2041=SURFACE_STYLE_USAGE(.BOTH.,#3454);
#2042=FACE_OUTER_BOUND('',#3455,.T.);
#2043=PLANE('',#3456);
#2044=SURFACE_STYLE_USAGE(.BOTH.,#3457);
#2045=FACE_OUTER_BOUND('',#3458,.T.);
#2046=FACE_BOUND('',#3459,.T.);
#2047=PLANE('',#3460);
#2048=SURFACE_STYLE_USAGE(.BOTH.,#3461);
#2049=FACE_OUTER_BOUND('',#3462,.T.);
#2050=PLANE('',#3463);
#2051=SURFACE_STYLE_USAGE(.BOTH.,#3464);
#2052=FACE_OUTER_BOUND('',#3465,.T.);
#2053=PLANE('',#3466);
#2054=SURFACE_STYLE_USAGE(.BOTH.,#3467);
#2055=FACE_OUTER_BOUND('',#3468,.T.);
#2056=PLANE('',#3469);
#2057=SURFACE_STYLE_USAGE(.BOTH.,#3470);
#2058=FACE_OUTER_BOUND('',#3471,.T.);
#2059=FACE_BOUND('',#3472,.T.);
#2060=PLANE('',#3473);
#2061=SURFACE_STYLE_USAGE(.BOTH.,#3474);
#2062=FACE_OUTER_BOUND('',#3475,.T.);
#2063=PLANE('',#3476);
#2064=SURFACE_STYLE_USAGE(.BOTH.,#3477);
#2065=FACE_OUTER_BOUND('',#3478,.T.);
#2066=PLANE('',#3479);
#2067=SURFACE_STYLE_USAGE(.BOTH.,#3480);
#2068=FACE_OUTER_BOUND('',#3481,.T.);
#2069=PLANE('',#3482);
#2070=SURFACE_STYLE_USAGE(.BOTH.,#3483);
#2071=FACE_OUTER_BOUND('',#3484,.T.);
#2072=CYLINDRICAL_SURFACE('',#3485,1.20000000000001);
#2073=SURFACE_STYLE_USAGE(.BOTH.,#3486);
#2074=FACE_OUTER_BOUND('',#3487,.T.);
#2075=CYLINDRICAL_SURFACE('',#3488,0.5);
#2076=SURFACE_STYLE_USAGE(.BOTH.,#3489);
#2077=FACE_OUTER_BOUND('',#3490,.T.);
#2078=FACE_BOUND('',#3491,.T.);
#2079=PLANE('',#3492);
#2080=SURFACE_STYLE_USAGE(.BOTH.,#3493);
#2081=FACE_OUTER_BOUND('',#3494,.T.);
#2082=PLANE('',#3495);
#2083=SURFACE_STYLE_USAGE(.BOTH.,#3496);
#2084=FACE_OUTER_BOUND('',#3497,.T.);
#2085=PLANE('',#3498);
#2086=SURFACE_STYLE_USAGE(.BOTH.,#3499);
#2087=FACE_OUTER_BOUND('',#3500,.T.);
#2088=CYLINDRICAL_SURFACE('',#3501,1.20000000000005);
#2089=SURFACE_STYLE_USAGE(.BOTH.,#3502);
#2090=FACE_OUTER_BOUND('',#3503,.T.);
#2091=FACE_BOUND('',#3504,.T.);
#2092=PLANE('',#3505);
#2093=SURFACE_STYLE_USAGE(.BOTH.,#3506);
#2094=FACE_OUTER_BOUND('',#3507,.T.);
#2095=PLANE('',#3508);
#2096=SURFACE_STYLE_USAGE(.BOTH.,#3509);
#2097=FACE_OUTER_BOUND('',#3510,.T.);
#2098=PLANE('',#3511);
#2099=SURFACE_STYLE_USAGE(.BOTH.,#3512);
#2100=FACE_OUTER_BOUND('',#3513,.T.);
#2101=PLANE('',#3514);
#2102=SURFACE_STYLE_USAGE(.BOTH.,#3515);
#2103=FACE_OUTER_BOUND('',#3516,.T.);
#2104=PLANE('',#3517);
#2105=SURFACE_STYLE_USAGE(.BOTH.,#3518);
#2106=FACE_OUTER_BOUND('',#3519,.T.);
#2107=CYLINDRICAL_SURFACE('',#3520,1.2);
#2108=SURFACE_STYLE_USAGE(.BOTH.,#3521);
#2109=FACE_OUTER_BOUND('',#3522,.T.);
#2110=PLANE('',#3523);
#2111=SURFACE_STYLE_USAGE(.BOTH.,#3524);
#2112=FACE_OUTER_BOUND('',#3525,.T.);
#2113=PLANE('',#3526);
#2114=SURFACE_STYLE_USAGE(.BOTH.,#3527);
#2115=FACE_OUTER_BOUND('',#3528,.T.);
#2116=PLANE('',#3529);
#2117=SURFACE_STYLE_USAGE(.BOTH.,#3530);
#2118=FACE_OUTER_BOUND('',#3531,.T.);
#2119=CYLINDRICAL_SURFACE('',#3532,1.2);
#2120=SURFACE_STYLE_USAGE(.BOTH.,#3533);
#2121=FACE_OUTER_BOUND('',#3534,.T.);
#2122=PLANE('',#3535);
#2123=SURFACE_STYLE_USAGE(.BOTH.,#3536);
#2124=FACE_OUTER_BOUND('',#3537,.T.);
#2125=PLANE('',#3538);
#2126=SURFACE_STYLE_USAGE(.BOTH.,#3539);
#2127=FACE_OUTER_BOUND('',#3540,.T.);
#2128=FACE_BOUND('',#3541,.T.);
#2129=PLANE('',#3542);
#2130=SURFACE_STYLE_USAGE(.BOTH.,#3543);
#2131=FACE_OUTER_BOUND('',#3544,.T.);
#2132=PLANE('',#3545);
#2133=SURFACE_STYLE_USAGE(.BOTH.,#3546);
#2134=FACE_OUTER_BOUND('',#3547,.T.);
#2135=PLANE('',#3548);
#2136=SURFACE_STYLE_USAGE(.BOTH.,#3549);
#2137=FACE_OUTER_BOUND('',#3550,.T.);
#2138=PLANE('',#3551);
#2139=SURFACE_STYLE_USAGE(.BOTH.,#3552);
#2140=FACE_OUTER_BOUND('',#3553,.T.);
#2141=FACE_BOUND('',#3554,.T.);
#2142=PLANE('',#3555);
#2143=SURFACE_STYLE_USAGE(.BOTH.,#3556);
#2144=FACE_OUTER_BOUND('',#3557,.T.);
#2145=PLANE('',#3558);
#2146=SURFACE_STYLE_USAGE(.BOTH.,#3559);
#2147=FACE_OUTER_BOUND('',#3560,.T.);
#2148=FACE_BOUND('',#3561,.T.);
#2149=PLANE('',#3562);
#2150=SURFACE_STYLE_USAGE(.BOTH.,#3563);
#2151=FACE_OUTER_BOUND('',#3564,.T.);
#2152=PLANE('',#3565);
#2153=SURFACE_STYLE_USAGE(.BOTH.,#3566);
#2154=FACE_OUTER_BOUND('',#3567,.T.);
#2155=PLANE('',#3568);
#2156=SURFACE_STYLE_USAGE(.BOTH.,#3569);
#2157=FACE_OUTER_BOUND('',#3570,.T.);
#2158=FACE_BOUND('',#3571,.T.);
#2159=PLANE('',#3572);
#2160=SURFACE_STYLE_USAGE(.BOTH.,#3573);
#2161=FACE_OUTER_BOUND('',#3574,.T.);
#2162=PLANE('',#3575);
#2163=SURFACE_STYLE_USAGE(.BOTH.,#3576);
#2164=FACE_OUTER_BOUND('',#3577,.T.);
#2165=PLANE('',#3578);
#2166=SURFACE_STYLE_USAGE(.BOTH.,#3579);
#2167=FACE_OUTER_BOUND('',#3580,.T.);
#2168=FACE_BOUND('',#3581,.T.);
#2169=PLANE('',#3582);
#2170=SURFACE_STYLE_USAGE(.BOTH.,#3583);
#2171=FACE_OUTER_BOUND('',#3584,.T.);
#2172=PLANE('',#3585);
#2173=SURFACE_STYLE_USAGE(.BOTH.,#3586);
#2174=FACE_OUTER_BOUND('',#3587,.T.);
#2175=CYLINDRICAL_SURFACE('',#3588,1.19999999999999);
#2176=SURFACE_STYLE_USAGE(.BOTH.,#3589);
#2177=FACE_OUTER_BOUND('',#3590,.T.);
#2178=PLANE('',#3591);
#2179=SURFACE_STYLE_USAGE(.BOTH.,#3592);
#2180=FACE_OUTER_BOUND('',#3593,.T.);
#2181=PLANE('',#3594);
#2182=SURFACE_STYLE_USAGE(.BOTH.,#3595);
#2183=FACE_OUTER_BOUND('',#3596,.T.);
#2184=CYLINDRICAL_SURFACE('',#3597,0.5);
#2185=SURFACE_STYLE_USAGE(.BOTH.,#3598);
#2186=FACE_OUTER_BOUND('',#3599,.T.);
#2187=FACE_BOUND('',#3600,.T.);
#2188=PLANE('',#3601);
#2189=SURFACE_STYLE_USAGE(.BOTH.,#3602);
#2190=FACE_OUTER_BOUND('',#3603,.T.);
#2191=PLANE('',#3604);
#2192=SURFACE_STYLE_USAGE(.BOTH.,#3605);
#2193=FACE_OUTER_BOUND('',#3606,.T.);
#2194=PLANE('',#3607);
#2195=SURFACE_STYLE_USAGE(.BOTH.,#3608);
#2196=FACE_OUTER_BOUND('',#3609,.T.);
#2197=PLANE('',#3610);
#2198=SURFACE_STYLE_USAGE(.BOTH.,#3611);
#2199=FACE_OUTER_BOUND('',#3612,.T.);
#2200=PLANE('',#3613);
#2201=SURFACE_STYLE_USAGE(.BOTH.,#3614);
#2202=FACE_OUTER_BOUND('',#3615,.T.);
#2203=PLANE('',#3616);
#2204=SURFACE_STYLE_USAGE(.BOTH.,#3617);
#2205=FACE_OUTER_BOUND('',#3618,.T.);
#2206=CYLINDRICAL_SURFACE('',#3619,1.19999999999999);
#2207=SURFACE_STYLE_USAGE(.BOTH.,#3620);
#2208=FACE_OUTER_BOUND('',#3621,.T.);
#2209=FACE_BOUND('',#3622,.T.);
#2210=PLANE('',#3623);
#2211=SURFACE_STYLE_USAGE(.BOTH.,#3624);
#2212=FACE_OUTER_BOUND('',#3625,.T.);
#2213=PLANE('',#3626);
#2214=SURFACE_STYLE_USAGE(.BOTH.,#3627);
#2215=FACE_OUTER_BOUND('',#3628,.T.);
#2216=PLANE('',#3629);
#2217=SURFACE_STYLE_USAGE(.BOTH.,#3630);
#2218=FACE_OUTER_BOUND('',#3631,.T.);
#2219=PLANE('',#3632);
#2220=SURFACE_STYLE_USAGE(.BOTH.,#3633);
#2221=FACE_OUTER_BOUND('',#3634,.T.);
#2222=FACE_BOUND('',#3635,.T.);
#2223=PLANE('',#3636);
#2224=SURFACE_STYLE_USAGE(.BOTH.,#3637);
#2225=FACE_OUTER_BOUND('',#3638,.T.);
#2226=PLANE('',#3639);
#2227=SURFACE_STYLE_USAGE(.BOTH.,#3640);
#2228=FACE_OUTER_BOUND('',#3641,.T.);
#2229=FACE_BOUND('',#3642,.T.);
#2230=PLANE('',#3643);
#2231=SURFACE_STYLE_USAGE(.BOTH.,#3644);
#2232=FACE_OUTER_BOUND('',#3645,.T.);
#2233=FACE_BOUND('',#3646,.T.);
#2234=PLANE('',#3647);
#2235=SURFACE_STYLE_USAGE(.BOTH.,#3648);
#2236=FACE_OUTER_BOUND('',#3649,.T.);
#2237=PLANE('',#3650);
#2238=SURFACE_STYLE_USAGE(.BOTH.,#3651);
#2239=FACE_OUTER_BOUND('',#3652,.T.);
#2240=CYLINDRICAL_SURFACE('',#3653,1.2);
#2241=SURFACE_STYLE_USAGE(.BOTH.,#3654);
#2242=FACE_OUTER_BOUND('',#3655,.T.);
#2243=PLANE('',#3656);
#2244=SURFACE_STYLE_USAGE(.BOTH.,#3657);
#2245=FACE_OUTER_BOUND('',#3658,.T.);
#2246=PLANE('',#3659);
#2247=SURFACE_STYLE_USAGE(.BOTH.,#3660);
#2248=FACE_OUTER_BOUND('',#3661,.T.);
#2249=PLANE('',#3662);
#2250=SURFACE_STYLE_USAGE(.BOTH.,#3663);
#2251=FACE_OUTER_BOUND('',#3664,.T.);
#2252=PLANE('',#3665);
#2253=SURFACE_STYLE_USAGE(.BOTH.,#3666);
#2254=FACE_OUTER_BOUND('',#3667,.T.);
#2255=CYLINDRICAL_SURFACE('',#3668,1.2);
#2256=SURFACE_STYLE_USAGE(.BOTH.,#3669);
#2257=FACE_OUTER_BOUND('',#3670,.T.);
#2258=PLANE('',#3671);
#2259=SURFACE_STYLE_USAGE(.BOTH.,#3672);
#2260=FACE_OUTER_BOUND('',#3673,.T.);
#2261=FACE_BOUND('',#3674,.T.);
#2262=PLANE('',#3675);
#2263=SURFACE_STYLE_USAGE(.BOTH.,#3676);
#2264=FACE_OUTER_BOUND('',#3677,.T.);
#2265=CYLINDRICAL_SURFACE('',#3678,0.5);
#2266=SURFACE_STYLE_USAGE(.BOTH.,#3679);
#2267=FACE_OUTER_BOUND('',#3680,.T.);
#2268=FACE_BOUND('',#3681,.T.);
#2269=PLANE('',#3682);
#2270=SURFACE_STYLE_USAGE(.BOTH.,#3683);
#2271=FACE_OUTER_BOUND('',#3684,.T.);
#2272=PLANE('',#3685);
#2273=SURFACE_STYLE_USAGE(.BOTH.,#3686);
#2274=FACE_OUTER_BOUND('',#3687,.T.);
#2275=PLANE('',#3688);
#2276=SURFACE_STYLE_USAGE(.BOTH.,#3689);
#2277=FACE_OUTER_BOUND('',#3690,.T.);
#2278=PLANE('',#3691);
#2279=SURFACE_STYLE_USAGE(.BOTH.,#3692);
#2280=FACE_OUTER_BOUND('',#3693,.T.);
#2281=FACE_BOUND('',#3694,.T.);
#2282=PLANE('',#3695);
#2283=SURFACE_STYLE_USAGE(.BOTH.,#3696);
#2284=FACE_OUTER_BOUND('',#3697,.T.);
#2285=PLANE('',#3698);
#2286=SURFACE_STYLE_USAGE(.BOTH.,#3699);
#2287=FACE_OUTER_BOUND('',#3700,.T.);
#2288=PLANE('',#3701);
#2289=SURFACE_STYLE_USAGE(.BOTH.,#3702);
#2290=FACE_OUTER_BOUND('',#3703,.T.);
#2291=PLANE('',#3704);
#2292=SURFACE_STYLE_USAGE(.BOTH.,#3705);
#2293=FACE_OUTER_BOUND('',#3706,.T.);
#2294=FACE_BOUND('',#3707,.T.);
#2295=PLANE('',#3708);
#2296=SURFACE_STYLE_USAGE(.BOTH.,#3709);
#2297=FACE_OUTER_BOUND('',#3710,.T.);
#2298=PLANE('',#3711);
#2299=SURFACE_STYLE_USAGE(.BOTH.,#3712);
#2300=FACE_OUTER_BOUND('',#3713,.T.);
#2301=PLANE('',#3714);
#2302=SURFACE_STYLE_USAGE(.BOTH.,#3715);
#2303=FACE_OUTER_BOUND('',#3716,.T.);
#2304=PLANE('',#3717);
#2305=SURFACE_STYLE_USAGE(.BOTH.,#3718);
#2306=FACE_OUTER_BOUND('',#3719,.T.);
#2307=FACE_BOUND('',#3720,.T.);
#2308=PLANE('',#3721);
#2309=SURFACE_STYLE_USAGE(.BOTH.,#3722);
#2310=FACE_OUTER_BOUND('',#3723,.T.);
#2311=PLANE('',#3724);
#2312=SURFACE_STYLE_USAGE(.BOTH.,#3725);
#2313=FACE_OUTER_BOUND('',#3726,.T.);
#2314=PLANE('',#3727);
#2315=SURFACE_STYLE_USAGE(.BOTH.,#3728);
#2316=FACE_OUTER_BOUND('',#3729,.T.);
#2317=PLANE('',#3730);
#2318=SURFACE_STYLE_USAGE(.BOTH.,#3731);
#2319=FACE_OUTER_BOUND('',#3732,.T.);
#2320=CYLINDRICAL_SURFACE('',#3733,1.20000000000005);
#2321=SURFACE_STYLE_USAGE(.BOTH.,#3734);
#2322=FACE_OUTER_BOUND('',#3735,.T.);
#2323=CYLINDRICAL_SURFACE('',#3736,0.5);
#2324=SURFACE_STYLE_USAGE(.BOTH.,#3737);
#2325=FACE_OUTER_BOUND('',#3738,.T.);
#2326=FACE_BOUND('',#3739,.T.);
#2327=PLANE('',#3740);
#2328=SURFACE_STYLE_USAGE(.BOTH.,#3741);
#2329=FACE_OUTER_BOUND('',#3742,.T.);
#2330=PLANE('',#3743);
#2331=SURFACE_STYLE_USAGE(.BOTH.,#3744);
#2332=FACE_OUTER_BOUND('',#3745,.T.);
#2333=PLANE('',#3746);
#2334=SURFACE_STYLE_USAGE(.BOTH.,#3747);
#2335=FACE_OUTER_BOUND('',#3748,.T.);
#2336=PLANE('',#3749);
#2337=SURFACE_STYLE_USAGE(.BOTH.,#3750);
#2338=FACE_OUTER_BOUND('',#3751,.T.);
#2339=CYLINDRICAL_SURFACE('',#3752,1.20000000000005);
#2340=SURFACE_STYLE_USAGE(.BOTH.,#3753);
#2341=FACE_OUTER_BOUND('',#3754,.T.);
#2342=PLANE('',#3755);
#2343=SURFACE_STYLE_USAGE(.BOTH.,#3756);
#2344=FACE_OUTER_BOUND('',#3757,.T.);
#2345=PLANE('',#3758);
#2346=SURFACE_STYLE_USAGE(.BOTH.,#3759);
#2347=FACE_OUTER_BOUND('',#3760,.T.);
#2348=CYLINDRICAL_SURFACE('',#3761,1.2);
#2349=SURFACE_STYLE_USAGE(.BOTH.,#3762);
#2350=FACE_OUTER_BOUND('',#3763,.T.);
#2351=PLANE('',#3764);
#2352=SURFACE_STYLE_USAGE(.BOTH.,#3765);
#2353=FACE_OUTER_BOUND('',#3766,.T.);
#2354=PLANE('',#3767);
#2355=SURFACE_STYLE_USAGE(.BOTH.,#3768);
#2356=FACE_OUTER_BOUND('',#3769,.T.);
#2357=CYLINDRICAL_SURFACE('',#3770,1.2);
#2358=SURFACE_STYLE_USAGE(.BOTH.,#3771);
#2359=FACE_OUTER_BOUND('',#3772,.T.);
#2360=PLANE('',#3773);
#2361=SURFACE_STYLE_USAGE(.BOTH.,#3774);
#2362=FACE_OUTER_BOUND('',#3775,.T.);
#2363=FACE_BOUND('',#3776,.T.);
#2364=PLANE('',#3777);
#2365=SURFACE_STYLE_USAGE(.BOTH.,#3778);
#2366=FACE_OUTER_BOUND('',#3779,.T.);
#2367=PLANE('',#3780);
#2368=SURFACE_STYLE_USAGE(.BOTH.,#3781);
#2369=FACE_OUTER_BOUND('',#3782,.T.);
#2370=PLANE('',#3783);
#2371=SURFACE_STYLE_USAGE(.BOTH.,#3784);
#2372=FACE_OUTER_BOUND('',#3785,.T.);
#2373=PLANE('',#3786);
#2374=SURFACE_STYLE_USAGE(.BOTH.,#3787);
#2375=FACE_OUTER_BOUND('',#3788,.T.);
#2376=FACE_BOUND('',#3789,.T.);
#2377=PLANE('',#3790);
#2378=SURFACE_STYLE_USAGE(.BOTH.,#3791);
#2379=FACE_OUTER_BOUND('',#3792,.T.);
#2380=FACE_BOUND('',#3793,.T.);
#2381=PLANE('',#3794);
#2382=SURFACE_STYLE_USAGE(.BOTH.,#3795);
#2383=FACE_OUTER_BOUND('',#3796,.T.);
#2384=CYLINDRICAL_SURFACE('',#3797,0.5);
#2385=SURFACE_STYLE_USAGE(.BOTH.,#3798);
#2386=FACE_OUTER_BOUND('',#3799,.T.);
#2387=FACE_BOUND('',#3800,.T.);
#2388=PLANE('',#3801);
#2389=SURFACE_STYLE_USAGE(.BOTH.,#3802);
#2390=FACE_OUTER_BOUND('',#3803,.T.);
#2391=PLANE('',#3804);
#2392=SURFACE_STYLE_USAGE(.BOTH.,#3805);
#2393=FACE_OUTER_BOUND('',#3806,.T.);
#2394=PLANE('',#3807);
#2395=SURFACE_STYLE_USAGE(.BOTH.,#3808);
#2396=FACE_OUTER_BOUND('',#3809,.T.);
#2397=PLANE('',#3810);
#2398=SURFACE_STYLE_USAGE(.BOTH.,#3811);
#2399=FACE_OUTER_BOUND('',#3812,.T.);
#2400=PLANE('',#3813);
#2401=SURFACE_STYLE_USAGE(.BOTH.,#3814);
#2402=FACE_OUTER_BOUND('',#3815,.T.);
#2403=PLANE('',#3816);
#2404=SURFACE_STYLE_USAGE(.BOTH.,#3817);
#2405=FACE_OUTER_BOUND('',#3818,.T.);
#2406=FACE_BOUND('',#3819,.T.);
#2407=PLANE('',#3820);
#2408=SURFACE_STYLE_USAGE(.BOTH.,#3821);
#2409=FACE_OUTER_BOUND('',#3822,.T.);
#2410=PLANE('',#3823);
#2411=SURFACE_STYLE_USAGE(.BOTH.,#3824);
#2412=FACE_OUTER_BOUND('',#3825,.T.);
#2413=PLANE('',#3826);
#2414=SURFACE_STYLE_USAGE(.BOTH.,#3827);
#2415=FACE_OUTER_BOUND('',#3828,.T.);
#2416=PLANE('',#3829);
#2417=SURFACE_STYLE_USAGE(.BOTH.,#3830);
#2418=FACE_OUTER_BOUND('',#3831,.T.);
#2419=PLANE('',#3832);
#2420=SURFACE_STYLE_USAGE(.BOTH.,#3833);
#2421=FACE_OUTER_BOUND('',#3834,.T.);
#2422=PLANE('',#3835);
#2423=SURFACE_STYLE_USAGE(.BOTH.,#3836);
#2424=FACE_OUTER_BOUND('',#3837,.T.);
#2425=PLANE('',#3838);
#2426=SURFACE_STYLE_USAGE(.BOTH.,#3839);
#2427=FACE_OUTER_BOUND('',#3840,.T.);
#2428=PLANE('',#3841);
#2429=SURFACE_STYLE_USAGE(.BOTH.,#3842);
#2430=FACE_OUTER_BOUND('',#3843,.T.);
#2431=CYLINDRICAL_SURFACE('',#3844,1.2);
#2432=SURFACE_STYLE_USAGE(.BOTH.,#3845);
#2433=FACE_OUTER_BOUND('',#3846,.T.);
#2434=CYLINDRICAL_SURFACE('',#3847,1.2);
#2435=SURFACE_STYLE_USAGE(.BOTH.,#3848);
#2436=FACE_OUTER_BOUND('',#3849,.T.);
#2437=PLANE('',#3850);
#2438=SURFACE_STYLE_USAGE(.BOTH.,#3851);
#2439=FACE_OUTER_BOUND('',#3852,.T.);
#2440=PLANE('',#3853);
#2441=SURFACE_STYLE_USAGE(.BOTH.,#3854);
#2442=FACE_OUTER_BOUND('',#3855,.T.);
#2443=PLANE('',#3856);
#2444=SURFACE_STYLE_USAGE(.BOTH.,#3857);
#2445=FACE_OUTER_BOUND('',#3858,.T.);
#2446=CYLINDRICAL_SURFACE('',#3859,1.2);
#2447=SURFACE_STYLE_USAGE(.BOTH.,#3860);
#2448=FACE_OUTER_BOUND('',#3861,.T.);
#2449=PLANE('',#3862);
#2450=SURFACE_STYLE_USAGE(.BOTH.,#3863);
#2451=FACE_OUTER_BOUND('',#3864,.T.);
#2452=PLANE('',#3865);
#2453=SURFACE_STYLE_USAGE(.BOTH.,#3866);
#2454=FACE_OUTER_BOUND('',#3867,.T.);
#2455=PLANE('',#3868);
#2456=SURFACE_STYLE_USAGE(.BOTH.,#3869);
#2457=FACE_OUTER_BOUND('',#3870,.T.);
#2458=PLANE('',#3871);
#2459=SURFACE_STYLE_USAGE(.BOTH.,#3872);
#2460=FACE_OUTER_BOUND('',#3873,.T.);
#2461=CYLINDRICAL_SURFACE('',#3874,1.2);
#2462=SURFACE_STYLE_USAGE(.BOTH.,#3875);
#2463=FACE_OUTER_BOUND('',#3876,.T.);
#2464=PLANE('',#3877);
#2465=SURFACE_STYLE_USAGE(.BOTH.,#3878);
#2466=FACE_OUTER_BOUND('',#3879,.T.);
#2467=PLANE('',#3880);
#2468=SURFACE_STYLE_USAGE(.BOTH.,#3881);
#2469=FACE_OUTER_BOUND('',#3882,.T.);
#2470=PLANE('',#3883);
#2471=SURFACE_STYLE_USAGE(.BOTH.,#3884);
#2472=FACE_OUTER_BOUND('',#3885,.T.);
#2473=PLANE('',#3886);
#2474=SURFACE_STYLE_USAGE(.BOTH.,#3887);
#2475=FACE_OUTER_BOUND('',#3888,.T.);
#2476=CYLINDRICAL_SURFACE('',#3889,1.20000000000001);
#2477=SURFACE_STYLE_USAGE(.BOTH.,#3890);
#2478=FACE_OUTER_BOUND('',#3891,.T.);
#2479=PLANE('',#3892);
#2480=SURFACE_STYLE_USAGE(.BOTH.,#3893);
#2481=FACE_OUTER_BOUND('',#3894,.T.);
#2482=PLANE('',#3895);
#2483=SURFACE_STYLE_USAGE(.BOTH.,#3896);
#2484=FACE_OUTER_BOUND('',#3897,.T.);
#2485=PLANE('',#3898);
#2486=SURFACE_STYLE_USAGE(.BOTH.,#3899);
#2487=FACE_OUTER_BOUND('',#3900,.T.);
#2488=CYLINDRICAL_SURFACE('',#3901,1.20000000000001);
#2489=SURFACE_STYLE_USAGE(.BOTH.,#3902);
#2490=FACE_OUTER_BOUND('',#3903,.T.);
#2491=PLANE('',#3904);
#2492=SURFACE_STYLE_USAGE(.BOTH.,#3905);
#2493=FACE_OUTER_BOUND('',#3906,.T.);
#2494=PLANE('',#3907);
#2495=SURFACE_STYLE_USAGE(.BOTH.,#3908);
#2496=FACE_OUTER_BOUND('',#3909,.T.);
#2497=PLANE('',#3910);
#2498=SURFACE_STYLE_USAGE(.BOTH.,#3911);
#2499=FACE_OUTER_BOUND('',#3912,.T.);
#2500=PLANE('',#3913);
#2501=SURFACE_STYLE_USAGE(.BOTH.,#3914);
#2502=FACE_OUTER_BOUND('',#3915,.T.);
#2503=PLANE('',#3916);
#2504=SURFACE_STYLE_USAGE(.BOTH.,#3917);
#2505=FACE_OUTER_BOUND('',#3918,.T.);
#2506=PLANE('',#3919);
#2507=SURFACE_STYLE_USAGE(.BOTH.,#3920);
#2508=FACE_OUTER_BOUND('',#3921,.T.);
#2509=FACE_BOUND('',#3922,.T.);
#2510=PLANE('',#3923);
#2511=SURFACE_STYLE_USAGE(.BOTH.,#3924);
#2512=FACE_OUTER_BOUND('',#3925,.T.);
#2513=PLANE('',#3926);
#2514=SURFACE_STYLE_USAGE(.BOTH.,#3927);
#2515=FACE_OUTER_BOUND('',#3928,.T.);
#2516=CYLINDRICAL_SURFACE('',#3929,1.2);
#2517=SURFACE_STYLE_USAGE(.BOTH.,#3930);
#2518=FACE_OUTER_BOUND('',#3931,.T.);
#2519=PLANE('',#3932);
#2520=SURFACE_STYLE_USAGE(.BOTH.,#3933);
#2521=FACE_OUTER_BOUND('',#3934,.T.);
#2522=PLANE('',#3935);
#2523=SURFACE_STYLE_USAGE(.BOTH.,#3936);
#2524=FACE_OUTER_BOUND('',#3937,.T.);
#2525=PLANE('',#3938);
#2526=SURFACE_STYLE_USAGE(.BOTH.,#3939);
#2527=FACE_OUTER_BOUND('',#3940,.T.);
#2528=CYLINDRICAL_SURFACE('',#3941,1.20000000000005);
#2529=SURFACE_STYLE_USAGE(.BOTH.,#3942);
#2530=FACE_OUTER_BOUND('',#3943,.T.);
#2531=PLANE('',#3944);
#2532=SURFACE_STYLE_USAGE(.BOTH.,#3945);
#2533=FACE_OUTER_BOUND('',#3946,.T.);
#2534=PLANE('',#3947);
#2535=SURFACE_STYLE_USAGE(.BOTH.,#3948);
#2536=FACE_OUTER_BOUND('',#3949,.T.);
#2537=PLANE('',#3950);
#2538=SURFACE_STYLE_USAGE(.BOTH.,#3951);
#2539=FACE_OUTER_BOUND('',#3952,.T.);
#2540=PLANE('',#3953);
#2541=SURFACE_STYLE_USAGE(.BOTH.,#3954);
#2542=FACE_OUTER_BOUND('',#3955,.T.);
#2543=PLANE('',#3956);
#2544=SURFACE_STYLE_USAGE(.BOTH.,#3957);
#2545=FACE_OUTER_BOUND('',#3958,.T.);
#2546=CYLINDRICAL_SURFACE('',#3959,1.20000000000005);
#2547=SURFACE_STYLE_USAGE(.BOTH.,#3960);
#2548=FACE_OUTER_BOUND('',#3961,.T.);
#2549=FACE_BOUND('',#3962,.T.);
#2550=PLANE('',#3963);
#2551=SURFACE_STYLE_USAGE(.BOTH.,#3964);
#2552=FACE_OUTER_BOUND('',#3965,.T.);
#2553=CYLINDRICAL_SURFACE('',#3966,0.5);
#2554=SURFACE_STYLE_USAGE(.BOTH.,#3967);
#2555=FACE_OUTER_BOUND('',#3968,.T.);
#2556=PLANE('',#3969);
#2557=SURFACE_STYLE_USAGE(.BOTH.,#3970);
#2558=FACE_OUTER_BOUND('',#3971,.T.);
#2559=PLANE('',#3972);
#2560=SURFACE_STYLE_USAGE(.BOTH.,#3973);
#2561=FACE_OUTER_BOUND('',#3974,.T.);
#2562=CYLINDRICAL_SURFACE('',#3975,1.2);
#2563=SURFACE_STYLE_USAGE(.BOTH.,#3976);
#2564=FACE_OUTER_BOUND('',#3977,.T.);
#2565=PLANE('',#3978);
#2566=SURFACE_STYLE_USAGE(.BOTH.,#3979);
#2567=FACE_OUTER_BOUND('',#3980,.T.);
#2568=PLANE('',#3981);
#2569=SURFACE_STYLE_USAGE(.BOTH.,#3982);
#2570=FACE_OUTER_BOUND('',#3983,.T.);
#2571=CYLINDRICAL_SURFACE('',#3984,1.20000000000001);
#2572=SURFACE_STYLE_USAGE(.BOTH.,#3985);
#2573=FACE_OUTER_BOUND('',#3986,.T.);
#2574=PLANE('',#3987);
#2575=SURFACE_STYLE_USAGE(.BOTH.,#3988);
#2576=FACE_OUTER_BOUND('',#3989,.T.);
#2577=PLANE('',#3990);
#2578=SURFACE_STYLE_USAGE(.BOTH.,#3991);
#2579=FACE_OUTER_BOUND('',#3992,.T.);
#2580=CYLINDRICAL_SURFACE('',#3993,1.20000000000001);
#2581=SURFACE_STYLE_USAGE(.BOTH.,#3994);
#2582=FACE_OUTER_BOUND('',#3995,.T.);
#2583=PLANE('',#3996);
#2584=SURFACE_STYLE_USAGE(.BOTH.,#3997);
#2585=FACE_OUTER_BOUND('',#3998,.T.);
#2586=PLANE('',#3999);
#2587=SURFACE_STYLE_USAGE(.BOTH.,#4000);
#2588=FACE_OUTER_BOUND('',#4001,.T.);
#2589=PLANE('',#4002);
#2590=SURFACE_STYLE_USAGE(.BOTH.,#4003);
#2591=FACE_OUTER_BOUND('',#4004,.T.);
#2592=FACE_BOUND('',#4005,.T.);
#2593=PLANE('',#4006);
#2594=SURFACE_STYLE_USAGE(.BOTH.,#4007);
#2595=FACE_OUTER_BOUND('',#4008,.T.);
#2596=PLANE('',#4009);
#2597=SURFACE_STYLE_USAGE(.BOTH.,#4010);
#2598=FACE_OUTER_BOUND('',#4011,.T.);
#2599=FACE_BOUND('',#4012,.T.);
#2600=PLANE('',#4013);
#2601=SURFACE_STYLE_USAGE(.BOTH.,#4014);
#2602=FACE_OUTER_BOUND('',#4015,.T.);
#2603=CYLINDRICAL_SURFACE('',#4016,0.5);
#2604=SURFACE_STYLE_USAGE(.BOTH.,#4017);
#2605=FACE_OUTER_BOUND('',#4018,.T.);
#2606=PLANE('',#4019);
#2607=SURFACE_STYLE_USAGE(.BOTH.,#4020);
#2608=FACE_OUTER_BOUND('',#4021,.T.);
#2609=PLANE('',#4022);
#2610=SURFACE_STYLE_USAGE(.BOTH.,#4023);
#2611=FACE_OUTER_BOUND('',#4024,.T.);
#2612=CYLINDRICAL_SURFACE('',#4025,1.2);
#2613=SURFACE_STYLE_USAGE(.BOTH.,#4026);
#2614=FACE_OUTER_BOUND('',#4027,.T.);
#2615=PLANE('',#4028);
#2616=SURFACE_STYLE_USAGE(.BOTH.,#4029);
#2617=FACE_OUTER_BOUND('',#4030,.T.);
#2618=PLANE('',#4031);
#2619=SURFACE_STYLE_USAGE(.BOTH.,#4032);
#2620=FACE_OUTER_BOUND('',#4033,.T.);
#2621=PLANE('',#4034);
#2622=SURFACE_STYLE_USAGE(.BOTH.,#4035);
#2623=FACE_OUTER_BOUND('',#4036,.T.);
#2624=PLANE('',#4037);
#2625=SURFACE_STYLE_USAGE(.BOTH.,#4038);
#2626=FACE_OUTER_BOUND('',#4039,.T.);
#2627=CYLINDRICAL_SURFACE('',#4040,1.2);
#2628=SURFACE_STYLE_USAGE(.BOTH.,#4041);
#2629=FACE_OUTER_BOUND('',#4042,.T.);
#2630=PLANE('',#4043);
#2631=SURFACE_STYLE_USAGE(.BOTH.,#4044);
#2632=FACE_OUTER_BOUND('',#4045,.T.);
#2633=PLANE('',#4046);
#2634=SURFACE_STYLE_USAGE(.BOTH.,#4047);
#2635=FACE_OUTER_BOUND('',#4048,.T.);
#2636=PLANE('',#4049);
#2637=SURFACE_STYLE_USAGE(.BOTH.,#4050);
#2638=FACE_OUTER_BOUND('',#4051,.T.);
#2639=PLANE('',#4052);
#2640=SURFACE_STYLE_USAGE(.BOTH.,#4053);
#2641=FACE_OUTER_BOUND('',#4054,.T.);
#2642=CYLINDRICAL_SURFACE('',#4055,1.20000000000001);
#2643=SURFACE_STYLE_USAGE(.BOTH.,#4056);
#2644=FACE_OUTER_BOUND('',#4057,.T.);
#2645=CYLINDRICAL_SURFACE('',#4058,0.5);
#2646=SURFACE_STYLE_USAGE(.BOTH.,#4059);
#2647=FACE_OUTER_BOUND('',#4060,.T.);
#2648=CYLINDRICAL_SURFACE('',#4061,0.5);
#2649=SURFACE_STYLE_USAGE(.BOTH.,#4062);
#2650=FACE_OUTER_BOUND('',#4063,.T.);
#2651=CYLINDRICAL_SURFACE('',#4064,0.5);
#2652=SURFACE_STYLE_USAGE(.BOTH.,#4065);
#2653=FACE_OUTER_BOUND('',#4066,.T.);
#2654=CYLINDRICAL_SURFACE('',#4067,0.5);
#2655=SURFACE_STYLE_USAGE(.BOTH.,#4068);
#2656=FACE_OUTER_BOUND('',#4069,.T.);
#2657=CYLINDRICAL_SURFACE('',#4070,0.5);
#2658=SURFACE_STYLE_USAGE(.BOTH.,#4071);
#2659=FACE_OUTER_BOUND('',#4072,.T.);
#2660=CYLINDRICAL_SURFACE('',#4073,0.5);
#2661=SURFACE_STYLE_USAGE(.BOTH.,#4074);
#2662=FACE_OUTER_BOUND('',#4075,.T.);
#2663=CYLINDRICAL_SURFACE('',#4076,0.5);
#2664=SURFACE_STYLE_USAGE(.BOTH.,#4077);
#2665=FACE_OUTER_BOUND('',#4078,.T.);
#2666=CYLINDRICAL_SURFACE('',#4079,0.5);
#2667=SURFACE_STYLE_USAGE(.BOTH.,#4080);
#2668=FACE_OUTER_BOUND('',#4081,.T.);
#2669=CYLINDRICAL_SURFACE('',#4082,0.5);
#2670=SURFACE_STYLE_USAGE(.BOTH.,#4083);
#2671=FACE_OUTER_BOUND('',#4084,.T.);
#2672=PLANE('',#4085);
#2673=SURFACE_STYLE_USAGE(.BOTH.,#4086);
#2674=FACE_OUTER_BOUND('',#4087,.T.);
#2675=PLANE('',#4088);
#2676=SURFACE_STYLE_USAGE(.BOTH.,#4089);
#2677=FACE_OUTER_BOUND('',#4090,.T.);
#2678=PLANE('',#4091);
#2679=SURFACE_STYLE_USAGE(.BOTH.,#4092);
#2680=FACE_OUTER_BOUND('',#4093,.T.);
#2681=PLANE('',#4094);
#2682=SURFACE_STYLE_USAGE(.BOTH.,#4095);
#2683=CLOSED_SHELL('',(#669,#671,#673,#675,#677,#679,#681,#683,#685,#687,#689,#691,#693,#695,#697,#699,#701,#703,#705,#707,#709,#711,#713,#715,#717,#719,#721,#723,#725,#727,#729,#731,#733,#735,#737,#739,#741,#743,#745,#747,#749,#751,#753,#755,#757,#759,#761,#763,#765,#767,#769,#771,#773,#775,#777,#779,#781,#783,#785,#787,#789,#791,#793,#795,#797,#799,#801,#803,#805,#807,#809,#811,#813,#815,#817,#819,#821,#823,#825,#827,#829,#831,#833,#835,#837,#839,#841,#843,#845,#847,#849,#851,#853,#855,#857,#859,#861,#863,#865,#867,#869,#871,#873,#875,#877,#879,#881,#883,#885,#887,#889,#891,#893,#895,#897,#899,#901,#903,#905,#907,#909,#911,#913,#915,#917,#919,#921,#923,#925,#927,#929,#931,#933,#935,#937,#939,#941,#943,#945,#947,#949,#951,#953,#955,#957,#959,#961,#963,#965,#967,#969,#971,#973,#975,#977,#979,#981,#983,#985,#987,#989,#991,#993,#995,#997,#999,#1001,#1003,#1005,#1007,#1009,#1011,#1013,#1015,#1017,#1019,#1021,#1023,#1025,#1027,#1029,#1031,#1033,#1035,#1037,#1039,#1041,#1043,#1045,#1047,#1049,#1051,#1053,#1055,#1057,#1059,#1061,#1063,#1065,#1067,#1069,#1071,#1073,#1075,#1077,#1079,#1081,#1083,#1085,#1087,#1089,#1091,#1093,#1095,#1097,#1099,#1101,#1103,#1105,#1107,#1109,#1111,#1113,#1115,#1117,#1119,#1121,#1123,#1125,#1127,#1129,#1131,#1133,#1135,#1137,#1139,#1141,#1143,#1145,#1147,#1149,#1151,#1153,#1155,#1157,#1159,#1161,#1163,#1165,#1167,#1169,#1171,#1173,#1175,#1177,#1179,#1181,#1183,#1185,#1187,#1189,#1191,#1193,#1195,#1197,#1199,#1201,#1203,#1205,#1207,#1209,#1211,#1213,#1215,#1217,#1219,#1221,#1223,#1225,#1227,#1229,#1231,#1233,#1235,#1237,#1239,#1241,#1243,#1245,#1247,#1249,#1251,#1253,#1255,#1257,#1259,#1261,#1263,#1265,#1267,#1269,#1271,#1273,#1275,#1277,#1279,#1281,#1283,#1285,#1287,#1289,#1291,#1293,#1295,#1297,#1299,#1301,#1303,#1305,#1307,#1309,#1311,#1313,#1315,#1317,#1319));
#2684=SURFACE_STYLE_USAGE(.BOTH.,#4096);
#2685=FACE_OUTER_BOUND('',#4097,.T.);
#2686=CYLINDRICAL_SURFACE('',#4098,0.6);
#2687=SURFACE_STYLE_USAGE(.BOTH.,#4099);
#2688=FACE_OUTER_BOUND('',#4100,.T.);
#2689=CYLINDRICAL_SURFACE('',#4101,0.6);
#2690=SURFACE_STYLE_USAGE(.BOTH.,#4102);
#2691=FACE_OUTER_BOUND('',#4103,.T.);
#2692=PLANE('',#4104);
#2693=SURFACE_STYLE_USAGE(.BOTH.,#4105);
#2694=FACE_OUTER_BOUND('',#4106,.T.);
#2695=PLANE('',#4107);
#2696=SURFACE_STYLE_USAGE(.BOTH.,#4108);
#2697=CLOSED_SHELL('',(#1323,#1325,#1327,#1329));
#2698=SURFACE_STYLE_USAGE(.BOTH.,#4109);
#2699=FACE_OUTER_BOUND('',#4110,.T.);
#2700=TOROIDAL_SURFACE('',#4111,-0.774796727811619,1.28463137816958);
#2701=SURFACE_STYLE_USAGE(.BOTH.,#4112);
#2702=FACE_OUTER_BOUND('',#4113,.T.);
#2703=TOROIDAL_SURFACE('',#4114,-0.774796727811619,1.28463137816957);
#2704=SURFACE_STYLE_USAGE(.BOTH.,#4115);
#2705=FACE_OUTER_BOUND('',#4116,.T.);
#2706=CYLINDRICAL_SURFACE('',#4117,0.499999999999996);
#2707=SURFACE_STYLE_USAGE(.BOTH.,#4118);
#2708=FACE_OUTER_BOUND('',#4119,.T.);
#2709=CYLINDRICAL_SURFACE('',#4120,0.499999999999996);
#2710=SURFACE_STYLE_USAGE(.BOTH.,#4121);
#2711=FACE_OUTER_BOUND('',#4122,.T.);
#2712=TOROIDAL_SURFACE('',#4123,-0.774796727811619,1.28463137816958);
#2713=SURFACE_STYLE_USAGE(.BOTH.,#4124);
#2714=FACE_OUTER_BOUND('',#4125,.T.);
#2715=TOROIDAL_SURFACE('',#4126,-0.774796727811619,1.28463137816957);
#2716=SURFACE_STYLE_USAGE(.BOTH.,#4127);
#2717=CLOSED_SHELL('',(#1333,#1335,#1337,#1339,#1341,#1343));
#2718=SURFACE_STYLE_USAGE(.BOTH.,#4128);
#2719=FACE_OUTER_BOUND('',#4129,.T.);
#2720=TOROIDAL_SURFACE('',#4130,-0.774796727811619,1.28463137816958);
#2721=SURFACE_STYLE_USAGE(.BOTH.,#4131);
#2722=FACE_OUTER_BOUND('',#4132,.T.);
#2723=TOROIDAL_SURFACE('',#4133,-0.774796727811619,1.28463137816957);
#2724=SURFACE_STYLE_USAGE(.BOTH.,#4134);
#2725=FACE_OUTER_BOUND('',#4135,.T.);
#2726=CYLINDRICAL_SURFACE('',#4136,0.499999999999996);
#2727=SURFACE_STYLE_USAGE(.BOTH.,#4137);
#2728=FACE_OUTER_BOUND('',#4138,.T.);
#2729=CYLINDRICAL_SURFACE('',#4139,0.499999999999996);
#2730=SURFACE_STYLE_USAGE(.BOTH.,#4140);
#2731=FACE_OUTER_BOUND('',#4141,.T.);
#2732=TOROIDAL_SURFACE('',#4142,-0.774796727811619,1.28463137816958);
#2733=SURFACE_STYLE_USAGE(.BOTH.,#4143);
#2734=FACE_OUTER_BOUND('',#4144,.T.);
#2735=TOROIDAL_SURFACE('',#4145,-0.774796727811619,1.28463137816957);
#2736=SURFACE_STYLE_USAGE(.BOTH.,#4146);
#2737=CLOSED_SHELL('',(#1347,#1349,#1351,#1353,#1355,#1357));
#2738=SURFACE_STYLE_USAGE(.BOTH.,#4147);
#2739=FACE_OUTER_BOUND('',#4148,.T.);
#2740=TOROIDAL_SURFACE('',#4149,-0.774796727811619,1.28463137816958);
#2741=SURFACE_STYLE_USAGE(.BOTH.,#4150);
#2742=FACE_OUTER_BOUND('',#4151,.T.);
#2743=TOROIDAL_SURFACE('',#4152,-0.774796727811619,1.28463137816957);
#2744=SURFACE_STYLE_USAGE(.BOTH.,#4153);
#2745=FACE_OUTER_BOUND('',#4154,.T.);
#2746=CYLINDRICAL_SURFACE('',#4155,0.499999999999996);
#2747=SURFACE_STYLE_USAGE(.BOTH.,#4156);
#2748=FACE_OUTER_BOUND('',#4157,.T.);
#2749=CYLINDRICAL_SURFACE('',#4158,0.499999999999996);
#2750=SURFACE_STYLE_USAGE(.BOTH.,#4159);
#2751=FACE_OUTER_BOUND('',#4160,.T.);
#2752=TOROIDAL_SURFACE('',#4161,-0.774796727811619,1.28463137816958);
#2753=SURFACE_STYLE_USAGE(.BOTH.,#4162);
#2754=FACE_OUTER_BOUND('',#4163,.T.);
#2755=TOROIDAL_SURFACE('',#4164,-0.774796727811619,1.28463137816957);
#2756=SURFACE_STYLE_USAGE(.BOTH.,#4165);
#2757=CLOSED_SHELL('',(#1361,#1363,#1365,#1367,#1369,#1371));
#2758=SURFACE_STYLE_USAGE(.BOTH.,#4166);
#2759=FACE_OUTER_BOUND('',#4167,.T.);
#2760=CYLINDRICAL_SURFACE('',#4168,0.6);
#2761=SURFACE_STYLE_USAGE(.BOTH.,#4169);
#2762=FACE_OUTER_BOUND('',#4170,.T.);
#2763=CYLINDRICAL_SURFACE('',#4171,0.6);
#2764=SURFACE_STYLE_USAGE(.BOTH.,#4172);
#2765=FACE_OUTER_BOUND('',#4173,.T.);
#2766=PLANE('',#4174);
#2767=SURFACE_STYLE_USAGE(.BOTH.,#4175);
#2768=FACE_OUTER_BOUND('',#4176,.T.);
#2769=PLANE('',#4177);
#2770=SURFACE_STYLE_USAGE(.BOTH.,#4178);
#2771=CLOSED_SHELL('',(#1375,#1377,#1379,#1381));
#2772=SURFACE_STYLE_USAGE(.BOTH.,#4179);
#2773=FACE_OUTER_BOUND('',#4180,.T.);
#2774=CYLINDRICAL_SURFACE('',#4181,0.6);
#2775=SURFACE_STYLE_USAGE(.BOTH.,#4182);
#2776=FACE_OUTER_BOUND('',#4183,.T.);
#2777=CYLINDRICAL_SURFACE('',#4184,0.6);
#2778=SURFACE_STYLE_USAGE(.BOTH.,#4185);
#2779=FACE_OUTER_BOUND('',#4186,.T.);
#2780=PLANE('',#4187);
#2781=SURFACE_STYLE_USAGE(.BOTH.,#4188);
#2782=FACE_OUTER_BOUND('',#4189,.T.);
#2783=PLANE('',#4190);
#2784=SURFACE_STYLE_USAGE(.BOTH.,#4191);
#2785=CLOSED_SHELL('',(#1385,#1387,#1389,#1391));
#2786=SURFACE_STYLE_USAGE(.BOTH.,#4192);
#2787=FACE_OUTER_BOUND('',#4193,.T.);
#2788=CYLINDRICAL_SURFACE('',#4194,0.6);
#2789=SURFACE_STYLE_USAGE(.BOTH.,#4195);
#2790=FACE_OUTER_BOUND('',#4196,.T.);
#2791=CYLINDRICAL_SURFACE('',#4197,0.6);
#2792=SURFACE_STYLE_USAGE(.BOTH.,#4198);
#2793=FACE_OUTER_BOUND('',#4199,.T.);
#2794=PLANE('',#4200);
#2795=SURFACE_STYLE_USAGE(.BOTH.,#4201);
#2796=FACE_OUTER_BOUND('',#4202,.T.);
#2797=PLANE('',#4203);
#2798=SURFACE_STYLE_USAGE(.BOTH.,#4204);
#2799=CLOSED_SHELL('',(#1395,#1397,#1399,#1401));
#2800=PRODUCT_CONTEXT('',#477,'mechanical');
#2801=PRODUCT_DEFINITION_FORMATION_WITH_SPECIFIED_SOURCE(' ','NONE',#1404,.NOT_KNOWN.);
#2802=CARTESIAN_POINT('',(0.0,0.0,0.0));
#2803=DIRECTION('',(0.0,0.0,1.0));
#2804=DIRECTION('',(1.0,0.0,0.0));
#2805=CARTESIAN_POINT('',(0.0,0.0,0.0));
#2806=DIRECTION('',(0.0,0.0,1.0));
#2807=DIRECTION('',(1.0,0.0,0.0));
#2808=CARTESIAN_POINT('',(0.0,0.0,0.0));
#2809=DIRECTION('',(0.0,0.0,1.0));
#2810=DIRECTION('',(1.0,0.0,0.0));
#2811=CARTESIAN_POINT('',(0.0,0.0,0.0));
#2812=DIRECTION('',(0.0,0.0,1.0));
#2813=DIRECTION('',(1.0,0.0,0.0));
#2814=CARTESIAN_POINT('',(0.0,0.0,0.0));
#2815=DIRECTION('',(0.0,0.0,1.0));
#2816=DIRECTION('',(1.0,0.0,0.0));
#2817=CARTESIAN_POINT('',(0.0,0.0,0.0));
#2818=DIRECTION('',(0.0,0.0,1.0));
#2819=DIRECTION('',(1.0,0.0,0.0));
#2820=CARTESIAN_POINT('',(0.0,0.0,0.0));
#2821=DIRECTION('',(0.0,0.0,1.0));
#2822=DIRECTION('',(1.0,0.0,0.0));
#2823=CARTESIAN_POINT('',(0.0,0.0,0.0));
#2824=DIRECTION('',(0.0,0.0,1.0));
#2825=DIRECTION('',(1.0,0.0,0.0));
#2826=CARTESIAN_POINT('',(0.0,0.0,0.0));
#2827=DIRECTION('',(0.0,0.0,1.0));
#2828=DIRECTION('',(1.0,0.0,0.0));
#2829=CARTESIAN_POINT('',(0.0,0.0,0.0));
#2830=DIRECTION('',(0.0,0.0,1.0));
#2831=DIRECTION('',(1.0,0.0,0.0));
#2832=CARTESIAN_POINT('',(0.0,0.0,0.0));
#2833=DIRECTION('',(0.0,0.0,1.0));
#2834=DIRECTION('',(1.0,0.0,0.0));
#2835=CARTESIAN_POINT('',(0.0,0.0,0.0));
#2836=DIRECTION('',(0.0,0.0,1.0));
#2837=DIRECTION('',(1.0,0.0,0.0));
#2838=CARTESIAN_POINT('',(0.0,0.0,0.0));
#2839=DIRECTION('',(0.0,0.0,1.0));
#2840=DIRECTION('',(1.0,0.0,0.0));
#2841=CARTESIAN_POINT('',(0.0,0.0,0.0));
#2842=DIRECTION('',(0.0,0.0,1.0));
#2843=DIRECTION('',(1.0,0.0,0.0));
#2844=CARTESIAN_POINT('',(0.0,0.0,0.0));
#2845=DIRECTION('',(0.0,0.0,1.0));
#2846=DIRECTION('',(1.0,0.0,0.0));
#2847=CARTESIAN_POINT('',(0.0,0.0,0.0));
#2848=DIRECTION('',(0.0,0.0,1.0));
#2849=DIRECTION('',(1.0,0.0,0.0));
#2850=CARTESIAN_POINT('',(0.0,0.0,0.0));
#2851=DIRECTION('',(0.0,0.0,1.0));
#2852=DIRECTION('',(1.0,0.0,0.0));
#2853=CARTESIAN_POINT('',(0.0,0.0,0.0));
#2854=DIRECTION('',(0.0,0.0,1.0));
#2855=DIRECTION('',(1.0,0.0,0.0));
#2856=CARTESIAN_POINT('',(0.0,0.0,0.0));
#2857=DIRECTION('',(0.0,0.0,1.0));
#2858=DIRECTION('',(1.0,0.0,0.0));
#2859=CARTESIAN_POINT('',(0.0,0.0,0.0));
#2860=DIRECTION('',(0.0,0.0,1.0));
#2861=DIRECTION('',(1.0,0.0,0.0));
#2862=CARTESIAN_POINT('',(0.0,0.0,0.0));
#2863=DIRECTION('',(0.0,0.0,1.0));
#2864=DIRECTION('',(1.0,0.0,0.0));
#2865= (NAMED_UNIT(#1432)LENGTH_UNIT()SI_UNIT(.MILLI.,.METRE.));
#2866=SURFACE_SIDE_STYLE('',(#4206));
#2867=EDGE_LOOP('',(#4207,#4208,#4209));
#2868=AXIS2_PLACEMENT_3D('',#4210,#4211,#4212);
#2869=SURFACE_SIDE_STYLE('',(#4213));
#2870=EDGE_LOOP('',(#4214,#4215,#4216));
#2871=AXIS2_PLACEMENT_3D('',#4217,#4218,#4219);
#2872=SURFACE_SIDE_STYLE('',(#4220));
#2873=EDGE_LOOP('',(#4221,#4222,#4223,#4224));
#2874=AXIS2_PLACEMENT_3D('',#4225,#4226,#4227);
#2875=SURFACE_SIDE_STYLE('',(#4228));
#2876=EDGE_LOOP('',(#4229,#4230,#4231,#4232));
#2877=AXIS2_PLACEMENT_3D('',#4233,#4234,#4235);
#2878=SURFACE_SIDE_STYLE('',(#4236));
#2879=EDGE_LOOP('',(#4237,#4238,#4239));
#2880=AXIS2_PLACEMENT_3D('',#4240,#4241,#4242);
#2881=SURFACE_SIDE_STYLE('',(#4243));
#2882=EDGE_LOOP('',(#4244,#4245,#4246));
#2883=AXIS2_PLACEMENT_3D('',#4247,#4248,#4249);
#2884=SURFACE_SIDE_STYLE('',(#4250));
#2885=SURFACE_SIDE_STYLE('',(#4251));
#2886=EDGE_LOOP('',(#4252,#4253,#4254,#4255));
#2887=AXIS2_PLACEMENT_3D('',#4256,#4257,#4258);
#2888=SURFACE_SIDE_STYLE('',(#4259));
#2889=EDGE_LOOP('',(#4260,#4261,#4262,#4263));
#2890=AXIS2_PLACEMENT_3D('',#4264,#4265,#4266);
#2891=SURFACE_SIDE_STYLE('',(#4267));
#2892=EDGE_LOOP('',(#4268,#4269));
#2893=AXIS2_PLACEMENT_3D('',#4270,#4271,#4272);
#2894=SURFACE_SIDE_STYLE('',(#4273));
#2895=EDGE_LOOP('',(#4274,#4275));
#2896=AXIS2_PLACEMENT_3D('',#4276,#4277,#4278);
#2897=SURFACE_SIDE_STYLE('',(#4279));
#2898=SURFACE_SIDE_STYLE('',(#4280));
#2899=EDGE_LOOP('',(#4281,#4282,#4283,#4284));
#2900=AXIS2_PLACEMENT_3D('',#4285,#4286,#4287);
#2901=SURFACE_SIDE_STYLE('',(#4288));
#2902=EDGE_LOOP('',(#4289,#4290,#4291,#4292));
#2903=AXIS2_PLACEMENT_3D('',#4293,#4294,#4295);
#2904=SURFACE_SIDE_STYLE('',(#4296));
#2905=EDGE_LOOP('',(#4297,#4298));
#2906=AXIS2_PLACEMENT_3D('',#4299,#4300,#4301);
#2907=SURFACE_SIDE_STYLE('',(#4302));
#2908=EDGE_LOOP('',(#4303,#4304));
#2909=AXIS2_PLACEMENT_3D('',#4305,#4306,#4307);
#2910=SURFACE_SIDE_STYLE('',(#4308));
#2911=SURFACE_SIDE_STYLE('',(#4309));
#2912=EDGE_LOOP('',(#4310,#4311,#4312,#4313));
#2913=AXIS2_PLACEMENT_3D('',#4314,#4315,#4316);
#2914=SURFACE_SIDE_STYLE('',(#4317));
#2915=EDGE_LOOP('',(#4318,#4319,#4320,#4321));
#2916=AXIS2_PLACEMENT_3D('',#4322,#4323,#4324);
#2917=SURFACE_SIDE_STYLE('',(#4325));
#2918=EDGE_LOOP('',(#4326,#4327));
#2919=AXIS2_PLACEMENT_3D('',#4328,#4329,#4330);
#2920=SURFACE_SIDE_STYLE('',(#4331));
#2921=EDGE_LOOP('',(#4332,#4333));
#2922=AXIS2_PLACEMENT_3D('',#4334,#4335,#4336);
#2923=SURFACE_SIDE_STYLE('',(#4337));
#2924=SURFACE_SIDE_STYLE('',(#4338));
#2925=EDGE_LOOP('',(#4339,#4340,#4341,#4342));
#2926=AXIS2_PLACEMENT_3D('',#4343,#4344,#4345);
#2927=SURFACE_SIDE_STYLE('',(#4346));
#2928=EDGE_LOOP('',(#4347,#4348,#4349,#4350));
#2929=AXIS2_PLACEMENT_3D('',#4351,#4352,#4353);
#2930=SURFACE_SIDE_STYLE('',(#4354));
#2931=EDGE_LOOP('',(#4355,#4356));
#2932=AXIS2_PLACEMENT_3D('',#4357,#4358,#4359);
#2933=SURFACE_SIDE_STYLE('',(#4360));
#2934=EDGE_LOOP('',(#4361,#4362));
#2935=AXIS2_PLACEMENT_3D('',#4363,#4364,#4365);
#2936=SURFACE_SIDE_STYLE('',(#4366));
#2937=SURFACE_SIDE_STYLE('',(#4367));
#2938=EDGE_LOOP('',(#4368,#4369,#4370,#4371));
#2939=AXIS2_PLACEMENT_3D('',#4372,#4373,#4374);
#2940=SURFACE_SIDE_STYLE('',(#4375));
#2941=EDGE_LOOP('',(#4376,#4377,#4378,#4379));
#2942=AXIS2_PLACEMENT_3D('',#4380,#4381,#4382);
#2943=SURFACE_SIDE_STYLE('',(#4383));
#2944=EDGE_LOOP('',(#4384,#4385));
#2945=AXIS2_PLACEMENT_3D('',#4386,#4387,#4388);
#2946=SURFACE_SIDE_STYLE('',(#4389));
#2947=EDGE_LOOP('',(#4390,#4391));
#2948=AXIS2_PLACEMENT_3D('',#4392,#4393,#4394);
#2949=SURFACE_SIDE_STYLE('',(#4395));
#2950=SURFACE_SIDE_STYLE('',(#4396));
#2951=EDGE_LOOP('',(#4397,#4398,#4399,#4400));
#2952=AXIS2_PLACEMENT_3D('',#4401,#4402,#4403);
#2953=SURFACE_SIDE_STYLE('',(#4404));
#2954=EDGE_LOOP('',(#4405,#4406,#4407,#4408));
#2955=AXIS2_PLACEMENT_3D('',#4409,#4410,#4411);
#2956=SURFACE_SIDE_STYLE('',(#4412));
#2957=EDGE_LOOP('',(#4413,#4414));
#2958=AXIS2_PLACEMENT_3D('',#4415,#4416,#4417);
#2959=SURFACE_SIDE_STYLE('',(#4418));
#2960=EDGE_LOOP('',(#4419,#4420));
#2961=AXIS2_PLACEMENT_3D('',#4421,#4422,#4423);
#2962=SURFACE_SIDE_STYLE('',(#4424));
#2963=SURFACE_SIDE_STYLE('',(#4425));
#2964=EDGE_LOOP('',(#4426,#4427,#4428));
#2965=AXIS2_PLACEMENT_3D('',#4429,#4430,#4431);
#2966=SURFACE_SIDE_STYLE('',(#4432));
#2967=EDGE_LOOP('',(#4433,#4434,#4435));
#2968=AXIS2_PLACEMENT_3D('',#4436,#4437,#4438);
#2969=SURFACE_SIDE_STYLE('',(#4439));
#2970=EDGE_LOOP('',(#4440,#4441,#4442,#4443));
#2971=AXIS2_PLACEMENT_3D('',#4444,#4445,#4446);
#2972=SURFACE_SIDE_STYLE('',(#4447));
#2973=EDGE_LOOP('',(#4448,#4449,#4450,#4451));
#2974=AXIS2_PLACEMENT_3D('',#4452,#4453,#4454);
#2975=SURFACE_SIDE_STYLE('',(#4455));
#2976=EDGE_LOOP('',(#4456,#4457,#4458));
#2977=AXIS2_PLACEMENT_3D('',#4459,#4460,#4461);
#2978=SURFACE_SIDE_STYLE('',(#4462));
#2979=EDGE_LOOP('',(#4463,#4464,#4465));
#2980=AXIS2_PLACEMENT_3D('',#4466,#4467,#4468);
#2981=SURFACE_SIDE_STYLE('',(#4469));
#2982=SURFACE_SIDE_STYLE('',(#4470));
#2983=EDGE_LOOP('',(#4471,#4472,#4473));
#2984=AXIS2_PLACEMENT_3D('',#4474,#4475,#4476);
#2985=SURFACE_SIDE_STYLE('',(#4477));
#2986=EDGE_LOOP('',(#4478,#4479,#4480));
#2987=AXIS2_PLACEMENT_3D('',#4481,#4482,#4483);
#2988=SURFACE_SIDE_STYLE('',(#4484));
#2989=EDGE_LOOP('',(#4485,#4486,#4487,#4488));
#2990=AXIS2_PLACEMENT_3D('',#4489,#4490,#4491);
#2991=SURFACE_SIDE_STYLE('',(#4492));
#2992=EDGE_LOOP('',(#4493,#4494,#4495,#4496));
#2993=AXIS2_PLACEMENT_3D('',#4497,#4498,#4499);
#2994=SURFACE_SIDE_STYLE('',(#4500));
#2995=EDGE_LOOP('',(#4501,#4502,#4503));
#2996=AXIS2_PLACEMENT_3D('',#4504,#4505,#4506);
#2997=SURFACE_SIDE_STYLE('',(#4507));
#2998=EDGE_LOOP('',(#4508,#4509,#4510));
#2999=AXIS2_PLACEMENT_3D('',#4511,#4512,#4513);
#3000=SURFACE_SIDE_STYLE('',(#4514));
#3001=SURFACE_SIDE_STYLE('',(#4515));
#3002=EDGE_LOOP('',(#4516,#4517,#4518));
#3003=AXIS2_PLACEMENT_3D('',#4519,#4520,#4521);
#3004=SURFACE_SIDE_STYLE('',(#4522));
#3005=EDGE_LOOP('',(#4523,#4524,#4525));
#3006=AXIS2_PLACEMENT_3D('',#4526,#4527,#4528);
#3007=SURFACE_SIDE_STYLE('',(#4529));
#3008=EDGE_LOOP('',(#4530,#4531,#4532,#4533));
#3009=AXIS2_PLACEMENT_3D('',#4534,#4535,#4536);
#3010=SURFACE_SIDE_STYLE('',(#4537));
#3011=EDGE_LOOP('',(#4538,#4539,#4540,#4541));
#3012=AXIS2_PLACEMENT_3D('',#4542,#4543,#4544);
#3013=SURFACE_SIDE_STYLE('',(#4545));
#3014=EDGE_LOOP('',(#4546,#4547,#4548));
#3015=AXIS2_PLACEMENT_3D('',#4549,#4550,#4551);
#3016=SURFACE_SIDE_STYLE('',(#4552));
#3017=EDGE_LOOP('',(#4553,#4554,#4555));
#3018=AXIS2_PLACEMENT_3D('',#4556,#4557,#4558);
#3019=SURFACE_SIDE_STYLE('',(#4559));
#3020=SURFACE_SIDE_STYLE('',(#4560));
#3021=EDGE_LOOP('',(#4561,#4562,#4563));
#3022=AXIS2_PLACEMENT_3D('',#4564,#4565,#4566);
#3023=SURFACE_SIDE_STYLE('',(#4567));
#3024=EDGE_LOOP('',(#4568,#4569,#4570));
#3025=AXIS2_PLACEMENT_3D('',#4571,#4572,#4573);
#3026=SURFACE_SIDE_STYLE('',(#4574));
#3027=EDGE_LOOP('',(#4575,#4576,#4577,#4578));
#3028=AXIS2_PLACEMENT_3D('',#4579,#4580,#4581);
#3029=SURFACE_SIDE_STYLE('',(#4582));
#3030=EDGE_LOOP('',(#4583,#4584,#4585,#4586));
#3031=AXIS2_PLACEMENT_3D('',#4587,#4588,#4589);
#3032=SURFACE_SIDE_STYLE('',(#4590));
#3033=EDGE_LOOP('',(#4591,#4592,#4593));
#3034=AXIS2_PLACEMENT_3D('',#4594,#4595,#4596);
#3035=SURFACE_SIDE_STYLE('',(#4597));
#3036=EDGE_LOOP('',(#4598,#4599,#4600));
#3037=AXIS2_PLACEMENT_3D('',#4601,#4602,#4603);
#3038=SURFACE_SIDE_STYLE('',(#4604));
#3039=SURFACE_SIDE_STYLE('',(#4605));
#3040=EDGE_LOOP('',(#4606,#4607,#4608));
#3041=AXIS2_PLACEMENT_3D('',#4609,#4610,#4611);
#3042=SURFACE_SIDE_STYLE('',(#4612));
#3043=EDGE_LOOP('',(#4613,#4614,#4615));
#3044=AXIS2_PLACEMENT_3D('',#4616,#4617,#4618);
#3045=SURFACE_SIDE_STYLE('',(#4619));
#3046=EDGE_LOOP('',(#4620,#4621,#4622,#4623));
#3047=AXIS2_PLACEMENT_3D('',#4624,#4625,#4626);
#3048=SURFACE_SIDE_STYLE('',(#4627));
#3049=EDGE_LOOP('',(#4628,#4629,#4630,#4631));
#3050=AXIS2_PLACEMENT_3D('',#4632,#4633,#4634);
#3051=SURFACE_SIDE_STYLE('',(#4635));
#3052=EDGE_LOOP('',(#4636,#4637,#4638));
#3053=AXIS2_PLACEMENT_3D('',#4639,#4640,#4641);
#3054=SURFACE_SIDE_STYLE('',(#4642));
#3055=EDGE_LOOP('',(#4643,#4644,#4645));
#3056=AXIS2_PLACEMENT_3D('',#4646,#4647,#4648);
#3057=SURFACE_SIDE_STYLE('',(#4649));
#3058=SURFACE_SIDE_STYLE('',(#4650));
#3059=EDGE_LOOP('',(#4651,#4652,#4653));
#3060=AXIS2_PLACEMENT_3D('',#4654,#4655,#4656);
#3061=SURFACE_SIDE_STYLE('',(#4657));
#3062=EDGE_LOOP('',(#4658,#4659,#4660));
#3063=AXIS2_PLACEMENT_3D('',#4661,#4662,#4663);
#3064=SURFACE_SIDE_STYLE('',(#4664));
#3065=EDGE_LOOP('',(#4665,#4666,#4667,#4668));
#3066=AXIS2_PLACEMENT_3D('',#4669,#4670,#4671);
#3067=SURFACE_SIDE_STYLE('',(#4672));
#3068=EDGE_LOOP('',(#4673,#4674,#4675,#4676));
#3069=AXIS2_PLACEMENT_3D('',#4677,#4678,#4679);
#3070=SURFACE_SIDE_STYLE('',(#4680));
#3071=EDGE_LOOP('',(#4681,#4682,#4683));
#3072=AXIS2_PLACEMENT_3D('',#4684,#4685,#4686);
#3073=SURFACE_SIDE_STYLE('',(#4687));
#3074=EDGE_LOOP('',(#4688,#4689,#4690));
#3075=AXIS2_PLACEMENT_3D('',#4691,#4692,#4693);
#3076=SURFACE_SIDE_STYLE('',(#4694));
#3077=SURFACE_SIDE_STYLE('',(#4695));
#3078=EDGE_LOOP('',(#4696,#4697,#4698,#4699));
#3079=AXIS2_PLACEMENT_3D('',#4700,#4701,#4702);
#3080=SURFACE_SIDE_STYLE('',(#4703));
#3081=EDGE_LOOP('',(#4704,#4705,#4706,#4707));
#3082=AXIS2_PLACEMENT_3D('',#4708,#4709,#4710);
#3083=SURFACE_SIDE_STYLE('',(#4711));
#3084=EDGE_LOOP('',(#4712,#4713,#4714,#4715));
#3085=AXIS2_PLACEMENT_3D('',#4716,#4717,#4718);
#3086=SURFACE_SIDE_STYLE('',(#4719));
#3087=EDGE_LOOP('',(#4720,#4721,#4722,#4723));
#3088=AXIS2_PLACEMENT_3D('',#4724,#4725,#4726);
#3089=SURFACE_SIDE_STYLE('',(#4727));
#3090=EDGE_LOOP('',(#4728,#4729,#4730,#4731));
#3091=AXIS2_PLACEMENT_3D('',#4732,#4733,#4734);
#3092=SURFACE_SIDE_STYLE('',(#4735));
#3093=EDGE_LOOP('',(#4736,#4737,#4738,#4739));
#3094=AXIS2_PLACEMENT_3D('',#4740,#4741,#4742);
#3095=SURFACE_SIDE_STYLE('',(#4743));
#3096=EDGE_LOOP('',(#4744,#4745,#4746,#4747));
#3097=AXIS2_PLACEMENT_3D('',#4748,#4749,#4750);
#3098=SURFACE_SIDE_STYLE('',(#4751));
#3099=EDGE_LOOP('',(#4752,#4753,#4754,#4755));
#3100=AXIS2_PLACEMENT_3D('',#4756,#4757,#4758);
#3101=SURFACE_SIDE_STYLE('',(#4759));
#3102=EDGE_LOOP('',(#4760,#4761,#4762,#4763));
#3103=AXIS2_PLACEMENT_3D('',#4764,#4765,#4766);
#3104=SURFACE_SIDE_STYLE('',(#4767));
#3105=EDGE_LOOP('',(#4768,#4769,#4770,#4771));
#3106=AXIS2_PLACEMENT_3D('',#4772,#4773,#4774);
#3107=SURFACE_SIDE_STYLE('',(#4775));
#3108=EDGE_LOOP('',(#4776,#4777,#4778,#4779));
#3109=AXIS2_PLACEMENT_3D('',#4780,#4781,#4782);
#3110=SURFACE_SIDE_STYLE('',(#4783));
#3111=EDGE_LOOP('',(#4784,#4785,#4786,#4787));
#3112=AXIS2_PLACEMENT_3D('',#4788,#4789,#4790);
#3113=SURFACE_SIDE_STYLE('',(#4791));
#3114=EDGE_LOOP('',(#4792,#4793,#4794,#4795));
#3115=AXIS2_PLACEMENT_3D('',#4796,#4797,#4798);
#3116=SURFACE_SIDE_STYLE('',(#4799));
#3117=EDGE_LOOP('',(#4800,#4801,#4802,#4803));
#3118=AXIS2_PLACEMENT_3D('',#4804,#4805,#4806);
#3119=SURFACE_SIDE_STYLE('',(#4807));
#3120=EDGE_LOOP('',(#4808,#4809,#4810,#4811));
#3121=AXIS2_PLACEMENT_3D('',#4812,#4813,#4814);
#3122=SURFACE_SIDE_STYLE('',(#4815));
#3123=EDGE_LOOP('',(#4816,#4817,#4818,#4819));
#3124=AXIS2_PLACEMENT_3D('',#4820,#4821,#4822);
#3125=SURFACE_SIDE_STYLE('',(#4823));
#3126=EDGE_LOOP('',(#4824,#4825,#4826,#4827));
#3127=AXIS2_PLACEMENT_3D('',#4828,#4829,#4830);
#3128=SURFACE_SIDE_STYLE('',(#4831));
#3129=EDGE_LOOP('',(#4832,#4833,#4834,#4835));
#3130=AXIS2_PLACEMENT_3D('',#4836,#4837,#4838);
#3131=SURFACE_SIDE_STYLE('',(#4839));
#3132=EDGE_LOOP('',(#4840,#4841,#4842,#4843));
#3133=AXIS2_PLACEMENT_3D('',#4844,#4845,#4846);
#3134=SURFACE_SIDE_STYLE('',(#4847));
#3135=EDGE_LOOP('',(#4848,#4849,#4850,#4851));
#3136=AXIS2_PLACEMENT_3D('',#4852,#4853,#4854);
#3137=SURFACE_SIDE_STYLE('',(#4855));
#3138=EDGE_LOOP('',(#4856,#4857,#4858,#4859));
#3139=AXIS2_PLACEMENT_3D('',#4860,#4861,#4862);
#3140=SURFACE_SIDE_STYLE('',(#4863));
#3141=EDGE_LOOP('',(#4864,#4865,#4866,#4867));
#3142=AXIS2_PLACEMENT_3D('',#4868,#4869,#4870);
#3143=SURFACE_SIDE_STYLE('',(#4871));
#3144=EDGE_LOOP('',(#4872,#4873,#4874,#4875));
#3145=AXIS2_PLACEMENT_3D('',#4876,#4877,#4878);
#3146=SURFACE_SIDE_STYLE('',(#4879));
#3147=EDGE_LOOP('',(#4880,#4881,#4882,#4883));
#3148=AXIS2_PLACEMENT_3D('',#4884,#4885,#4886);
#3149=SURFACE_SIDE_STYLE('',(#4887));
#3150=EDGE_LOOP('',(#4888,#4889,#4890,#4891));
#3151=AXIS2_PLACEMENT_3D('',#4892,#4893,#4894);
#3152=SURFACE_SIDE_STYLE('',(#4895));
#3153=EDGE_LOOP('',(#4896,#4897,#4898,#4899));
#3154=AXIS2_PLACEMENT_3D('',#4900,#4901,#4902);
#3155=SURFACE_SIDE_STYLE('',(#4903));
#3156=EDGE_LOOP('',(#4904,#4905,#4906,#4907));
#3157=AXIS2_PLACEMENT_3D('',#4908,#4909,#4910);
#3158=SURFACE_SIDE_STYLE('',(#4911));
#3159=EDGE_LOOP('',(#4912,#4913,#4914,#4915));
#3160=AXIS2_PLACEMENT_3D('',#4916,#4917,#4918);
#3161=SURFACE_SIDE_STYLE('',(#4919));
#3162=EDGE_LOOP('',(#4920,#4921,#4922,#4923));
#3163=AXIS2_PLACEMENT_3D('',#4924,#4925,#4926);
#3164=SURFACE_SIDE_STYLE('',(#4927));
#3165=EDGE_LOOP('',(#4928,#4929,#4930,#4931));
#3166=AXIS2_PLACEMENT_3D('',#4932,#4933,#4934);
#3167=SURFACE_SIDE_STYLE('',(#4935));
#3168=EDGE_LOOP('',(#4936,#4937,#4938,#4939));
#3169=AXIS2_PLACEMENT_3D('',#4940,#4941,#4942);
#3170=SURFACE_SIDE_STYLE('',(#4943));
#3171=EDGE_LOOP('',(#4944,#4945,#4946,#4947));
#3172=AXIS2_PLACEMENT_3D('',#4948,#4949,#4950);
#3173=SURFACE_SIDE_STYLE('',(#4951));
#3174=EDGE_LOOP('',(#4952,#4953,#4954,#4955));
#3175=AXIS2_PLACEMENT_3D('',#4956,#4957,#4958);
#3176=SURFACE_SIDE_STYLE('',(#4959));
#3177=EDGE_LOOP('',(#4960,#4961,#4962,#4963));
#3178=AXIS2_PLACEMENT_3D('',#4964,#4965,#4966);
#3179=SURFACE_SIDE_STYLE('',(#4967));
#3180=EDGE_LOOP('',(#4968,#4969,#4970,#4971));
#3181=AXIS2_PLACEMENT_3D('',#4972,#4973,#4974);
#3182=SURFACE_SIDE_STYLE('',(#4975));
#3183=EDGE_LOOP('',(#4976,#4977,#4978,#4979));
#3184=AXIS2_PLACEMENT_3D('',#4980,#4981,#4982);
#3185=SURFACE_SIDE_STYLE('',(#4983));
#3186=EDGE_LOOP('',(#4984,#4985,#4986,#4987));
#3187=AXIS2_PLACEMENT_3D('',#4988,#4989,#4990);
#3188=SURFACE_SIDE_STYLE('',(#4991));
#3189=EDGE_LOOP('',(#4992,#4993,#4994,#4995));
#3190=AXIS2_PLACEMENT_3D('',#4996,#4997,#4998);
#3191=SURFACE_SIDE_STYLE('',(#4999));
#3192=EDGE_LOOP('',(#5000,#5001,#5002,#5003));
#3193=AXIS2_PLACEMENT_3D('',#5004,#5005,#5006);
#3194=SURFACE_SIDE_STYLE('',(#5007));
#3195=EDGE_LOOP('',(#5008,#5009,#5010,#5011));
#3196=AXIS2_PLACEMENT_3D('',#5012,#5013,#5014);
#3197=SURFACE_SIDE_STYLE('',(#5015));
#3198=EDGE_LOOP('',(#5016,#5017,#5018,#5019));
#3199=AXIS2_PLACEMENT_3D('',#5020,#5021,#5022);
#3200=SURFACE_SIDE_STYLE('',(#5023));
#3201=EDGE_LOOP('',(#5024,#5025,#5026,#5027,#5028,#5029,#5030,#5031,#5032,#5033));
#3202=EDGE_LOOP('',(#5034,#5035));
#3203=AXIS2_PLACEMENT_3D('',#5036,#5037,#5038);
#3204=SURFACE_SIDE_STYLE('',(#5039));
#3205=EDGE_LOOP('',(#5040,#5041,#5042,#5043));
#3206=AXIS2_PLACEMENT_3D('',#5044,#5045,#5046);
#3207=SURFACE_SIDE_STYLE('',(#5047));
#3208=EDGE_LOOP('',(#5048,#5049,#5050,#5051,#5052,#5053,#5054,#5055,#5056,#5057,#5058,#5059));
#3209=AXIS2_PLACEMENT_3D('',#5060,#5061,#5062);
#3210=SURFACE_SIDE_STYLE('',(#5063));
#3211=EDGE_LOOP('',(#5064,#5065,#5066,#5067));
#3212=AXIS2_PLACEMENT_3D('',#5068,#5069,#5070);
#3213=SURFACE_SIDE_STYLE('',(#5071));
#3214=EDGE_LOOP('',(#5072,#5073,#5074,#5075));
#3215=AXIS2_PLACEMENT_3D('',#5076,#5077,#5078);
#3216=SURFACE_SIDE_STYLE('',(#5079));
#3217=EDGE_LOOP('',(#5080,#5081,#5082,#5083,#5084,#5085,#5086,#5087,#5088,#5089,#5090,#5091));
#3218=AXIS2_PLACEMENT_3D('',#5092,#5093,#5094);
#3219=SURFACE_SIDE_STYLE('',(#5095));
#3220=EDGE_LOOP('',(#5096,#5097,#5098,#5099));
#3221=EDGE_LOOP('',(#5100,#5101,#5102,#5103));
#3222=AXIS2_PLACEMENT_3D('',#5104,#5105,#5106);
#3223=SURFACE_SIDE_STYLE('',(#5107));
#3224=EDGE_LOOP('',(#5108,#5109,#5110,#5111));
#3225=AXIS2_PLACEMENT_3D('',#5112,#5113,#5114);
#3226=SURFACE_SIDE_STYLE('',(#5115));
#3227=EDGE_LOOP('',(#5116,#5117,#5118,#5119));
#3228=AXIS2_PLACEMENT_3D('',#5120,#5121,#5122);
#3229=SURFACE_SIDE_STYLE('',(#5123));
#3230=EDGE_LOOP('',(#5124,#5125,#5126,#5127));
#3231=AXIS2_PLACEMENT_3D('',#5128,#5129,#5130);
#3232=SURFACE_SIDE_STYLE('',(#5131));
#3233=EDGE_LOOP('',(#5132,#5133,#5134,#5135));
#3234=AXIS2_PLACEMENT_3D('',#5136,#5137,#5138);
#3235=SURFACE_SIDE_STYLE('',(#5139));
#3236=EDGE_LOOP('',(#5140,#5141,#5142,#5143));
#3237=AXIS2_PLACEMENT_3D('',#5144,#5145,#5146);
#3238=SURFACE_SIDE_STYLE('',(#5147));
#3239=EDGE_LOOP('',(#5148,#5149,#5150,#5151,#5152,#5153,#5154,#5155,#5156,#5157));
#3240=EDGE_LOOP('',(#5158,#5159));
#3241=AXIS2_PLACEMENT_3D('',#5160,#5161,#5162);
#3242=SURFACE_SIDE_STYLE('',(#5163));
#3243=EDGE_LOOP('',(#5164,#5165,#5166,#5167));
#3244=AXIS2_PLACEMENT_3D('',#5168,#5169,#5170);
#3245=SURFACE_SIDE_STYLE('',(#5171));
#3246=EDGE_LOOP('',(#5172,#5173,#5174,#5175));
#3247=AXIS2_PLACEMENT_3D('',#5176,#5177,#5178);
#3248=SURFACE_SIDE_STYLE('',(#5179));
#3249=EDGE_LOOP('',(#5180,#5181,#5182,#5183,#5184,#5185,#5186));
#3250=AXIS2_PLACEMENT_3D('',#5187,#5188,#5189);
#3251=SURFACE_SIDE_STYLE('',(#5190));
#3252=EDGE_LOOP('',(#5191,#5192,#5193,#5194));
#3253=EDGE_LOOP('',(#5195,#5196,#5197,#5198));
#3254=AXIS2_PLACEMENT_3D('',#5199,#5200,#5201);
#3255=SURFACE_SIDE_STYLE('',(#5202));
#3256=EDGE_LOOP('',(#5203,#5204,#5205,#5206));
#3257=AXIS2_PLACEMENT_3D('',#5207,#5208,#5209);
#3258=SURFACE_SIDE_STYLE('',(#5210));
#3259=EDGE_LOOP('',(#5211,#5212,#5213,#5214));
#3260=AXIS2_PLACEMENT_3D('',#5215,#5216,#5217);
#3261=SURFACE_SIDE_STYLE('',(#5218));
#3262=EDGE_LOOP('',(#5219,#5220,#5221,#5222));
#3263=EDGE_LOOP('',(#5223,#5224,#5225,#5226));
#3264=AXIS2_PLACEMENT_3D('',#5227,#5228,#5229);
#3265=SURFACE_SIDE_STYLE('',(#5230));
#3266=EDGE_LOOP('',(#5231,#5232,#5233,#5234));
#3267=AXIS2_PLACEMENT_3D('',#5235,#5236,#5237);
#3268=SURFACE_SIDE_STYLE('',(#5238));
#3269=EDGE_LOOP('',(#5239,#5240,#5241,#5242));
#3270=AXIS2_PLACEMENT_3D('',#5243,#5244,#5245);
#3271=SURFACE_SIDE_STYLE('',(#5246));
#3272=EDGE_LOOP('',(#5247,#5248,#5249,#5250,#5251,#5252,#5253,#5254,#5255,#5256));
#3273=EDGE_LOOP('',(#5257,#5258));
#3274=AXIS2_PLACEMENT_3D('',#5259,#5260,#5261);
#3275=SURFACE_SIDE_STYLE('',(#5262));
#3276=EDGE_LOOP('',(#5263,#5264,#5265,#5266));
#3277=AXIS2_PLACEMENT_3D('',#5267,#5268,#5269);
#3278=SURFACE_SIDE_STYLE('',(#5270));
#3279=EDGE_LOOP('',(#5271,#5272,#5273,#5274));
#3280=AXIS2_PLACEMENT_3D('',#5275,#5276,#5277);
#3281=SURFACE_SIDE_STYLE('',(#5278));
#3282=EDGE_LOOP('',(#5279,#5280,#5281,#5282));
#3283=AXIS2_PLACEMENT_3D('',#5283,#5284,#5285);
#3284=SURFACE_SIDE_STYLE('',(#5286));
#3285=EDGE_LOOP('',(#5287,#5288,#5289,#5290,#5291,#5292,#5293));
#3286=AXIS2_PLACEMENT_3D('',#5294,#5295,#5296);
#3287=SURFACE_SIDE_STYLE('',(#5297));
#3288=EDGE_LOOP('',(#5298,#5299,#5300,#5301));
#3289=AXIS2_PLACEMENT_3D('',#5302,#5303,#5304);
#3290=SURFACE_SIDE_STYLE('',(#5305));
#3291=EDGE_LOOP('',(#5306,#5307,#5308,#5309,#5310,#5311,#5312,#5313,#5314,#5315,#5316,#5317));
#3292=AXIS2_PLACEMENT_3D('',#5318,#5319,#5320);
#3293=SURFACE_SIDE_STYLE('',(#5321));
#3294=EDGE_LOOP('',(#5322,#5323,#5324,#5325));
#3295=AXIS2_PLACEMENT_3D('',#5326,#5327,#5328);
#3296=SURFACE_SIDE_STYLE('',(#5329));
#3297=EDGE_LOOP('',(#5330,#5331,#5332,#5333));
#3298=AXIS2_PLACEMENT_3D('',#5334,#5335,#5336);
#3299=SURFACE_SIDE_STYLE('',(#5337));
#3300=EDGE_LOOP('',(#5338,#5339,#5340,#5341,#5342,#5343,#5344));
#3301=AXIS2_PLACEMENT_3D('',#5345,#5346,#5347);
#3302=SURFACE_SIDE_STYLE('',(#5348));
#3303=EDGE_LOOP('',(#5349,#5350,#5351,#5352));
#3304=AXIS2_PLACEMENT_3D('',#5353,#5354,#5355);
#3305=SURFACE_SIDE_STYLE('',(#5356));
#3306=EDGE_LOOP('',(#5357,#5358,#5359,#5360));
#3307=AXIS2_PLACEMENT_3D('',#5361,#5362,#5363);
#3308=SURFACE_SIDE_STYLE('',(#5364));
#3309=EDGE_LOOP('',(#5365,#5366,#5367,#5368));
#3310=AXIS2_PLACEMENT_3D('',#5369,#5370,#5371);
#3311=SURFACE_SIDE_STYLE('',(#5372));
#3312=EDGE_LOOP('',(#5373,#5374,#5375,#5376,#5377,#5378,#5379,#5380,#5381,#5382,#5383,#5384));
#3313=AXIS2_PLACEMENT_3D('',#5385,#5386,#5387);
#3314=SURFACE_SIDE_STYLE('',(#5388));
#3315=EDGE_LOOP('',(#5389,#5390,#5391,#5392));
#3316=AXIS2_PLACEMENT_3D('',#5393,#5394,#5395);
#3317=SURFACE_SIDE_STYLE('',(#5396));
#3318=EDGE_LOOP('',(#5397,#5398,#5399,#5400,#5401,#5402,#5403,#5404,#5405,#5406));
#3319=EDGE_LOOP('',(#5407,#5408));
#3320=AXIS2_PLACEMENT_3D('',#5409,#5410,#5411);
#3321=SURFACE_SIDE_STYLE('',(#5412));
#3322=EDGE_LOOP('',(#5413,#5414,#5415,#5416));
#3323=AXIS2_PLACEMENT_3D('',#5417,#5418,#5419);
#3324=SURFACE_SIDE_STYLE('',(#5420));
#3325=EDGE_LOOP('',(#5421,#5422,#5423,#5424,#5425,#5426,#5427));
#3326=AXIS2_PLACEMENT_3D('',#5428,#5429,#5430);
#3327=SURFACE_SIDE_STYLE('',(#5431));
#3328=EDGE_LOOP('',(#5432,#5433,#5434,#5435));
#3329=AXIS2_PLACEMENT_3D('',#5436,#5437,#5438);
#3330=SURFACE_SIDE_STYLE('',(#5439));
#3331=EDGE_LOOP('',(#5440,#5441,#5442,#5443));
#3332=AXIS2_PLACEMENT_3D('',#5444,#5445,#5446);
#3333=SURFACE_SIDE_STYLE('',(#5447));
#3334=EDGE_LOOP('',(#5448,#5449,#5450,#5451));
#3335=AXIS2_PLACEMENT_3D('',#5452,#5453,#5454);
#3336=SURFACE_SIDE_STYLE('',(#5455));
#3337=EDGE_LOOP('',(#5456,#5457,#5458,#5459));
#3338=AXIS2_PLACEMENT_3D('',#5460,#5461,#5462);
#3339=SURFACE_SIDE_STYLE('',(#5463));
#3340=EDGE_LOOP('',(#5464,#5465,#5466,#5467,#5468,#5469,#5470));
#3341=AXIS2_PLACEMENT_3D('',#5471,#5472,#5473);
#3342=SURFACE_SIDE_STYLE('',(#5474));
#3343=EDGE_LOOP('',(#5475,#5476,#5477,#5478));
#3344=EDGE_LOOP('',(#5479,#5480,#5481,#5482));
#3345=AXIS2_PLACEMENT_3D('',#5483,#5484,#5485);
#3346=SURFACE_SIDE_STYLE('',(#5486));
#3347=EDGE_LOOP('',(#5487,#5488,#5489,#5490));
#3348=AXIS2_PLACEMENT_3D('',#5491,#5492,#5493);
#3349=SURFACE_SIDE_STYLE('',(#5494));
#3350=EDGE_LOOP('',(#5495,#5496,#5497,#5498));
#3351=AXIS2_PLACEMENT_3D('',#5499,#5500,#5501);
#3352=SURFACE_SIDE_STYLE('',(#5502));
#3353=EDGE_LOOP('',(#5503,#5504,#5505,#5506));
#3354=AXIS2_PLACEMENT_3D('',#5507,#5508,#5509);
#3355=SURFACE_SIDE_STYLE('',(#5510));
#3356=EDGE_LOOP('',(#5511,#5512,#5513,#5514));
#3357=EDGE_LOOP('',(#5515,#5516,#5517,#5518));
#3358=AXIS2_PLACEMENT_3D('',#5519,#5520,#5521);
#3359=SURFACE_SIDE_STYLE('',(#5522));
#3360=EDGE_LOOP('',(#5523,#5524,#5525,#5526));
#3361=AXIS2_PLACEMENT_3D('',#5527,#5528,#5529);
#3362=SURFACE_SIDE_STYLE('',(#5530));
#3363=EDGE_LOOP('',(#5531,#5532,#5533,#5534));
#3364=AXIS2_PLACEMENT_3D('',#5535,#5536,#5537);
#3365=SURFACE_SIDE_STYLE('',(#5538));
#3366=EDGE_LOOP('',(#5539,#5540,#5541,#5542));
#3367=AXIS2_PLACEMENT_3D('',#5543,#5544,#5545);
#3368=SURFACE_SIDE_STYLE('',(#5546));
#3369=EDGE_LOOP('',(#5547,#5548,#5549,#5550));
#3370=AXIS2_PLACEMENT_3D('',#5551,#5552,#5553);
#3371=SURFACE_SIDE_STYLE('',(#5554));
#3372=EDGE_LOOP('',(#5555,#5556,#5557,#5558));
#3373=AXIS2_PLACEMENT_3D('',#5559,#5560,#5561);
#3374=SURFACE_SIDE_STYLE('',(#5562));
#3375=EDGE_LOOP('',(#5563,#5564,#5565,#5566,#5567,#5568,#5569));
#3376=AXIS2_PLACEMENT_3D('',#5570,#5571,#5572);
#3377=SURFACE_SIDE_STYLE('',(#5573));
#3378=EDGE_LOOP('',(#5574,#5575,#5576,#5577));
#3379=AXIS2_PLACEMENT_3D('',#5578,#5579,#5580);
#3380=SURFACE_SIDE_STYLE('',(#5581));
#3381=EDGE_LOOP('',(#5582,#5583,#5584,#5585,#5586,#5587,#5588));
#3382=AXIS2_PLACEMENT_3D('',#5589,#5590,#5591);
#3383=SURFACE_SIDE_STYLE('',(#5592));
#3384=EDGE_LOOP('',(#5593,#5594,#5595,#5596));
#3385=AXIS2_PLACEMENT_3D('',#5597,#5598,#5599);
#3386=SURFACE_SIDE_STYLE('',(#5600));
#3387=EDGE_LOOP('',(#5601,#5602,#5603,#5604));
#3388=AXIS2_PLACEMENT_3D('',#5605,#5606,#5607);
#3389=SURFACE_SIDE_STYLE('',(#5608));
#3390=EDGE_LOOP('',(#5609,#5610,#5611,#5612));
#3391=AXIS2_PLACEMENT_3D('',#5613,#5614,#5615);
#3392=SURFACE_SIDE_STYLE('',(#5616));
#3393=EDGE_LOOP('',(#5617,#5618,#5619,#5620,#5621,#5622,#5623));
#3394=AXIS2_PLACEMENT_3D('',#5624,#5625,#5626);
#3395=SURFACE_SIDE_STYLE('',(#5627));
#3396=EDGE_LOOP('',(#5628,#5629,#5630,#5631));
#3397=AXIS2_PLACEMENT_3D('',#5632,#5633,#5634);
#3398=SURFACE_SIDE_STYLE('',(#5635));
#3399=EDGE_LOOP('',(#5636,#5637,#5638,#5639));
#3400=AXIS2_PLACEMENT_3D('',#5640,#5641,#5642);
#3401=SURFACE_SIDE_STYLE('',(#5643));
#3402=EDGE_LOOP('',(#5644,#5645,#5646,#5647));
#3403=AXIS2_PLACEMENT_3D('',#5648,#5649,#5650);
#3404=SURFACE_SIDE_STYLE('',(#5651));
#3405=EDGE_LOOP('',(#5652,#5653,#5654,#5655));
#3406=AXIS2_PLACEMENT_3D('',#5656,#5657,#5658);
#3407=SURFACE_SIDE_STYLE('',(#5659));
#3408=EDGE_LOOP('',(#5660,#5661,#5662,#5663));
#3409=AXIS2_PLACEMENT_3D('',#5664,#5665,#5666);
#3410=SURFACE_SIDE_STYLE('',(#5667));
#3411=EDGE_LOOP('',(#5668,#5669,#5670,#5671));
#3412=AXIS2_PLACEMENT_3D('',#5672,#5673,#5674);
#3413=SURFACE_SIDE_STYLE('',(#5675));
#3414=EDGE_LOOP('',(#5676,#5677,#5678,#5679,#5680,#5681,#5682));
#3415=AXIS2_PLACEMENT_3D('',#5683,#5684,#5685);
#3416=SURFACE_SIDE_STYLE('',(#5686));
#3417=EDGE_LOOP('',(#5687,#5688,#5689,#5690,#5691,#5692,#5693,#5694,#5695,#5696));
#3418=EDGE_LOOP('',(#5697,#5698));
#3419=AXIS2_PLACEMENT_3D('',#5699,#5700,#5701);
#3420=SURFACE_SIDE_STYLE('',(#5702));
#3421=EDGE_LOOP('',(#5703,#5704,#5705,#5706,#5707,#5708,#5709,#5710,#5711,#5712));
#3422=EDGE_LOOP('',(#5713,#5714));
#3423=AXIS2_PLACEMENT_3D('',#5715,#5716,#5717);
#3424=SURFACE_SIDE_STYLE('',(#5718));
#3425=EDGE_LOOP('',(#5719,#5720,#5721,#5722));
#3426=AXIS2_PLACEMENT_3D('',#5723,#5724,#5725);
#3427=SURFACE_SIDE_STYLE('',(#5726));
#3428=EDGE_LOOP('',(#5727,#5728,#5729,#5730,#5731,#5732,#5733,#5734,#5735,#5736,#5737,#5738));
#3429=AXIS2_PLACEMENT_3D('',#5739,#5740,#5741);
#3430=SURFACE_SIDE_STYLE('',(#5742));
#3431=EDGE_LOOP('',(#5743,#5744,#5745,#5746));
#3432=AXIS2_PLACEMENT_3D('',#5747,#5748,#5749);
#3433=SURFACE_SIDE_STYLE('',(#5750));
#3434=EDGE_LOOP('',(#5751,#5752,#5753,#5754,#5755,#5756,#5757));
#3435=AXIS2_PLACEMENT_3D('',#5758,#5759,#5760);
#3436=SURFACE_SIDE_STYLE('',(#5761));
#3437=EDGE_LOOP('',(#5762,#5763,#5764,#5765));
#3438=AXIS2_PLACEMENT_3D('',#5766,#5767,#5768);
#3439=SURFACE_SIDE_STYLE('',(#5769));
#3440=EDGE_LOOP('',(#5770,#5771,#5772,#5773));
#3441=AXIS2_PLACEMENT_3D('',#5774,#5775,#5776);
#3442=SURFACE_SIDE_STYLE('',(#5777));
#3443=EDGE_LOOP('',(#5778,#5779,#5780,#5781));
#3444=AXIS2_PLACEMENT_3D('',#5782,#5783,#5784);
#3445=SURFACE_SIDE_STYLE('',(#5785));
#3446=EDGE_LOOP('',(#5786,#5787,#5788,#5789));
#3447=AXIS2_PLACEMENT_3D('',#5790,#5791,#5792);
#3448=SURFACE_SIDE_STYLE('',(#5793));
#3449=EDGE_LOOP('',(#5794,#5795,#5796,#5797));
#3450=AXIS2_PLACEMENT_3D('',#5798,#5799,#5800);
#3451=SURFACE_SIDE_STYLE('',(#5801));
#3452=EDGE_LOOP('',(#5802,#5803,#5804,#5805,#5806,#5807,#5808,#5809,#5810,#5811,#5812,#5813));
#3453=AXIS2_PLACEMENT_3D('',#5814,#5815,#5816);
#3454=SURFACE_SIDE_STYLE('',(#5817));
#3455=EDGE_LOOP('',(#5818,#5819,#5820,#5821,#5822,#5823,#5824));
#3456=AXIS2_PLACEMENT_3D('',#5825,#5826,#5827);
#3457=SURFACE_SIDE_STYLE('',(#5828));
#3458=EDGE_LOOP('',(#5829,#5830,#5831,#5832));
#3459=EDGE_LOOP('',(#5833,#5834,#5835,#5836));
#3460=AXIS2_PLACEMENT_3D('',#5837,#5838,#5839);
#3461=SURFACE_SIDE_STYLE('',(#5840));
#3462=EDGE_LOOP('',(#5841,#5842,#5843,#5844));
#3463=AXIS2_PLACEMENT_3D('',#5845,#5846,#5847);
#3464=SURFACE_SIDE_STYLE('',(#5848));
#3465=EDGE_LOOP('',(#5849,#5850,#5851,#5852));
#3466=AXIS2_PLACEMENT_3D('',#5853,#5854,#5855);
#3467=SURFACE_SIDE_STYLE('',(#5856));
#3468=EDGE_LOOP('',(#5857,#5858,#5859,#5860));
#3469=AXIS2_PLACEMENT_3D('',#5861,#5862,#5863);
#3470=SURFACE_SIDE_STYLE('',(#5864));
#3471=EDGE_LOOP('',(#5865,#5866,#5867,#5868));
#3472=EDGE_LOOP('',(#5869,#5870,#5871,#5872));
#3473=AXIS2_PLACEMENT_3D('',#5873,#5874,#5875);
#3474=SURFACE_SIDE_STYLE('',(#5876));
#3475=EDGE_LOOP('',(#5877,#5878,#5879,#5880));
#3476=AXIS2_PLACEMENT_3D('',#5881,#5882,#5883);
#3477=SURFACE_SIDE_STYLE('',(#5884));
#3478=EDGE_LOOP('',(#5885,#5886,#5887,#5888,#5889,#5890,#5891));
#3479=AXIS2_PLACEMENT_3D('',#5892,#5893,#5894);
#3480=SURFACE_SIDE_STYLE('',(#5895));
#3481=EDGE_LOOP('',(#5896,#5897,#5898,#5899,#5900,#5901,#5902,#5903,#5904,#5905,#5906,#5907));
#3482=AXIS2_PLACEMENT_3D('',#5908,#5909,#5910);
#3483=SURFACE_SIDE_STYLE('',(#5911));
#3484=EDGE_LOOP('',(#5912,#5913,#5914,#5915));
#3485=AXIS2_PLACEMENT_3D('',#5916,#5917,#5918);
#3486=SURFACE_SIDE_STYLE('',(#5919));
#3487=EDGE_LOOP('',(#5920,#5921,#5922,#5923));
#3488=AXIS2_PLACEMENT_3D('',#5924,#5925,#5926);
#3489=SURFACE_SIDE_STYLE('',(#5927));
#3490=EDGE_LOOP('',(#5928,#5929,#5930,#5931,#5932,#5933,#5934,#5935,#5936,#5937));
#3491=EDGE_LOOP('',(#5938,#5939));
#3492=AXIS2_PLACEMENT_3D('',#5940,#5941,#5942);
#3493=SURFACE_SIDE_STYLE('',(#5943));
#3494=EDGE_LOOP('',(#5944,#5945,#5946,#5947));
#3495=AXIS2_PLACEMENT_3D('',#5948,#5949,#5950);
#3496=SURFACE_SIDE_STYLE('',(#5951));
#3497=EDGE_LOOP('',(#5952,#5953,#5954,#5955,#5956,#5957,#5958));
#3498=AXIS2_PLACEMENT_3D('',#5959,#5960,#5961);
#3499=SURFACE_SIDE_STYLE('',(#5962));
#3500=EDGE_LOOP('',(#5963,#5964,#5965,#5966));
#3501=AXIS2_PLACEMENT_3D('',#5967,#5968,#5969);
#3502=SURFACE_SIDE_STYLE('',(#5970));
#3503=EDGE_LOOP('',(#5971,#5972,#5973,#5974,#5975,#5976,#5977,#5978,#5979,#5980));
#3504=EDGE_LOOP('',(#5981,#5982));
#3505=AXIS2_PLACEMENT_3D('',#5983,#5984,#5985);
#3506=SURFACE_SIDE_STYLE('',(#5986));
#3507=EDGE_LOOP('',(#5987,#5988,#5989,#5990));
#3508=AXIS2_PLACEMENT_3D('',#5991,#5992,#5993);
#3509=SURFACE_SIDE_STYLE('',(#5994));
#3510=EDGE_LOOP('',(#5995,#5996,#5997,#5998,#5999,#6000,#6001));
#3511=AXIS2_PLACEMENT_3D('',#6002,#6003,#6004);
#3512=SURFACE_SIDE_STYLE('',(#6005));
#3513=EDGE_LOOP('',(#6006,#6007,#6008,#6009));
#3514=AXIS2_PLACEMENT_3D('',#6010,#6011,#6012);
#3515=SURFACE_SIDE_STYLE('',(#6013));
#3516=EDGE_LOOP('',(#6014,#6015,#6016,#6017));
#3517=AXIS2_PLACEMENT_3D('',#6018,#6019,#6020);
#3518=SURFACE_SIDE_STYLE('',(#6021));
#3519=EDGE_LOOP('',(#6022,#6023,#6024,#6025));
#3520=AXIS2_PLACEMENT_3D('',#6026,#6027,#6028);
#3521=SURFACE_SIDE_STYLE('',(#6029));
#3522=EDGE_LOOP('',(#6030,#6031,#6032,#6033));
#3523=AXIS2_PLACEMENT_3D('',#6034,#6035,#6036);
#3524=SURFACE_SIDE_STYLE('',(#6037));
#3525=EDGE_LOOP('',(#6038,#6039,#6040,#6041));
#3526=AXIS2_PLACEMENT_3D('',#6042,#6043,#6044);
#3527=SURFACE_SIDE_STYLE('',(#6045));
#3528=EDGE_LOOP('',(#6046,#6047,#6048,#6049));
#3529=AXIS2_PLACEMENT_3D('',#6050,#6051,#6052);
#3530=SURFACE_SIDE_STYLE('',(#6053));
#3531=EDGE_LOOP('',(#6054,#6055,#6056,#6057));
#3532=AXIS2_PLACEMENT_3D('',#6058,#6059,#6060);
#3533=SURFACE_SIDE_STYLE('',(#6061));
#3534=EDGE_LOOP('',(#6062,#6063,#6064,#6065));
#3535=AXIS2_PLACEMENT_3D('',#6066,#6067,#6068);
#3536=SURFACE_SIDE_STYLE('',(#6069));
#3537=EDGE_LOOP('',(#6070,#6071,#6072,#6073,#6074,#6075,#6076,#6077,#6078,#6079,#6080,#6081));
#3538=AXIS2_PLACEMENT_3D('',#6082,#6083,#6084);
#3539=SURFACE_SIDE_STYLE('',(#6085));
#3540=EDGE_LOOP('',(#6086,#6087,#6088,#6089));
#3541=EDGE_LOOP('',(#6090,#6091,#6092,#6093));
#3542=AXIS2_PLACEMENT_3D('',#6094,#6095,#6096);
#3543=SURFACE_SIDE_STYLE('',(#6097));
#3544=EDGE_LOOP('',(#6098,#6099,#6100,#6101));
#3545=AXIS2_PLACEMENT_3D('',#6102,#6103,#6104);
#3546=SURFACE_SIDE_STYLE('',(#6105));
#3547=EDGE_LOOP('',(#6106,#6107,#6108,#6109));
#3548=AXIS2_PLACEMENT_3D('',#6110,#6111,#6112);
#3549=SURFACE_SIDE_STYLE('',(#6113));
#3550=EDGE_LOOP('',(#6114,#6115,#6116,#6117));
#3551=AXIS2_PLACEMENT_3D('',#6118,#6119,#6120);
#3552=SURFACE_SIDE_STYLE('',(#6121));
#3553=EDGE_LOOP('',(#6122,#6123,#6124,#6125));
#3554=EDGE_LOOP('',(#6126,#6127,#6128,#6129));
#3555=AXIS2_PLACEMENT_3D('',#6130,#6131,#6132);
#3556=SURFACE_SIDE_STYLE('',(#6133));
#3557=EDGE_LOOP('',(#6134,#6135,#6136,#6137,#6138,#6139,#6140));
#3558=AXIS2_PLACEMENT_3D('',#6141,#6142,#6143);
#3559=SURFACE_SIDE_STYLE('',(#6144));
#3560=EDGE_LOOP('',(#6145,#6146,#6147,#6148));
#3561=EDGE_LOOP('',(#6149,#6150,#6151,#6152));
#3562=AXIS2_PLACEMENT_3D('',#6153,#6154,#6155);
#3563=SURFACE_SIDE_STYLE('',(#6156));
#3564=EDGE_LOOP('',(#6157,#6158,#6159,#6160));
#3565=AXIS2_PLACEMENT_3D('',#6161,#6162,#6163);
#3566=SURFACE_SIDE_STYLE('',(#6164));
#3567=EDGE_LOOP('',(#6165,#6166,#6167,#6168));
#3568=AXIS2_PLACEMENT_3D('',#6169,#6170,#6171);
#3569=SURFACE_SIDE_STYLE('',(#6172));
#3570=EDGE_LOOP('',(#6173,#6174,#6175,#6176));
#3571=EDGE_LOOP('',(#6177,#6178,#6179,#6180));
#3572=AXIS2_PLACEMENT_3D('',#6181,#6182,#6183);
#3573=SURFACE_SIDE_STYLE('',(#6184));
#3574=EDGE_LOOP('',(#6185,#6186,#6187,#6188,#6189,#6190,#6191));
#3575=AXIS2_PLACEMENT_3D('',#6192,#6193,#6194);
#3576=SURFACE_SIDE_STYLE('',(#6195));
#3577=EDGE_LOOP('',(#6196,#6197,#6198,#6199));
#3578=AXIS2_PLACEMENT_3D('',#6200,#6201,#6202);
#3579=SURFACE_SIDE_STYLE('',(#6203));
#3580=EDGE_LOOP('',(#6204,#6205,#6206,#6207,#6208,#6209,#6210,#6211,#6212,#6213));
#3581=EDGE_LOOP('',(#6214,#6215));
#3582=AXIS2_PLACEMENT_3D('',#6216,#6217,#6218);
#3583=SURFACE_SIDE_STYLE('',(#6219));
#3584=EDGE_LOOP('',(#6220,#6221,#6222,#6223));
#3585=AXIS2_PLACEMENT_3D('',#6224,#6225,#6226);
#3586=SURFACE_SIDE_STYLE('',(#6227));
#3587=EDGE_LOOP('',(#6228,#6229,#6230,#6231));
#3588=AXIS2_PLACEMENT_3D('',#6232,#6233,#6234);
#3589=SURFACE_SIDE_STYLE('',(#6235));
#3590=EDGE_LOOP('',(#6236,#6237,#6238,#6239));
#3591=AXIS2_PLACEMENT_3D('',#6240,#6241,#6242);
#3592=SURFACE_SIDE_STYLE('',(#6243));
#3593=EDGE_LOOP('',(#6244,#6245,#6246,#6247,#6248,#6249,#6250));
#3594=AXIS2_PLACEMENT_3D('',#6251,#6252,#6253);
#3595=SURFACE_SIDE_STYLE('',(#6254));
#3596=EDGE_LOOP('',(#6255,#6256,#6257,#6258));
#3597=AXIS2_PLACEMENT_3D('',#6259,#6260,#6261);
#3598=SURFACE_SIDE_STYLE('',(#6262));
#3599=EDGE_LOOP('',(#6263,#6264,#6265,#6266,#6267,#6268,#6269,#6270,#6271,#6272));
#3600=EDGE_LOOP('',(#6273,#6274));
#3601=AXIS2_PLACEMENT_3D('',#6275,#6276,#6277);
#3602=SURFACE_SIDE_STYLE('',(#6278));
#3603=EDGE_LOOP('',(#6279,#6280,#6281,#6282,#6283,#6284,#6285));
#3604=AXIS2_PLACEMENT_3D('',#6286,#6287,#6288);
#3605=SURFACE_SIDE_STYLE('',(#6289));
#3606=EDGE_LOOP('',(#6290,#6291,#6292,#6293,#6294,#6295,#6296,#6297,#6298,#6299,#6300,#6301));
#3607=AXIS2_PLACEMENT_3D('',#6302,#6303,#6304);
#3608=SURFACE_SIDE_STYLE('',(#6305));
#3609=EDGE_LOOP('',(#6306,#6307,#6308,#6309,#6310,#6311,#6312));
#3610=AXIS2_PLACEMENT_3D('',#6313,#6314,#6315);
#3611=SURFACE_SIDE_STYLE('',(#6316));
#3612=EDGE_LOOP('',(#6317,#6318,#6319,#6320));
#3613=AXIS2_PLACEMENT_3D('',#6321,#6322,#6323);
#3614=SURFACE_SIDE_STYLE('',(#6324));
#3615=EDGE_LOOP('',(#6325,#6326,#6327,#6328));
#3616=AXIS2_PLACEMENT_3D('',#6329,#6330,#6331);
#3617=SURFACE_SIDE_STYLE('',(#6332));
#3618=EDGE_LOOP('',(#6333,#6334,#6335,#6336));
#3619=AXIS2_PLACEMENT_3D('',#6337,#6338,#6339);
#3620=SURFACE_SIDE_STYLE('',(#6340));
#3621=EDGE_LOOP('',(#6341,#6342,#6343,#6344));
#3622=EDGE_LOOP('',(#6345,#6346,#6347,#6348));
#3623=AXIS2_PLACEMENT_3D('',#6349,#6350,#6351);
#3624=SURFACE_SIDE_STYLE('',(#6352));
#3625=EDGE_LOOP('',(#6353,#6354,#6355,#6356));
#3626=AXIS2_PLACEMENT_3D('',#6357,#6358,#6359);
#3627=SURFACE_SIDE_STYLE('',(#6360));
#3628=EDGE_LOOP('',(#6361,#6362,#6363,#6364));
#3629=AXIS2_PLACEMENT_3D('',#6365,#6366,#6367);
#3630=SURFACE_SIDE_STYLE('',(#6368));
#3631=EDGE_LOOP('',(#6369,#6370,#6371,#6372));
#3632=AXIS2_PLACEMENT_3D('',#6373,#6374,#6375);
#3633=SURFACE_SIDE_STYLE('',(#6376));
#3634=EDGE_LOOP('',(#6377,#6378,#6379,#6380));
#3635=EDGE_LOOP('',(#6381,#6382,#6383,#6384));
#3636=AXIS2_PLACEMENT_3D('',#6385,#6386,#6387);
#3637=SURFACE_SIDE_STYLE('',(#6388));
#3638=EDGE_LOOP('',(#6389,#6390,#6391,#6392));
#3639=AXIS2_PLACEMENT_3D('',#6393,#6394,#6395);
#3640=SURFACE_SIDE_STYLE('',(#6396));
#3641=EDGE_LOOP('',(#6397,#6398,#6399,#6400));
#3642=EDGE_LOOP('',(#6401,#6402,#6403,#6404));
#3643=AXIS2_PLACEMENT_3D('',#6405,#6406,#6407);
#3644=SURFACE_SIDE_STYLE('',(#6408));
#3645=EDGE_LOOP('',(#6409,#6410,#6411,#6412));
#3646=EDGE_LOOP('',(#6413,#6414,#6415,#6416));
#3647=AXIS2_PLACEMENT_3D('',#6417,#6418,#6419);
#3648=SURFACE_SIDE_STYLE('',(#6420));
#3649=EDGE_LOOP('',(#6421,#6422,#6423,#6424,#6425,#6426,#6427));
#3650=AXIS2_PLACEMENT_3D('',#6428,#6429,#6430);
#3651=SURFACE_SIDE_STYLE('',(#6431));
#3652=EDGE_LOOP('',(#6432,#6433,#6434,#6435));
#3653=AXIS2_PLACEMENT_3D('',#6436,#6437,#6438);
#3654=SURFACE_SIDE_STYLE('',(#6439));
#3655=EDGE_LOOP('',(#6440,#6441,#6442,#6443));
#3656=AXIS2_PLACEMENT_3D('',#6444,#6445,#6446);
#3657=SURFACE_SIDE_STYLE('',(#6447));
#3658=EDGE_LOOP('',(#6448,#6449,#6450,#6451));
#3659=AXIS2_PLACEMENT_3D('',#6452,#6453,#6454);
#3660=SURFACE_SIDE_STYLE('',(#6455));
#3661=EDGE_LOOP('',(#6456,#6457,#6458,#6459,#6460,#6461,#6462,#6463,#6464,#6465,#6466,#6467));
#3662=AXIS2_PLACEMENT_3D('',#6468,#6469,#6470);
#3663=SURFACE_SIDE_STYLE('',(#6471));
#3664=EDGE_LOOP('',(#6472,#6473,#6474,#6475));
#3665=AXIS2_PLACEMENT_3D('',#6476,#6477,#6478);
#3666=SURFACE_SIDE_STYLE('',(#6479));
#3667=EDGE_LOOP('',(#6480,#6481,#6482,#6483));
#3668=AXIS2_PLACEMENT_3D('',#6484,#6485,#6486);
#3669=SURFACE_SIDE_STYLE('',(#6487));
#3670=EDGE_LOOP('',(#6488,#6489,#6490,#6491));
#3671=AXIS2_PLACEMENT_3D('',#6492,#6493,#6494);
#3672=SURFACE_SIDE_STYLE('',(#6495));
#3673=EDGE_LOOP('',(#6496,#6497,#6498,#6499,#6500,#6501,#6502,#6503,#6504,#6505));
#3674=EDGE_LOOP('',(#6506,#6507));
#3675=AXIS2_PLACEMENT_3D('',#6508,#6509,#6510);
#3676=SURFACE_SIDE_STYLE('',(#6511));
#3677=EDGE_LOOP('',(#6512,#6513,#6514,#6515));
#3678=AXIS2_PLACEMENT_3D('',#6516,#6517,#6518);
#3679=SURFACE_SIDE_STYLE('',(#6519));
#3680=EDGE_LOOP('',(#6520,#6521,#6522,#6523,#6524,#6525,#6526,#6527,#6528,#6529));
#3681=EDGE_LOOP('',(#6530,#6531));
#3682=AXIS2_PLACEMENT_3D('',#6532,#6533,#6534);
#3683=SURFACE_SIDE_STYLE('',(#6535));
#3684=EDGE_LOOP('',(#6536,#6537,#6538,#6539,#6540,#6541,#6542));
#3685=AXIS2_PLACEMENT_3D('',#6543,#6544,#6545);
#3686=SURFACE_SIDE_STYLE('',(#6546));
#3687=EDGE_LOOP('',(#6547,#6548,#6549,#6550,#6551,#6552,#6553,#6554,#6555,#6556,#6557,#6558));
#3688=AXIS2_PLACEMENT_3D('',#6559,#6560,#6561);
#3689=SURFACE_SIDE_STYLE('',(#6562));
#3690=EDGE_LOOP('',(#6563,#6564,#6565,#6566,#6567,#6568,#6569));
#3691=AXIS2_PLACEMENT_3D('',#6570,#6571,#6572);
#3692=SURFACE_SIDE_STYLE('',(#6573));
#3693=EDGE_LOOP('',(#6574,#6575,#6576,#6577));
#3694=EDGE_LOOP('',(#6578,#6579,#6580,#6581));
#3695=AXIS2_PLACEMENT_3D('',#6582,#6583,#6584);
#3696=SURFACE_SIDE_STYLE('',(#6585));
#3697=EDGE_LOOP('',(#6586,#6587,#6588,#6589));
#3698=AXIS2_PLACEMENT_3D('',#6590,#6591,#6592);
#3699=SURFACE_SIDE_STYLE('',(#6593));
#3700=EDGE_LOOP('',(#6594,#6595,#6596,#6597));
#3701=AXIS2_PLACEMENT_3D('',#6598,#6599,#6600);
#3702=SURFACE_SIDE_STYLE('',(#6601));
#3703=EDGE_LOOP('',(#6602,#6603,#6604,#6605));
#3704=AXIS2_PLACEMENT_3D('',#6606,#6607,#6608);
#3705=SURFACE_SIDE_STYLE('',(#6609));
#3706=EDGE_LOOP('',(#6610,#6611,#6612,#6613));
#3707=EDGE_LOOP('',(#6614,#6615,#6616,#6617));
#3708=AXIS2_PLACEMENT_3D('',#6618,#6619,#6620);
#3709=SURFACE_SIDE_STYLE('',(#6621));
#3710=EDGE_LOOP('',(#6622,#6623,#6624,#6625));
#3711=AXIS2_PLACEMENT_3D('',#6626,#6627,#6628);
#3712=SURFACE_SIDE_STYLE('',(#6629));
#3713=EDGE_LOOP('',(#6630,#6631,#6632,#6633,#6634,#6635,#6636));
#3714=AXIS2_PLACEMENT_3D('',#6637,#6638,#6639);
#3715=SURFACE_SIDE_STYLE('',(#6640));
#3716=EDGE_LOOP('',(#6641,#6642,#6643,#6644));
#3717=AXIS2_PLACEMENT_3D('',#6645,#6646,#6647);
#3718=SURFACE_SIDE_STYLE('',(#6648));
#3719=EDGE_LOOP('',(#6649,#6650,#6651,#6652,#6653,#6654,#6655,#6656,#6657,#6658));
#3720=EDGE_LOOP('',(#6659,#6660));
#3721=AXIS2_PLACEMENT_3D('',#6661,#6662,#6663);
#3722=SURFACE_SIDE_STYLE('',(#6664));
#3723=EDGE_LOOP('',(#6665,#6666,#6667,#6668));
#3724=AXIS2_PLACEMENT_3D('',#6669,#6670,#6671);
#3725=SURFACE_SIDE_STYLE('',(#6672));
#3726=EDGE_LOOP('',(#6673,#6674,#6675,#6676,#6677,#6678,#6679));
#3727=AXIS2_PLACEMENT_3D('',#6680,#6681,#6682);
#3728=SURFACE_SIDE_STYLE('',(#6683));
#3729=EDGE_LOOP('',(#6684,#6685,#6686,#6687));
#3730=AXIS2_PLACEMENT_3D('',#6688,#6689,#6690);
#3731=SURFACE_SIDE_STYLE('',(#6691));
#3732=EDGE_LOOP('',(#6692,#6693,#6694,#6695));
#3733=AXIS2_PLACEMENT_3D('',#6696,#6697,#6698);
#3734=SURFACE_SIDE_STYLE('',(#6699));
#3735=EDGE_LOOP('',(#6700,#6701,#6702,#6703));
#3736=AXIS2_PLACEMENT_3D('',#6704,#6705,#6706);
#3737=SURFACE_SIDE_STYLE('',(#6707));
#3738=EDGE_LOOP('',(#6708,#6709,#6710,#6711,#6712,#6713,#6714,#6715,#6716,#6717));
#3739=EDGE_LOOP('',(#6718,#6719));
#3740=AXIS2_PLACEMENT_3D('',#6720,#6721,#6722);
#3741=SURFACE_SIDE_STYLE('',(#6723));
#3742=EDGE_LOOP('',(#6724,#6725,#6726,#6727,#6728,#6729,#6730,#6731,#6732,#6733,#6734,#6735));
#3743=AXIS2_PLACEMENT_3D('',#6736,#6737,#6738);
#3744=SURFACE_SIDE_STYLE('',(#6739));
#3745=EDGE_LOOP('',(#6740,#6741,#6742,#6743));
#3746=AXIS2_PLACEMENT_3D('',#6744,#6745,#6746);
#3747=SURFACE_SIDE_STYLE('',(#6747));
#3748=EDGE_LOOP('',(#6748,#6749,#6750,#6751,#6752,#6753,#6754));
#3749=AXIS2_PLACEMENT_3D('',#6755,#6756,#6757);
#3750=SURFACE_SIDE_STYLE('',(#6758));
#3751=EDGE_LOOP('',(#6759,#6760,#6761,#6762));
#3752=AXIS2_PLACEMENT_3D('',#6763,#6764,#6765);
#3753=SURFACE_SIDE_STYLE('',(#6766));
#3754=EDGE_LOOP('',(#6767,#6768,#6769,#6770));
#3755=AXIS2_PLACEMENT_3D('',#6771,#6772,#6773);
#3756=SURFACE_SIDE_STYLE('',(#6774));
#3757=EDGE_LOOP('',(#6775,#6776,#6777,#6778));
#3758=AXIS2_PLACEMENT_3D('',#6779,#6780,#6781);
#3759=SURFACE_SIDE_STYLE('',(#6782));
#3760=EDGE_LOOP('',(#6783,#6784,#6785,#6786));
#3761=AXIS2_PLACEMENT_3D('',#6787,#6788,#6789);
#3762=SURFACE_SIDE_STYLE('',(#6790));
#3763=EDGE_LOOP('',(#6791,#6792,#6793,#6794));
#3764=AXIS2_PLACEMENT_3D('',#6795,#6796,#6797);
#3765=SURFACE_SIDE_STYLE('',(#6798));
#3766=EDGE_LOOP('',(#6799,#6800,#6801,#6802));
#3767=AXIS2_PLACEMENT_3D('',#6803,#6804,#6805);
#3768=SURFACE_SIDE_STYLE('',(#6806));
#3769=EDGE_LOOP('',(#6807,#6808,#6809,#6810));
#3770=AXIS2_PLACEMENT_3D('',#6811,#6812,#6813);
#3771=SURFACE_SIDE_STYLE('',(#6814));
#3772=EDGE_LOOP('',(#6815,#6816,#6817,#6818,#6819,#6820,#6821,#6822,#6823,#6824,#6825,#6826));
#3773=AXIS2_PLACEMENT_3D('',#6827,#6828,#6829);
#3774=SURFACE_SIDE_STYLE('',(#6830));
#3775=EDGE_LOOP('',(#6831,#6832,#6833,#6834));
#3776=EDGE_LOOP('',(#6835,#6836,#6837,#6838));
#3777=AXIS2_PLACEMENT_3D('',#6839,#6840,#6841);
#3778=SURFACE_SIDE_STYLE('',(#6842));
#3779=EDGE_LOOP('',(#6843,#6844,#6845,#6846));
#3780=AXIS2_PLACEMENT_3D('',#6847,#6848,#6849);
#3781=SURFACE_SIDE_STYLE('',(#6850));
#3782=EDGE_LOOP('',(#6851,#6852,#6853,#6854));
#3783=AXIS2_PLACEMENT_3D('',#6855,#6856,#6857);
#3784=SURFACE_SIDE_STYLE('',(#6858));
#3785=EDGE_LOOP('',(#6859,#6860,#6861,#6862));
#3786=AXIS2_PLACEMENT_3D('',#6863,#6864,#6865);
#3787=SURFACE_SIDE_STYLE('',(#6866));
#3788=EDGE_LOOP('',(#6867,#6868,#6869,#6870));
#3789=EDGE_LOOP('',(#6871,#6872,#6873,#6874));
#3790=AXIS2_PLACEMENT_3D('',#6875,#6876,#6877);
#3791=SURFACE_SIDE_STYLE('',(#6878));
#3792=EDGE_LOOP('',(#6879,#6880,#6881,#6882,#6883,#6884,#6885,#6886,#6887,#6888));
#3793=EDGE_LOOP('',(#6889,#6890));
#3794=AXIS2_PLACEMENT_3D('',#6891,#6892,#6893);
#3795=SURFACE_SIDE_STYLE('',(#6894));
#3796=EDGE_LOOP('',(#6895,#6896,#6897,#6898));
#3797=AXIS2_PLACEMENT_3D('',#6899,#6900,#6901);
#3798=SURFACE_SIDE_STYLE('',(#6902));
#3799=EDGE_LOOP('',(#6903,#6904,#6905,#6906,#6907,#6908,#6909,#6910,#6911,#6912));
#3800=EDGE_LOOP('',(#6913,#6914));
#3801=AXIS2_PLACEMENT_3D('',#6915,#6916,#6917);
#3802=SURFACE_SIDE_STYLE('',(#6918));
#3803=EDGE_LOOP('',(#6919,#6920,#6921,#6922,#6923,#6924,#6925));
#3804=AXIS2_PLACEMENT_3D('',#6926,#6927,#6928);
#3805=SURFACE_SIDE_STYLE('',(#6929));
#3806=EDGE_LOOP('',(#6930,#6931,#6932,#6933,#6934,#6935,#6936,#6937,#6938,#6939,#6940,#6941));
#3807=AXIS2_PLACEMENT_3D('',#6942,#6943,#6944);
#3808=SURFACE_SIDE_STYLE('',(#6945));
#3809=EDGE_LOOP('',(#6946,#6947,#6948,#6949));
#3810=AXIS2_PLACEMENT_3D('',#6950,#6951,#6952);
#3811=SURFACE_SIDE_STYLE('',(#6953));
#3812=EDGE_LOOP('',(#6954,#6955,#6956,#6957,#6958,#6959,#6960));
#3813=AXIS2_PLACEMENT_3D('',#6961,#6962,#6963);
#3814=SURFACE_SIDE_STYLE('',(#6964));
#3815=EDGE_LOOP('',(#6965,#6966,#6967,#6968,#6969,#6970,#6971,#6972,#6973,#6974,#6975,#6976));
#3816=AXIS2_PLACEMENT_3D('',#6977,#6978,#6979);
#3817=SURFACE_SIDE_STYLE('',(#6980));
#3818=EDGE_LOOP('',(#6981,#6982,#6983,#6984));
#3819=EDGE_LOOP('',(#6985,#6986,#6987,#6988));
#3820=AXIS2_PLACEMENT_3D('',#6989,#6990,#6991);
#3821=SURFACE_SIDE_STYLE('',(#6992));
#3822=EDGE_LOOP('',(#6993,#6994,#6995,#6996));
#3823=AXIS2_PLACEMENT_3D('',#6997,#6998,#6999);
#3824=SURFACE_SIDE_STYLE('',(#7000));
#3825=EDGE_LOOP('',(#7001,#7002,#7003,#7004));
#3826=AXIS2_PLACEMENT_3D('',#7005,#7006,#7007);
#3827=SURFACE_SIDE_STYLE('',(#7008));
#3828=EDGE_LOOP('',(#7009,#7010,#7011,#7012));
#3829=AXIS2_PLACEMENT_3D('',#7013,#7014,#7015);
#3830=SURFACE_SIDE_STYLE('',(#7016));
#3831=EDGE_LOOP('',(#7017,#7018,#7019,#7020));
#3832=AXIS2_PLACEMENT_3D('',#7021,#7022,#7023);
#3833=SURFACE_SIDE_STYLE('',(#7024));
#3834=EDGE_LOOP('',(#7025,#7026,#7027,#7028));
#3835=AXIS2_PLACEMENT_3D('',#7029,#7030,#7031);
#3836=SURFACE_SIDE_STYLE('',(#7032));
#3837=EDGE_LOOP('',(#7033,#7034,#7035,#7036));
#3838=AXIS2_PLACEMENT_3D('',#7037,#7038,#7039);
#3839=SURFACE_SIDE_STYLE('',(#7040));
#3840=EDGE_LOOP('',(#7041,#7042,#7043,#7044));
#3841=AXIS2_PLACEMENT_3D('',#7045,#7046,#7047);
#3842=SURFACE_SIDE_STYLE('',(#7048));
#3843=EDGE_LOOP('',(#7049,#7050,#7051,#7052));
#3844=AXIS2_PLACEMENT_3D('',#7053,#7054,#7055);
#3845=SURFACE_SIDE_STYLE('',(#7056));
#3846=EDGE_LOOP('',(#7057,#7058,#7059,#7060));
#3847=AXIS2_PLACEMENT_3D('',#7061,#7062,#7063);
#3848=SURFACE_SIDE_STYLE('',(#7064));
#3849=EDGE_LOOP('',(#7065,#7066,#7067,#7068));
#3850=AXIS2_PLACEMENT_3D('',#7069,#7070,#7071);
#3851=SURFACE_SIDE_STYLE('',(#7072));
#3852=EDGE_LOOP('',(#7073,#7074,#7075,#7076,#7077,#7078,#7079));
#3853=AXIS2_PLACEMENT_3D('',#7080,#7081,#7082);
#3854=SURFACE_SIDE_STYLE('',(#7083));
#3855=EDGE_LOOP('',(#7084,#7085,#7086,#7087));
#3856=AXIS2_PLACEMENT_3D('',#7088,#7089,#7090);
#3857=SURFACE_SIDE_STYLE('',(#7091));
#3858=EDGE_LOOP('',(#7092,#7093,#7094,#7095));
#3859=AXIS2_PLACEMENT_3D('',#7096,#7097,#7098);
#3860=SURFACE_SIDE_STYLE('',(#7099));
#3861=EDGE_LOOP('',(#7100,#7101,#7102,#7103));
#3862=AXIS2_PLACEMENT_3D('',#7104,#7105,#7106);
#3863=SURFACE_SIDE_STYLE('',(#7107));
#3864=EDGE_LOOP('',(#7108,#7109,#7110,#7111));
#3865=AXIS2_PLACEMENT_3D('',#7112,#7113,#7114);
#3866=SURFACE_SIDE_STYLE('',(#7115));
#3867=EDGE_LOOP('',(#7116,#7117,#7118,#7119,#7120,#7121,#7122));
#3868=AXIS2_PLACEMENT_3D('',#7123,#7124,#7125);
#3869=SURFACE_SIDE_STYLE('',(#7126));
#3870=EDGE_LOOP('',(#7127,#7128,#7129,#7130));
#3871=AXIS2_PLACEMENT_3D('',#7131,#7132,#7133);
#3872=SURFACE_SIDE_STYLE('',(#7134));
#3873=EDGE_LOOP('',(#7135,#7136,#7137,#7138));
#3874=AXIS2_PLACEMENT_3D('',#7139,#7140,#7141);
#3875=SURFACE_SIDE_STYLE('',(#7142));
#3876=EDGE_LOOP('',(#7143,#7144,#7145,#7146));
#3877=AXIS2_PLACEMENT_3D('',#7147,#7148,#7149);
#3878=SURFACE_SIDE_STYLE('',(#7150));
#3879=EDGE_LOOP('',(#7151,#7152,#7153,#7154,#7155,#7156,#7157));
#3880=AXIS2_PLACEMENT_3D('',#7158,#7159,#7160);
#3881=SURFACE_SIDE_STYLE('',(#7161));
#3882=EDGE_LOOP('',(#7162,#7163,#7164,#7165));
#3883=AXIS2_PLACEMENT_3D('',#7166,#7167,#7168);
#3884=SURFACE_SIDE_STYLE('',(#7169));
#3885=EDGE_LOOP('',(#7170,#7171,#7172,#7173));
#3886=AXIS2_PLACEMENT_3D('',#7174,#7175,#7176);
#3887=SURFACE_SIDE_STYLE('',(#7177));
#3888=EDGE_LOOP('',(#7178,#7179,#7180,#7181));
#3889=AXIS2_PLACEMENT_3D('',#7182,#7183,#7184);
#3890=SURFACE_SIDE_STYLE('',(#7185));
#3891=EDGE_LOOP('',(#7186,#7187,#7188,#7189,#7190,#7191,#7192));
#3892=AXIS2_PLACEMENT_3D('',#7193,#7194,#7195);
#3893=SURFACE_SIDE_STYLE('',(#7196));
#3894=EDGE_LOOP('',(#7197,#7198,#7199,#7200));
#3895=AXIS2_PLACEMENT_3D('',#7201,#7202,#7203);
#3896=SURFACE_SIDE_STYLE('',(#7204));
#3897=EDGE_LOOP('',(#7205,#7206,#7207,#7208));
#3898=AXIS2_PLACEMENT_3D('',#7209,#7210,#7211);
#3899=SURFACE_SIDE_STYLE('',(#7212));
#3900=EDGE_LOOP('',(#7213,#7214,#7215,#7216));
#3901=AXIS2_PLACEMENT_3D('',#7217,#7218,#7219);
#3902=SURFACE_SIDE_STYLE('',(#7220));
#3903=EDGE_LOOP('',(#7221,#7222,#7223,#7224));
#3904=AXIS2_PLACEMENT_3D('',#7225,#7226,#7227);
#3905=SURFACE_SIDE_STYLE('',(#7228));
#3906=EDGE_LOOP('',(#7229,#7230,#7231,#7232));
#3907=AXIS2_PLACEMENT_3D('',#7233,#7234,#7235);
#3908=SURFACE_SIDE_STYLE('',(#7236));
#3909=EDGE_LOOP('',(#7237,#7238,#7239,#7240));
#3910=AXIS2_PLACEMENT_3D('',#7241,#7242,#7243);
#3911=SURFACE_SIDE_STYLE('',(#7244));
#3912=EDGE_LOOP('',(#7245,#7246,#7247,#7248));
#3913=AXIS2_PLACEMENT_3D('',#7249,#7250,#7251);
#3914=SURFACE_SIDE_STYLE('',(#7252));
#3915=EDGE_LOOP('',(#7253,#7254,#7255,#7256,#7257,#7258,#7259));
#3916=AXIS2_PLACEMENT_3D('',#7260,#7261,#7262);
#3917=SURFACE_SIDE_STYLE('',(#7263));
#3918=EDGE_LOOP('',(#7264,#7265,#7266,#7267));
#3919=AXIS2_PLACEMENT_3D('',#7268,#7269,#7270);
#3920=SURFACE_SIDE_STYLE('',(#7271));
#3921=EDGE_LOOP('',(#7272,#7273,#7274,#7275,#7276,#7277,#7278,#7279,#7280,#7281));
#3922=EDGE_LOOP('',(#7282,#7283));
#3923=AXIS2_PLACEMENT_3D('',#7284,#7285,#7286);
#3924=SURFACE_SIDE_STYLE('',(#7287));
#3925=EDGE_LOOP('',(#7288,#7289,#7290,#7291));
#3926=AXIS2_PLACEMENT_3D('',#7292,#7293,#7294);
#3927=SURFACE_SIDE_STYLE('',(#7295));
#3928=EDGE_LOOP('',(#7296,#7297,#7298,#7299));
#3929=AXIS2_PLACEMENT_3D('',#7300,#7301,#7302);
#3930=SURFACE_SIDE_STYLE('',(#7303));
#3931=EDGE_LOOP('',(#7304,#7305,#7306,#7307,#7308,#7309,#7310,#7311,#7312,#7313,#7314,#7315));
#3932=AXIS2_PLACEMENT_3D('',#7316,#7317,#7318);
#3933=SURFACE_SIDE_STYLE('',(#7319));
#3934=EDGE_LOOP('',(#7320,#7321,#7322,#7323));
#3935=AXIS2_PLACEMENT_3D('',#7324,#7325,#7326);
#3936=SURFACE_SIDE_STYLE('',(#7327));
#3937=EDGE_LOOP('',(#7328,#7329,#7330,#7331,#7332,#7333,#7334));
#3938=AXIS2_PLACEMENT_3D('',#7335,#7336,#7337);
#3939=SURFACE_SIDE_STYLE('',(#7338));
#3940=EDGE_LOOP('',(#7339,#7340,#7341,#7342));
#3941=AXIS2_PLACEMENT_3D('',#7343,#7344,#7345);
#3942=SURFACE_SIDE_STYLE('',(#7346));
#3943=EDGE_LOOP('',(#7347,#7348,#7349,#7350));
#3944=AXIS2_PLACEMENT_3D('',#7351,#7352,#7353);
#3945=SURFACE_SIDE_STYLE('',(#7354));
#3946=EDGE_LOOP('',(#7355,#7356,#7357,#7358,#7359,#7360,#7361,#7362,#7363,#7364,#7365,#7366));
#3947=AXIS2_PLACEMENT_3D('',#7367,#7368,#7369);
#3948=SURFACE_SIDE_STYLE('',(#7370));
#3949=EDGE_LOOP('',(#7371,#7372,#7373,#7374,#7375,#7376,#7377));
#3950=AXIS2_PLACEMENT_3D('',#7378,#7379,#7380);
#3951=SURFACE_SIDE_STYLE('',(#7381));
#3952=EDGE_LOOP('',(#7382,#7383,#7384,#7385));
#3953=AXIS2_PLACEMENT_3D('',#7386,#7387,#7388);
#3954=SURFACE_SIDE_STYLE('',(#7389));
#3955=EDGE_LOOP('',(#7390,#7391,#7392,#7393));
#3956=AXIS2_PLACEMENT_3D('',#7394,#7395,#7396);
#3957=SURFACE_SIDE_STYLE('',(#7397));
#3958=EDGE_LOOP('',(#7398,#7399,#7400,#7401));
#3959=AXIS2_PLACEMENT_3D('',#7402,#7403,#7404);
#3960=SURFACE_SIDE_STYLE('',(#7405));
#3961=EDGE_LOOP('',(#7406,#7407,#7408,#7409,#7410,#7411,#7412,#7413,#7414,#7415));
#3962=EDGE_LOOP('',(#7416,#7417));
#3963=AXIS2_PLACEMENT_3D('',#7418,#7419,#7420);
#3964=SURFACE_SIDE_STYLE('',(#7421));
#3965=EDGE_LOOP('',(#7422,#7423,#7424,#7425));
#3966=AXIS2_PLACEMENT_3D('',#7426,#7427,#7428);
#3967=SURFACE_SIDE_STYLE('',(#7429));
#3968=EDGE_LOOP('',(#7430,#7431,#7432,#7433,#7434,#7435,#7436));
#3969=AXIS2_PLACEMENT_3D('',#7437,#7438,#7439);
#3970=SURFACE_SIDE_STYLE('',(#7440));
#3971=EDGE_LOOP('',(#7441,#7442,#7443,#7444));
#3972=AXIS2_PLACEMENT_3D('',#7445,#7446,#7447);
#3973=SURFACE_SIDE_STYLE('',(#7448));
#3974=EDGE_LOOP('',(#7449,#7450,#7451,#7452));
#3975=AXIS2_PLACEMENT_3D('',#7453,#7454,#7455);
#3976=SURFACE_SIDE_STYLE('',(#7456));
#3977=EDGE_LOOP('',(#7457,#7458,#7459,#7460));
#3978=AXIS2_PLACEMENT_3D('',#7461,#7462,#7463);
#3979=SURFACE_SIDE_STYLE('',(#7464));
#3980=EDGE_LOOP('',(#7465,#7466,#7467,#7468));
#3981=AXIS2_PLACEMENT_3D('',#7469,#7470,#7471);
#3982=SURFACE_SIDE_STYLE('',(#7472));
#3983=EDGE_LOOP('',(#7473,#7474,#7475,#7476));
#3984=AXIS2_PLACEMENT_3D('',#7477,#7478,#7479);
#3985=SURFACE_SIDE_STYLE('',(#7480));
#3986=EDGE_LOOP('',(#7481,#7482,#7483,#7484));
#3987=AXIS2_PLACEMENT_3D('',#7485,#7486,#7487);
#3988=SURFACE_SIDE_STYLE('',(#7488));
#3989=EDGE_LOOP('',(#7489,#7490,#7491,#7492));
#3990=AXIS2_PLACEMENT_3D('',#7493,#7494,#7495);
#3991=SURFACE_SIDE_STYLE('',(#7496));
#3992=EDGE_LOOP('',(#7497,#7498,#7499,#7500));
#3993=AXIS2_PLACEMENT_3D('',#7501,#7502,#7503);
#3994=SURFACE_SIDE_STYLE('',(#7504));
#3995=EDGE_LOOP('',(#7505,#7506,#7507,#7508,#7509,#7510,#7511,#7512,#7513,#7514,#7515,#7516));
#3996=AXIS2_PLACEMENT_3D('',#7517,#7518,#7519);
#3997=SURFACE_SIDE_STYLE('',(#7520));
#3998=EDGE_LOOP('',(#7521,#7522,#7523,#7524));
#3999=AXIS2_PLACEMENT_3D('',#7525,#7526,#7527);
#4000=SURFACE_SIDE_STYLE('',(#7528));
#4001=EDGE_LOOP('',(#7529,#7530,#7531,#7532));
#4002=AXIS2_PLACEMENT_3D('',#7533,#7534,#7535);
#4003=SURFACE_SIDE_STYLE('',(#7536));
#4004=EDGE_LOOP('',(#7537,#7538,#7539,#7540,#7541,#7542,#7543,#7544,#7545,#7546));
#4005=EDGE_LOOP('',(#7547,#7548));
#4006=AXIS2_PLACEMENT_3D('',#7549,#7550,#7551);
#4007=SURFACE_SIDE_STYLE('',(#7552));
#4008=EDGE_LOOP('',(#7553,#7554,#7555,#7556,#7557,#7558,#7559,#7560,#7561,#7562,#7563,#7564));
#4009=AXIS2_PLACEMENT_3D('',#7565,#7566,#7567);
#4010=SURFACE_SIDE_STYLE('',(#7568));
#4011=EDGE_LOOP('',(#7569,#7570,#7571,#7572,#7573,#7574,#7575,#7576,#7577,#7578));
#4012=EDGE_LOOP('',(#7579,#7580,#7581));
#4013=AXIS2_PLACEMENT_3D('',#7582,#7583,#7584);
#4014=SURFACE_SIDE_STYLE('',(#7585));
#4015=EDGE_LOOP('',(#7586,#7587,#7588,#7589,#7590));
#4016=AXIS2_PLACEMENT_3D('',#7591,#7592,#7593);
#4017=SURFACE_SIDE_STYLE('',(#7594));
#4018=EDGE_LOOP('',(#7595,#7596,#7597,#7598));
#4019=AXIS2_PLACEMENT_3D('',#7599,#7600,#7601);
#4020=SURFACE_SIDE_STYLE('',(#7602));
#4021=EDGE_LOOP('',(#7603,#7604,#7605,#7606,#7607,#7608,#7609));
#4022=AXIS2_PLACEMENT_3D('',#7610,#7611,#7612);
#4023=SURFACE_SIDE_STYLE('',(#7613));
#4024=EDGE_LOOP('',(#7614,#7615,#7616,#7617));
#4025=AXIS2_PLACEMENT_3D('',#7618,#7619,#7620);
#4026=SURFACE_SIDE_STYLE('',(#7621));
#4027=EDGE_LOOP('',(#7622,#7623,#7624,#7625));
#4028=AXIS2_PLACEMENT_3D('',#7626,#7627,#7628);
#4029=SURFACE_SIDE_STYLE('',(#7629));
#4030=EDGE_LOOP('',(#7630,#7631,#7632,#7633,#7634,#7635,#7636,#7637,#7638,#7639,#7640,#7641));
#4031=AXIS2_PLACEMENT_3D('',#7642,#7643,#7644);
#4032=SURFACE_SIDE_STYLE('',(#7645));
#4033=EDGE_LOOP('',(#7646,#7647,#7648,#7649,#7650,#7651,#7652));
#4034=AXIS2_PLACEMENT_3D('',#7653,#7654,#7655);
#4035=SURFACE_SIDE_STYLE('',(#7656));
#4036=EDGE_LOOP('',(#7657,#7658,#7659,#7660));
#4037=AXIS2_PLACEMENT_3D('',#7661,#7662,#7663);
#4038=SURFACE_SIDE_STYLE('',(#7664));
#4039=EDGE_LOOP('',(#7665,#7666,#7667,#7668));
#4040=AXIS2_PLACEMENT_3D('',#7669,#7670,#7671);
#4041=SURFACE_SIDE_STYLE('',(#7672));
#4042=EDGE_LOOP('',(#7673,#7674,#7675,#7676));
#4043=AXIS2_PLACEMENT_3D('',#7677,#7678,#7679);
#4044=SURFACE_SIDE_STYLE('',(#7680));
#4045=EDGE_LOOP('',(#7681,#7682,#7683,#7684));
#4046=AXIS2_PLACEMENT_3D('',#7685,#7686,#7687);
#4047=SURFACE_SIDE_STYLE('',(#7688));
#4048=EDGE_LOOP('',(#7689,#7690,#7691,#7692,#7693,#7694,#7695));
#4049=AXIS2_PLACEMENT_3D('',#7696,#7697,#7698);
#4050=SURFACE_SIDE_STYLE('',(#7699));
#4051=EDGE_LOOP('',(#7700,#7701,#7702,#7703));
#4052=AXIS2_PLACEMENT_3D('',#7704,#7705,#7706);
#4053=SURFACE_SIDE_STYLE('',(#7707));
#4054=EDGE_LOOP('',(#7708,#7709,#7710,#7711));
#4055=AXIS2_PLACEMENT_3D('',#7712,#7713,#7714);
#4056=SURFACE_SIDE_STYLE('',(#7715));
#4057=EDGE_LOOP('',(#7716,#7717,#7718,#7719));
#4058=AXIS2_PLACEMENT_3D('',#7720,#7721,#7722);
#4059=SURFACE_SIDE_STYLE('',(#7723));
#4060=EDGE_LOOP('',(#7724,#7725,#7726,#7727));
#4061=AXIS2_PLACEMENT_3D('',#7728,#7729,#7730);
#4062=SURFACE_SIDE_STYLE('',(#7731));
#4063=EDGE_LOOP('',(#7732,#7733,#7734,#7735));
#4064=AXIS2_PLACEMENT_3D('',#7736,#7737,#7738);
#4065=SURFACE_SIDE_STYLE('',(#7739));
#4066=EDGE_LOOP('',(#7740,#7741,#7742,#7743));
#4067=AXIS2_PLACEMENT_3D('',#7744,#7745,#7746);
#4068=SURFACE_SIDE_STYLE('',(#7747));
#4069=EDGE_LOOP('',(#7748,#7749,#7750,#7751));
#4070=AXIS2_PLACEMENT_3D('',#7752,#7753,#7754);
#4071=SURFACE_SIDE_STYLE('',(#7755));
#4072=EDGE_LOOP('',(#7756,#7757,#7758,#7759));
#4073=AXIS2_PLACEMENT_3D('',#7760,#7761,#7762);
#4074=SURFACE_SIDE_STYLE('',(#7763));
#4075=EDGE_LOOP('',(#7764,#7765,#7766,#7767));
#4076=AXIS2_PLACEMENT_3D('',#7768,#7769,#7770);
#4077=SURFACE_SIDE_STYLE('',(#7771));
#4078=EDGE_LOOP('',(#7772,#7773,#7774,#7775));
#4079=AXIS2_PLACEMENT_3D('',#7776,#7777,#7778);
#4080=SURFACE_SIDE_STYLE('',(#7779));
#4081=EDGE_LOOP('',(#7780,#7781,#7782,#7783));
#4082=AXIS2_PLACEMENT_3D('',#7784,#7785,#7786);
#4083=SURFACE_SIDE_STYLE('',(#7787));
#4084=EDGE_LOOP('',(#7788,#7789,#7790,#7791,#7792,#7793,#7794));
#4085=AXIS2_PLACEMENT_3D('',#7795,#7796,#7797);
#4086=SURFACE_SIDE_STYLE('',(#7798));
#4087=EDGE_LOOP('',(#7799,#7800,#7801,#7802));
#4088=AXIS2_PLACEMENT_3D('',#7803,#7804,#7805);
#4089=SURFACE_SIDE_STYLE('',(#7806));
#4090=EDGE_LOOP('',(#7807,#7808,#7809,#7810,#7811,#7812,#7813));
#4091=AXIS2_PLACEMENT_3D('',#7814,#7815,#7816);
#4092=SURFACE_SIDE_STYLE('',(#7817));
#4093=EDGE_LOOP('',(#7818,#7819,#7820,#7821));
#4094=AXIS2_PLACEMENT_3D('',#7822,#7823,#7824);
#4095=SURFACE_SIDE_STYLE('',(#7825));
#4096=SURFACE_SIDE_STYLE('',(#7826));
#4097=EDGE_LOOP('',(#7827,#7828,#7829,#7830));
#4098=AXIS2_PLACEMENT_3D('',#7831,#7832,#7833);
#4099=SURFACE_SIDE_STYLE('',(#7834));
#4100=EDGE_LOOP('',(#7835,#7836,#7837,#7838));
#4101=AXIS2_PLACEMENT_3D('',#7839,#7840,#7841);
#4102=SURFACE_SIDE_STYLE('',(#7842));
#4103=EDGE_LOOP('',(#7843,#7844));
#4104=AXIS2_PLACEMENT_3D('',#7845,#7846,#7847);
#4105=SURFACE_SIDE_STYLE('',(#7848));
#4106=EDGE_LOOP('',(#7849,#7850));
#4107=AXIS2_PLACEMENT_3D('',#7851,#7852,#7853);
#4108=SURFACE_SIDE_STYLE('',(#7854));
#4109=SURFACE_SIDE_STYLE('',(#7855));
#4110=EDGE_LOOP('',(#7856,#7857,#7858));
#4111=AXIS2_PLACEMENT_3D('',#7859,#7860,#7861);
#4112=SURFACE_SIDE_STYLE('',(#7862));
#4113=EDGE_LOOP('',(#7863,#7864,#7865));
#4114=AXIS2_PLACEMENT_3D('',#7866,#7867,#7868);
#4115=SURFACE_SIDE_STYLE('',(#7869));
#4116=EDGE_LOOP('',(#7870,#7871,#7872,#7873));
#4117=AXIS2_PLACEMENT_3D('',#7874,#7875,#7876);
#4118=SURFACE_SIDE_STYLE('',(#7877));
#4119=EDGE_LOOP('',(#7878,#7879,#7880,#7881));
#4120=AXIS2_PLACEMENT_3D('',#7882,#7883,#7884);
#4121=SURFACE_SIDE_STYLE('',(#7885));
#4122=EDGE_LOOP('',(#7886,#7887,#7888));
#4123=AXIS2_PLACEMENT_3D('',#7889,#7890,#7891);
#4124=SURFACE_SIDE_STYLE('',(#7892));
#4125=EDGE_LOOP('',(#7893,#7894,#7895));
#4126=AXIS2_PLACEMENT_3D('',#7896,#7897,#7898);
#4127=SURFACE_SIDE_STYLE('',(#7899));
#4128=SURFACE_SIDE_STYLE('',(#7900));
#4129=EDGE_LOOP('',(#7901,#7902,#7903));
#4130=AXIS2_PLACEMENT_3D('',#7904,#7905,#7906);
#4131=SURFACE_SIDE_STYLE('',(#7907));
#4132=EDGE_LOOP('',(#7908,#7909,#7910));
#4133=AXIS2_PLACEMENT_3D('',#7911,#7912,#7913);
#4134=SURFACE_SIDE_STYLE('',(#7914));
#4135=EDGE_LOOP('',(#7915,#7916,#7917,#7918));
#4136=AXIS2_PLACEMENT_3D('',#7919,#7920,#7921);
#4137=SURFACE_SIDE_STYLE('',(#7922));
#4138=EDGE_LOOP('',(#7923,#7924,#7925,#7926));
#4139=AXIS2_PLACEMENT_3D('',#7927,#7928,#7929);
#4140=SURFACE_SIDE_STYLE('',(#7930));
#4141=EDGE_LOOP('',(#7931,#7932,#7933));
#4142=AXIS2_PLACEMENT_3D('',#7934,#7935,#7936);
#4143=SURFACE_SIDE_STYLE('',(#7937));
#4144=EDGE_LOOP('',(#7938,#7939,#7940));
#4145=AXIS2_PLACEMENT_3D('',#7941,#7942,#7943);
#4146=SURFACE_SIDE_STYLE('',(#7944));
#4147=SURFACE_SIDE_STYLE('',(#7945));
#4148=EDGE_LOOP('',(#7946,#7947,#7948));
#4149=AXIS2_PLACEMENT_3D('',#7949,#7950,#7951);
#4150=SURFACE_SIDE_STYLE('',(#7952));
#4151=EDGE_LOOP('',(#7953,#7954,#7955));
#4152=AXIS2_PLACEMENT_3D('',#7956,#7957,#7958);
#4153=SURFACE_SIDE_STYLE('',(#7959));
#4154=EDGE_LOOP('',(#7960,#7961,#7962,#7963));
#4155=AXIS2_PLACEMENT_3D('',#7964,#7965,#7966);
#4156=SURFACE_SIDE_STYLE('',(#7967));
#4157=EDGE_LOOP('',(#7968,#7969,#7970,#7971));
#4158=AXIS2_PLACEMENT_3D('',#7972,#7973,#7974);
#4159=SURFACE_SIDE_STYLE('',(#7975));
#4160=EDGE_LOOP('',(#7976,#7977,#7978));
#4161=AXIS2_PLACEMENT_3D('',#7979,#7980,#7981);
#4162=SURFACE_SIDE_STYLE('',(#7982));
#4163=EDGE_LOOP('',(#7983,#7984,#7985));
#4164=AXIS2_PLACEMENT_3D('',#7986,#7987,#7988);
#4165=SURFACE_SIDE_STYLE('',(#7989));
#4166=SURFACE_SIDE_STYLE('',(#7990));
#4167=EDGE_LOOP('',(#7991,#7992,#7993,#7994));
#4168=AXIS2_PLACEMENT_3D('',#7995,#7996,#7997);
#4169=SURFACE_SIDE_STYLE('',(#7998));
#4170=EDGE_LOOP('',(#7999,#8000,#8001,#8002));
#4171=AXIS2_PLACEMENT_3D('',#8003,#8004,#8005);
#4172=SURFACE_SIDE_STYLE('',(#8006));
#4173=EDGE_LOOP('',(#8007,#8008));
#4174=AXIS2_PLACEMENT_3D('',#8009,#8010,#8011);
#4175=SURFACE_SIDE_STYLE('',(#8012));
#4176=EDGE_LOOP('',(#8013,#8014));
#4177=AXIS2_PLACEMENT_3D('',#8015,#8016,#8017);
#4178=SURFACE_SIDE_STYLE('',(#8018));
#4179=SURFACE_SIDE_STYLE('',(#8019));
#4180=EDGE_LOOP('',(#8020,#8021,#8022,#8023));
#4181=AXIS2_PLACEMENT_3D('',#8024,#8025,#8026);
#4182=SURFACE_SIDE_STYLE('',(#8027));
#4183=EDGE_LOOP('',(#8028,#8029,#8030,#8031));
#4184=AXIS2_PLACEMENT_3D('',#8032,#8033,#8034);
#4185=SURFACE_SIDE_STYLE('',(#8035));
#4186=EDGE_LOOP('',(#8036,#8037));
#4187=AXIS2_PLACEMENT_3D('',#8038,#8039,#8040);
#4188=SURFACE_SIDE_STYLE('',(#8041));
#4189=EDGE_LOOP('',(#8042,#8043));
#4190=AXIS2_PLACEMENT_3D('',#8044,#8045,#8046);
#4191=SURFACE_SIDE_STYLE('',(#8047));
#4192=SURFACE_SIDE_STYLE('',(#8048));
#4193=EDGE_LOOP('',(#8049,#8050,#8051,#8052));
#4194=AXIS2_PLACEMENT_3D('',#8053,#8054,#8055);
#4195=SURFACE_SIDE_STYLE('',(#8056));
#4196=EDGE_LOOP('',(#8057,#8058,#8059,#8060));
#4197=AXIS2_PLACEMENT_3D('',#8061,#8062,#8063);
#4198=SURFACE_SIDE_STYLE('',(#8064));
#4199=EDGE_LOOP('',(#8065,#8066));
#4200=AXIS2_PLACEMENT_3D('',#8067,#8068,#8069);
#4201=SURFACE_SIDE_STYLE('',(#8070));
#4202=EDGE_LOOP('',(#8071,#8072));
#4203=AXIS2_PLACEMENT_3D('',#8073,#8074,#8075);
#4204=SURFACE_SIDE_STYLE('',(#8076));
#4206=SURFACE_STYLE_FILL_AREA(#8077);
#4207=ORIENTED_EDGE('',*,*,#8078,.F.);
#4208=ORIENTED_EDGE('',*,*,#8079,.T.);
#4209=ORIENTED_EDGE('',*,*,#8080,.F.);
#4210=CARTESIAN_POINT('',(33.05,1.39999999999999,8.0753206314411));
#4211=DIRECTION('',(0.0,0.0,-1.0));
#4212=DIRECTION('',(1.0,0.0,0.0));
#4213=SURFACE_STYLE_FILL_AREA(#8081);
#4214=ORIENTED_EDGE('',*,*,#8082,.T.);
#4215=ORIENTED_EDGE('',*,*,#8083,.F.);
#4216=ORIENTED_EDGE('',*,*,#8084,.T.);
#4217=CARTESIAN_POINT('',(33.05,1.39999999999999,-2.8753206314411));
#4218=DIRECTION('',(0.0,0.0,-1.0));
#4219=DIRECTION('',(1.0,0.0,0.0));
#4220=SURFACE_STYLE_FILL_AREA(#8085);
#4221=ORIENTED_EDGE('',*,*,#8078,.T.);
#4222=ORIENTED_EDGE('',*,*,#8086,.T.);
#4223=ORIENTED_EDGE('',*,*,#8082,.F.);
#4224=ORIENTED_EDGE('',*,*,#8087,.F.);
#4225=CARTESIAN_POINT('',(33.05,1.39999999999999,1.13301270189221));
#4226=DIRECTION('',(0.0,0.0,1.0));
#4227=DIRECTION('',(1.0,0.0,0.0));
#4228=SURFACE_STYLE_FILL_AREA(#8088);
#4229=ORIENTED_EDGE('',*,*,#8086,.F.);
#4230=ORIENTED_EDGE('',*,*,#8089,.T.);
#4231=ORIENTED_EDGE('',*,*,#8087,.T.);
#4232=ORIENTED_EDGE('',*,*,#8090,.F.);
#4233=CARTESIAN_POINT('',(33.05,1.39999999999999,1.13301270189221));
#4234=DIRECTION('',(0.0,0.0,1.0));
#4235=DIRECTION('',(1.0,0.0,0.0));
#4236=SURFACE_STYLE_FILL_AREA(#8091);
#4237=ORIENTED_EDGE('',*,*,#8079,.F.);
#4238=ORIENTED_EDGE('',*,*,#8089,.F.);
#4239=ORIENTED_EDGE('',*,*,#8080,.T.);
#4240=CARTESIAN_POINT('',(33.05,1.39999999999999,8.0753206314411));
#4241=DIRECTION('',(0.0,0.0,-1.0));
#4242=DIRECTION('',(1.0,0.0,0.0));
#4243=SURFACE_STYLE_FILL_AREA(#8092);
#4244=ORIENTED_EDGE('',*,*,#8084,.F.);
#4245=ORIENTED_EDGE('',*,*,#8083,.T.);
#4246=ORIENTED_EDGE('',*,*,#8090,.T.);
#4247=CARTESIAN_POINT('',(33.05,1.39999999999999,-2.8753206314411));
#4248=DIRECTION('',(0.0,0.0,-1.0));
#4249=DIRECTION('',(1.0,0.0,0.0));
#4250=SURFACE_STYLE_FILL_AREA(#8093);
#4251=SURFACE_STYLE_FILL_AREA(#8094);
#4252=ORIENTED_EDGE('',*,*,#8095,.F.);
#4253=ORIENTED_EDGE('',*,*,#8096,.F.);
#4254=ORIENTED_EDGE('',*,*,#8097,.T.);
#4255=ORIENTED_EDGE('',*,*,#8098,.T.);
#4256=CARTESIAN_POINT('',(33.05,1.4,0.0));
#4257=DIRECTION('',(0.0,0.0,1.0));
#4258=DIRECTION('',(1.0,0.0,0.0));
#4259=SURFACE_STYLE_FILL_AREA(#8099);
#4260=ORIENTED_EDGE('',*,*,#8098,.F.);
#4261=ORIENTED_EDGE('',*,*,#8100,.T.);
#4262=ORIENTED_EDGE('',*,*,#8096,.T.);
#4263=ORIENTED_EDGE('',*,*,#8101,.F.);
#4264=CARTESIAN_POINT('',(33.05,1.4,0.0));
#4265=DIRECTION('',(0.0,0.0,1.0));
#4266=DIRECTION('',(1.0,0.0,0.0));
#4267=SURFACE_STYLE_FILL_AREA(#8102);
#4268=ORIENTED_EDGE('',*,*,#8095,.T.);
#4269=ORIENTED_EDGE('',*,*,#8101,.T.);
#4270=CARTESIAN_POINT('',(31.675,1.4,-0.5));
#4271=DIRECTION('',(0.0,0.0,-1.0));
#4272=DIRECTION('',(1.0,0.0,0.0));
#4273=SURFACE_STYLE_FILL_AREA(#8103);
#4274=ORIENTED_EDGE('',*,*,#8097,.F.);
#4275=ORIENTED_EDGE('',*,*,#8100,.F.);
#4276=CARTESIAN_POINT('',(31.675,1.4,0.0));
#4277=DIRECTION('',(0.0,0.0,-1.0));
#4278=DIRECTION('',(1.0,0.0,0.0));
#4279=SURFACE_STYLE_FILL_AREA(#8104);
#4280=SURFACE_STYLE_FILL_AREA(#8105);
#4281=ORIENTED_EDGE('',*,*,#8106,.F.);
#4282=ORIENTED_EDGE('',*,*,#8107,.F.);
#4283=ORIENTED_EDGE('',*,*,#8108,.T.);
#4284=ORIENTED_EDGE('',*,*,#8109,.T.);
#4285=CARTESIAN_POINT('',(22.55,1.4,0.0));
#4286=DIRECTION('',(0.0,0.0,1.0));
#4287=DIRECTION('',(1.0,0.0,0.0));
#4288=SURFACE_STYLE_FILL_AREA(#8110);
#4289=ORIENTED_EDGE('',*,*,#8109,.F.);
#4290=ORIENTED_EDGE('',*,*,#8111,.T.);
#4291=ORIENTED_EDGE('',*,*,#8107,.T.);
#4292=ORIENTED_EDGE('',*,*,#8112,.F.);
#4293=CARTESIAN_POINT('',(22.55,1.4,0.0));
#4294=DIRECTION('',(0.0,0.0,1.0));
#4295=DIRECTION('',(1.0,0.0,0.0));
#4296=SURFACE_STYLE_FILL_AREA(#8113);
#4297=ORIENTED_EDGE('',*,*,#8106,.T.);
#4298=ORIENTED_EDGE('',*,*,#8112,.T.);
#4299=CARTESIAN_POINT('',(21.175,1.4,-0.5));
#4300=DIRECTION('',(0.0,0.0,-1.0));
#4301=DIRECTION('',(1.0,0.0,0.0));
#4302=SURFACE_STYLE_FILL_AREA(#8114);
#4303=ORIENTED_EDGE('',*,*,#8108,.F.);
#4304=ORIENTED_EDGE('',*,*,#8111,.F.);
#4305=CARTESIAN_POINT('',(21.175,1.4,0.0));
#4306=DIRECTION('',(0.0,0.0,-1.0));
#4307=DIRECTION('',(1.0,0.0,0.0));
#4308=SURFACE_STYLE_FILL_AREA(#8115);
#4309=SURFACE_STYLE_FILL_AREA(#8116);
#4310=ORIENTED_EDGE('',*,*,#8117,.F.);
#4311=ORIENTED_EDGE('',*,*,#8118,.F.);
#4312=ORIENTED_EDGE('',*,*,#8119,.T.);
#4313=ORIENTED_EDGE('',*,*,#8120,.T.);
#4314=CARTESIAN_POINT('',(19.05,1.4,0.0));
#4315=DIRECTION('',(0.0,0.0,1.0));
#4316=DIRECTION('',(1.0,0.0,0.0));
#4317=SURFACE_STYLE_FILL_AREA(#8121);
#4318=ORIENTED_EDGE('',*,*,#8120,.F.);
#4319=ORIENTED_EDGE('',*,*,#8122,.T.);
#4320=ORIENTED_EDGE('',*,*,#8118,.T.);
#4321=ORIENTED_EDGE('',*,*,#8123,.F.);
#4322=CARTESIAN_POINT('',(19.05,1.4,0.0));
#4323=DIRECTION('',(0.0,0.0,1.0));
#4324=DIRECTION('',(1.0,0.0,0.0));
#4325=SURFACE_STYLE_FILL_AREA(#8124);
#4326=ORIENTED_EDGE('',*,*,#8117,.T.);
#4327=ORIENTED_EDGE('',*,*,#8123,.T.);
#4328=CARTESIAN_POINT('',(17.675,1.4,-0.5));
#4329=DIRECTION('',(0.0,0.0,-1.0));
#4330=DIRECTION('',(1.0,0.0,0.0));
#4331=SURFACE_STYLE_FILL_AREA(#8125);
#4332=ORIENTED_EDGE('',*,*,#8119,.F.);
#4333=ORIENTED_EDGE('',*,*,#8122,.F.);
#4334=CARTESIAN_POINT('',(17.675,1.4,0.0));
#4335=DIRECTION('',(0.0,0.0,-1.0));
#4336=DIRECTION('',(1.0,0.0,0.0));
#4337=SURFACE_STYLE_FILL_AREA(#8126);
#4338=SURFACE_STYLE_FILL_AREA(#8127);
#4339=ORIENTED_EDGE('',*,*,#8128,.F.);
#4340=ORIENTED_EDGE('',*,*,#8129,.F.);
#4341=ORIENTED_EDGE('',*,*,#8130,.T.);
#4342=ORIENTED_EDGE('',*,*,#8131,.T.);
#4343=CARTESIAN_POINT('',(15.55,1.4,0.0));
#4344=DIRECTION('',(0.0,0.0,1.0));
#4345=DIRECTION('',(1.0,0.0,0.0));
#4346=SURFACE_STYLE_FILL_AREA(#8132);
#4347=ORIENTED_EDGE('',*,*,#8131,.F.);
#4348=ORIENTED_EDGE('',*,*,#8133,.T.);
#4349=ORIENTED_EDGE('',*,*,#8129,.T.);
#4350=ORIENTED_EDGE('',*,*,#8134,.F.);
#4351=CARTESIAN_POINT('',(15.55,1.4,0.0));
#4352=DIRECTION('',(0.0,0.0,1.0));
#4353=DIRECTION('',(1.0,0.0,0.0));
#4354=SURFACE_STYLE_FILL_AREA(#8135);
#4355=ORIENTED_EDGE('',*,*,#8128,.T.);
#4356=ORIENTED_EDGE('',*,*,#8134,.T.);
#4357=CARTESIAN_POINT('',(14.175,1.4,-0.5));
#4358=DIRECTION('',(0.0,0.0,-1.0));
#4359=DIRECTION('',(1.0,0.0,0.0));
#4360=SURFACE_STYLE_FILL_AREA(#8136);
#4361=ORIENTED_EDGE('',*,*,#8130,.F.);
#4362=ORIENTED_EDGE('',*,*,#8133,.F.);
#4363=CARTESIAN_POINT('',(14.175,1.4,0.0));
#4364=DIRECTION('',(0.0,0.0,-1.0));
#4365=DIRECTION('',(1.0,0.0,0.0));
#4366=SURFACE_STYLE_FILL_AREA(#8137);
#4367=SURFACE_STYLE_FILL_AREA(#8138);
#4368=ORIENTED_EDGE('',*,*,#8139,.F.);
#4369=ORIENTED_EDGE('',*,*,#8140,.F.);
#4370=ORIENTED_EDGE('',*,*,#8141,.T.);
#4371=ORIENTED_EDGE('',*,*,#8142,.T.);
#4372=CARTESIAN_POINT('',(12.05,1.4,0.0));
#4373=DIRECTION('',(0.0,0.0,1.0));
#4374=DIRECTION('',(1.0,0.0,0.0));
#4375=SURFACE_STYLE_FILL_AREA(#8143);
#4376=ORIENTED_EDGE('',*,*,#8142,.F.);
#4377=ORIENTED_EDGE('',*,*,#8144,.T.);
#4378=ORIENTED_EDGE('',*,*,#8140,.T.);
#4379=ORIENTED_EDGE('',*,*,#8145,.F.);
#4380=CARTESIAN_POINT('',(12.05,1.4,0.0));
#4381=DIRECTION('',(0.0,0.0,1.0));
#4382=DIRECTION('',(1.0,0.0,0.0));
#4383=SURFACE_STYLE_FILL_AREA(#8146);
#4384=ORIENTED_EDGE('',*,*,#8139,.T.);
#4385=ORIENTED_EDGE('',*,*,#8145,.T.);
#4386=CARTESIAN_POINT('',(10.675,1.4,-0.5));
#4387=DIRECTION('',(0.0,0.0,-1.0));
#4388=DIRECTION('',(1.0,0.0,0.0));
#4389=SURFACE_STYLE_FILL_AREA(#8147);
#4390=ORIENTED_EDGE('',*,*,#8141,.F.);
#4391=ORIENTED_EDGE('',*,*,#8144,.F.);
#4392=CARTESIAN_POINT('',(10.675,1.4,0.0));
#4393=DIRECTION('',(0.0,0.0,-1.0));
#4394=DIRECTION('',(1.0,0.0,0.0));
#4395=SURFACE_STYLE_FILL_AREA(#8148);
#4396=SURFACE_STYLE_FILL_AREA(#8149);
#4397=ORIENTED_EDGE('',*,*,#8150,.F.);
#4398=ORIENTED_EDGE('',*,*,#8151,.F.);
#4399=ORIENTED_EDGE('',*,*,#8152,.T.);
#4400=ORIENTED_EDGE('',*,*,#8153,.T.);
#4401=CARTESIAN_POINT('',(8.55,1.4,0.0));
#4402=DIRECTION('',(0.0,0.0,1.0));
#4403=DIRECTION('',(1.0,0.0,0.0));
#4404=SURFACE_STYLE_FILL_AREA(#8154);
#4405=ORIENTED_EDGE('',*,*,#8153,.F.);
#4406=ORIENTED_EDGE('',*,*,#8155,.T.);
#4407=ORIENTED_EDGE('',*,*,#8151,.T.);
#4408=ORIENTED_EDGE('',*,*,#8156,.F.);
#4409=CARTESIAN_POINT('',(8.55,1.4,0.0));
#4410=DIRECTION('',(0.0,0.0,1.0));
#4411=DIRECTION('',(1.0,0.0,0.0));
#4412=SURFACE_STYLE_FILL_AREA(#8157);
#4413=ORIENTED_EDGE('',*,*,#8150,.T.);
#4414=ORIENTED_EDGE('',*,*,#8156,.T.);
#4415=CARTESIAN_POINT('',(7.175,1.4,-0.5));
#4416=DIRECTION('',(0.0,0.0,-1.0));
#4417=DIRECTION('',(1.0,0.0,0.0));
#4418=SURFACE_STYLE_FILL_AREA(#8158);
#4419=ORIENTED_EDGE('',*,*,#8152,.F.);
#4420=ORIENTED_EDGE('',*,*,#8155,.F.);
#4421=CARTESIAN_POINT('',(7.175,1.4,0.0));
#4422=DIRECTION('',(0.0,0.0,-1.0));
#4423=DIRECTION('',(1.0,0.0,0.0));
#4424=SURFACE_STYLE_FILL_AREA(#8159);
#4425=SURFACE_STYLE_FILL_AREA(#8160);
#4426=ORIENTED_EDGE('',*,*,#8161,.F.);
#4427=ORIENTED_EDGE('',*,*,#8162,.T.);
#4428=ORIENTED_EDGE('',*,*,#8163,.F.);
#4429=CARTESIAN_POINT('',(26.05,1.39999999999999,8.0753206314411));
#4430=DIRECTION('',(0.0,0.0,-1.0));
#4431=DIRECTION('',(1.0,0.0,0.0));
#4432=SURFACE_STYLE_FILL_AREA(#8164);
#4433=ORIENTED_EDGE('',*,*,#8165,.T.);
#4434=ORIENTED_EDGE('',*,*,#8166,.F.);
#4435=ORIENTED_EDGE('',*,*,#8167,.T.);
#4436=CARTESIAN_POINT('',(26.05,1.39999999999999,-2.8753206314411));
#4437=DIRECTION('',(0.0,0.0,-1.0));
#4438=DIRECTION('',(1.0,0.0,0.0));
#4439=SURFACE_STYLE_FILL_AREA(#8168);
#4440=ORIENTED_EDGE('',*,*,#8161,.T.);
#4441=ORIENTED_EDGE('',*,*,#8169,.T.);
#4442=ORIENTED_EDGE('',*,*,#8165,.F.);
#4443=ORIENTED_EDGE('',*,*,#8170,.F.);
#4444=CARTESIAN_POINT('',(26.05,1.39999999999999,1.13301270189221));
#4445=DIRECTION('',(0.0,0.0,1.0));
#4446=DIRECTION('',(1.0,0.0,0.0));
#4447=SURFACE_STYLE_FILL_AREA(#8171);
#4448=ORIENTED_EDGE('',*,*,#8169,.F.);
#4449=ORIENTED_EDGE('',*,*,#8172,.T.);
#4450=ORIENTED_EDGE('',*,*,#8170,.T.);
#4451=ORIENTED_EDGE('',*,*,#8173,.F.);
#4452=CARTESIAN_POINT('',(26.05,1.39999999999999,1.13301270189221));
#4453=DIRECTION('',(0.0,0.0,1.0));
#4454=DIRECTION('',(1.0,0.0,0.0));
#4455=SURFACE_STYLE_FILL_AREA(#8174);
#4456=ORIENTED_EDGE('',*,*,#8162,.F.);
#4457=ORIENTED_EDGE('',*,*,#8172,.F.);
#4458=ORIENTED_EDGE('',*,*,#8163,.T.);
#4459=CARTESIAN_POINT('',(26.05,1.39999999999999,8.0753206314411));
#4460=DIRECTION('',(0.0,0.0,-1.0));
#4461=DIRECTION('',(1.0,0.0,0.0));
#4462=SURFACE_STYLE_FILL_AREA(#8175);
#4463=ORIENTED_EDGE('',*,*,#8167,.F.);
#4464=ORIENTED_EDGE('',*,*,#8166,.T.);
#4465=ORIENTED_EDGE('',*,*,#8173,.T.);
#4466=CARTESIAN_POINT('',(26.05,1.39999999999999,-2.8753206314411));
#4467=DIRECTION('',(0.0,0.0,-1.0));
#4468=DIRECTION('',(1.0,0.0,0.0));
#4469=SURFACE_STYLE_FILL_AREA(#8176);
#4470=SURFACE_STYLE_FILL_AREA(#8177);
#4471=ORIENTED_EDGE('',*,*,#8178,.F.);
#4472=ORIENTED_EDGE('',*,*,#8179,.T.);
#4473=ORIENTED_EDGE('',*,*,#8180,.F.);
#4474=CARTESIAN_POINT('',(22.55,1.39999999999999,8.0753206314411));
#4475=DIRECTION('',(0.0,0.0,-1.0));
#4476=DIRECTION('',(1.0,0.0,0.0));
#4477=SURFACE_STYLE_FILL_AREA(#8181);
#4478=ORIENTED_EDGE('',*,*,#8182,.T.);
#4479=ORIENTED_EDGE('',*,*,#8183,.F.);
#4480=ORIENTED_EDGE('',*,*,#8184,.T.);
#4481=CARTESIAN_POINT('',(22.55,1.39999999999999,-2.8753206314411));
#4482=DIRECTION('',(0.0,0.0,-1.0));
#4483=DIRECTION('',(1.0,0.0,0.0));
#4484=SURFACE_STYLE_FILL_AREA(#8185);
#4485=ORIENTED_EDGE('',*,*,#8178,.T.);
#4486=ORIENTED_EDGE('',*,*,#8186,.T.);
#4487=ORIENTED_EDGE('',*,*,#8182,.F.);
#4488=ORIENTED_EDGE('',*,*,#8187,.F.);
#4489=CARTESIAN_POINT('',(22.55,1.39999999999999,1.13301270189221));
#4490=DIRECTION('',(0.0,0.0,1.0));
#4491=DIRECTION('',(1.0,0.0,0.0));
#4492=SURFACE_STYLE_FILL_AREA(#8188);
#4493=ORIENTED_EDGE('',*,*,#8186,.F.);
#4494=ORIENTED_EDGE('',*,*,#8189,.T.);
#4495=ORIENTED_EDGE('',*,*,#8187,.T.);
#4496=ORIENTED_EDGE('',*,*,#8190,.F.);
#4497=CARTESIAN_POINT('',(22.55,1.39999999999999,1.13301270189221));
#4498=DIRECTION('',(0.0,0.0,1.0));
#4499=DIRECTION('',(1.0,0.0,0.0));
#4500=SURFACE_STYLE_FILL_AREA(#8191);
#4501=ORIENTED_EDGE('',*,*,#8179,.F.);
#4502=ORIENTED_EDGE('',*,*,#8189,.F.);
#4503=ORIENTED_EDGE('',*,*,#8180,.T.);
#4504=CARTESIAN_POINT('',(22.55,1.39999999999999,8.0753206314411));
#4505=DIRECTION('',(0.0,0.0,-1.0));
#4506=DIRECTION('',(1.0,0.0,0.0));
#4507=SURFACE_STYLE_FILL_AREA(#8192);
#4508=ORIENTED_EDGE('',*,*,#8184,.F.);
#4509=ORIENTED_EDGE('',*,*,#8183,.T.);
#4510=ORIENTED_EDGE('',*,*,#8190,.T.);
#4511=CARTESIAN_POINT('',(22.55,1.39999999999999,-2.8753206314411));
#4512=DIRECTION('',(0.0,0.0,-1.0));
#4513=DIRECTION('',(1.0,0.0,0.0));
#4514=SURFACE_STYLE_FILL_AREA(#8193);
#4515=SURFACE_STYLE_FILL_AREA(#8194);
#4516=ORIENTED_EDGE('',*,*,#8195,.F.);
#4517=ORIENTED_EDGE('',*,*,#8196,.T.);
#4518=ORIENTED_EDGE('',*,*,#8197,.F.);
#4519=CARTESIAN_POINT('',(19.05,1.39999999999999,8.0753206314411));
#4520=DIRECTION('',(0.0,0.0,-1.0));
#4521=DIRECTION('',(1.0,0.0,0.0));
#4522=SURFACE_STYLE_FILL_AREA(#8198);
#4523=ORIENTED_EDGE('',*,*,#8199,.T.);
#4524=ORIENTED_EDGE('',*,*,#8200,.F.);
#4525=ORIENTED_EDGE('',*,*,#8201,.T.);
#4526=CARTESIAN_POINT('',(19.05,1.39999999999999,-2.8753206314411));
#4527=DIRECTION('',(0.0,0.0,-1.0));
#4528=DIRECTION('',(1.0,0.0,0.0));
#4529=SURFACE_STYLE_FILL_AREA(#8202);
#4530=ORIENTED_EDGE('',*,*,#8195,.T.);
#4531=ORIENTED_EDGE('',*,*,#8203,.T.);
#4532=ORIENTED_EDGE('',*,*,#8199,.F.);
#4533=ORIENTED_EDGE('',*,*,#8204,.F.);
#4534=CARTESIAN_POINT('',(19.05,1.39999999999999,1.13301270189221));
#4535=DIRECTION('',(0.0,0.0,1.0));
#4536=DIRECTION('',(1.0,0.0,0.0));
#4537=SURFACE_STYLE_FILL_AREA(#8205);
#4538=ORIENTED_EDGE('',*,*,#8203,.F.);
#4539=ORIENTED_EDGE('',*,*,#8206,.T.);
#4540=ORIENTED_EDGE('',*,*,#8204,.T.);
#4541=ORIENTED_EDGE('',*,*,#8207,.F.);
#4542=CARTESIAN_POINT('',(19.05,1.39999999999999,1.13301270189221));
#4543=DIRECTION('',(0.0,0.0,1.0));
#4544=DIRECTION('',(1.0,0.0,0.0));
#4545=SURFACE_STYLE_FILL_AREA(#8208);
#4546=ORIENTED_EDGE('',*,*,#8196,.F.);
#4547=ORIENTED_EDGE('',*,*,#8206,.F.);
#4548=ORIENTED_EDGE('',*,*,#8197,.T.);
#4549=CARTESIAN_POINT('',(19.05,1.39999999999999,8.0753206314411));
#4550=DIRECTION('',(0.0,0.0,-1.0));
#4551=DIRECTION('',(1.0,0.0,0.0));
#4552=SURFACE_STYLE_FILL_AREA(#8209);
#4553=ORIENTED_EDGE('',*,*,#8201,.F.);
#4554=ORIENTED_EDGE('',*,*,#8200,.T.);
#4555=ORIENTED_EDGE('',*,*,#8207,.T.);
#4556=CARTESIAN_POINT('',(19.05,1.39999999999999,-2.8753206314411));
#4557=DIRECTION('',(0.0,0.0,-1.0));
#4558=DIRECTION('',(1.0,0.0,0.0));
#4559=SURFACE_STYLE_FILL_AREA(#8210);
#4560=SURFACE_STYLE_FILL_AREA(#8211);
#4561=ORIENTED_EDGE('',*,*,#8212,.F.);
#4562=ORIENTED_EDGE('',*,*,#8213,.T.);
#4563=ORIENTED_EDGE('',*,*,#8214,.F.);
#4564=CARTESIAN_POINT('',(15.55,1.39999999999999,8.0753206314411));
#4565=DIRECTION('',(0.0,0.0,-1.0));
#4566=DIRECTION('',(1.0,0.0,0.0));
#4567=SURFACE_STYLE_FILL_AREA(#8215);
#4568=ORIENTED_EDGE('',*,*,#8216,.T.);
#4569=ORIENTED_EDGE('',*,*,#8217,.F.);
#4570=ORIENTED_EDGE('',*,*,#8218,.T.);
#4571=CARTESIAN_POINT('',(15.55,1.39999999999999,-2.8753206314411));
#4572=DIRECTION('',(0.0,0.0,-1.0));
#4573=DIRECTION('',(1.0,0.0,0.0));
#4574=SURFACE_STYLE_FILL_AREA(#8219);
#4575=ORIENTED_EDGE('',*,*,#8212,.T.);
#4576=ORIENTED_EDGE('',*,*,#8220,.T.);
#4577=ORIENTED_EDGE('',*,*,#8216,.F.);
#4578=ORIENTED_EDGE('',*,*,#8221,.F.);
#4579=CARTESIAN_POINT('',(15.55,1.39999999999999,1.13301270189221));
#4580=DIRECTION('',(0.0,0.0,1.0));
#4581=DIRECTION('',(1.0,0.0,0.0));
#4582=SURFACE_STYLE_FILL_AREA(#8222);
#4583=ORIENTED_EDGE('',*,*,#8220,.F.);
#4584=ORIENTED_EDGE('',*,*,#8223,.T.);
#4585=ORIENTED_EDGE('',*,*,#8221,.T.);
#4586=ORIENTED_EDGE('',*,*,#8224,.F.);
#4587=CARTESIAN_POINT('',(15.55,1.39999999999999,1.13301270189221));
#4588=DIRECTION('',(0.0,0.0,1.0));
#4589=DIRECTION('',(1.0,0.0,0.0));
#4590=SURFACE_STYLE_FILL_AREA(#8225);
#4591=ORIENTED_EDGE('',*,*,#8213,.F.);
#4592=ORIENTED_EDGE('',*,*,#8223,.F.);
#4593=ORIENTED_EDGE('',*,*,#8214,.T.);
#4594=CARTESIAN_POINT('',(15.55,1.39999999999999,8.0753206314411));
#4595=DIRECTION('',(0.0,0.0,-1.0));
#4596=DIRECTION('',(1.0,0.0,0.0));
#4597=SURFACE_STYLE_FILL_AREA(#8226);
#4598=ORIENTED_EDGE('',*,*,#8218,.F.);
#4599=ORIENTED_EDGE('',*,*,#8217,.T.);
#4600=ORIENTED_EDGE('',*,*,#8224,.T.);
#4601=CARTESIAN_POINT('',(15.55,1.39999999999999,-2.8753206314411));
#4602=DIRECTION('',(0.0,0.0,-1.0));
#4603=DIRECTION('',(1.0,0.0,0.0));
#4604=SURFACE_STYLE_FILL_AREA(#8227);
#4605=SURFACE_STYLE_FILL_AREA(#8228);
#4606=ORIENTED_EDGE('',*,*,#8229,.F.);
#4607=ORIENTED_EDGE('',*,*,#8230,.T.);
#4608=ORIENTED_EDGE('',*,*,#8231,.F.);
#4609=CARTESIAN_POINT('',(12.05,1.39999999999999,8.0753206314411));
#4610=DIRECTION('',(0.0,0.0,-1.0));
#4611=DIRECTION('',(1.0,0.0,0.0));
#4612=SURFACE_STYLE_FILL_AREA(#8232);
#4613=ORIENTED_EDGE('',*,*,#8233,.T.);
#4614=ORIENTED_EDGE('',*,*,#8234,.F.);
#4615=ORIENTED_EDGE('',*,*,#8235,.T.);
#4616=CARTESIAN_POINT('',(12.05,1.39999999999999,-2.8753206314411));
#4617=DIRECTION('',(0.0,0.0,-1.0));
#4618=DIRECTION('',(1.0,0.0,0.0));
#4619=SURFACE_STYLE_FILL_AREA(#8236);
#4620=ORIENTED_EDGE('',*,*,#8229,.T.);
#4621=ORIENTED_EDGE('',*,*,#8237,.T.);
#4622=ORIENTED_EDGE('',*,*,#8233,.F.);
#4623=ORIENTED_EDGE('',*,*,#8238,.F.);
#4624=CARTESIAN_POINT('',(12.05,1.39999999999999,1.13301270189221));
#4625=DIRECTION('',(0.0,0.0,1.0));
#4626=DIRECTION('',(1.0,0.0,0.0));
#4627=SURFACE_STYLE_FILL_AREA(#8239);
#4628=ORIENTED_EDGE('',*,*,#8237,.F.);
#4629=ORIENTED_EDGE('',*,*,#8240,.T.);
#4630=ORIENTED_EDGE('',*,*,#8238,.T.);
#4631=ORIENTED_EDGE('',*,*,#8241,.F.);
#4632=CARTESIAN_POINT('',(12.05,1.39999999999999,1.13301270189221));
#4633=DIRECTION('',(0.0,0.0,1.0));
#4634=DIRECTION('',(1.0,0.0,0.0));
#4635=SURFACE_STYLE_FILL_AREA(#8242);
#4636=ORIENTED_EDGE('',*,*,#8230,.F.);
#4637=ORIENTED_EDGE('',*,*,#8240,.F.);
#4638=ORIENTED_EDGE('',*,*,#8231,.T.);
#4639=CARTESIAN_POINT('',(12.05,1.39999999999999,8.0753206314411));
#4640=DIRECTION('',(0.0,0.0,-1.0));
#4641=DIRECTION('',(1.0,0.0,0.0));
#4642=SURFACE_STYLE_FILL_AREA(#8243);
#4643=ORIENTED_EDGE('',*,*,#8235,.F.);
#4644=ORIENTED_EDGE('',*,*,#8234,.T.);
#4645=ORIENTED_EDGE('',*,*,#8241,.T.);
#4646=CARTESIAN_POINT('',(12.05,1.39999999999999,-2.8753206314411));
#4647=DIRECTION('',(0.0,0.0,-1.0));
#4648=DIRECTION('',(1.0,0.0,0.0));
#4649=SURFACE_STYLE_FILL_AREA(#8244);
#4650=SURFACE_STYLE_FILL_AREA(#8245);
#4651=ORIENTED_EDGE('',*,*,#8246,.F.);
#4652=ORIENTED_EDGE('',*,*,#8247,.T.);
#4653=ORIENTED_EDGE('',*,*,#8248,.F.);
#4654=CARTESIAN_POINT('',(8.55,1.39999999999999,8.0753206314411));
#4655=DIRECTION('',(0.0,0.0,-1.0));
#4656=DIRECTION('',(1.0,0.0,0.0));
#4657=SURFACE_STYLE_FILL_AREA(#8249);
#4658=ORIENTED_EDGE('',*,*,#8250,.T.);
#4659=ORIENTED_EDGE('',*,*,#8251,.F.);
#4660=ORIENTED_EDGE('',*,*,#8252,.T.);
#4661=CARTESIAN_POINT('',(8.55,1.39999999999999,-2.8753206314411));
#4662=DIRECTION('',(0.0,0.0,-1.0));
#4663=DIRECTION('',(1.0,0.0,0.0));
#4664=SURFACE_STYLE_FILL_AREA(#8253);
#4665=ORIENTED_EDGE('',*,*,#8246,.T.);
#4666=ORIENTED_EDGE('',*,*,#8254,.T.);
#4667=ORIENTED_EDGE('',*,*,#8250,.F.);
#4668=ORIENTED_EDGE('',*,*,#8255,.F.);
#4669=CARTESIAN_POINT('',(8.55,1.39999999999999,1.13301270189221));
#4670=DIRECTION('',(0.0,0.0,1.0));
#4671=DIRECTION('',(1.0,0.0,0.0));
#4672=SURFACE_STYLE_FILL_AREA(#8256);
#4673=ORIENTED_EDGE('',*,*,#8254,.F.);
#4674=ORIENTED_EDGE('',*,*,#8257,.T.);
#4675=ORIENTED_EDGE('',*,*,#8255,.T.);
#4676=ORIENTED_EDGE('',*,*,#8258,.F.);
#4677=CARTESIAN_POINT('',(8.55,1.39999999999999,1.13301270189221));
#4678=DIRECTION('',(0.0,0.0,1.0));
#4679=DIRECTION('',(1.0,0.0,0.0));
#4680=SURFACE_STYLE_FILL_AREA(#8259);
#4681=ORIENTED_EDGE('',*,*,#8247,.F.);
#4682=ORIENTED_EDGE('',*,*,#8257,.F.);
#4683=ORIENTED_EDGE('',*,*,#8248,.T.);
#4684=CARTESIAN_POINT('',(8.55,1.39999999999999,8.0753206314411));
#4685=DIRECTION('',(0.0,0.0,-1.0));
#4686=DIRECTION('',(1.0,0.0,0.0));
#4687=SURFACE_STYLE_FILL_AREA(#8260);
#4688=ORIENTED_EDGE('',*,*,#8252,.F.);
#4689=ORIENTED_EDGE('',*,*,#8251,.T.);
#4690=ORIENTED_EDGE('',*,*,#8258,.T.);
#4691=CARTESIAN_POINT('',(8.55,1.39999999999999,-2.8753206314411));
#4692=DIRECTION('',(0.0,0.0,-1.0));
#4693=DIRECTION('',(1.0,0.0,0.0));
#4694=SURFACE_STYLE_FILL_AREA(#8261);
#4695=SURFACE_STYLE_FILL_AREA(#8262);
#4696=ORIENTED_EDGE('',*,*,#8263,.F.);
#4697=ORIENTED_EDGE('',*,*,#8264,.F.);
#4698=ORIENTED_EDGE('',*,*,#8265,.F.);
#4699=ORIENTED_EDGE('',*,*,#8266,.T.);
#4700=CARTESIAN_POINT('',(15.55,1.4,0.0));
#4701=DIRECTION('',(0.0,0.0,1.0));
#4702=DIRECTION('',(-1.0,0.0,0.0));
#4703=SURFACE_STYLE_FILL_AREA(#8267);
#4704=ORIENTED_EDGE('',*,*,#8268,.F.);
#4705=ORIENTED_EDGE('',*,*,#8269,.T.);
#4706=ORIENTED_EDGE('',*,*,#8270,.T.);
#4707=ORIENTED_EDGE('',*,*,#8271,.F.);
#4708=CARTESIAN_POINT('',(15.55,1.4,0.0));
#4709=DIRECTION('',(0.0,0.0,1.0));
#4710=DIRECTION('',(-1.0,0.0,0.0));
#4711=SURFACE_STYLE_FILL_AREA(#8272);
#4712=ORIENTED_EDGE('',*,*,#8273,.F.);
#4713=ORIENTED_EDGE('',*,*,#8274,.F.);
#4714=ORIENTED_EDGE('',*,*,#8275,.T.);
#4715=ORIENTED_EDGE('',*,*,#8276,.T.);
#4716=CARTESIAN_POINT('',(15.55,1.4,2.0));
#4717=DIRECTION('',(0.0,0.0,-1.0));
#4718=DIRECTION('',(-1.0,0.0,0.0));
#4719=SURFACE_STYLE_FILL_AREA(#8277);
#4720=ORIENTED_EDGE('',*,*,#8278,.F.);
#4721=ORIENTED_EDGE('',*,*,#8279,.T.);
#4722=ORIENTED_EDGE('',*,*,#8280,.F.);
#4723=ORIENTED_EDGE('',*,*,#8281,.F.);
#4724=CARTESIAN_POINT('',(19.05,1.4,2.0));
#4725=DIRECTION('',(0.0,0.0,-1.0));
#4726=DIRECTION('',(-1.0,0.0,0.0));
#4727=SURFACE_STYLE_FILL_AREA(#8282);
#4728=ORIENTED_EDGE('',*,*,#8283,.F.);
#4729=ORIENTED_EDGE('',*,*,#8284,.F.);
#4730=ORIENTED_EDGE('',*,*,#8285,.F.);
#4731=ORIENTED_EDGE('',*,*,#8286,.T.);
#4732=CARTESIAN_POINT('',(19.05,1.4,0.0));
#4733=DIRECTION('',(0.0,0.0,1.0));
#4734=DIRECTION('',(-1.0,0.0,0.0));
#4735=SURFACE_STYLE_FILL_AREA(#8287);
#4736=ORIENTED_EDGE('',*,*,#8288,.F.);
#4737=ORIENTED_EDGE('',*,*,#8289,.T.);
#4738=ORIENTED_EDGE('',*,*,#8290,.T.);
#4739=ORIENTED_EDGE('',*,*,#8291,.F.);
#4740=CARTESIAN_POINT('',(22.55,1.4,2.0));
#4741=DIRECTION('',(0.0,0.0,-1.0));
#4742=DIRECTION('',(-1.0,0.0,0.0));
#4743=SURFACE_STYLE_FILL_AREA(#8292);
#4744=ORIENTED_EDGE('',*,*,#8293,.F.);
#4745=ORIENTED_EDGE('',*,*,#8294,.F.);
#4746=ORIENTED_EDGE('',*,*,#8295,.T.);
#4747=ORIENTED_EDGE('',*,*,#8296,.T.);
#4748=CARTESIAN_POINT('',(22.55,1.4,2.0));
#4749=DIRECTION('',(0.0,0.0,-1.0));
#4750=DIRECTION('',(-1.0,0.0,0.0));
#4751=SURFACE_STYLE_FILL_AREA(#8297);
#4752=ORIENTED_EDGE('',*,*,#8298,.F.);
#4753=ORIENTED_EDGE('',*,*,#8299,.T.);
#4754=ORIENTED_EDGE('',*,*,#8300,.T.);
#4755=ORIENTED_EDGE('',*,*,#8301,.F.);
#4756=CARTESIAN_POINT('',(22.55,1.4,0.0));
#4757=DIRECTION('',(0.0,0.0,1.0));
#4758=DIRECTION('',(-1.0,0.0,0.0));
#4759=SURFACE_STYLE_FILL_AREA(#8302);
#4760=ORIENTED_EDGE('',*,*,#8303,.F.);
#4761=ORIENTED_EDGE('',*,*,#8304,.F.);
#4762=ORIENTED_EDGE('',*,*,#8305,.T.);
#4763=ORIENTED_EDGE('',*,*,#8306,.T.);
#4764=CARTESIAN_POINT('',(22.55,1.4,0.0));
#4765=DIRECTION('',(0.0,0.0,1.0));
#4766=DIRECTION('',(-1.0,0.0,0.0));
#4767=SURFACE_STYLE_FILL_AREA(#8307);
#4768=ORIENTED_EDGE('',*,*,#8308,.F.);
#4769=ORIENTED_EDGE('',*,*,#8309,.T.);
#4770=ORIENTED_EDGE('',*,*,#8310,.F.);
#4771=ORIENTED_EDGE('',*,*,#8311,.F.);
#4772=CARTESIAN_POINT('',(26.05,1.4,2.0));
#4773=DIRECTION('',(0.0,0.0,-1.0));
#4774=DIRECTION('',(-1.0,0.0,0.0));
#4775=SURFACE_STYLE_FILL_AREA(#8312);
#4776=ORIENTED_EDGE('',*,*,#8313,.F.);
#4777=ORIENTED_EDGE('',*,*,#8314,.F.);
#4778=ORIENTED_EDGE('',*,*,#8315,.F.);
#4779=ORIENTED_EDGE('',*,*,#8316,.T.);
#4780=CARTESIAN_POINT('',(26.05,1.4,0.0));
#4781=DIRECTION('',(0.0,0.0,1.0));
#4782=DIRECTION('',(-1.0,0.0,0.0));
#4783=SURFACE_STYLE_FILL_AREA(#8317);
#4784=ORIENTED_EDGE('',*,*,#8318,.F.);
#4785=ORIENTED_EDGE('',*,*,#8319,.F.);
#4786=ORIENTED_EDGE('',*,*,#8320,.F.);
#4787=ORIENTED_EDGE('',*,*,#8321,.T.);
#4788=CARTESIAN_POINT('',(33.05,1.4,0.0));
#4789=DIRECTION('',(0.0,0.0,1.0));
#4790=DIRECTION('',(-1.0,0.0,0.0));
#4791=SURFACE_STYLE_FILL_AREA(#8322);
#4792=ORIENTED_EDGE('',*,*,#8323,.F.);
#4793=ORIENTED_EDGE('',*,*,#8324,.T.);
#4794=ORIENTED_EDGE('',*,*,#8325,.T.);
#4795=ORIENTED_EDGE('',*,*,#8326,.F.);
#4796=CARTESIAN_POINT('',(33.05,1.4,0.0));
#4797=DIRECTION('',(0.0,0.0,1.0));
#4798=DIRECTION('',(-1.0,0.0,0.0));
#4799=SURFACE_STYLE_FILL_AREA(#8327);
#4800=ORIENTED_EDGE('',*,*,#8328,.F.);
#4801=ORIENTED_EDGE('',*,*,#8329,.F.);
#4802=ORIENTED_EDGE('',*,*,#8330,.T.);
#4803=ORIENTED_EDGE('',*,*,#8331,.T.);
#4804=CARTESIAN_POINT('',(33.05,1.4,2.0));
#4805=DIRECTION('',(0.0,0.0,-1.0));
#4806=DIRECTION('',(-1.0,0.0,0.0));
#4807=SURFACE_STYLE_FILL_AREA(#8332);
#4808=ORIENTED_EDGE('',*,*,#8333,.F.);
#4809=ORIENTED_EDGE('',*,*,#8334,.T.);
#4810=ORIENTED_EDGE('',*,*,#8335,.F.);
#4811=ORIENTED_EDGE('',*,*,#8336,.F.);
#4812=CARTESIAN_POINT('',(33.05,1.4,2.0));
#4813=DIRECTION('',(0.0,0.0,-1.0));
#4814=DIRECTION('',(-1.0,0.0,0.0));
#4815=SURFACE_STYLE_FILL_AREA(#8337);
#4816=ORIENTED_EDGE('',*,*,#8338,.F.);
#4817=ORIENTED_EDGE('',*,*,#8339,.T.);
#4818=ORIENTED_EDGE('',*,*,#8340,.F.);
#4819=ORIENTED_EDGE('',*,*,#8341,.F.);
#4820=CARTESIAN_POINT('',(29.55,1.4,2.0));
#4821=DIRECTION('',(0.0,0.0,-1.0));
#4822=DIRECTION('',(-1.0,0.0,0.0));
#4823=SURFACE_STYLE_FILL_AREA(#8342);
#4824=ORIENTED_EDGE('',*,*,#8343,.F.);
#4825=ORIENTED_EDGE('',*,*,#8344,.F.);
#4826=ORIENTED_EDGE('',*,*,#8345,.F.);
#4827=ORIENTED_EDGE('',*,*,#8346,.T.);
#4828=CARTESIAN_POINT('',(29.55,1.4,0.0));
#4829=DIRECTION('',(0.0,0.0,1.0));
#4830=DIRECTION('',(-1.0,0.0,0.0));
#4831=SURFACE_STYLE_FILL_AREA(#8347);
#4832=ORIENTED_EDGE('',*,*,#8348,.F.);
#4833=ORIENTED_EDGE('',*,*,#8349,.T.);
#4834=ORIENTED_EDGE('',*,*,#8350,.T.);
#4835=ORIENTED_EDGE('',*,*,#8351,.F.);
#4836=CARTESIAN_POINT('',(29.55,1.4,0.0));
#4837=DIRECTION('',(0.0,0.0,1.0));
#4838=DIRECTION('',(-1.0,0.0,0.0));
#4839=SURFACE_STYLE_FILL_AREA(#8352);
#4840=ORIENTED_EDGE('',*,*,#8353,.F.);
#4841=ORIENTED_EDGE('',*,*,#8354,.F.);
#4842=ORIENTED_EDGE('',*,*,#8355,.T.);
#4843=ORIENTED_EDGE('',*,*,#8356,.T.);
#4844=CARTESIAN_POINT('',(29.55,1.4,2.0));
#4845=DIRECTION('',(0.0,0.0,-1.0));
#4846=DIRECTION('',(-1.0,0.0,0.0));
#4847=SURFACE_STYLE_FILL_AREA(#8357);
#4848=ORIENTED_EDGE('',*,*,#8358,.F.);
#4849=ORIENTED_EDGE('',*,*,#8359,.T.);
#4850=ORIENTED_EDGE('',*,*,#8360,.F.);
#4851=ORIENTED_EDGE('',*,*,#8361,.F.);
#4852=CARTESIAN_POINT('',(26.05,1.4,0.0));
#4853=DIRECTION('',(0.0,0.0,1.0));
#4854=DIRECTION('',(-1.0,0.0,0.0));
#4855=SURFACE_STYLE_FILL_AREA(#8362);
#4856=ORIENTED_EDGE('',*,*,#8363,.F.);
#4857=ORIENTED_EDGE('',*,*,#8364,.F.);
#4858=ORIENTED_EDGE('',*,*,#8365,.F.);
#4859=ORIENTED_EDGE('',*,*,#8366,.T.);
#4860=CARTESIAN_POINT('',(26.05,1.4,2.0));
#4861=DIRECTION('',(0.0,0.0,-1.0));
#4862=DIRECTION('',(-1.0,0.0,0.0));
#4863=SURFACE_STYLE_FILL_AREA(#8367);
#4864=ORIENTED_EDGE('',*,*,#8368,.F.);
#4865=ORIENTED_EDGE('',*,*,#8369,.T.);
#4866=ORIENTED_EDGE('',*,*,#8370,.T.);
#4867=ORIENTED_EDGE('',*,*,#8371,.F.);
#4868=CARTESIAN_POINT('',(19.05,1.4,0.0));
#4869=DIRECTION('',(0.0,0.0,1.0));
#4870=DIRECTION('',(-1.0,0.0,0.0));
#4871=SURFACE_STYLE_FILL_AREA(#8372);
#4872=ORIENTED_EDGE('',*,*,#8373,.F.);
#4873=ORIENTED_EDGE('',*,*,#8374,.F.);
#4874=ORIENTED_EDGE('',*,*,#8375,.T.);
#4875=ORIENTED_EDGE('',*,*,#8376,.T.);
#4876=CARTESIAN_POINT('',(19.05,1.4,2.0));
#4877=DIRECTION('',(0.0,0.0,-1.0));
#4878=DIRECTION('',(-1.0,0.0,0.0));
#4879=SURFACE_STYLE_FILL_AREA(#8377);
#4880=ORIENTED_EDGE('',*,*,#8378,.F.);
#4881=ORIENTED_EDGE('',*,*,#8379,.F.);
#4882=ORIENTED_EDGE('',*,*,#8380,.F.);
#4883=ORIENTED_EDGE('',*,*,#8381,.T.);
#4884=CARTESIAN_POINT('',(12.05,1.4,0.0));
#4885=DIRECTION('',(0.0,0.0,1.0));
#4886=DIRECTION('',(-1.0,0.0,0.0));
#4887=SURFACE_STYLE_FILL_AREA(#8382);
#4888=ORIENTED_EDGE('',*,*,#8383,.F.);
#4889=ORIENTED_EDGE('',*,*,#8384,.T.);
#4890=ORIENTED_EDGE('',*,*,#8385,.F.);
#4891=ORIENTED_EDGE('',*,*,#8386,.F.);
#4892=CARTESIAN_POINT('',(12.05,1.4,2.0));
#4893=DIRECTION('',(0.0,0.0,-1.0));
#4894=DIRECTION('',(-1.0,0.0,0.0));
#4895=SURFACE_STYLE_FILL_AREA(#8387);
#4896=ORIENTED_EDGE('',*,*,#8388,.F.);
#4897=ORIENTED_EDGE('',*,*,#8389,.F.);
#4898=ORIENTED_EDGE('',*,*,#8390,.T.);
#4899=ORIENTED_EDGE('',*,*,#8391,.T.);
#4900=CARTESIAN_POINT('',(12.05,1.4,2.0));
#4901=DIRECTION('',(0.0,0.0,-1.0));
#4902=DIRECTION('',(-1.0,0.0,0.0));
#4903=SURFACE_STYLE_FILL_AREA(#8392);
#4904=ORIENTED_EDGE('',*,*,#8393,.F.);
#4905=ORIENTED_EDGE('',*,*,#8394,.T.);
#4906=ORIENTED_EDGE('',*,*,#8395,.F.);
#4907=ORIENTED_EDGE('',*,*,#8396,.F.);
#4908=CARTESIAN_POINT('',(15.55,1.4,2.0));
#4909=DIRECTION('',(0.0,0.0,-1.0));
#4910=DIRECTION('',(-1.0,0.0,0.0));
#4911=SURFACE_STYLE_FILL_AREA(#8397);
#4912=ORIENTED_EDGE('',*,*,#8398,.F.);
#4913=ORIENTED_EDGE('',*,*,#8399,.F.);
#4914=ORIENTED_EDGE('',*,*,#8400,.F.);
#4915=ORIENTED_EDGE('',*,*,#8401,.T.);
#4916=CARTESIAN_POINT('',(8.55,1.4,0.0));
#4917=DIRECTION('',(0.0,0.0,1.0));
#4918=DIRECTION('',(-1.0,0.0,0.0));
#4919=SURFACE_STYLE_FILL_AREA(#8402);
#4920=ORIENTED_EDGE('',*,*,#8403,.F.);
#4921=ORIENTED_EDGE('',*,*,#8404,.T.);
#4922=ORIENTED_EDGE('',*,*,#8405,.F.);
#4923=ORIENTED_EDGE('',*,*,#8406,.F.);
#4924=CARTESIAN_POINT('',(8.55,1.4,2.0));
#4925=DIRECTION('',(0.0,0.0,-1.0));
#4926=DIRECTION('',(-1.0,0.0,0.0));
#4927=SURFACE_STYLE_FILL_AREA(#8407);
#4928=ORIENTED_EDGE('',*,*,#8408,.F.);
#4929=ORIENTED_EDGE('',*,*,#8409,.F.);
#4930=ORIENTED_EDGE('',*,*,#8410,.F.);
#4931=ORIENTED_EDGE('',*,*,#8411,.T.);
#4932=CARTESIAN_POINT('',(5.05,1.4,0.0));
#4933=DIRECTION('',(0.0,0.0,1.0));
#4934=DIRECTION('',(-1.0,0.0,0.0));
#4935=SURFACE_STYLE_FILL_AREA(#8412);
#4936=ORIENTED_EDGE('',*,*,#8413,.F.);
#4937=ORIENTED_EDGE('',*,*,#8414,.T.);
#4938=ORIENTED_EDGE('',*,*,#8415,.T.);
#4939=ORIENTED_EDGE('',*,*,#8416,.F.);
#4940=CARTESIAN_POINT('',(8.55,1.4,0.0));
#4941=DIRECTION('',(0.0,0.0,1.0));
#4942=DIRECTION('',(-1.0,0.0,0.0));
#4943=SURFACE_STYLE_FILL_AREA(#8417);
#4944=ORIENTED_EDGE('',*,*,#8418,.F.);
#4945=ORIENTED_EDGE('',*,*,#8419,.F.);
#4946=ORIENTED_EDGE('',*,*,#8420,.T.);
#4947=ORIENTED_EDGE('',*,*,#8421,.T.);
#4948=CARTESIAN_POINT('',(8.55,1.4,2.0));
#4949=DIRECTION('',(0.0,0.0,-1.0));
#4950=DIRECTION('',(-1.0,0.0,0.0));
#4951=SURFACE_STYLE_FILL_AREA(#8422);
#4952=ORIENTED_EDGE('',*,*,#8423,.F.);
#4953=ORIENTED_EDGE('',*,*,#8424,.T.);
#4954=ORIENTED_EDGE('',*,*,#8425,.T.);
#4955=ORIENTED_EDGE('',*,*,#8426,.F.);
#4956=CARTESIAN_POINT('',(12.05,1.4,0.0));
#4957=DIRECTION('',(0.0,0.0,1.0));
#4958=DIRECTION('',(-1.0,0.0,0.0));
#4959=SURFACE_STYLE_FILL_AREA(#8427);
#4960=ORIENTED_EDGE('',*,*,#8428,.F.);
#4961=ORIENTED_EDGE('',*,*,#8429,.T.);
#4962=ORIENTED_EDGE('',*,*,#8430,.F.);
#4963=ORIENTED_EDGE('',*,*,#8431,.F.);
#4964=CARTESIAN_POINT('',(5.05,1.4,2.0));
#4965=DIRECTION('',(0.0,0.0,-1.0));
#4966=DIRECTION('',(-1.0,0.0,0.0));
#4967=SURFACE_STYLE_FILL_AREA(#8432);
#4968=ORIENTED_EDGE('',*,*,#8433,.F.);
#4969=ORIENTED_EDGE('',*,*,#8434,.T.);
#4970=ORIENTED_EDGE('',*,*,#8435,.F.);
#4971=ORIENTED_EDGE('',*,*,#8436,.F.);
#4972=CARTESIAN_POINT('',(1.55,1.4,2.0));
#4973=DIRECTION('',(0.0,0.0,-1.0));
#4974=DIRECTION('',(-1.0,0.0,0.0));
#4975=SURFACE_STYLE_FILL_AREA(#8437);
#4976=ORIENTED_EDGE('',*,*,#8438,.F.);
#4977=ORIENTED_EDGE('',*,*,#8439,.T.);
#4978=ORIENTED_EDGE('',*,*,#8440,.T.);
#4979=ORIENTED_EDGE('',*,*,#8441,.F.);
#4980=CARTESIAN_POINT('',(5.05,1.4,0.0));
#4981=DIRECTION('',(0.0,0.0,1.0));
#4982=DIRECTION('',(-1.0,0.0,0.0));
#4983=SURFACE_STYLE_FILL_AREA(#8442);
#4984=ORIENTED_EDGE('',*,*,#8443,.F.);
#4985=ORIENTED_EDGE('',*,*,#8444,.F.);
#4986=ORIENTED_EDGE('',*,*,#8445,.F.);
#4987=ORIENTED_EDGE('',*,*,#8446,.T.);
#4988=CARTESIAN_POINT('',(1.55,1.4,0.0));
#4989=DIRECTION('',(0.0,0.0,1.0));
#4990=DIRECTION('',(-1.0,0.0,0.0));
#4991=SURFACE_STYLE_FILL_AREA(#8447);
#4992=ORIENTED_EDGE('',*,*,#8448,.F.);
#4993=ORIENTED_EDGE('',*,*,#8449,.F.);
#4994=ORIENTED_EDGE('',*,*,#8450,.T.);
#4995=ORIENTED_EDGE('',*,*,#8451,.T.);
#4996=CARTESIAN_POINT('',(5.05,1.4,2.0));
#4997=DIRECTION('',(0.0,0.0,-1.0));
#4998=DIRECTION('',(-1.0,0.0,0.0));
#4999=SURFACE_STYLE_FILL_AREA(#8452);
#5000=ORIENTED_EDGE('',*,*,#8453,.F.);
#5001=ORIENTED_EDGE('',*,*,#8454,.F.);
#5002=ORIENTED_EDGE('',*,*,#8455,.T.);
#5003=ORIENTED_EDGE('',*,*,#8456,.T.);
#5004=CARTESIAN_POINT('',(1.55,1.4,2.0));
#5005=DIRECTION('',(0.0,0.0,-1.0));
#5006=DIRECTION('',(-1.0,0.0,0.0));
#5007=SURFACE_STYLE_FILL_AREA(#8457);
#5008=ORIENTED_EDGE('',*,*,#8458,.F.);
#5009=ORIENTED_EDGE('',*,*,#8459,.T.);
#5010=ORIENTED_EDGE('',*,*,#8460,.T.);
#5011=ORIENTED_EDGE('',*,*,#8461,.F.);
#5012=CARTESIAN_POINT('',(1.55,1.4,0.0));
#5013=DIRECTION('',(0.0,0.0,1.0));
#5014=DIRECTION('',(-1.0,0.0,0.0));
#5015=SURFACE_STYLE_FILL_AREA(#8462);
#5016=ORIENTED_EDGE('',*,*,#8463,.F.);
#5017=ORIENTED_EDGE('',*,*,#8464,.T.);
#5018=ORIENTED_EDGE('',*,*,#8465,.T.);
#5019=ORIENTED_EDGE('',*,*,#8466,.F.);
#5020=CARTESIAN_POINT('',(1.55,1.4,0.0));
#5021=DIRECTION('',(0.0,0.0,1.0));
#5022=DIRECTION('',(-1.0,0.0,0.0));
#5023=SURFACE_STYLE_FILL_AREA(#8467);
#5024=ORIENTED_EDGE('',*,*,#8468,.F.);
#5025=ORIENTED_EDGE('',*,*,#8469,.T.);
#5026=ORIENTED_EDGE('',*,*,#8470,.T.);
#5027=ORIENTED_EDGE('',*,*,#8461,.T.);
#5028=ORIENTED_EDGE('',*,*,#8471,.T.);
#5029=ORIENTED_EDGE('',*,*,#8472,.F.);
#5030=ORIENTED_EDGE('',*,*,#8473,.T.);
#5031=ORIENTED_EDGE('',*,*,#8444,.T.);
#5032=ORIENTED_EDGE('',*,*,#8474,.T.);
#5033=ORIENTED_EDGE('',*,*,#8475,.T.);
#5034=ORIENTED_EDGE('',*,*,#8465,.F.);
#5035=ORIENTED_EDGE('',*,*,#8476,.F.);
#5036=CARTESIAN_POINT('',(-11.5971953775145,-6.13860164424137,0.200000000000003));
#5037=DIRECTION('',(0.0,0.0,-1.0));
#5038=DIRECTION('',(1.0,0.0,0.0));
#5039=SURFACE_STYLE_FILL_AREA(#8477);
#5040=ORIENTED_EDGE('',*,*,#8466,.T.);
#5041=ORIENTED_EDGE('',*,*,#8476,.T.);
#5042=ORIENTED_EDGE('',*,*,#8464,.F.);
#5043=ORIENTED_EDGE('',*,*,#8478,.F.);
#5044=CARTESIAN_POINT('',(1.55,1.4,0.0));
#5045=DIRECTION('',(0.0,0.0,1.0));
#5046=DIRECTION('',(-1.0,0.0,0.0));
#5047=SURFACE_STYLE_FILL_AREA(#8479);
#5048=ORIENTED_EDGE('',*,*,#8472,.T.);
#5049=ORIENTED_EDGE('',*,*,#8480,.F.);
#5050=ORIENTED_EDGE('',*,*,#8481,.F.);
#5051=ORIENTED_EDGE('',*,*,#8482,.T.);
#5052=ORIENTED_EDGE('',*,*,#8483,.T.);
#5053=ORIENTED_EDGE('',*,*,#8484,.T.);
#5054=ORIENTED_EDGE('',*,*,#8485,.F.);
#5055=ORIENTED_EDGE('',*,*,#8486,.T.);
#5056=ORIENTED_EDGE('',*,*,#8487,.T.);
#5057=ORIENTED_EDGE('',*,*,#8488,.F.);
#5058=ORIENTED_EDGE('',*,*,#8489,.F.);
#5059=ORIENTED_EDGE('',*,*,#8490,.F.);
#5060=CARTESIAN_POINT('',(-0.200000000000003,2.79999999999999,0.0));
#5061=DIRECTION('',(-0.0,1.0,0.0));
#5062=DIRECTION('',(1.0,0.0,0.0));
#5063=SURFACE_STYLE_FILL_AREA(#8491);
#5064=ORIENTED_EDGE('',*,*,#8492,.T.);
#5065=ORIENTED_EDGE('',*,*,#8469,.F.);
#5066=ORIENTED_EDGE('',*,*,#8493,.T.);
#5067=ORIENTED_EDGE('',*,*,#8494,.T.);
#5068=CARTESIAN_POINT('',(0.899999999999999,0.0,0.0));
#5069=DIRECTION('',(-1.0,2.72386129930569E-14,0.0));
#5070=DIRECTION('',(0.0,0.0,-1.0));
#5071=SURFACE_STYLE_FILL_AREA(#8495);
#5072=ORIENTED_EDGE('',*,*,#8458,.T.);
#5073=ORIENTED_EDGE('',*,*,#8470,.F.);
#5074=ORIENTED_EDGE('',*,*,#8492,.F.);
#5075=ORIENTED_EDGE('',*,*,#8496,.T.);
#5076=CARTESIAN_POINT('',(1.55,1.4,0.0));
#5077=DIRECTION('',(0.0,0.0,1.0));
#5078=DIRECTION('',(-1.0,0.0,0.0));
#5079=SURFACE_STYLE_FILL_AREA(#8497);
#5080=ORIENTED_EDGE('',*,*,#8498,.F.);
#5081=ORIENTED_EDGE('',*,*,#8493,.F.);
#5082=ORIENTED_EDGE('',*,*,#8468,.T.);
#5083=ORIENTED_EDGE('',*,*,#8499,.F.);
#5084=ORIENTED_EDGE('',*,*,#8500,.F.);
#5085=ORIENTED_EDGE('',*,*,#8501,.T.);
#5086=ORIENTED_EDGE('',*,*,#8502,.T.);
#5087=ORIENTED_EDGE('',*,*,#8503,.T.);
#5088=ORIENTED_EDGE('',*,*,#8504,.F.);
#5089=ORIENTED_EDGE('',*,*,#8505,.T.);
#5090=ORIENTED_EDGE('',*,*,#8506,.T.);
#5091=ORIENTED_EDGE('',*,*,#8507,.F.);
#5092=CARTESIAN_POINT('',(3.2,0.0,0.0));
#5093=DIRECTION('',(0.0,-1.0,0.0));
#5094=DIRECTION('',(0.0,0.0,1.0));
#5095=SURFACE_STYLE_FILL_AREA(#8508);
#5096=ORIENTED_EDGE('',*,*,#8509,.T.);
#5097=ORIENTED_EDGE('',*,*,#8507,.T.);
#5098=ORIENTED_EDGE('',*,*,#8510,.F.);
#5099=ORIENTED_EDGE('',*,*,#8482,.F.);
#5100=ORIENTED_EDGE('',*,*,#8511,.F.);
#5101=ORIENTED_EDGE('',*,*,#8512,.F.);
#5102=ORIENTED_EDGE('',*,*,#8513,.F.);
#5103=ORIENTED_EDGE('',*,*,#8514,.F.);
#5104=CARTESIAN_POINT('',(0.0,0.0,0.0));
#5105=DIRECTION('',(-1.0,0.0,0.0));
#5106=DIRECTION('',(0.0,1.0,0.0));
#5107=SURFACE_STYLE_FILL_AREA(#8515);
#5108=ORIENTED_EDGE('',*,*,#8516,.F.);
#5109=ORIENTED_EDGE('',*,*,#8517,.F.);
#5110=ORIENTED_EDGE('',*,*,#8518,.F.);
#5111=ORIENTED_EDGE('',*,*,#8519,.F.);
#5112=CARTESIAN_POINT('',(-0.100000000000001,1.4,1.0));
#5113=DIRECTION('',(-1.0,0.0,0.0));
#5114=DIRECTION('',(0.0,1.0,0.0));
#5115=SURFACE_STYLE_FILL_AREA(#8520);
#5116=ORIENTED_EDGE('',*,*,#8514,.T.);
#5117=ORIENTED_EDGE('',*,*,#8521,.T.);
#5118=ORIENTED_EDGE('',*,*,#8519,.T.);
#5119=ORIENTED_EDGE('',*,*,#8522,.F.);
#5120=CARTESIAN_POINT('',(0.0,2.59999999999999,0.200000000000003));
#5121=DIRECTION('',(-0.0,1.0,0.0));
#5122=DIRECTION('',(1.0,0.0,0.0));
#5123=SURFACE_STYLE_FILL_AREA(#8523);
#5124=ORIENTED_EDGE('',*,*,#8513,.T.);
#5125=ORIENTED_EDGE('',*,*,#8524,.T.);
#5126=ORIENTED_EDGE('',*,*,#8516,.T.);
#5127=ORIENTED_EDGE('',*,*,#8521,.F.);
#5128=CARTESIAN_POINT('',(0.0,0.2,0.200000000000003));
#5129=DIRECTION('',(0.0,0.0,-1.0));
#5130=DIRECTION('',(1.0,0.0,0.0));
#5131=SURFACE_STYLE_FILL_AREA(#8525);
#5132=ORIENTED_EDGE('',*,*,#8512,.T.);
#5133=ORIENTED_EDGE('',*,*,#8526,.T.);
#5134=ORIENTED_EDGE('',*,*,#8517,.T.);
#5135=ORIENTED_EDGE('',*,*,#8524,.F.);
#5136=CARTESIAN_POINT('',(0.0,0.2,1.8));
#5137=DIRECTION('',(0.0,-1.0,0.0));
#5138=DIRECTION('',(0.0,0.0,1.0));
#5139=SURFACE_STYLE_FILL_AREA(#8527);
#5140=ORIENTED_EDGE('',*,*,#8511,.T.);
#5141=ORIENTED_EDGE('',*,*,#8522,.T.);
#5142=ORIENTED_EDGE('',*,*,#8518,.T.);
#5143=ORIENTED_EDGE('',*,*,#8526,.F.);
#5144=CARTESIAN_POINT('',(0.0,2.59999999999999,1.8));
#5145=DIRECTION('',(0.0,0.0,1.0));
#5146=DIRECTION('',(0.0,-1.0,0.0));
#5147=SURFACE_STYLE_FILL_AREA(#8528);
#5148=ORIENTED_EDGE('',*,*,#8485,.T.);
#5149=ORIENTED_EDGE('',*,*,#8529,.F.);
#5150=ORIENTED_EDGE('',*,*,#8530,.F.);
#5151=ORIENTED_EDGE('',*,*,#8456,.F.);
#5152=ORIENTED_EDGE('',*,*,#8531,.F.);
#5153=ORIENTED_EDGE('',*,*,#8504,.T.);
#5154=ORIENTED_EDGE('',*,*,#8532,.F.);
#5155=ORIENTED_EDGE('',*,*,#8434,.F.);
#5156=ORIENTED_EDGE('',*,*,#8533,.F.);
#5157=ORIENTED_EDGE('',*,*,#8534,.F.);
#5158=ORIENTED_EDGE('',*,*,#8463,.T.);
#5159=ORIENTED_EDGE('',*,*,#8478,.T.);
#5160=CARTESIAN_POINT('',(-11.5971953775145,-6.13860164424137,1.8));
#5161=DIRECTION('',(0.0,0.0,-1.0));
#5162=DIRECTION('',(1.0,0.0,0.0));
#5163=SURFACE_STYLE_FILL_AREA(#8535);
#5164=ORIENTED_EDGE('',*,*,#8453,.T.);
#5165=ORIENTED_EDGE('',*,*,#8530,.T.);
#5166=ORIENTED_EDGE('',*,*,#8536,.F.);
#5167=ORIENTED_EDGE('',*,*,#8537,.F.);
#5168=CARTESIAN_POINT('',(1.55,1.4,2.0));
#5169=DIRECTION('',(0.0,0.0,-1.0));
#5170=DIRECTION('',(-1.0,0.0,0.0));
#5171=SURFACE_STYLE_FILL_AREA(#8538);
#5172=ORIENTED_EDGE('',*,*,#8539,.F.);
#5173=ORIENTED_EDGE('',*,*,#8505,.F.);
#5174=ORIENTED_EDGE('',*,*,#8531,.T.);
#5175=ORIENTED_EDGE('',*,*,#8455,.F.);
#5176=CARTESIAN_POINT('',(0.899999999999999,0.0,2.0));
#5177=DIRECTION('',(1.0,-2.72386129930569E-14,0.0));
#5178=DIRECTION('',(-2.72386129930569E-14,-1.0,-0.0));
#5179=SURFACE_STYLE_FILL_AREA(#8540);
#5180=ORIENTED_EDGE('',*,*,#8487,.F.);
#5181=ORIENTED_EDGE('',*,*,#8541,.T.);
#5182=ORIENTED_EDGE('',*,*,#8542,.T.);
#5183=ORIENTED_EDGE('',*,*,#8436,.T.);
#5184=ORIENTED_EDGE('',*,*,#8543,.T.);
#5185=ORIENTED_EDGE('',*,*,#8502,.F.);
#5186=ORIENTED_EDGE('',*,*,#8544,.F.);
#5187=CARTESIAN_POINT('',(-11.5971953775145,-6.13860164424137,2.0));
#5188=DIRECTION('',(0.0,0.0,-1.0));
#5189=DIRECTION('',(1.0,0.0,0.0));
#5190=SURFACE_STYLE_FILL_AREA(#8545);
#5191=ORIENTED_EDGE('',*,*,#8501,.F.);
#5192=ORIENTED_EDGE('',*,*,#8546,.F.);
#5193=ORIENTED_EDGE('',*,*,#8488,.T.);
#5194=ORIENTED_EDGE('',*,*,#8544,.T.);
#5195=ORIENTED_EDGE('',*,*,#8547,.T.);
#5196=ORIENTED_EDGE('',*,*,#8548,.T.);
#5197=ORIENTED_EDGE('',*,*,#8549,.F.);
#5198=ORIENTED_EDGE('',*,*,#8550,.F.);
#5199=CARTESIAN_POINT('',(3.2,0.2,0.0));
#5200=DIRECTION('',(1.0,0.0,0.0));
#5201=DIRECTION('',(0.0,0.0,-1.0));
#5202=SURFACE_STYLE_FILL_AREA(#8551);
#5203=ORIENTED_EDGE('',*,*,#8552,.T.);
#5204=ORIENTED_EDGE('',*,*,#8553,.F.);
#5205=ORIENTED_EDGE('',*,*,#8554,.T.);
#5206=ORIENTED_EDGE('',*,*,#8548,.F.);
#5207=CARTESIAN_POINT('',(-11.5971953775145,-6.13860164424137,1.8));
#5208=DIRECTION('',(0.0,0.0,-1.0));
#5209=DIRECTION('',(1.0,0.0,0.0));
#5210=SURFACE_STYLE_FILL_AREA(#8555);
#5211=ORIENTED_EDGE('',*,*,#8556,.T.);
#5212=ORIENTED_EDGE('',*,*,#8557,.T.);
#5213=ORIENTED_EDGE('',*,*,#8552,.F.);
#5214=ORIENTED_EDGE('',*,*,#8547,.F.);
#5215=CARTESIAN_POINT('',(3.4,0.2,0.0));
#5216=DIRECTION('',(0.0,-1.0,0.0));
#5217=DIRECTION('',(0.0,0.0,1.0));
#5218=SURFACE_STYLE_FILL_AREA(#8558);
#5219=ORIENTED_EDGE('',*,*,#8559,.T.);
#5220=ORIENTED_EDGE('',*,*,#8560,.T.);
#5221=ORIENTED_EDGE('',*,*,#8561,.F.);
#5222=ORIENTED_EDGE('',*,*,#8562,.F.);
#5223=ORIENTED_EDGE('',*,*,#8557,.F.);
#5224=ORIENTED_EDGE('',*,*,#8563,.F.);
#5225=ORIENTED_EDGE('',*,*,#8564,.T.);
#5226=ORIENTED_EDGE('',*,*,#8553,.T.);
#5227=CARTESIAN_POINT('',(3.4,2.59999999999999,0.0));
#5228=DIRECTION('',(-1.0,0.0,0.0));
#5229=DIRECTION('',(0.0,1.0,0.0));
#5230=SURFACE_STYLE_FILL_AREA(#8565);
#5231=ORIENTED_EDGE('',*,*,#8543,.F.);
#5232=ORIENTED_EDGE('',*,*,#8435,.T.);
#5233=ORIENTED_EDGE('',*,*,#8532,.T.);
#5234=ORIENTED_EDGE('',*,*,#8503,.F.);
#5235=CARTESIAN_POINT('',(2.2000000000001,0.391287949908401,2.0));
#5236=DIRECTION('',(-1.0,2.72386129930563E-14,0.0));
#5237=DIRECTION('',(0.0,0.0,-1.0));
#5238=SURFACE_STYLE_FILL_AREA(#8566);
#5239=ORIENTED_EDGE('',*,*,#8499,.T.);
#5240=ORIENTED_EDGE('',*,*,#8475,.F.);
#5241=ORIENTED_EDGE('',*,*,#8567,.F.);
#5242=ORIENTED_EDGE('',*,*,#8568,.T.);
#5243=CARTESIAN_POINT('',(2.2000000000001,0.391287949908401,0.0));
#5244=DIRECTION('',(1.0,-2.72386129930563E-14,0.0));
#5245=DIRECTION('',(-2.72386129930563E-14,-1.0,-0.0));
#5246=SURFACE_STYLE_FILL_AREA(#8569);
#5247=ORIENTED_EDGE('',*,*,#8570,.T.);
#5248=ORIENTED_EDGE('',*,*,#8571,.F.);
#5249=ORIENTED_EDGE('',*,*,#8572,.F.);
#5250=ORIENTED_EDGE('',*,*,#8451,.F.);
#5251=ORIENTED_EDGE('',*,*,#8573,.F.);
#5252=ORIENTED_EDGE('',*,*,#8574,.T.);
#5253=ORIENTED_EDGE('',*,*,#8575,.F.);
#5254=ORIENTED_EDGE('',*,*,#8429,.F.);
#5255=ORIENTED_EDGE('',*,*,#8576,.F.);
#5256=ORIENTED_EDGE('',*,*,#8577,.F.);
#5257=ORIENTED_EDGE('',*,*,#8578,.T.);
#5258=ORIENTED_EDGE('',*,*,#8579,.T.);
#5259=CARTESIAN_POINT('',(-11.5971953775145,-6.13860164424137,1.8));
#5260=DIRECTION('',(0.0,0.0,-1.0));
#5261=DIRECTION('',(1.0,0.0,0.0));
#5262=SURFACE_STYLE_FILL_AREA(#8580);
#5263=ORIENTED_EDGE('',*,*,#8581,.F.);
#5264=ORIENTED_EDGE('',*,*,#8582,.F.);
#5265=ORIENTED_EDGE('',*,*,#8573,.T.);
#5266=ORIENTED_EDGE('',*,*,#8450,.F.);
#5267=CARTESIAN_POINT('',(4.4,0.0,2.0));
#5268=DIRECTION('',(1.0,-2.72386129930569E-14,0.0));
#5269=DIRECTION('',(-2.72386129930569E-14,-1.0,-0.0));
#5270=SURFACE_STYLE_FILL_AREA(#8583);
#5271=ORIENTED_EDGE('',*,*,#8448,.T.);
#5272=ORIENTED_EDGE('',*,*,#8572,.T.);
#5273=ORIENTED_EDGE('',*,*,#8584,.F.);
#5274=ORIENTED_EDGE('',*,*,#8585,.F.);
#5275=CARTESIAN_POINT('',(5.05,1.4,2.0));
#5276=DIRECTION('',(0.0,0.0,-1.0));
#5277=DIRECTION('',(-1.0,0.0,0.0));
#5278=SURFACE_STYLE_FILL_AREA(#8586);
#5279=ORIENTED_EDGE('',*,*,#8587,.F.);
#5280=ORIENTED_EDGE('',*,*,#8584,.T.);
#5281=ORIENTED_EDGE('',*,*,#8571,.T.);
#5282=ORIENTED_EDGE('',*,*,#8588,.F.);
#5283=CARTESIAN_POINT('',(4.4,2.40871205009159,2.0));
#5284=DIRECTION('',(1.0,0.0,0.0));
#5285=DIRECTION('',(0.0,0.0,-1.0));
#5286=SURFACE_STYLE_FILL_AREA(#8589);
#5287=ORIENTED_EDGE('',*,*,#8587,.T.);
#5288=ORIENTED_EDGE('',*,*,#8590,.F.);
#5289=ORIENTED_EDGE('',*,*,#8560,.F.);
#5290=ORIENTED_EDGE('',*,*,#8591,.F.);
#5291=ORIENTED_EDGE('',*,*,#8581,.T.);
#5292=ORIENTED_EDGE('',*,*,#8449,.T.);
#5293=ORIENTED_EDGE('',*,*,#8585,.T.);
#5294=CARTESIAN_POINT('',(-11.5971953775145,-6.13860164424137,2.0));
#5295=DIRECTION('',(0.0,0.0,-1.0));
#5296=DIRECTION('',(1.0,0.0,0.0));
#5297=SURFACE_STYLE_FILL_AREA(#8592);
#5298=ORIENTED_EDGE('',*,*,#8578,.F.);
#5299=ORIENTED_EDGE('',*,*,#8593,.T.);
#5300=ORIENTED_EDGE('',*,*,#8594,.T.);
#5301=ORIENTED_EDGE('',*,*,#8595,.F.);
#5302=CARTESIAN_POINT('',(5.05,1.4,0.0));
#5303=DIRECTION('',(0.0,0.0,1.0));
#5304=DIRECTION('',(-1.0,0.0,0.0));
#5305=SURFACE_STYLE_FILL_AREA(#8596);
#5306=ORIENTED_EDGE('',*,*,#8597,.T.);
#5307=ORIENTED_EDGE('',*,*,#8598,.F.);
#5308=ORIENTED_EDGE('',*,*,#8599,.F.);
#5309=ORIENTED_EDGE('',*,*,#8561,.T.);
#5310=ORIENTED_EDGE('',*,*,#8590,.T.);
#5311=ORIENTED_EDGE('',*,*,#8588,.T.);
#5312=ORIENTED_EDGE('',*,*,#8570,.F.);
#5313=ORIENTED_EDGE('',*,*,#8600,.T.);
#5314=ORIENTED_EDGE('',*,*,#8601,.T.);
#5315=ORIENTED_EDGE('',*,*,#8602,.F.);
#5316=ORIENTED_EDGE('',*,*,#8603,.F.);
#5317=ORIENTED_EDGE('',*,*,#8604,.F.);
#5318=CARTESIAN_POINT('',(3.4,2.79999999999999,0.0));
#5319=DIRECTION('',(-0.0,1.0,0.0));
#5320=DIRECTION('',(1.0,0.0,0.0));
#5321=SURFACE_STYLE_FILL_AREA(#8605);
#5322=ORIENTED_EDGE('',*,*,#8445,.T.);
#5323=ORIENTED_EDGE('',*,*,#8473,.F.);
#5324=ORIENTED_EDGE('',*,*,#8490,.T.);
#5325=ORIENTED_EDGE('',*,*,#8606,.T.);
#5326=CARTESIAN_POINT('',(2.2000000000001,2.79999999999999,0.0));
#5327=DIRECTION('',(1.0,0.0,0.0));
#5328=DIRECTION('',(0.0,0.0,-1.0));
#5329=SURFACE_STYLE_FILL_AREA(#8607);
#5330=ORIENTED_EDGE('',*,*,#8443,.T.);
#5331=ORIENTED_EDGE('',*,*,#8608,.T.);
#5332=ORIENTED_EDGE('',*,*,#8567,.T.);
#5333=ORIENTED_EDGE('',*,*,#8474,.F.);
#5334=CARTESIAN_POINT('',(1.55,1.4,0.0));
#5335=DIRECTION('',(0.0,0.0,1.0));
#5336=DIRECTION('',(-1.0,0.0,0.0));
#5337=SURFACE_STYLE_FILL_AREA(#8609);
#5338=ORIENTED_EDGE('',*,*,#8610,.F.);
#5339=ORIENTED_EDGE('',*,*,#8611,.F.);
#5340=ORIENTED_EDGE('',*,*,#8612,.T.);
#5341=ORIENTED_EDGE('',*,*,#8562,.T.);
#5342=ORIENTED_EDGE('',*,*,#8599,.T.);
#5343=ORIENTED_EDGE('',*,*,#8613,.F.);
#5344=ORIENTED_EDGE('',*,*,#8439,.F.);
#5345=CARTESIAN_POINT('',(-11.5971953775145,-6.13860164424137,0.0));
#5346=DIRECTION('',(0.0,0.0,-1.0));
#5347=DIRECTION('',(1.0,0.0,0.0));
#5348=SURFACE_STYLE_FILL_AREA(#8614);
#5349=ORIENTED_EDGE('',*,*,#8615,.T.);
#5350=ORIENTED_EDGE('',*,*,#8616,.F.);
#5351=ORIENTED_EDGE('',*,*,#8617,.T.);
#5352=ORIENTED_EDGE('',*,*,#8611,.T.);
#5353=CARTESIAN_POINT('',(4.4,0.0,0.0));
#5354=DIRECTION('',(-1.0,2.72386129930569E-14,0.0));
#5355=DIRECTION('',(0.0,0.0,-1.0));
#5356=SURFACE_STYLE_FILL_AREA(#8618);
#5357=ORIENTED_EDGE('',*,*,#8598,.T.);
#5358=ORIENTED_EDGE('',*,*,#8619,.F.);
#5359=ORIENTED_EDGE('',*,*,#8440,.F.);
#5360=ORIENTED_EDGE('',*,*,#8613,.T.);
#5361=CARTESIAN_POINT('',(4.4,2.40871205009159,0.0));
#5362=DIRECTION('',(-1.0,0.0,0.0));
#5363=DIRECTION('',(0.0,1.0,0.0));
#5364=SURFACE_STYLE_FILL_AREA(#8620);
#5365=ORIENTED_EDGE('',*,*,#8438,.T.);
#5366=ORIENTED_EDGE('',*,*,#8621,.F.);
#5367=ORIENTED_EDGE('',*,*,#8615,.F.);
#5368=ORIENTED_EDGE('',*,*,#8610,.T.);
#5369=CARTESIAN_POINT('',(5.05,1.4,0.0));
#5370=DIRECTION('',(0.0,0.0,1.0));
#5371=DIRECTION('',(-1.0,0.0,0.0));
#5372=SURFACE_STYLE_FILL_AREA(#8622);
#5373=ORIENTED_EDGE('',*,*,#8612,.F.);
#5374=ORIENTED_EDGE('',*,*,#8617,.F.);
#5375=ORIENTED_EDGE('',*,*,#8623,.T.);
#5376=ORIENTED_EDGE('',*,*,#8624,.F.);
#5377=ORIENTED_EDGE('',*,*,#8625,.F.);
#5378=ORIENTED_EDGE('',*,*,#8626,.T.);
#5379=ORIENTED_EDGE('',*,*,#8627,.T.);
#5380=ORIENTED_EDGE('',*,*,#8628,.T.);
#5381=ORIENTED_EDGE('',*,*,#8574,.F.);
#5382=ORIENTED_EDGE('',*,*,#8582,.T.);
#5383=ORIENTED_EDGE('',*,*,#8591,.T.);
#5384=ORIENTED_EDGE('',*,*,#8559,.F.);
#5385=CARTESIAN_POINT('',(6.7,0.0,0.0));
#5386=DIRECTION('',(0.0,-1.0,0.0));
#5387=DIRECTION('',(0.0,0.0,1.0));
#5388=SURFACE_STYLE_FILL_AREA(#8629);
#5389=ORIENTED_EDGE('',*,*,#8433,.T.);
#5390=ORIENTED_EDGE('',*,*,#8542,.F.);
#5391=ORIENTED_EDGE('',*,*,#8630,.T.);
#5392=ORIENTED_EDGE('',*,*,#8533,.T.);
#5393=CARTESIAN_POINT('',(1.55,1.4,2.0));
#5394=DIRECTION('',(0.0,0.0,-1.0));
#5395=DIRECTION('',(-1.0,0.0,0.0));
#5396=SURFACE_STYLE_FILL_AREA(#8631);
#5397=ORIENTED_EDGE('',*,*,#8597,.F.);
#5398=ORIENTED_EDGE('',*,*,#8632,.T.);
#5399=ORIENTED_EDGE('',*,*,#8409,.T.);
#5400=ORIENTED_EDGE('',*,*,#8633,.T.);
#5401=ORIENTED_EDGE('',*,*,#8634,.T.);
#5402=ORIENTED_EDGE('',*,*,#8623,.F.);
#5403=ORIENTED_EDGE('',*,*,#8616,.T.);
#5404=ORIENTED_EDGE('',*,*,#8621,.T.);
#5405=ORIENTED_EDGE('',*,*,#8441,.T.);
#5406=ORIENTED_EDGE('',*,*,#8619,.T.);
#5407=ORIENTED_EDGE('',*,*,#8635,.F.);
#5408=ORIENTED_EDGE('',*,*,#8594,.F.);
#5409=CARTESIAN_POINT('',(-11.5971953775145,-6.13860164424137,0.200000000000003));
#5410=DIRECTION('',(0.0,0.0,-1.0));
#5411=DIRECTION('',(1.0,0.0,0.0));
#5412=SURFACE_STYLE_FILL_AREA(#8636);
#5413=ORIENTED_EDGE('',*,*,#8637,.T.);
#5414=ORIENTED_EDGE('',*,*,#8549,.T.);
#5415=ORIENTED_EDGE('',*,*,#8554,.F.);
#5416=ORIENTED_EDGE('',*,*,#8564,.F.);
#5417=CARTESIAN_POINT('',(3.2,2.59999999999999,0.0));
#5418=DIRECTION('',(-0.0,1.0,0.0));
#5419=DIRECTION('',(1.0,0.0,0.0));
#5420=SURFACE_STYLE_FILL_AREA(#8638);
#5421=ORIENTED_EDGE('',*,*,#8546,.T.);
#5422=ORIENTED_EDGE('',*,*,#8500,.T.);
#5423=ORIENTED_EDGE('',*,*,#8568,.F.);
#5424=ORIENTED_EDGE('',*,*,#8608,.F.);
#5425=ORIENTED_EDGE('',*,*,#8446,.F.);
#5426=ORIENTED_EDGE('',*,*,#8606,.F.);
#5427=ORIENTED_EDGE('',*,*,#8489,.T.);
#5428=CARTESIAN_POINT('',(-11.5971953775145,-6.13860164424137,0.0));
#5429=DIRECTION('',(0.0,0.0,-1.0));
#5430=DIRECTION('',(1.0,0.0,0.0));
#5431=SURFACE_STYLE_FILL_AREA(#8639);
#5432=ORIENTED_EDGE('',*,*,#8541,.F.);
#5433=ORIENTED_EDGE('',*,*,#8486,.F.);
#5434=ORIENTED_EDGE('',*,*,#8534,.T.);
#5435=ORIENTED_EDGE('',*,*,#8630,.F.);
#5436=CARTESIAN_POINT('',(2.2000000000001,2.79999999999999,2.0));
#5437=DIRECTION('',(-1.0,0.0,0.0));
#5438=DIRECTION('',(0.0,1.0,0.0));
#5439=SURFACE_STYLE_FILL_AREA(#8640);
#5440=ORIENTED_EDGE('',*,*,#8550,.T.);
#5441=ORIENTED_EDGE('',*,*,#8637,.F.);
#5442=ORIENTED_EDGE('',*,*,#8563,.T.);
#5443=ORIENTED_EDGE('',*,*,#8556,.F.);
#5444=CARTESIAN_POINT('',(-11.5971953775145,-6.13860164424137,0.200000000000003));
#5445=DIRECTION('',(0.0,0.0,-1.0));
#5446=DIRECTION('',(1.0,0.0,0.0));
#5447=SURFACE_STYLE_FILL_AREA(#8641);
#5448=ORIENTED_EDGE('',*,*,#8428,.T.);
#5449=ORIENTED_EDGE('',*,*,#8642,.F.);
#5450=ORIENTED_EDGE('',*,*,#8643,.T.);
#5451=ORIENTED_EDGE('',*,*,#8576,.T.);
#5452=CARTESIAN_POINT('',(5.05,1.4,2.0));
#5453=DIRECTION('',(0.0,0.0,-1.0));
#5454=DIRECTION('',(-1.0,0.0,0.0));
#5455=SURFACE_STYLE_FILL_AREA(#8644);
#5456=ORIENTED_EDGE('',*,*,#8624,.T.);
#5457=ORIENTED_EDGE('',*,*,#8634,.F.);
#5458=ORIENTED_EDGE('',*,*,#8645,.F.);
#5459=ORIENTED_EDGE('',*,*,#8646,.T.);
#5460=CARTESIAN_POINT('',(5.7000000000001,0.391287949908401,0.0));
#5461=DIRECTION('',(1.0,-1.81590753287042E-14,0.0));
#5462=DIRECTION('',(-1.81590753287042E-14,-1.0,-0.0));
#5463=SURFACE_STYLE_FILL_AREA(#8647);
#5464=ORIENTED_EDGE('',*,*,#8648,.T.);
#5465=ORIENTED_EDGE('',*,*,#8625,.T.);
#5466=ORIENTED_EDGE('',*,*,#8646,.F.);
#5467=ORIENTED_EDGE('',*,*,#8649,.F.);
#5468=ORIENTED_EDGE('',*,*,#8411,.F.);
#5469=ORIENTED_EDGE('',*,*,#8650,.F.);
#5470=ORIENTED_EDGE('',*,*,#8603,.T.);
#5471=CARTESIAN_POINT('',(-11.5971953775145,-6.13860164424137,0.0));
#5472=DIRECTION('',(0.0,0.0,-1.0));
#5473=DIRECTION('',(1.0,0.0,0.0));
#5474=SURFACE_STYLE_FILL_AREA(#8651);
#5475=ORIENTED_EDGE('',*,*,#8626,.F.);
#5476=ORIENTED_EDGE('',*,*,#8648,.F.);
#5477=ORIENTED_EDGE('',*,*,#8602,.T.);
#5478=ORIENTED_EDGE('',*,*,#8652,.T.);
#5479=ORIENTED_EDGE('',*,*,#8653,.T.);
#5480=ORIENTED_EDGE('',*,*,#8654,.T.);
#5481=ORIENTED_EDGE('',*,*,#8655,.F.);
#5482=ORIENTED_EDGE('',*,*,#8656,.F.);
#5483=CARTESIAN_POINT('',(6.7,0.2,0.0));
#5484=DIRECTION('',(-1.0,0.0,0.0));
#5485=DIRECTION('',(0.0,1.0,0.0));
#5486=SURFACE_STYLE_FILL_AREA(#8657);
#5487=ORIENTED_EDGE('',*,*,#8658,.T.);
#5488=ORIENTED_EDGE('',*,*,#8659,.F.);
#5489=ORIENTED_EDGE('',*,*,#8660,.T.);
#5490=ORIENTED_EDGE('',*,*,#8654,.F.);
#5491=CARTESIAN_POINT('',(-11.5971953775145,-6.13860164424137,1.8));
#5492=DIRECTION('',(0.0,0.0,-1.0));
#5493=DIRECTION('',(1.0,0.0,0.0));
#5494=SURFACE_STYLE_FILL_AREA(#8661);
#5495=ORIENTED_EDGE('',*,*,#8662,.T.);
#5496=ORIENTED_EDGE('',*,*,#8663,.T.);
#5497=ORIENTED_EDGE('',*,*,#8658,.F.);
#5498=ORIENTED_EDGE('',*,*,#8653,.F.);
#5499=CARTESIAN_POINT('',(6.9,0.2,0.0));
#5500=DIRECTION('',(0.0,-1.0,0.0));
#5501=DIRECTION('',(0.0,0.0,1.0));
#5502=SURFACE_STYLE_FILL_AREA(#8664);
#5503=ORIENTED_EDGE('',*,*,#8656,.T.);
#5504=ORIENTED_EDGE('',*,*,#8665,.F.);
#5505=ORIENTED_EDGE('',*,*,#8666,.T.);
#5506=ORIENTED_EDGE('',*,*,#8662,.F.);
#5507=CARTESIAN_POINT('',(-11.5971953775145,-6.13860164424137,0.200000000000003));
#5508=DIRECTION('',(0.0,0.0,-1.0));
#5509=DIRECTION('',(1.0,0.0,0.0));
#5510=SURFACE_STYLE_FILL_AREA(#8667);
#5511=ORIENTED_EDGE('',*,*,#8668,.F.);
#5512=ORIENTED_EDGE('',*,*,#8669,.T.);
#5513=ORIENTED_EDGE('',*,*,#8670,.T.);
#5514=ORIENTED_EDGE('',*,*,#8671,.F.);
#5515=ORIENTED_EDGE('',*,*,#8672,.T.);
#5516=ORIENTED_EDGE('',*,*,#8659,.T.);
#5517=ORIENTED_EDGE('',*,*,#8663,.F.);
#5518=ORIENTED_EDGE('',*,*,#8666,.F.);
#5519=CARTESIAN_POINT('',(6.9,2.59999999999999,0.0));
#5520=DIRECTION('',(1.0,0.0,0.0));
#5521=DIRECTION('',(0.0,0.0,-1.0));
#5522=SURFACE_STYLE_FILL_AREA(#8673);
#5523=ORIENTED_EDGE('',*,*,#8665,.T.);
#5524=ORIENTED_EDGE('',*,*,#8655,.T.);
#5525=ORIENTED_EDGE('',*,*,#8660,.F.);
#5526=ORIENTED_EDGE('',*,*,#8672,.F.);
#5527=CARTESIAN_POINT('',(6.7,2.59999999999999,0.0));
#5528=DIRECTION('',(-0.0,1.0,0.0));
#5529=DIRECTION('',(1.0,0.0,0.0));
#5530=SURFACE_STYLE_FILL_AREA(#8674);
#5531=ORIENTED_EDGE('',*,*,#8675,.F.);
#5532=ORIENTED_EDGE('',*,*,#8676,.T.);
#5533=ORIENTED_EDGE('',*,*,#8677,.T.);
#5534=ORIENTED_EDGE('',*,*,#8678,.F.);
#5535=CARTESIAN_POINT('',(11.4,2.40871205009159,2.0));
#5536=DIRECTION('',(1.0,0.0,0.0));
#5537=DIRECTION('',(0.0,0.0,-1.0));
#5538=SURFACE_STYLE_FILL_AREA(#8679);
#5539=ORIENTED_EDGE('',*,*,#8680,.T.);
#5540=ORIENTED_EDGE('',*,*,#8681,.F.);
#5541=ORIENTED_EDGE('',*,*,#8682,.T.);
#5542=ORIENTED_EDGE('',*,*,#8683,.T.);
#5543=CARTESIAN_POINT('',(11.4,0.0,0.0));
#5544=DIRECTION('',(-1.0,0.0,0.0));
#5545=DIRECTION('',(0.0,1.0,0.0));
#5546=SURFACE_STYLE_FILL_AREA(#8684);
#5547=ORIENTED_EDGE('',*,*,#8685,.T.);
#5548=ORIENTED_EDGE('',*,*,#8686,.F.);
#5549=ORIENTED_EDGE('',*,*,#8425,.F.);
#5550=ORIENTED_EDGE('',*,*,#8687,.T.);
#5551=CARTESIAN_POINT('',(11.4,2.40871205009159,0.0));
#5552=DIRECTION('',(-1.0,0.0,0.0));
#5553=DIRECTION('',(0.0,1.0,0.0));
#5554=SURFACE_STYLE_FILL_AREA(#8688);
#5555=ORIENTED_EDGE('',*,*,#8423,.T.);
#5556=ORIENTED_EDGE('',*,*,#8689,.F.);
#5557=ORIENTED_EDGE('',*,*,#8680,.F.);
#5558=ORIENTED_EDGE('',*,*,#8690,.T.);
#5559=CARTESIAN_POINT('',(12.05,1.4,0.0));
#5560=DIRECTION('',(0.0,0.0,1.0));
#5561=DIRECTION('',(-1.0,0.0,0.0));
#5562=SURFACE_STYLE_FILL_AREA(#8691);
#5563=ORIENTED_EDGE('',*,*,#8683,.F.);
#5564=ORIENTED_EDGE('',*,*,#8692,.T.);
#5565=ORIENTED_EDGE('',*,*,#8693,.F.);
#5566=ORIENTED_EDGE('',*,*,#8694,.T.);
#5567=ORIENTED_EDGE('',*,*,#8687,.F.);
#5568=ORIENTED_EDGE('',*,*,#8424,.F.);
#5569=ORIENTED_EDGE('',*,*,#8690,.F.);
#5570=CARTESIAN_POINT('',(-8.0971953775145,-6.13860164424137,0.0));
#5571=DIRECTION('',(0.0,0.0,-1.0));
#5572=DIRECTION('',(1.0,0.0,0.0));
#5573=SURFACE_STYLE_FILL_AREA(#8695);
#5574=ORIENTED_EDGE('',*,*,#8696,.F.);
#5575=ORIENTED_EDGE('',*,*,#8697,.F.);
#5576=ORIENTED_EDGE('',*,*,#8698,.T.);
#5577=ORIENTED_EDGE('',*,*,#8420,.F.);
#5578=CARTESIAN_POINT('',(7.9,0.0,2.0));
#5579=DIRECTION('',(1.0,0.0,0.0));
#5580=DIRECTION('',(0.0,0.0,-1.0));
#5581=SURFACE_STYLE_FILL_AREA(#8699);
#5582=ORIENTED_EDGE('',*,*,#8419,.T.);
#5583=ORIENTED_EDGE('',*,*,#8700,.T.);
#5584=ORIENTED_EDGE('',*,*,#8701,.T.);
#5585=ORIENTED_EDGE('',*,*,#8702,.F.);
#5586=ORIENTED_EDGE('',*,*,#8671,.T.);
#5587=ORIENTED_EDGE('',*,*,#8703,.F.);
#5588=ORIENTED_EDGE('',*,*,#8696,.T.);
#5589=CARTESIAN_POINT('',(-11.5971953775145,-6.13860164424137,2.0));
#5590=DIRECTION('',(0.0,0.0,-1.0));
#5591=DIRECTION('',(1.0,0.0,0.0));
#5592=SURFACE_STYLE_FILL_AREA(#8704);
#5593=ORIENTED_EDGE('',*,*,#8418,.T.);
#5594=ORIENTED_EDGE('',*,*,#8705,.T.);
#5595=ORIENTED_EDGE('',*,*,#8706,.F.);
#5596=ORIENTED_EDGE('',*,*,#8700,.F.);
#5597=CARTESIAN_POINT('',(8.55,1.4,2.0));
#5598=DIRECTION('',(0.0,0.0,-1.0));
#5599=DIRECTION('',(-1.0,0.0,0.0));
#5600=SURFACE_STYLE_FILL_AREA(#8707);
#5601=ORIENTED_EDGE('',*,*,#8701,.F.);
#5602=ORIENTED_EDGE('',*,*,#8706,.T.);
#5603=ORIENTED_EDGE('',*,*,#8708,.T.);
#5604=ORIENTED_EDGE('',*,*,#8709,.F.);
#5605=CARTESIAN_POINT('',(7.9,2.40871205009159,2.0));
#5606=DIRECTION('',(1.0,0.0,0.0));
#5607=DIRECTION('',(0.0,0.0,-1.0));
#5608=SURFACE_STYLE_FILL_AREA(#8710);
#5609=ORIENTED_EDGE('',*,*,#8711,.T.);
#5610=ORIENTED_EDGE('',*,*,#8712,.F.);
#5611=ORIENTED_EDGE('',*,*,#8415,.F.);
#5612=ORIENTED_EDGE('',*,*,#8713,.T.);
#5613=CARTESIAN_POINT('',(7.9,2.40871205009159,0.0));
#5614=DIRECTION('',(-1.0,0.0,0.0));
#5615=DIRECTION('',(0.0,1.0,0.0));
#5616=SURFACE_STYLE_FILL_AREA(#8714);
#5617=ORIENTED_EDGE('',*,*,#8715,.F.);
#5618=ORIENTED_EDGE('',*,*,#8716,.T.);
#5619=ORIENTED_EDGE('',*,*,#8669,.F.);
#5620=ORIENTED_EDGE('',*,*,#8717,.T.);
#5621=ORIENTED_EDGE('',*,*,#8713,.F.);
#5622=ORIENTED_EDGE('',*,*,#8414,.F.);
#5623=ORIENTED_EDGE('',*,*,#8718,.F.);
#5624=CARTESIAN_POINT('',(-11.5971953775145,-6.13860164424137,0.0));
#5625=DIRECTION('',(0.0,0.0,-1.0));
#5626=DIRECTION('',(1.0,0.0,0.0));
#5627=SURFACE_STYLE_FILL_AREA(#8719);
#5628=ORIENTED_EDGE('',*,*,#8413,.T.);
#5629=ORIENTED_EDGE('',*,*,#8720,.F.);
#5630=ORIENTED_EDGE('',*,*,#8721,.F.);
#5631=ORIENTED_EDGE('',*,*,#8718,.T.);
#5632=CARTESIAN_POINT('',(8.55,1.4,0.0));
#5633=DIRECTION('',(0.0,0.0,1.0));
#5634=DIRECTION('',(-1.0,0.0,0.0));
#5635=SURFACE_STYLE_FILL_AREA(#8722);
#5636=ORIENTED_EDGE('',*,*,#8721,.T.);
#5637=ORIENTED_EDGE('',*,*,#8723,.F.);
#5638=ORIENTED_EDGE('',*,*,#8724,.T.);
#5639=ORIENTED_EDGE('',*,*,#8715,.T.);
#5640=CARTESIAN_POINT('',(7.9,0.0,0.0));
#5641=DIRECTION('',(-1.0,0.0,0.0));
#5642=DIRECTION('',(0.0,1.0,0.0));
#5643=SURFACE_STYLE_FILL_AREA(#8725);
#5644=ORIENTED_EDGE('',*,*,#8726,.F.);
#5645=ORIENTED_EDGE('',*,*,#8600,.F.);
#5646=ORIENTED_EDGE('',*,*,#8577,.T.);
#5647=ORIENTED_EDGE('',*,*,#8643,.F.);
#5648=CARTESIAN_POINT('',(5.7000000000001,2.79999999999999,2.0));
#5649=DIRECTION('',(-1.0,0.0,0.0));
#5650=DIRECTION('',(0.0,1.0,0.0));
#5651=SURFACE_STYLE_FILL_AREA(#8727);
#5652=ORIENTED_EDGE('',*,*,#8728,.F.);
#5653=ORIENTED_EDGE('',*,*,#8430,.T.);
#5654=ORIENTED_EDGE('',*,*,#8575,.T.);
#5655=ORIENTED_EDGE('',*,*,#8628,.F.);
#5656=CARTESIAN_POINT('',(5.7000000000001,0.391287949908401,2.0));
#5657=DIRECTION('',(-1.0,1.81590753287042E-14,0.0));
#5658=DIRECTION('',(0.0,0.0,-1.0));
#5659=SURFACE_STYLE_FILL_AREA(#8729);
#5660=ORIENTED_EDGE('',*,*,#8408,.T.);
#5661=ORIENTED_EDGE('',*,*,#8649,.T.);
#5662=ORIENTED_EDGE('',*,*,#8645,.T.);
#5663=ORIENTED_EDGE('',*,*,#8633,.F.);
#5664=CARTESIAN_POINT('',(5.05,1.4,0.0));
#5665=DIRECTION('',(0.0,0.0,1.0));
#5666=DIRECTION('',(-1.0,0.0,0.0));
#5667=SURFACE_STYLE_FILL_AREA(#8730);
#5668=ORIENTED_EDGE('',*,*,#8410,.T.);
#5669=ORIENTED_EDGE('',*,*,#8632,.F.);
#5670=ORIENTED_EDGE('',*,*,#8604,.T.);
#5671=ORIENTED_EDGE('',*,*,#8650,.T.);
#5672=CARTESIAN_POINT('',(5.7000000000001,2.79999999999999,0.0));
#5673=DIRECTION('',(1.0,0.0,0.0));
#5674=DIRECTION('',(0.0,0.0,-1.0));
#5675=SURFACE_STYLE_FILL_AREA(#8731);
#5676=ORIENTED_EDGE('',*,*,#8601,.F.);
#5677=ORIENTED_EDGE('',*,*,#8726,.T.);
#5678=ORIENTED_EDGE('',*,*,#8642,.T.);
#5679=ORIENTED_EDGE('',*,*,#8431,.T.);
#5680=ORIENTED_EDGE('',*,*,#8728,.T.);
#5681=ORIENTED_EDGE('',*,*,#8627,.F.);
#5682=ORIENTED_EDGE('',*,*,#8652,.F.);
#5683=CARTESIAN_POINT('',(-11.5971953775145,-6.13860164424137,2.0));
#5684=DIRECTION('',(0.0,0.0,-1.0));
#5685=DIRECTION('',(1.0,0.0,0.0));
#5686=SURFACE_STYLE_FILL_AREA(#8732);
#5687=ORIENTED_EDGE('',*,*,#8733,.F.);
#5688=ORIENTED_EDGE('',*,*,#8734,.T.);
#5689=ORIENTED_EDGE('',*,*,#8399,.T.);
#5690=ORIENTED_EDGE('',*,*,#8735,.T.);
#5691=ORIENTED_EDGE('',*,*,#8736,.T.);
#5692=ORIENTED_EDGE('',*,*,#8737,.F.);
#5693=ORIENTED_EDGE('',*,*,#8723,.T.);
#5694=ORIENTED_EDGE('',*,*,#8720,.T.);
#5695=ORIENTED_EDGE('',*,*,#8416,.T.);
#5696=ORIENTED_EDGE('',*,*,#8712,.T.);
#5697=ORIENTED_EDGE('',*,*,#8738,.F.);
#5698=ORIENTED_EDGE('',*,*,#8739,.F.);
#5699=CARTESIAN_POINT('',(-8.0971953775145,-6.13860164424137,0.200000000000003));
#5700=DIRECTION('',(0.0,0.0,-1.0));
#5701=DIRECTION('',(1.0,0.0,0.0));
#5702=SURFACE_STYLE_FILL_AREA(#8740);
#5703=ORIENTED_EDGE('',*,*,#8741,.T.);
#5704=ORIENTED_EDGE('',*,*,#8708,.F.);
#5705=ORIENTED_EDGE('',*,*,#8705,.F.);
#5706=ORIENTED_EDGE('',*,*,#8421,.F.);
#5707=ORIENTED_EDGE('',*,*,#8698,.F.);
#5708=ORIENTED_EDGE('',*,*,#8742,.T.);
#5709=ORIENTED_EDGE('',*,*,#8743,.F.);
#5710=ORIENTED_EDGE('',*,*,#8404,.F.);
#5711=ORIENTED_EDGE('',*,*,#8744,.F.);
#5712=ORIENTED_EDGE('',*,*,#8745,.F.);
#5713=ORIENTED_EDGE('',*,*,#8746,.T.);
#5714=ORIENTED_EDGE('',*,*,#8747,.T.);
#5715=CARTESIAN_POINT('',(-8.0971953775145,-6.13860164424137,1.8));
#5716=DIRECTION('',(0.0,0.0,-1.0));
#5717=DIRECTION('',(1.0,0.0,0.0));
#5718=SURFACE_STYLE_FILL_AREA(#8748);
#5719=ORIENTED_EDGE('',*,*,#8746,.F.);
#5720=ORIENTED_EDGE('',*,*,#8749,.T.);
#5721=ORIENTED_EDGE('',*,*,#8738,.T.);
#5722=ORIENTED_EDGE('',*,*,#8750,.F.);
#5723=CARTESIAN_POINT('',(8.55,1.4,0.0));
#5724=DIRECTION('',(0.0,0.0,1.0));
#5725=DIRECTION('',(-1.0,0.0,0.0));
#5726=SURFACE_STYLE_FILL_AREA(#8751);
#5727=ORIENTED_EDGE('',*,*,#8737,.T.);
#5728=ORIENTED_EDGE('',*,*,#8752,.F.);
#5729=ORIENTED_EDGE('',*,*,#8753,.F.);
#5730=ORIENTED_EDGE('',*,*,#8754,.T.);
#5731=ORIENTED_EDGE('',*,*,#8755,.T.);
#5732=ORIENTED_EDGE('',*,*,#8756,.T.);
#5733=ORIENTED_EDGE('',*,*,#8742,.F.);
#5734=ORIENTED_EDGE('',*,*,#8697,.T.);
#5735=ORIENTED_EDGE('',*,*,#8703,.T.);
#5736=ORIENTED_EDGE('',*,*,#8670,.F.);
#5737=ORIENTED_EDGE('',*,*,#8716,.F.);
#5738=ORIENTED_EDGE('',*,*,#8724,.F.);
#5739=CARTESIAN_POINT('',(10.2,0.0,0.0));
#5740=DIRECTION('',(0.0,-1.0,0.0));
#5741=DIRECTION('',(0.0,0.0,1.0));
#5742=SURFACE_STYLE_FILL_AREA(#8757);
#5743=ORIENTED_EDGE('',*,*,#8758,.F.);
#5744=ORIENTED_EDGE('',*,*,#8759,.F.);
#5745=ORIENTED_EDGE('',*,*,#8745,.T.);
#5746=ORIENTED_EDGE('',*,*,#8760,.F.);
#5747=CARTESIAN_POINT('',(9.2000000000001,2.79999999999999,2.0));
#5748=DIRECTION('',(-1.0,0.0,0.0));
#5749=DIRECTION('',(0.0,1.0,0.0));
#5750=SURFACE_STYLE_FILL_AREA(#8761);
#5751=ORIENTED_EDGE('',*,*,#8762,.F.);
#5752=ORIENTED_EDGE('',*,*,#8758,.T.);
#5753=ORIENTED_EDGE('',*,*,#8763,.T.);
#5754=ORIENTED_EDGE('',*,*,#8406,.T.);
#5755=ORIENTED_EDGE('',*,*,#8764,.T.);
#5756=ORIENTED_EDGE('',*,*,#8755,.F.);
#5757=ORIENTED_EDGE('',*,*,#8765,.F.);
#5758=CARTESIAN_POINT('',(-8.0971953775145,-6.13860164424137,2.0));
#5759=DIRECTION('',(0.0,0.0,-1.0));
#5760=DIRECTION('',(1.0,0.0,0.0));
#5761=SURFACE_STYLE_FILL_AREA(#8766);
#5762=ORIENTED_EDGE('',*,*,#8764,.F.);
#5763=ORIENTED_EDGE('',*,*,#8405,.T.);
#5764=ORIENTED_EDGE('',*,*,#8743,.T.);
#5765=ORIENTED_EDGE('',*,*,#8756,.F.);
#5766=CARTESIAN_POINT('',(9.2000000000001,0.391287949908401,2.0));
#5767=DIRECTION('',(-1.0,1.81590753287042E-14,0.0));
#5768=DIRECTION('',(0.0,0.0,-1.0));
#5769=SURFACE_STYLE_FILL_AREA(#8767);
#5770=ORIENTED_EDGE('',*,*,#8403,.T.);
#5771=ORIENTED_EDGE('',*,*,#8763,.F.);
#5772=ORIENTED_EDGE('',*,*,#8760,.T.);
#5773=ORIENTED_EDGE('',*,*,#8744,.T.);
#5774=CARTESIAN_POINT('',(8.55,1.4,2.0));
#5775=DIRECTION('',(0.0,0.0,-1.0));
#5776=DIRECTION('',(-1.0,0.0,0.0));
#5777=SURFACE_STYLE_FILL_AREA(#8768);
#5778=ORIENTED_EDGE('',*,*,#8752,.T.);
#5779=ORIENTED_EDGE('',*,*,#8736,.F.);
#5780=ORIENTED_EDGE('',*,*,#8769,.F.);
#5781=ORIENTED_EDGE('',*,*,#8770,.T.);
#5782=CARTESIAN_POINT('',(9.2000000000001,0.391287949908401,0.0));
#5783=DIRECTION('',(1.0,-1.81590753287042E-14,0.0));
#5784=DIRECTION('',(-1.81590753287042E-14,-1.0,-0.0));
#5785=SURFACE_STYLE_FILL_AREA(#8771);
#5786=ORIENTED_EDGE('',*,*,#8398,.T.);
#5787=ORIENTED_EDGE('',*,*,#8772,.T.);
#5788=ORIENTED_EDGE('',*,*,#8769,.T.);
#5789=ORIENTED_EDGE('',*,*,#8735,.F.);
#5790=CARTESIAN_POINT('',(8.55,1.4,0.0));
#5791=DIRECTION('',(0.0,0.0,1.0));
#5792=DIRECTION('',(-1.0,0.0,0.0));
#5793=SURFACE_STYLE_FILL_AREA(#8773);
#5794=ORIENTED_EDGE('',*,*,#8400,.T.);
#5795=ORIENTED_EDGE('',*,*,#8734,.F.);
#5796=ORIENTED_EDGE('',*,*,#8774,.T.);
#5797=ORIENTED_EDGE('',*,*,#8775,.T.);
#5798=CARTESIAN_POINT('',(9.2000000000001,2.79999999999999,0.0));
#5799=DIRECTION('',(1.0,0.0,0.0));
#5800=DIRECTION('',(0.0,0.0,-1.0));
#5801=SURFACE_STYLE_FILL_AREA(#8776);
#5802=ORIENTED_EDGE('',*,*,#8777,.F.);
#5803=ORIENTED_EDGE('',*,*,#8774,.F.);
#5804=ORIENTED_EDGE('',*,*,#8733,.T.);
#5805=ORIENTED_EDGE('',*,*,#8711,.F.);
#5806=ORIENTED_EDGE('',*,*,#8717,.F.);
#5807=ORIENTED_EDGE('',*,*,#8668,.T.);
#5808=ORIENTED_EDGE('',*,*,#8702,.T.);
#5809=ORIENTED_EDGE('',*,*,#8709,.T.);
#5810=ORIENTED_EDGE('',*,*,#8741,.F.);
#5811=ORIENTED_EDGE('',*,*,#8759,.T.);
#5812=ORIENTED_EDGE('',*,*,#8762,.T.);
#5813=ORIENTED_EDGE('',*,*,#8778,.F.);
#5814=CARTESIAN_POINT('',(6.9,2.79999999999999,0.0));
#5815=DIRECTION('',(-0.0,1.0,0.0));
#5816=DIRECTION('',(1.0,0.0,0.0));
#5817=SURFACE_STYLE_FILL_AREA(#8779);
#5818=ORIENTED_EDGE('',*,*,#8780,.T.);
#5819=ORIENTED_EDGE('',*,*,#8753,.T.);
#5820=ORIENTED_EDGE('',*,*,#8770,.F.);
#5821=ORIENTED_EDGE('',*,*,#8772,.F.);
#5822=ORIENTED_EDGE('',*,*,#8401,.F.);
#5823=ORIENTED_EDGE('',*,*,#8775,.F.);
#5824=ORIENTED_EDGE('',*,*,#8777,.T.);
#5825=CARTESIAN_POINT('',(-8.0971953775145,-6.13860164424137,0.0));
#5826=DIRECTION('',(0.0,0.0,-1.0));
#5827=DIRECTION('',(1.0,0.0,0.0));
#5828=SURFACE_STYLE_FILL_AREA(#8781);
#5829=ORIENTED_EDGE('',*,*,#8754,.F.);
#5830=ORIENTED_EDGE('',*,*,#8780,.F.);
#5831=ORIENTED_EDGE('',*,*,#8778,.T.);
#5832=ORIENTED_EDGE('',*,*,#8765,.T.);
#5833=ORIENTED_EDGE('',*,*,#8782,.T.);
#5834=ORIENTED_EDGE('',*,*,#8783,.T.);
#5835=ORIENTED_EDGE('',*,*,#8784,.F.);
#5836=ORIENTED_EDGE('',*,*,#8785,.F.);
#5837=CARTESIAN_POINT('',(10.2,0.2,0.0));
#5838=DIRECTION('',(-1.0,0.0,0.0));
#5839=DIRECTION('',(0.0,1.0,0.0));
#5840=SURFACE_STYLE_FILL_AREA(#8786);
#5841=ORIENTED_EDGE('',*,*,#8787,.T.);
#5842=ORIENTED_EDGE('',*,*,#8788,.F.);
#5843=ORIENTED_EDGE('',*,*,#8789,.T.);
#5844=ORIENTED_EDGE('',*,*,#8783,.F.);
#5845=CARTESIAN_POINT('',(-8.0971953775145,-6.13860164424137,1.8));
#5846=DIRECTION('',(0.0,0.0,-1.0));
#5847=DIRECTION('',(1.0,0.0,0.0));
#5848=SURFACE_STYLE_FILL_AREA(#8790);
#5849=ORIENTED_EDGE('',*,*,#8791,.T.);
#5850=ORIENTED_EDGE('',*,*,#8792,.T.);
#5851=ORIENTED_EDGE('',*,*,#8787,.F.);
#5852=ORIENTED_EDGE('',*,*,#8782,.F.);
#5853=CARTESIAN_POINT('',(10.4,0.2,0.0));
#5854=DIRECTION('',(0.0,-1.0,0.0));
#5855=DIRECTION('',(0.0,0.0,1.0));
#5856=SURFACE_STYLE_FILL_AREA(#8793);
#5857=ORIENTED_EDGE('',*,*,#8785,.T.);
#5858=ORIENTED_EDGE('',*,*,#8794,.F.);
#5859=ORIENTED_EDGE('',*,*,#8795,.T.);
#5860=ORIENTED_EDGE('',*,*,#8791,.F.);
#5861=CARTESIAN_POINT('',(-8.0971953775145,-6.13860164424137,0.200000000000003));
#5862=DIRECTION('',(0.0,0.0,-1.0));
#5863=DIRECTION('',(1.0,0.0,0.0));
#5864=SURFACE_STYLE_FILL_AREA(#8796);
#5865=ORIENTED_EDGE('',*,*,#8797,.F.);
#5866=ORIENTED_EDGE('',*,*,#8693,.T.);
#5867=ORIENTED_EDGE('',*,*,#8798,.T.);
#5868=ORIENTED_EDGE('',*,*,#8799,.F.);
#5869=ORIENTED_EDGE('',*,*,#8800,.T.);
#5870=ORIENTED_EDGE('',*,*,#8788,.T.);
#5871=ORIENTED_EDGE('',*,*,#8792,.F.);
#5872=ORIENTED_EDGE('',*,*,#8795,.F.);
#5873=CARTESIAN_POINT('',(10.4,2.59999999999999,0.0));
#5874=DIRECTION('',(1.0,0.0,0.0));
#5875=DIRECTION('',(0.0,0.0,-1.0));
#5876=SURFACE_STYLE_FILL_AREA(#8801);
#5877=ORIENTED_EDGE('',*,*,#8794,.T.);
#5878=ORIENTED_EDGE('',*,*,#8784,.T.);
#5879=ORIENTED_EDGE('',*,*,#8789,.F.);
#5880=ORIENTED_EDGE('',*,*,#8800,.F.);
#5881=CARTESIAN_POINT('',(10.2,2.59999999999999,0.0));
#5882=DIRECTION('',(-0.0,1.0,0.0));
#5883=DIRECTION('',(1.0,0.0,0.0));
#5884=SURFACE_STYLE_FILL_AREA(#8802);
#5885=ORIENTED_EDGE('',*,*,#8803,.F.);
#5886=ORIENTED_EDGE('',*,*,#8804,.T.);
#5887=ORIENTED_EDGE('',*,*,#8805,.F.);
#5888=ORIENTED_EDGE('',*,*,#8806,.F.);
#5889=ORIENTED_EDGE('',*,*,#8381,.F.);
#5890=ORIENTED_EDGE('',*,*,#8807,.F.);
#5891=ORIENTED_EDGE('',*,*,#8808,.T.);
#5892=CARTESIAN_POINT('',(-8.0971953775145,-6.13860164424137,0.0));
#5893=DIRECTION('',(0.0,0.0,-1.0));
#5894=DIRECTION('',(1.0,0.0,0.0));
#5895=SURFACE_STYLE_FILL_AREA(#8809);
#5896=ORIENTED_EDGE('',*,*,#8692,.F.);
#5897=ORIENTED_EDGE('',*,*,#8682,.F.);
#5898=ORIENTED_EDGE('',*,*,#8810,.T.);
#5899=ORIENTED_EDGE('',*,*,#8811,.F.);
#5900=ORIENTED_EDGE('',*,*,#8804,.F.);
#5901=ORIENTED_EDGE('',*,*,#8812,.T.);
#5902=ORIENTED_EDGE('',*,*,#8813,.T.);
#5903=ORIENTED_EDGE('',*,*,#8814,.T.);
#5904=ORIENTED_EDGE('',*,*,#8815,.F.);
#5905=ORIENTED_EDGE('',*,*,#8816,.T.);
#5906=ORIENTED_EDGE('',*,*,#8817,.T.);
#5907=ORIENTED_EDGE('',*,*,#8798,.F.);
#5908=CARTESIAN_POINT('',(13.7,0.0,0.0));
#5909=DIRECTION('',(0.0,-1.0,0.0));
#5910=DIRECTION('',(0.0,0.0,1.0));
#5911=SURFACE_STYLE_FILL_AREA(#8818);
#5912=ORIENTED_EDGE('',*,*,#8393,.T.);
#5913=ORIENTED_EDGE('',*,*,#8819,.F.);
#5914=ORIENTED_EDGE('',*,*,#8820,.T.);
#5915=ORIENTED_EDGE('',*,*,#8821,.T.);
#5916=CARTESIAN_POINT('',(15.55,1.4,2.0));
#5917=DIRECTION('',(0.0,0.0,-1.0));
#5918=DIRECTION('',(-1.0,0.0,0.0));
#5919=SURFACE_STYLE_FILL_AREA(#8822);
#5920=ORIENTED_EDGE('',*,*,#8823,.F.);
#5921=ORIENTED_EDGE('',*,*,#8824,.T.);
#5922=ORIENTED_EDGE('',*,*,#8825,.T.);
#5923=ORIENTED_EDGE('',*,*,#8826,.F.);
#5924=CARTESIAN_POINT('',(12.05,1.4,0.0));
#5925=DIRECTION('',(0.0,0.0,1.0));
#5926=DIRECTION('',(-1.0,0.0,0.0));
#5927=SURFACE_STYLE_FILL_AREA(#8827);
#5928=ORIENTED_EDGE('',*,*,#8828,.T.);
#5929=ORIENTED_EDGE('',*,*,#8677,.F.);
#5930=ORIENTED_EDGE('',*,*,#8829,.F.);
#5931=ORIENTED_EDGE('',*,*,#8391,.F.);
#5932=ORIENTED_EDGE('',*,*,#8830,.F.);
#5933=ORIENTED_EDGE('',*,*,#8815,.T.);
#5934=ORIENTED_EDGE('',*,*,#8831,.F.);
#5935=ORIENTED_EDGE('',*,*,#8384,.F.);
#5936=ORIENTED_EDGE('',*,*,#8832,.F.);
#5937=ORIENTED_EDGE('',*,*,#8833,.F.);
#5938=ORIENTED_EDGE('',*,*,#8823,.T.);
#5939=ORIENTED_EDGE('',*,*,#8834,.T.);
#5940=CARTESIAN_POINT('',(-8.0971953775145,-6.13860164424137,1.8));
#5941=DIRECTION('',(0.0,0.0,-1.0));
#5942=DIRECTION('',(1.0,0.0,0.0));
#5943=SURFACE_STYLE_FILL_AREA(#8835);
#5944=ORIENTED_EDGE('',*,*,#8836,.F.);
#5945=ORIENTED_EDGE('',*,*,#8816,.F.);
#5946=ORIENTED_EDGE('',*,*,#8830,.T.);
#5947=ORIENTED_EDGE('',*,*,#8390,.F.);
#5948=CARTESIAN_POINT('',(11.4,0.0,2.0));
#5949=DIRECTION('',(1.0,0.0,0.0));
#5950=DIRECTION('',(0.0,0.0,-1.0));
#5951=SURFACE_STYLE_FILL_AREA(#8837);
#5952=ORIENTED_EDGE('',*,*,#8389,.T.);
#5953=ORIENTED_EDGE('',*,*,#8838,.T.);
#5954=ORIENTED_EDGE('',*,*,#8675,.T.);
#5955=ORIENTED_EDGE('',*,*,#8839,.F.);
#5956=ORIENTED_EDGE('',*,*,#8799,.T.);
#5957=ORIENTED_EDGE('',*,*,#8817,.F.);
#5958=ORIENTED_EDGE('',*,*,#8836,.T.);
#5959=CARTESIAN_POINT('',(-8.0971953775145,-6.13860164424137,2.0));
#5960=DIRECTION('',(0.0,0.0,-1.0));
#5961=DIRECTION('',(1.0,0.0,0.0));
#5962=SURFACE_STYLE_FILL_AREA(#8840);
#5963=ORIENTED_EDGE('',*,*,#8388,.T.);
#5964=ORIENTED_EDGE('',*,*,#8829,.T.);
#5965=ORIENTED_EDGE('',*,*,#8676,.F.);
#5966=ORIENTED_EDGE('',*,*,#8838,.F.);
#5967=CARTESIAN_POINT('',(12.05,1.4,2.0));
#5968=DIRECTION('',(0.0,0.0,-1.0));
#5969=DIRECTION('',(-1.0,0.0,0.0));
#5970=SURFACE_STYLE_FILL_AREA(#8841);
#5971=ORIENTED_EDGE('',*,*,#8810,.F.);
#5972=ORIENTED_EDGE('',*,*,#8681,.T.);
#5973=ORIENTED_EDGE('',*,*,#8689,.T.);
#5974=ORIENTED_EDGE('',*,*,#8426,.T.);
#5975=ORIENTED_EDGE('',*,*,#8686,.T.);
#5976=ORIENTED_EDGE('',*,*,#8842,.F.);
#5977=ORIENTED_EDGE('',*,*,#8843,.T.);
#5978=ORIENTED_EDGE('',*,*,#8379,.T.);
#5979=ORIENTED_EDGE('',*,*,#8844,.T.);
#5980=ORIENTED_EDGE('',*,*,#8845,.T.);
#5981=ORIENTED_EDGE('',*,*,#8846,.F.);
#5982=ORIENTED_EDGE('',*,*,#8825,.F.);
#5983=CARTESIAN_POINT('',(-8.0971953775145,-6.13860164424137,0.200000000000003));
#5984=DIRECTION('',(0.0,0.0,-1.0));
#5985=DIRECTION('',(1.0,0.0,0.0));
#5986=SURFACE_STYLE_FILL_AREA(#8847);
#5987=ORIENTED_EDGE('',*,*,#8848,.T.);
#5988=ORIENTED_EDGE('',*,*,#8849,.T.);
#5989=ORIENTED_EDGE('',*,*,#8850,.F.);
#5990=ORIENTED_EDGE('',*,*,#8851,.F.);
#5991=CARTESIAN_POINT('',(13.7,2.59999999999999,0.0));
#5992=DIRECTION('',(-0.0,1.0,0.0));
#5993=DIRECTION('',(1.0,0.0,0.0));
#5994=SURFACE_STYLE_FILL_AREA(#8852);
#5995=ORIENTED_EDGE('',*,*,#8853,.F.);
#5996=ORIENTED_EDGE('',*,*,#8854,.T.);
#5997=ORIENTED_EDGE('',*,*,#8855,.T.);
#5998=ORIENTED_EDGE('',*,*,#8386,.T.);
#5999=ORIENTED_EDGE('',*,*,#8856,.T.);
#6000=ORIENTED_EDGE('',*,*,#8813,.F.);
#6001=ORIENTED_EDGE('',*,*,#8857,.T.);
#6002=CARTESIAN_POINT('',(-8.0971953775145,-6.13860164424137,2.0));
#6003=DIRECTION('',(0.0,0.0,-1.0));
#6004=DIRECTION('',(1.0,0.0,0.0));
#6005=SURFACE_STYLE_FILL_AREA(#8858);
#6006=ORIENTED_EDGE('',*,*,#8856,.F.);
#6007=ORIENTED_EDGE('',*,*,#8385,.T.);
#6008=ORIENTED_EDGE('',*,*,#8831,.T.);
#6009=ORIENTED_EDGE('',*,*,#8814,.F.);
#6010=CARTESIAN_POINT('',(12.7,0.391287949908401,2.0));
#6011=DIRECTION('',(-1.0,0.0,0.0));
#6012=DIRECTION('',(0.0,1.0,0.0));
#6013=SURFACE_STYLE_FILL_AREA(#8859);
#6014=ORIENTED_EDGE('',*,*,#8854,.F.);
#6015=ORIENTED_EDGE('',*,*,#8860,.F.);
#6016=ORIENTED_EDGE('',*,*,#8833,.T.);
#6017=ORIENTED_EDGE('',*,*,#8861,.F.);
#6018=CARTESIAN_POINT('',(12.7,2.79999999999999,2.0));
#6019=DIRECTION('',(-1.0,0.0,0.0));
#6020=DIRECTION('',(0.0,1.0,0.0));
#6021=SURFACE_STYLE_FILL_AREA(#8862);
#6022=ORIENTED_EDGE('',*,*,#8383,.T.);
#6023=ORIENTED_EDGE('',*,*,#8855,.F.);
#6024=ORIENTED_EDGE('',*,*,#8861,.T.);
#6025=ORIENTED_EDGE('',*,*,#8832,.T.);
#6026=CARTESIAN_POINT('',(12.05,1.4,2.0));
#6027=DIRECTION('',(0.0,0.0,-1.0));
#6028=DIRECTION('',(-1.0,0.0,0.0));
#6029=SURFACE_STYLE_FILL_AREA(#8863);
#6030=ORIENTED_EDGE('',*,*,#8864,.F.);
#6031=ORIENTED_EDGE('',*,*,#8865,.F.);
#6032=ORIENTED_EDGE('',*,*,#8866,.T.);
#6033=ORIENTED_EDGE('',*,*,#8820,.F.);
#6034=CARTESIAN_POINT('',(16.2000000000001,2.79999999999999,2.0));
#6035=DIRECTION('',(-1.0,0.0,0.0));
#6036=DIRECTION('',(0.0,1.0,0.0));
#6037=SURFACE_STYLE_FILL_AREA(#8867);
#6038=ORIENTED_EDGE('',*,*,#8811,.T.);
#6039=ORIENTED_EDGE('',*,*,#8845,.F.);
#6040=ORIENTED_EDGE('',*,*,#8868,.F.);
#6041=ORIENTED_EDGE('',*,*,#8805,.T.);
#6042=CARTESIAN_POINT('',(12.7,0.391287949908401,0.0));
#6043=DIRECTION('',(1.0,0.0,0.0));
#6044=DIRECTION('',(0.0,0.0,-1.0));
#6045=SURFACE_STYLE_FILL_AREA(#8869);
#6046=ORIENTED_EDGE('',*,*,#8380,.T.);
#6047=ORIENTED_EDGE('',*,*,#8843,.F.);
#6048=ORIENTED_EDGE('',*,*,#8870,.T.);
#6049=ORIENTED_EDGE('',*,*,#8807,.T.);
#6050=CARTESIAN_POINT('',(12.7,2.79999999999999,0.0));
#6051=DIRECTION('',(1.0,0.0,0.0));
#6052=DIRECTION('',(0.0,0.0,-1.0));
#6053=SURFACE_STYLE_FILL_AREA(#8871);
#6054=ORIENTED_EDGE('',*,*,#8378,.T.);
#6055=ORIENTED_EDGE('',*,*,#8806,.T.);
#6056=ORIENTED_EDGE('',*,*,#8868,.T.);
#6057=ORIENTED_EDGE('',*,*,#8844,.F.);
#6058=CARTESIAN_POINT('',(12.05,1.4,0.0));
#6059=DIRECTION('',(0.0,0.0,1.0));
#6060=DIRECTION('',(-1.0,0.0,0.0));
#6061=SURFACE_STYLE_FILL_AREA(#8872);
#6062=ORIENTED_EDGE('',*,*,#8873,.F.);
#6063=ORIENTED_EDGE('',*,*,#8395,.T.);
#6064=ORIENTED_EDGE('',*,*,#8874,.T.);
#6065=ORIENTED_EDGE('',*,*,#8875,.F.);
#6066=CARTESIAN_POINT('',(16.2000000000001,0.391287949908401,2.0));
#6067=DIRECTION('',(-1.0,2.72386129930563E-14,0.0));
#6068=DIRECTION('',(0.0,0.0,-1.0));
#6069=SURFACE_STYLE_FILL_AREA(#8876);
#6070=ORIENTED_EDGE('',*,*,#8808,.F.);
#6071=ORIENTED_EDGE('',*,*,#8870,.F.);
#6072=ORIENTED_EDGE('',*,*,#8842,.T.);
#6073=ORIENTED_EDGE('',*,*,#8685,.F.);
#6074=ORIENTED_EDGE('',*,*,#8694,.F.);
#6075=ORIENTED_EDGE('',*,*,#8797,.T.);
#6076=ORIENTED_EDGE('',*,*,#8839,.T.);
#6077=ORIENTED_EDGE('',*,*,#8678,.T.);
#6078=ORIENTED_EDGE('',*,*,#8828,.F.);
#6079=ORIENTED_EDGE('',*,*,#8860,.T.);
#6080=ORIENTED_EDGE('',*,*,#8853,.T.);
#6081=ORIENTED_EDGE('',*,*,#8877,.F.);
#6082=CARTESIAN_POINT('',(10.4,2.79999999999999,0.0));
#6083=DIRECTION('',(-0.0,1.0,0.0));
#6084=DIRECTION('',(1.0,0.0,0.0));
#6085=SURFACE_STYLE_FILL_AREA(#8878);
#6086=ORIENTED_EDGE('',*,*,#8812,.F.);
#6087=ORIENTED_EDGE('',*,*,#8803,.T.);
#6088=ORIENTED_EDGE('',*,*,#8877,.T.);
#6089=ORIENTED_EDGE('',*,*,#8857,.F.);
#6090=ORIENTED_EDGE('',*,*,#8879,.T.);
#6091=ORIENTED_EDGE('',*,*,#8880,.T.);
#6092=ORIENTED_EDGE('',*,*,#8849,.F.);
#6093=ORIENTED_EDGE('',*,*,#8881,.F.);
#6094=CARTESIAN_POINT('',(13.7,0.2,0.0));
#6095=DIRECTION('',(1.0,5.32907051820082E-14,0.0));
#6096=DIRECTION('',(-5.32907051820082E-14,1.0,0.0));
#6097=SURFACE_STYLE_FILL_AREA(#8882);
#6098=ORIENTED_EDGE('',*,*,#8883,.T.);
#6099=ORIENTED_EDGE('',*,*,#8884,.F.);
#6100=ORIENTED_EDGE('',*,*,#8850,.T.);
#6101=ORIENTED_EDGE('',*,*,#8880,.F.);
#6102=CARTESIAN_POINT('',(-8.0971953775145,-6.13860164424137,1.8));
#6103=DIRECTION('',(0.0,0.0,-1.0));
#6104=DIRECTION('',(1.0,0.0,0.0));
#6105=SURFACE_STYLE_FILL_AREA(#8885);
#6106=ORIENTED_EDGE('',*,*,#8886,.T.);
#6107=ORIENTED_EDGE('',*,*,#8887,.T.);
#6108=ORIENTED_EDGE('',*,*,#8883,.F.);
#6109=ORIENTED_EDGE('',*,*,#8879,.F.);
#6110=CARTESIAN_POINT('',(13.9,0.2,0.0));
#6111=DIRECTION('',(0.0,-1.0,0.0));
#6112=DIRECTION('',(0.0,0.0,1.0));
#6113=SURFACE_STYLE_FILL_AREA(#8888);
#6114=ORIENTED_EDGE('',*,*,#8881,.T.);
#6115=ORIENTED_EDGE('',*,*,#8848,.F.);
#6116=ORIENTED_EDGE('',*,*,#8889,.T.);
#6117=ORIENTED_EDGE('',*,*,#8886,.F.);
#6118=CARTESIAN_POINT('',(-8.0971953775145,-6.13860164424137,0.200000000000003));
#6119=DIRECTION('',(0.0,0.0,-1.0));
#6120=DIRECTION('',(1.0,0.0,0.0));
#6121=SURFACE_STYLE_FILL_AREA(#8890);
#6122=ORIENTED_EDGE('',*,*,#8891,.T.);
#6123=ORIENTED_EDGE('',*,*,#8892,.T.);
#6124=ORIENTED_EDGE('',*,*,#8893,.F.);
#6125=ORIENTED_EDGE('',*,*,#8894,.F.);
#6126=ORIENTED_EDGE('',*,*,#8887,.F.);
#6127=ORIENTED_EDGE('',*,*,#8889,.F.);
#6128=ORIENTED_EDGE('',*,*,#8851,.T.);
#6129=ORIENTED_EDGE('',*,*,#8884,.T.);
#6130=CARTESIAN_POINT('',(13.9,0.0,0.0));
#6131=DIRECTION('',(-1.0,0.0,0.0));
#6132=DIRECTION('',(0.0,1.0,0.0));
#6133=SURFACE_STYLE_FILL_AREA(#8895);
#6134=ORIENTED_EDGE('',*,*,#8896,.F.);
#6135=ORIENTED_EDGE('',*,*,#8864,.T.);
#6136=ORIENTED_EDGE('',*,*,#8819,.T.);
#6137=ORIENTED_EDGE('',*,*,#8396,.T.);
#6138=ORIENTED_EDGE('',*,*,#8873,.T.);
#6139=ORIENTED_EDGE('',*,*,#8897,.F.);
#6140=ORIENTED_EDGE('',*,*,#8898,.F.);
#6141=CARTESIAN_POINT('',(2.4028046224855,-6.13860164424137,2.0));
#6142=DIRECTION('',(0.0,0.0,-1.0));
#6143=DIRECTION('',(1.0,0.0,0.0));
#6144=SURFACE_STYLE_FILL_AREA(#8899);
#6145=ORIENTED_EDGE('',*,*,#8900,.F.);
#6146=ORIENTED_EDGE('',*,*,#8901,.F.);
#6147=ORIENTED_EDGE('',*,*,#8902,.T.);
#6148=ORIENTED_EDGE('',*,*,#8898,.T.);
#6149=ORIENTED_EDGE('',*,*,#8903,.T.);
#6150=ORIENTED_EDGE('',*,*,#8904,.T.);
#6151=ORIENTED_EDGE('',*,*,#8905,.F.);
#6152=ORIENTED_EDGE('',*,*,#8906,.F.);
#6153=CARTESIAN_POINT('',(17.2,0.2,0.0));
#6154=DIRECTION('',(1.0,0.0,0.0));
#6155=DIRECTION('',(0.0,0.0,-1.0));
#6156=SURFACE_STYLE_FILL_AREA(#8907);
#6157=ORIENTED_EDGE('',*,*,#8908,.T.);
#6158=ORIENTED_EDGE('',*,*,#8909,.F.);
#6159=ORIENTED_EDGE('',*,*,#8910,.T.);
#6160=ORIENTED_EDGE('',*,*,#8904,.F.);
#6161=CARTESIAN_POINT('',(2.4028046224855,-6.13860164424137,1.8));
#6162=DIRECTION('',(0.0,0.0,-1.0));
#6163=DIRECTION('',(1.0,0.0,0.0));
#6164=SURFACE_STYLE_FILL_AREA(#8911);
#6165=ORIENTED_EDGE('',*,*,#8912,.T.);
#6166=ORIENTED_EDGE('',*,*,#8913,.T.);
#6167=ORIENTED_EDGE('',*,*,#8908,.F.);
#6168=ORIENTED_EDGE('',*,*,#8903,.F.);
#6169=CARTESIAN_POINT('',(17.4,0.2,0.0));
#6170=DIRECTION('',(0.0,-1.0,0.0));
#6171=DIRECTION('',(0.0,0.0,1.0));
#6172=SURFACE_STYLE_FILL_AREA(#8914);
#6173=ORIENTED_EDGE('',*,*,#8915,.T.);
#6174=ORIENTED_EDGE('',*,*,#8916,.T.);
#6175=ORIENTED_EDGE('',*,*,#8917,.F.);
#6176=ORIENTED_EDGE('',*,*,#8918,.F.);
#6177=ORIENTED_EDGE('',*,*,#8913,.F.);
#6178=ORIENTED_EDGE('',*,*,#8919,.F.);
#6179=ORIENTED_EDGE('',*,*,#8920,.T.);
#6180=ORIENTED_EDGE('',*,*,#8909,.T.);
#6181=CARTESIAN_POINT('',(17.4,2.59999999999999,0.0));
#6182=DIRECTION('',(-1.0,0.0,0.0));
#6183=DIRECTION('',(0.0,1.0,0.0));
#6184=SURFACE_STYLE_FILL_AREA(#8921);
#6185=ORIENTED_EDGE('',*,*,#8922,.F.);
#6186=ORIENTED_EDGE('',*,*,#8923,.T.);
#6187=ORIENTED_EDGE('',*,*,#8924,.T.);
#6188=ORIENTED_EDGE('',*,*,#8281,.T.);
#6189=ORIENTED_EDGE('',*,*,#8925,.T.);
#6190=ORIENTED_EDGE('',*,*,#8926,.F.);
#6191=ORIENTED_EDGE('',*,*,#8927,.F.);
#6192=CARTESIAN_POINT('',(2.4028046224855,-6.13860164424137,2.0));
#6193=DIRECTION('',(0.0,0.0,-1.0));
#6194=DIRECTION('',(1.0,0.0,0.0));
#6195=SURFACE_STYLE_FILL_AREA(#8928);
#6196=ORIENTED_EDGE('',*,*,#8925,.F.);
#6197=ORIENTED_EDGE('',*,*,#8280,.T.);
#6198=ORIENTED_EDGE('',*,*,#8929,.T.);
#6199=ORIENTED_EDGE('',*,*,#8930,.F.);
#6200=CARTESIAN_POINT('',(19.7000000000001,0.391287949908401,2.0));
#6201=DIRECTION('',(-1.0,1.81590753287042E-14,0.0));
#6202=DIRECTION('',(0.0,0.0,-1.0));
#6203=SURFACE_STYLE_FILL_AREA(#8931);
#6204=ORIENTED_EDGE('',*,*,#8932,.T.);
#6205=ORIENTED_EDGE('',*,*,#8933,.F.);
#6206=ORIENTED_EDGE('',*,*,#8934,.F.);
#6207=ORIENTED_EDGE('',*,*,#8376,.F.);
#6208=ORIENTED_EDGE('',*,*,#8935,.F.);
#6209=ORIENTED_EDGE('',*,*,#8936,.T.);
#6210=ORIENTED_EDGE('',*,*,#8929,.F.);
#6211=ORIENTED_EDGE('',*,*,#8279,.F.);
#6212=ORIENTED_EDGE('',*,*,#8937,.F.);
#6213=ORIENTED_EDGE('',*,*,#8938,.F.);
#6214=ORIENTED_EDGE('',*,*,#8939,.T.);
#6215=ORIENTED_EDGE('',*,*,#8940,.T.);
#6216=CARTESIAN_POINT('',(2.4028046224855,-6.13860164424137,1.8));
#6217=DIRECTION('',(0.0,0.0,-1.0));
#6218=DIRECTION('',(1.0,0.0,0.0));
#6219=SURFACE_STYLE_FILL_AREA(#8941);
#6220=ORIENTED_EDGE('',*,*,#8942,.F.);
#6221=ORIENTED_EDGE('',*,*,#8943,.F.);
#6222=ORIENTED_EDGE('',*,*,#8935,.T.);
#6223=ORIENTED_EDGE('',*,*,#8375,.F.);
#6224=CARTESIAN_POINT('',(18.4,0.0,2.0));
#6225=DIRECTION('',(1.0,-2.72386129930569E-14,0.0));
#6226=DIRECTION('',(-2.72386129930569E-14,-1.0,-0.0));
#6227=SURFACE_STYLE_FILL_AREA(#8944);
#6228=ORIENTED_EDGE('',*,*,#8373,.T.);
#6229=ORIENTED_EDGE('',*,*,#8934,.T.);
#6230=ORIENTED_EDGE('',*,*,#8945,.F.);
#6231=ORIENTED_EDGE('',*,*,#8946,.F.);
#6232=CARTESIAN_POINT('',(19.05,1.4,2.0));
#6233=DIRECTION('',(0.0,0.0,-1.0));
#6234=DIRECTION('',(-1.0,0.0,0.0));
#6235=SURFACE_STYLE_FILL_AREA(#8947);
#6236=ORIENTED_EDGE('',*,*,#8948,.F.);
#6237=ORIENTED_EDGE('',*,*,#8945,.T.);
#6238=ORIENTED_EDGE('',*,*,#8933,.T.);
#6239=ORIENTED_EDGE('',*,*,#8949,.F.);
#6240=CARTESIAN_POINT('',(18.4,2.40871205009159,2.0));
#6241=DIRECTION('',(1.0,0.0,0.0));
#6242=DIRECTION('',(0.0,0.0,-1.0));
#6243=SURFACE_STYLE_FILL_AREA(#8950);
#6244=ORIENTED_EDGE('',*,*,#8948,.T.);
#6245=ORIENTED_EDGE('',*,*,#8951,.F.);
#6246=ORIENTED_EDGE('',*,*,#8916,.F.);
#6247=ORIENTED_EDGE('',*,*,#8952,.F.);
#6248=ORIENTED_EDGE('',*,*,#8942,.T.);
#6249=ORIENTED_EDGE('',*,*,#8374,.T.);
#6250=ORIENTED_EDGE('',*,*,#8946,.T.);
#6251=CARTESIAN_POINT('',(2.4028046224855,-6.13860164424137,2.0));
#6252=DIRECTION('',(0.0,0.0,-1.0));
#6253=DIRECTION('',(1.0,0.0,0.0));
#6254=SURFACE_STYLE_FILL_AREA(#8953);
#6255=ORIENTED_EDGE('',*,*,#8939,.F.);
#6256=ORIENTED_EDGE('',*,*,#8954,.T.);
#6257=ORIENTED_EDGE('',*,*,#8955,.T.);
#6258=ORIENTED_EDGE('',*,*,#8956,.F.);
#6259=CARTESIAN_POINT('',(19.05,1.4,0.0));
#6260=DIRECTION('',(0.0,0.0,1.0));
#6261=DIRECTION('',(-1.0,0.0,0.0));
#6262=SURFACE_STYLE_FILL_AREA(#8957);
#6263=ORIENTED_EDGE('',*,*,#8958,.T.);
#6264=ORIENTED_EDGE('',*,*,#8284,.T.);
#6265=ORIENTED_EDGE('',*,*,#8959,.T.);
#6266=ORIENTED_EDGE('',*,*,#8960,.T.);
#6267=ORIENTED_EDGE('',*,*,#8961,.F.);
#6268=ORIENTED_EDGE('',*,*,#8962,.T.);
#6269=ORIENTED_EDGE('',*,*,#8963,.T.);
#6270=ORIENTED_EDGE('',*,*,#8371,.T.);
#6271=ORIENTED_EDGE('',*,*,#8964,.T.);
#6272=ORIENTED_EDGE('',*,*,#8965,.F.);
#6273=ORIENTED_EDGE('',*,*,#8955,.F.);
#6274=ORIENTED_EDGE('',*,*,#8966,.F.);
#6275=CARTESIAN_POINT('',(2.4028046224855,-6.13860164424137,0.200000000000003));
#6276=DIRECTION('',(0.0,0.0,-1.0));
#6277=DIRECTION('',(1.0,0.0,0.0));
#6278=SURFACE_STYLE_FILL_AREA(#8967);
#6279=ORIENTED_EDGE('',*,*,#8968,.T.);
#6280=ORIENTED_EDGE('',*,*,#8969,.T.);
#6281=ORIENTED_EDGE('',*,*,#8970,.F.);
#6282=ORIENTED_EDGE('',*,*,#8971,.F.);
#6283=ORIENTED_EDGE('',*,*,#8286,.F.);
#6284=ORIENTED_EDGE('',*,*,#8972,.F.);
#6285=ORIENTED_EDGE('',*,*,#8973,.T.);
#6286=CARTESIAN_POINT('',(2.4028046224855,-6.13860164424137,0.0));
#6287=DIRECTION('',(0.0,0.0,-1.0));
#6288=DIRECTION('',(1.0,0.0,0.0));
#6289=SURFACE_STYLE_FILL_AREA(#8974);
#6290=ORIENTED_EDGE('',*,*,#8973,.F.);
#6291=ORIENTED_EDGE('',*,*,#8975,.F.);
#6292=ORIENTED_EDGE('',*,*,#8965,.T.);
#6293=ORIENTED_EDGE('',*,*,#8976,.F.);
#6294=ORIENTED_EDGE('',*,*,#8977,.F.);
#6295=ORIENTED_EDGE('',*,*,#8917,.T.);
#6296=ORIENTED_EDGE('',*,*,#8951,.T.);
#6297=ORIENTED_EDGE('',*,*,#8949,.T.);
#6298=ORIENTED_EDGE('',*,*,#8932,.F.);
#6299=ORIENTED_EDGE('',*,*,#8978,.T.);
#6300=ORIENTED_EDGE('',*,*,#8922,.T.);
#6301=ORIENTED_EDGE('',*,*,#8979,.F.);
#6302=CARTESIAN_POINT('',(17.4,2.79999999999999,0.0));
#6303=DIRECTION('',(-0.0,1.0,0.0));
#6304=DIRECTION('',(1.0,0.0,0.0));
#6305=SURFACE_STYLE_FILL_AREA(#8980);
#6306=ORIENTED_EDGE('',*,*,#8981,.F.);
#6307=ORIENTED_EDGE('',*,*,#8982,.F.);
#6308=ORIENTED_EDGE('',*,*,#8983,.T.);
#6309=ORIENTED_EDGE('',*,*,#8918,.T.);
#6310=ORIENTED_EDGE('',*,*,#8977,.T.);
#6311=ORIENTED_EDGE('',*,*,#8984,.F.);
#6312=ORIENTED_EDGE('',*,*,#8369,.F.);
#6313=CARTESIAN_POINT('',(2.4028046224855,-6.13860164424137,0.0));
#6314=DIRECTION('',(0.0,0.0,-1.0));
#6315=DIRECTION('',(1.0,0.0,0.0));
#6316=SURFACE_STYLE_FILL_AREA(#8985);
#6317=ORIENTED_EDGE('',*,*,#8986,.T.);
#6318=ORIENTED_EDGE('',*,*,#8962,.F.);
#6319=ORIENTED_EDGE('',*,*,#8987,.T.);
#6320=ORIENTED_EDGE('',*,*,#8982,.T.);
#6321=CARTESIAN_POINT('',(18.4,0.0,0.0));
#6322=DIRECTION('',(-1.0,2.72386129930569E-14,0.0));
#6323=DIRECTION('',(0.0,0.0,-1.0));
#6324=SURFACE_STYLE_FILL_AREA(#8988);
#6325=ORIENTED_EDGE('',*,*,#8976,.T.);
#6326=ORIENTED_EDGE('',*,*,#8964,.F.);
#6327=ORIENTED_EDGE('',*,*,#8370,.F.);
#6328=ORIENTED_EDGE('',*,*,#8984,.T.);
#6329=CARTESIAN_POINT('',(18.4,2.40871205009159,0.0));
#6330=DIRECTION('',(-1.0,0.0,0.0));
#6331=DIRECTION('',(0.0,1.0,0.0));
#6332=SURFACE_STYLE_FILL_AREA(#8989);
#6333=ORIENTED_EDGE('',*,*,#8368,.T.);
#6334=ORIENTED_EDGE('',*,*,#8963,.F.);
#6335=ORIENTED_EDGE('',*,*,#8986,.F.);
#6336=ORIENTED_EDGE('',*,*,#8981,.T.);
#6337=CARTESIAN_POINT('',(19.05,1.4,0.0));
#6338=DIRECTION('',(0.0,0.0,1.0));
#6339=DIRECTION('',(-1.0,0.0,0.0));
#6340=SURFACE_STYLE_FILL_AREA(#8990);
#6341=ORIENTED_EDGE('',*,*,#8991,.F.);
#6342=ORIENTED_EDGE('',*,*,#8968,.F.);
#6343=ORIENTED_EDGE('',*,*,#8979,.T.);
#6344=ORIENTED_EDGE('',*,*,#8927,.T.);
#6345=ORIENTED_EDGE('',*,*,#8992,.T.);
#6346=ORIENTED_EDGE('',*,*,#8993,.T.);
#6347=ORIENTED_EDGE('',*,*,#8994,.F.);
#6348=ORIENTED_EDGE('',*,*,#8995,.F.);
#6349=CARTESIAN_POINT('',(20.7,0.2,0.0));
#6350=DIRECTION('',(-1.0,0.0,0.0));
#6351=DIRECTION('',(0.0,1.0,0.0));
#6352=SURFACE_STYLE_FILL_AREA(#8996);
#6353=ORIENTED_EDGE('',*,*,#8997,.T.);
#6354=ORIENTED_EDGE('',*,*,#8998,.F.);
#6355=ORIENTED_EDGE('',*,*,#8999,.T.);
#6356=ORIENTED_EDGE('',*,*,#8993,.F.);
#6357=CARTESIAN_POINT('',(2.4028046224855,-6.13860164424137,1.8));
#6358=DIRECTION('',(0.0,0.0,-1.0));
#6359=DIRECTION('',(1.0,0.0,0.0));
#6360=SURFACE_STYLE_FILL_AREA(#9000);
#6361=ORIENTED_EDGE('',*,*,#9001,.T.);
#6362=ORIENTED_EDGE('',*,*,#9002,.T.);
#6363=ORIENTED_EDGE('',*,*,#8997,.F.);
#6364=ORIENTED_EDGE('',*,*,#8992,.F.);
#6365=CARTESIAN_POINT('',(20.9,0.2,0.0));
#6366=DIRECTION('',(0.0,-1.0,0.0));
#6367=DIRECTION('',(0.0,0.0,1.0));
#6368=SURFACE_STYLE_FILL_AREA(#9003);
#6369=ORIENTED_EDGE('',*,*,#8995,.T.);
#6370=ORIENTED_EDGE('',*,*,#9004,.F.);
#6371=ORIENTED_EDGE('',*,*,#9005,.T.);
#6372=ORIENTED_EDGE('',*,*,#9001,.F.);
#6373=CARTESIAN_POINT('',(2.4028046224855,-6.13860164424137,0.200000000000003));
#6374=DIRECTION('',(0.0,0.0,-1.0));
#6375=DIRECTION('',(1.0,0.0,0.0));
#6376=SURFACE_STYLE_FILL_AREA(#9006);
#6377=ORIENTED_EDGE('',*,*,#9007,.F.);
#6378=ORIENTED_EDGE('',*,*,#9008,.T.);
#6379=ORIENTED_EDGE('',*,*,#9009,.T.);
#6380=ORIENTED_EDGE('',*,*,#9010,.F.);
#6381=ORIENTED_EDGE('',*,*,#9011,.T.);
#6382=ORIENTED_EDGE('',*,*,#8998,.T.);
#6383=ORIENTED_EDGE('',*,*,#9002,.F.);
#6384=ORIENTED_EDGE('',*,*,#9005,.F.);
#6385=CARTESIAN_POINT('',(20.9,2.59999999999999,0.0));
#6386=DIRECTION('',(1.0,0.0,0.0));
#6387=DIRECTION('',(0.0,0.0,-1.0));
#6388=SURFACE_STYLE_FILL_AREA(#9012);
#6389=ORIENTED_EDGE('',*,*,#9004,.T.);
#6390=ORIENTED_EDGE('',*,*,#8994,.T.);
#6391=ORIENTED_EDGE('',*,*,#8999,.F.);
#6392=ORIENTED_EDGE('',*,*,#9011,.F.);
#6393=CARTESIAN_POINT('',(20.7,2.59999999999999,0.0));
#6394=DIRECTION('',(-0.0,1.0,0.0));
#6395=DIRECTION('',(1.0,0.0,0.0));
#6396=SURFACE_STYLE_FILL_AREA(#9013);
#6397=ORIENTED_EDGE('',*,*,#9014,.F.);
#6398=ORIENTED_EDGE('',*,*,#9015,.F.);
#6399=ORIENTED_EDGE('',*,*,#9016,.F.);
#6400=ORIENTED_EDGE('',*,*,#9017,.T.);
#6401=ORIENTED_EDGE('',*,*,#9018,.F.);
#6402=ORIENTED_EDGE('',*,*,#9019,.T.);
#6403=ORIENTED_EDGE('',*,*,#9020,.F.);
#6404=ORIENTED_EDGE('',*,*,#9021,.T.);
#6405=CARTESIAN_POINT('',(24.2,0.2,0.0));
#6406=DIRECTION('',(1.0,5.32907051820082E-14,0.0));
#6407=DIRECTION('',(-5.32907051820082E-14,1.0,0.0));
#6408=SURFACE_STYLE_FILL_AREA(#9022);
#6409=ORIENTED_EDGE('',*,*,#9023,.T.);
#6410=ORIENTED_EDGE('',*,*,#9024,.F.);
#6411=ORIENTED_EDGE('',*,*,#9025,.T.);
#6412=ORIENTED_EDGE('',*,*,#9026,.T.);
#6413=ORIENTED_EDGE('',*,*,#9027,.T.);
#6414=ORIENTED_EDGE('',*,*,#9028,.T.);
#6415=ORIENTED_EDGE('',*,*,#9029,.T.);
#6416=ORIENTED_EDGE('',*,*,#9030,.F.);
#6417=CARTESIAN_POINT('',(24.4,0.0,0.0));
#6418=DIRECTION('',(-1.0,0.0,0.0));
#6419=DIRECTION('',(0.0,1.0,0.0));
#6420=SURFACE_STYLE_FILL_AREA(#9031);
#6421=ORIENTED_EDGE('',*,*,#9032,.F.);
#6422=ORIENTED_EDGE('',*,*,#9033,.F.);
#6423=ORIENTED_EDGE('',*,*,#9024,.T.);
#6424=ORIENTED_EDGE('',*,*,#9034,.F.);
#6425=ORIENTED_EDGE('',*,*,#9035,.F.);
#6426=ORIENTED_EDGE('',*,*,#8364,.T.);
#6427=ORIENTED_EDGE('',*,*,#9036,.T.);
#6428=CARTESIAN_POINT('',(2.4028046224855,-6.13860164424137,2.0));
#6429=DIRECTION('',(0.0,0.0,-1.0));
#6430=DIRECTION('',(1.0,0.0,0.0));
#6431=SURFACE_STYLE_FILL_AREA(#9037);
#6432=ORIENTED_EDGE('',*,*,#8363,.T.);
#6433=ORIENTED_EDGE('',*,*,#9038,.T.);
#6434=ORIENTED_EDGE('',*,*,#9039,.T.);
#6435=ORIENTED_EDGE('',*,*,#9036,.F.);
#6436=CARTESIAN_POINT('',(26.05,1.4,2.0));
#6437=DIRECTION('',(0.0,0.0,-1.0));
#6438=DIRECTION('',(-1.0,0.0,0.0));
#6439=SURFACE_STYLE_FILL_AREA(#9040);
#6440=ORIENTED_EDGE('',*,*,#9035,.T.);
#6441=ORIENTED_EDGE('',*,*,#9041,.T.);
#6442=ORIENTED_EDGE('',*,*,#9042,.T.);
#6443=ORIENTED_EDGE('',*,*,#8365,.T.);
#6444=CARTESIAN_POINT('',(25.4,0.0,2.0));
#6445=DIRECTION('',(1.0,0.0,0.0));
#6446=DIRECTION('',(0.0,0.0,-1.0));
#6447=SURFACE_STYLE_FILL_AREA(#9043);
#6448=ORIENTED_EDGE('',*,*,#9032,.T.);
#6449=ORIENTED_EDGE('',*,*,#9039,.F.);
#6450=ORIENTED_EDGE('',*,*,#9044,.T.);
#6451=ORIENTED_EDGE('',*,*,#9045,.T.);
#6452=CARTESIAN_POINT('',(25.4,2.40871205009159,2.0));
#6453=DIRECTION('',(1.0,0.0,0.0));
#6454=DIRECTION('',(0.0,0.0,-1.0));
#6455=SURFACE_STYLE_FILL_AREA(#9046);
#6456=ORIENTED_EDGE('',*,*,#9047,.T.);
#6457=ORIENTED_EDGE('',*,*,#9048,.T.);
#6458=ORIENTED_EDGE('',*,*,#9049,.T.);
#6459=ORIENTED_EDGE('',*,*,#9050,.F.);
#6460=ORIENTED_EDGE('',*,*,#9051,.F.);
#6461=ORIENTED_EDGE('',*,*,#9052,.T.);
#6462=ORIENTED_EDGE('',*,*,#9053,.T.);
#6463=ORIENTED_EDGE('',*,*,#9054,.T.);
#6464=ORIENTED_EDGE('',*,*,#9055,.F.);
#6465=ORIENTED_EDGE('',*,*,#9041,.F.);
#6466=ORIENTED_EDGE('',*,*,#9034,.T.);
#6467=ORIENTED_EDGE('',*,*,#9023,.F.);
#6468=CARTESIAN_POINT('',(27.8,0.0,0.0));
#6469=DIRECTION('',(0.0,-1.0,0.0));
#6470=DIRECTION('',(0.0,0.0,1.0));
#6471=SURFACE_STYLE_FILL_AREA(#9056);
#6472=ORIENTED_EDGE('',*,*,#9057,.F.);
#6473=ORIENTED_EDGE('',*,*,#9058,.T.);
#6474=ORIENTED_EDGE('',*,*,#9048,.F.);
#6475=ORIENTED_EDGE('',*,*,#9059,.F.);
#6476=CARTESIAN_POINT('',(25.4,0.0,0.0));
#6477=DIRECTION('',(-1.0,0.0,0.0));
#6478=DIRECTION('',(0.0,1.0,0.0));
#6479=SURFACE_STYLE_FILL_AREA(#9060);
#6480=ORIENTED_EDGE('',*,*,#8358,.T.);
#6481=ORIENTED_EDGE('',*,*,#9061,.F.);
#6482=ORIENTED_EDGE('',*,*,#9057,.T.);
#6483=ORIENTED_EDGE('',*,*,#9062,.T.);
#6484=CARTESIAN_POINT('',(26.05,1.4,0.0));
#6485=DIRECTION('',(0.0,0.0,1.0));
#6486=DIRECTION('',(-1.0,0.0,0.0));
#6487=SURFACE_STYLE_FILL_AREA(#9063);
#6488=ORIENTED_EDGE('',*,*,#9064,.F.);
#6489=ORIENTED_EDGE('',*,*,#9065,.T.);
#6490=ORIENTED_EDGE('',*,*,#8360,.T.);
#6491=ORIENTED_EDGE('',*,*,#9066,.F.);
#6492=CARTESIAN_POINT('',(25.4,2.40871205009159,0.0));
#6493=DIRECTION('',(-1.0,0.0,0.0));
#6494=DIRECTION('',(0.0,1.0,0.0));
#6495=SURFACE_STYLE_FILL_AREA(#9067);
#6496=ORIENTED_EDGE('',*,*,#9055,.T.);
#6497=ORIENTED_EDGE('',*,*,#9068,.F.);
#6498=ORIENTED_EDGE('',*,*,#8309,.F.);
#6499=ORIENTED_EDGE('',*,*,#9069,.F.);
#6500=ORIENTED_EDGE('',*,*,#9070,.F.);
#6501=ORIENTED_EDGE('',*,*,#9071,.T.);
#6502=ORIENTED_EDGE('',*,*,#9044,.F.);
#6503=ORIENTED_EDGE('',*,*,#9038,.F.);
#6504=ORIENTED_EDGE('',*,*,#8366,.F.);
#6505=ORIENTED_EDGE('',*,*,#9042,.F.);
#6506=ORIENTED_EDGE('',*,*,#9072,.T.);
#6507=ORIENTED_EDGE('',*,*,#9073,.T.);
#6508=CARTESIAN_POINT('',(2.4028046224855,-6.13860164424137,1.8));
#6509=DIRECTION('',(0.0,0.0,-1.0));
#6510=DIRECTION('',(1.0,0.0,0.0));
#6511=SURFACE_STYLE_FILL_AREA(#9074);
#6512=ORIENTED_EDGE('',*,*,#9072,.F.);
#6513=ORIENTED_EDGE('',*,*,#9075,.T.);
#6514=ORIENTED_EDGE('',*,*,#9076,.T.);
#6515=ORIENTED_EDGE('',*,*,#9077,.F.);
#6516=CARTESIAN_POINT('',(26.05,1.4,0.0));
#6517=DIRECTION('',(0.0,0.0,1.0));
#6518=DIRECTION('',(-1.0,0.0,0.0));
#6519=SURFACE_STYLE_FILL_AREA(#9078);
#6520=ORIENTED_EDGE('',*,*,#9079,.F.);
#6521=ORIENTED_EDGE('',*,*,#9080,.T.);
#6522=ORIENTED_EDGE('',*,*,#8314,.T.);
#6523=ORIENTED_EDGE('',*,*,#9081,.T.);
#6524=ORIENTED_EDGE('',*,*,#9082,.T.);
#6525=ORIENTED_EDGE('',*,*,#9049,.F.);
#6526=ORIENTED_EDGE('',*,*,#9058,.F.);
#6527=ORIENTED_EDGE('',*,*,#9061,.T.);
#6528=ORIENTED_EDGE('',*,*,#8361,.T.);
#6529=ORIENTED_EDGE('',*,*,#9065,.F.);
#6530=ORIENTED_EDGE('',*,*,#9076,.F.);
#6531=ORIENTED_EDGE('',*,*,#9083,.F.);
#6532=CARTESIAN_POINT('',(2.4028046224855,-6.13860164424137,0.200000000000003));
#6533=DIRECTION('',(0.0,0.0,-1.0));
#6534=DIRECTION('',(1.0,0.0,0.0));
#6535=SURFACE_STYLE_FILL_AREA(#9084);
#6536=ORIENTED_EDGE('',*,*,#9085,.T.);
#6537=ORIENTED_EDGE('',*,*,#9051,.T.);
#6538=ORIENTED_EDGE('',*,*,#9086,.F.);
#6539=ORIENTED_EDGE('',*,*,#9087,.F.);
#6540=ORIENTED_EDGE('',*,*,#8316,.F.);
#6541=ORIENTED_EDGE('',*,*,#9088,.F.);
#6542=ORIENTED_EDGE('',*,*,#9089,.T.);
#6543=CARTESIAN_POINT('',(9.4028046224855,-6.13860164424137,0.0));
#6544=DIRECTION('',(0.0,0.0,-1.0));
#6545=DIRECTION('',(1.0,0.0,0.0));
#6546=SURFACE_STYLE_FILL_AREA(#9090);
#6547=ORIENTED_EDGE('',*,*,#9079,.T.);
#6548=ORIENTED_EDGE('',*,*,#9064,.T.);
#6549=ORIENTED_EDGE('',*,*,#9091,.F.);
#6550=ORIENTED_EDGE('',*,*,#9025,.F.);
#6551=ORIENTED_EDGE('',*,*,#9033,.T.);
#6552=ORIENTED_EDGE('',*,*,#9045,.F.);
#6553=ORIENTED_EDGE('',*,*,#9071,.F.);
#6554=ORIENTED_EDGE('',*,*,#9092,.T.);
#6555=ORIENTED_EDGE('',*,*,#9093,.T.);
#6556=ORIENTED_EDGE('',*,*,#9094,.F.);
#6557=ORIENTED_EDGE('',*,*,#9089,.F.);
#6558=ORIENTED_EDGE('',*,*,#9095,.F.);
#6559=CARTESIAN_POINT('',(24.4,2.79999999999999,0.0));
#6560=DIRECTION('',(-0.0,1.0,0.0));
#6561=DIRECTION('',(1.0,0.0,0.0));
#6562=SURFACE_STYLE_FILL_AREA(#9096);
#6563=ORIENTED_EDGE('',*,*,#9062,.F.);
#6564=ORIENTED_EDGE('',*,*,#9059,.T.);
#6565=ORIENTED_EDGE('',*,*,#9047,.F.);
#6566=ORIENTED_EDGE('',*,*,#9026,.F.);
#6567=ORIENTED_EDGE('',*,*,#9091,.T.);
#6568=ORIENTED_EDGE('',*,*,#9066,.T.);
#6569=ORIENTED_EDGE('',*,*,#8359,.F.);
#6570=CARTESIAN_POINT('',(2.4028046224855,-6.13860164424137,0.0));
#6571=DIRECTION('',(0.0,0.0,-1.0));
#6572=DIRECTION('',(1.0,0.0,0.0));
#6573=SURFACE_STYLE_FILL_AREA(#9097);
#6574=ORIENTED_EDGE('',*,*,#9052,.F.);
#6575=ORIENTED_EDGE('',*,*,#9085,.F.);
#6576=ORIENTED_EDGE('',*,*,#9094,.T.);
#6577=ORIENTED_EDGE('',*,*,#9098,.T.);
#6578=ORIENTED_EDGE('',*,*,#9099,.T.);
#6579=ORIENTED_EDGE('',*,*,#9100,.T.);
#6580=ORIENTED_EDGE('',*,*,#9101,.F.);
#6581=ORIENTED_EDGE('',*,*,#9102,.F.);
#6582=CARTESIAN_POINT('',(27.7,0.2,0.0));
#6583=DIRECTION('',(-1.0,0.0,0.0));
#6584=DIRECTION('',(0.0,1.0,0.0));
#6585=SURFACE_STYLE_FILL_AREA(#9103);
#6586=ORIENTED_EDGE('',*,*,#9104,.T.);
#6587=ORIENTED_EDGE('',*,*,#9105,.F.);
#6588=ORIENTED_EDGE('',*,*,#9106,.T.);
#6589=ORIENTED_EDGE('',*,*,#9100,.F.);
#6590=CARTESIAN_POINT('',(9.4028046224855,-6.13860164424137,1.8));
#6591=DIRECTION('',(0.0,0.0,-1.0));
#6592=DIRECTION('',(1.0,0.0,0.0));
#6593=SURFACE_STYLE_FILL_AREA(#9107);
#6594=ORIENTED_EDGE('',*,*,#9108,.T.);
#6595=ORIENTED_EDGE('',*,*,#9109,.T.);
#6596=ORIENTED_EDGE('',*,*,#9104,.F.);
#6597=ORIENTED_EDGE('',*,*,#9099,.F.);
#6598=CARTESIAN_POINT('',(27.9,0.2,0.0));
#6599=DIRECTION('',(0.0,-1.0,0.0));
#6600=DIRECTION('',(0.0,0.0,1.0));
#6601=SURFACE_STYLE_FILL_AREA(#9110);
#6602=ORIENTED_EDGE('',*,*,#9102,.T.);
#6603=ORIENTED_EDGE('',*,*,#9111,.F.);
#6604=ORIENTED_EDGE('',*,*,#9112,.T.);
#6605=ORIENTED_EDGE('',*,*,#9108,.F.);
#6606=CARTESIAN_POINT('',(9.4028046224855,-6.13860164424137,0.200000000000003));
#6607=DIRECTION('',(0.0,0.0,-1.0));
#6608=DIRECTION('',(1.0,0.0,0.0));
#6609=SURFACE_STYLE_FILL_AREA(#9113);
#6610=ORIENTED_EDGE('',*,*,#9114,.F.);
#6611=ORIENTED_EDGE('',*,*,#9115,.T.);
#6612=ORIENTED_EDGE('',*,*,#9116,.T.);
#6613=ORIENTED_EDGE('',*,*,#9117,.F.);
#6614=ORIENTED_EDGE('',*,*,#9118,.T.);
#6615=ORIENTED_EDGE('',*,*,#9105,.T.);
#6616=ORIENTED_EDGE('',*,*,#9109,.F.);
#6617=ORIENTED_EDGE('',*,*,#9112,.F.);
#6618=CARTESIAN_POINT('',(27.9,2.59999999999999,0.0));
#6619=DIRECTION('',(1.0,0.0,0.0));
#6620=DIRECTION('',(0.0,0.0,-1.0));
#6621=SURFACE_STYLE_FILL_AREA(#9119);
#6622=ORIENTED_EDGE('',*,*,#9111,.T.);
#6623=ORIENTED_EDGE('',*,*,#9101,.T.);
#6624=ORIENTED_EDGE('',*,*,#9106,.F.);
#6625=ORIENTED_EDGE('',*,*,#9118,.F.);
#6626=CARTESIAN_POINT('',(27.7,2.59999999999999,0.0));
#6627=DIRECTION('',(-0.0,1.0,0.0));
#6628=DIRECTION('',(1.0,0.0,0.0));
#6629=SURFACE_STYLE_FILL_AREA(#9120);
#6630=ORIENTED_EDGE('',*,*,#9121,.F.);
#6631=ORIENTED_EDGE('',*,*,#9122,.T.);
#6632=ORIENTED_EDGE('',*,*,#9123,.T.);
#6633=ORIENTED_EDGE('',*,*,#8341,.T.);
#6634=ORIENTED_EDGE('',*,*,#9124,.T.);
#6635=ORIENTED_EDGE('',*,*,#9125,.F.);
#6636=ORIENTED_EDGE('',*,*,#9126,.T.);
#6637=CARTESIAN_POINT('',(9.4028046224855,-6.13860164424137,2.0));
#6638=DIRECTION('',(0.0,0.0,-1.0));
#6639=DIRECTION('',(1.0,0.0,0.0));
#6640=SURFACE_STYLE_FILL_AREA(#9127);
#6641=ORIENTED_EDGE('',*,*,#9124,.F.);
#6642=ORIENTED_EDGE('',*,*,#8340,.T.);
#6643=ORIENTED_EDGE('',*,*,#9128,.T.);
#6644=ORIENTED_EDGE('',*,*,#9129,.F.);
#6645=CARTESIAN_POINT('',(30.2,0.391287949908401,2.0));
#6646=DIRECTION('',(-1.0,0.0,0.0));
#6647=DIRECTION('',(0.0,1.0,0.0));
#6648=SURFACE_STYLE_FILL_AREA(#9130);
#6649=ORIENTED_EDGE('',*,*,#9131,.T.);
#6650=ORIENTED_EDGE('',*,*,#9132,.F.);
#6651=ORIENTED_EDGE('',*,*,#9133,.F.);
#6652=ORIENTED_EDGE('',*,*,#8356,.F.);
#6653=ORIENTED_EDGE('',*,*,#9134,.F.);
#6654=ORIENTED_EDGE('',*,*,#9135,.T.);
#6655=ORIENTED_EDGE('',*,*,#9128,.F.);
#6656=ORIENTED_EDGE('',*,*,#8339,.F.);
#6657=ORIENTED_EDGE('',*,*,#9136,.F.);
#6658=ORIENTED_EDGE('',*,*,#9137,.F.);
#6659=ORIENTED_EDGE('',*,*,#9138,.T.);
#6660=ORIENTED_EDGE('',*,*,#9139,.T.);
#6661=CARTESIAN_POINT('',(9.4028046224855,-6.13860164424137,1.8));
#6662=DIRECTION('',(0.0,0.0,-1.0));
#6663=DIRECTION('',(1.0,0.0,0.0));
#6664=SURFACE_STYLE_FILL_AREA(#9140);
#6665=ORIENTED_EDGE('',*,*,#9141,.F.);
#6666=ORIENTED_EDGE('',*,*,#9142,.F.);
#6667=ORIENTED_EDGE('',*,*,#9134,.T.);
#6668=ORIENTED_EDGE('',*,*,#8355,.F.);
#6669=CARTESIAN_POINT('',(28.9,0.0,2.0));
#6670=DIRECTION('',(1.0,0.0,0.0));
#6671=DIRECTION('',(0.0,0.0,-1.0));
#6672=SURFACE_STYLE_FILL_AREA(#9143);
#6673=ORIENTED_EDGE('',*,*,#8354,.T.);
#6674=ORIENTED_EDGE('',*,*,#9144,.T.);
#6675=ORIENTED_EDGE('',*,*,#9145,.T.);
#6676=ORIENTED_EDGE('',*,*,#9146,.F.);
#6677=ORIENTED_EDGE('',*,*,#9117,.T.);
#6678=ORIENTED_EDGE('',*,*,#9147,.F.);
#6679=ORIENTED_EDGE('',*,*,#9141,.T.);
#6680=CARTESIAN_POINT('',(9.4028046224855,-6.13860164424137,2.0));
#6681=DIRECTION('',(0.0,0.0,-1.0));
#6682=DIRECTION('',(1.0,0.0,0.0));
#6683=SURFACE_STYLE_FILL_AREA(#9148);
#6684=ORIENTED_EDGE('',*,*,#9145,.F.);
#6685=ORIENTED_EDGE('',*,*,#9149,.T.);
#6686=ORIENTED_EDGE('',*,*,#9132,.T.);
#6687=ORIENTED_EDGE('',*,*,#9150,.F.);
#6688=CARTESIAN_POINT('',(28.9,2.40871205009159,2.0));
#6689=DIRECTION('',(1.0,0.0,0.0));
#6690=DIRECTION('',(0.0,0.0,-1.0));
#6691=SURFACE_STYLE_FILL_AREA(#9151);
#6692=ORIENTED_EDGE('',*,*,#8353,.T.);
#6693=ORIENTED_EDGE('',*,*,#9133,.T.);
#6694=ORIENTED_EDGE('',*,*,#9149,.F.);
#6695=ORIENTED_EDGE('',*,*,#9144,.F.);
#6696=CARTESIAN_POINT('',(29.55,1.4,2.0));
#6697=DIRECTION('',(0.0,0.0,-1.0));
#6698=DIRECTION('',(-1.0,0.0,0.0));
#6699=SURFACE_STYLE_FILL_AREA(#9152);
#6700=ORIENTED_EDGE('',*,*,#9138,.F.);
#6701=ORIENTED_EDGE('',*,*,#9153,.T.);
#6702=ORIENTED_EDGE('',*,*,#9154,.T.);
#6703=ORIENTED_EDGE('',*,*,#9155,.F.);
#6704=CARTESIAN_POINT('',(29.55,1.4,0.0));
#6705=DIRECTION('',(0.0,0.0,1.0));
#6706=DIRECTION('',(-1.0,0.0,0.0));
#6707=SURFACE_STYLE_FILL_AREA(#9156);
#6708=ORIENTED_EDGE('',*,*,#9157,.T.);
#6709=ORIENTED_EDGE('',*,*,#8344,.T.);
#6710=ORIENTED_EDGE('',*,*,#9158,.T.);
#6711=ORIENTED_EDGE('',*,*,#9159,.T.);
#6712=ORIENTED_EDGE('',*,*,#9160,.F.);
#6713=ORIENTED_EDGE('',*,*,#9161,.T.);
#6714=ORIENTED_EDGE('',*,*,#9162,.T.);
#6715=ORIENTED_EDGE('',*,*,#8351,.T.);
#6716=ORIENTED_EDGE('',*,*,#9163,.T.);
#6717=ORIENTED_EDGE('',*,*,#9164,.F.);
#6718=ORIENTED_EDGE('',*,*,#9154,.F.);
#6719=ORIENTED_EDGE('',*,*,#9165,.F.);
#6720=CARTESIAN_POINT('',(9.4028046224855,-6.13860164424137,0.200000000000003));
#6721=DIRECTION('',(0.0,0.0,-1.0));
#6722=DIRECTION('',(1.0,0.0,0.0));
#6723=SURFACE_STYLE_FILL_AREA(#9166);
#6724=ORIENTED_EDGE('',*,*,#9167,.F.);
#6725=ORIENTED_EDGE('',*,*,#9168,.F.);
#6726=ORIENTED_EDGE('',*,*,#9160,.T.);
#6727=ORIENTED_EDGE('',*,*,#9169,.F.);
#6728=ORIENTED_EDGE('',*,*,#9170,.F.);
#6729=ORIENTED_EDGE('',*,*,#9171,.T.);
#6730=ORIENTED_EDGE('',*,*,#9125,.T.);
#6731=ORIENTED_EDGE('',*,*,#9129,.T.);
#6732=ORIENTED_EDGE('',*,*,#9135,.F.);
#6733=ORIENTED_EDGE('',*,*,#9142,.T.);
#6734=ORIENTED_EDGE('',*,*,#9147,.T.);
#6735=ORIENTED_EDGE('',*,*,#9116,.F.);
#6736=CARTESIAN_POINT('',(31.2,0.0,0.0));
#6737=DIRECTION('',(0.0,-1.0,0.0));
#6738=DIRECTION('',(0.0,0.0,1.0));
#6739=SURFACE_STYLE_FILL_AREA(#9172);
#6740=ORIENTED_EDGE('',*,*,#9173,.T.);
#6741=ORIENTED_EDGE('',*,*,#9163,.F.);
#6742=ORIENTED_EDGE('',*,*,#8350,.F.);
#6743=ORIENTED_EDGE('',*,*,#9174,.T.);
#6744=CARTESIAN_POINT('',(28.9,2.40871205009159,0.0));
#6745=DIRECTION('',(-1.0,0.0,0.0));
#6746=DIRECTION('',(0.0,1.0,0.0));
#6747=SURFACE_STYLE_FILL_AREA(#9175);
#6748=ORIENTED_EDGE('',*,*,#9176,.F.);
#6749=ORIENTED_EDGE('',*,*,#9167,.T.);
#6750=ORIENTED_EDGE('',*,*,#9115,.F.);
#6751=ORIENTED_EDGE('',*,*,#9177,.T.);
#6752=ORIENTED_EDGE('',*,*,#9174,.F.);
#6753=ORIENTED_EDGE('',*,*,#8349,.F.);
#6754=ORIENTED_EDGE('',*,*,#9178,.F.);
#6755=CARTESIAN_POINT('',(9.4028046224855,-6.13860164424137,0.0));
#6756=DIRECTION('',(0.0,0.0,-1.0));
#6757=DIRECTION('',(1.0,0.0,0.0));
#6758=SURFACE_STYLE_FILL_AREA(#9179);
#6759=ORIENTED_EDGE('',*,*,#8348,.T.);
#6760=ORIENTED_EDGE('',*,*,#9162,.F.);
#6761=ORIENTED_EDGE('',*,*,#9180,.F.);
#6762=ORIENTED_EDGE('',*,*,#9178,.T.);
#6763=CARTESIAN_POINT('',(29.55,1.4,0.0));
#6764=DIRECTION('',(0.0,0.0,1.0));
#6765=DIRECTION('',(-1.0,0.0,0.0));
#6766=SURFACE_STYLE_FILL_AREA(#9181);
#6767=ORIENTED_EDGE('',*,*,#9180,.T.);
#6768=ORIENTED_EDGE('',*,*,#9161,.F.);
#6769=ORIENTED_EDGE('',*,*,#9168,.T.);
#6770=ORIENTED_EDGE('',*,*,#9176,.T.);
#6771=CARTESIAN_POINT('',(28.9,0.0,0.0));
#6772=DIRECTION('',(-1.0,0.0,0.0));
#6773=DIRECTION('',(0.0,1.0,0.0));
#6774=SURFACE_STYLE_FILL_AREA(#9182);
#6775=ORIENTED_EDGE('',*,*,#9169,.T.);
#6776=ORIENTED_EDGE('',*,*,#9159,.F.);
#6777=ORIENTED_EDGE('',*,*,#9183,.F.);
#6778=ORIENTED_EDGE('',*,*,#9184,.T.);
#6779=CARTESIAN_POINT('',(30.2,0.391287949908401,0.0));
#6780=DIRECTION('',(1.0,0.0,0.0));
#6781=DIRECTION('',(0.0,0.0,-1.0));
#6782=SURFACE_STYLE_FILL_AREA(#9185);
#6783=ORIENTED_EDGE('',*,*,#8343,.T.);
#6784=ORIENTED_EDGE('',*,*,#9186,.T.);
#6785=ORIENTED_EDGE('',*,*,#9183,.T.);
#6786=ORIENTED_EDGE('',*,*,#9158,.F.);
#6787=CARTESIAN_POINT('',(29.55,1.4,0.0));
#6788=DIRECTION('',(0.0,0.0,1.0));
#6789=DIRECTION('',(-1.0,0.0,0.0));
#6790=SURFACE_STYLE_FILL_AREA(#9187);
#6791=ORIENTED_EDGE('',*,*,#8345,.T.);
#6792=ORIENTED_EDGE('',*,*,#9157,.F.);
#6793=ORIENTED_EDGE('',*,*,#9188,.T.);
#6794=ORIENTED_EDGE('',*,*,#9189,.T.);
#6795=CARTESIAN_POINT('',(30.2,2.79999999999999,0.0));
#6796=DIRECTION('',(1.0,0.0,0.0));
#6797=DIRECTION('',(0.0,0.0,-1.0));
#6798=SURFACE_STYLE_FILL_AREA(#9190);
#6799=ORIENTED_EDGE('',*,*,#9122,.F.);
#6800=ORIENTED_EDGE('',*,*,#9191,.F.);
#6801=ORIENTED_EDGE('',*,*,#9137,.T.);
#6802=ORIENTED_EDGE('',*,*,#9192,.F.);
#6803=CARTESIAN_POINT('',(30.2,2.79999999999999,2.0));
#6804=DIRECTION('',(-1.0,0.0,0.0));
#6805=DIRECTION('',(0.0,1.0,0.0));
#6806=SURFACE_STYLE_FILL_AREA(#9193);
#6807=ORIENTED_EDGE('',*,*,#8338,.T.);
#6808=ORIENTED_EDGE('',*,*,#9123,.F.);
#6809=ORIENTED_EDGE('',*,*,#9192,.T.);
#6810=ORIENTED_EDGE('',*,*,#9136,.T.);
#6811=CARTESIAN_POINT('',(29.55,1.4,2.0));
#6812=DIRECTION('',(0.0,0.0,-1.0));
#6813=DIRECTION('',(-1.0,0.0,0.0));
#6814=SURFACE_STYLE_FILL_AREA(#9194);
#6815=ORIENTED_EDGE('',*,*,#9195,.F.);
#6816=ORIENTED_EDGE('',*,*,#9188,.F.);
#6817=ORIENTED_EDGE('',*,*,#9164,.T.);
#6818=ORIENTED_EDGE('',*,*,#9173,.F.);
#6819=ORIENTED_EDGE('',*,*,#9177,.F.);
#6820=ORIENTED_EDGE('',*,*,#9114,.T.);
#6821=ORIENTED_EDGE('',*,*,#9146,.T.);
#6822=ORIENTED_EDGE('',*,*,#9150,.T.);
#6823=ORIENTED_EDGE('',*,*,#9131,.F.);
#6824=ORIENTED_EDGE('',*,*,#9191,.T.);
#6825=ORIENTED_EDGE('',*,*,#9121,.T.);
#6826=ORIENTED_EDGE('',*,*,#9196,.F.);
#6827=CARTESIAN_POINT('',(27.9,2.79999999999999,0.0));
#6828=DIRECTION('',(-0.0,1.0,0.0));
#6829=DIRECTION('',(1.0,0.0,0.0));
#6830=SURFACE_STYLE_FILL_AREA(#9197);
#6831=ORIENTED_EDGE('',*,*,#9171,.F.);
#6832=ORIENTED_EDGE('',*,*,#9198,.T.);
#6833=ORIENTED_EDGE('',*,*,#9196,.T.);
#6834=ORIENTED_EDGE('',*,*,#9126,.F.);
#6835=ORIENTED_EDGE('',*,*,#9199,.T.);
#6836=ORIENTED_EDGE('',*,*,#9200,.T.);
#6837=ORIENTED_EDGE('',*,*,#9201,.F.);
#6838=ORIENTED_EDGE('',*,*,#9202,.F.);
#6839=CARTESIAN_POINT('',(31.2,0.2,0.0));
#6840=DIRECTION('',(1.0,5.32907051820082E-14,0.0));
#6841=DIRECTION('',(-5.32907051820082E-14,1.0,0.0));
#6842=SURFACE_STYLE_FILL_AREA(#9203);
#6843=ORIENTED_EDGE('',*,*,#9204,.T.);
#6844=ORIENTED_EDGE('',*,*,#9205,.F.);
#6845=ORIENTED_EDGE('',*,*,#9206,.T.);
#6846=ORIENTED_EDGE('',*,*,#9200,.F.);
#6847=CARTESIAN_POINT('',(9.4028046224855,-6.13860164424137,1.8));
#6848=DIRECTION('',(0.0,0.0,-1.0));
#6849=DIRECTION('',(1.0,0.0,0.0));
#6850=SURFACE_STYLE_FILL_AREA(#9207);
#6851=ORIENTED_EDGE('',*,*,#9208,.T.);
#6852=ORIENTED_EDGE('',*,*,#9209,.T.);
#6853=ORIENTED_EDGE('',*,*,#9204,.F.);
#6854=ORIENTED_EDGE('',*,*,#9199,.F.);
#6855=CARTESIAN_POINT('',(31.4,0.2,0.0));
#6856=DIRECTION('',(0.0,-1.0,0.0));
#6857=DIRECTION('',(0.0,0.0,1.0));
#6858=SURFACE_STYLE_FILL_AREA(#9210);
#6859=ORIENTED_EDGE('',*,*,#9202,.T.);
#6860=ORIENTED_EDGE('',*,*,#9211,.F.);
#6861=ORIENTED_EDGE('',*,*,#9212,.T.);
#6862=ORIENTED_EDGE('',*,*,#9208,.F.);
#6863=CARTESIAN_POINT('',(9.4028046224855,-6.13860164424137,0.200000000000003));
#6864=DIRECTION('',(0.0,0.0,-1.0));
#6865=DIRECTION('',(1.0,0.0,0.0));
#6866=SURFACE_STYLE_FILL_AREA(#9213);
#6867=ORIENTED_EDGE('',*,*,#9214,.T.);
#6868=ORIENTED_EDGE('',*,*,#9215,.T.);
#6869=ORIENTED_EDGE('',*,*,#9216,.F.);
#6870=ORIENTED_EDGE('',*,*,#9217,.F.);
#6871=ORIENTED_EDGE('',*,*,#9209,.F.);
#6872=ORIENTED_EDGE('',*,*,#9212,.F.);
#6873=ORIENTED_EDGE('',*,*,#9218,.T.);
#6874=ORIENTED_EDGE('',*,*,#9205,.T.);
#6875=CARTESIAN_POINT('',(31.4,0.0,0.0));
#6876=DIRECTION('',(-1.0,0.0,0.0));
#6877=DIRECTION('',(0.0,1.0,0.0));
#6878=SURFACE_STYLE_FILL_AREA(#9219);
#6879=ORIENTED_EDGE('',*,*,#9220,.F.);
#6880=ORIENTED_EDGE('',*,*,#9221,.T.);
#6881=ORIENTED_EDGE('',*,*,#9222,.T.);
#6882=ORIENTED_EDGE('',*,*,#8326,.T.);
#6883=ORIENTED_EDGE('',*,*,#9223,.T.);
#6884=ORIENTED_EDGE('',*,*,#9224,.F.);
#6885=ORIENTED_EDGE('',*,*,#9225,.T.);
#6886=ORIENTED_EDGE('',*,*,#8319,.T.);
#6887=ORIENTED_EDGE('',*,*,#9226,.T.);
#6888=ORIENTED_EDGE('',*,*,#9227,.T.);
#6889=ORIENTED_EDGE('',*,*,#9228,.F.);
#6890=ORIENTED_EDGE('',*,*,#9229,.F.);
#6891=CARTESIAN_POINT('',(9.4028046224855,-6.13860164424137,0.200000000000003));
#6892=DIRECTION('',(0.0,0.0,-1.0));
#6893=DIRECTION('',(1.0,0.0,0.0));
#6894=SURFACE_STYLE_FILL_AREA(#9230);
#6895=ORIENTED_EDGE('',*,*,#9228,.T.);
#6896=ORIENTED_EDGE('',*,*,#9231,.F.);
#6897=ORIENTED_EDGE('',*,*,#9232,.F.);
#6898=ORIENTED_EDGE('',*,*,#9233,.T.);
#6899=CARTESIAN_POINT('',(33.05,1.4,0.0));
#6900=DIRECTION('',(0.0,0.0,1.0));
#6901=DIRECTION('',(-1.0,0.0,0.0));
#6902=SURFACE_STYLE_FILL_AREA(#9234);
#6903=ORIENTED_EDGE('',*,*,#9235,.T.);
#6904=ORIENTED_EDGE('',*,*,#9236,.F.);
#6905=ORIENTED_EDGE('',*,*,#9237,.F.);
#6906=ORIENTED_EDGE('',*,*,#8331,.F.);
#6907=ORIENTED_EDGE('',*,*,#9238,.F.);
#6908=ORIENTED_EDGE('',*,*,#9239,.T.);
#6909=ORIENTED_EDGE('',*,*,#9240,.F.);
#6910=ORIENTED_EDGE('',*,*,#8334,.F.);
#6911=ORIENTED_EDGE('',*,*,#9241,.F.);
#6912=ORIENTED_EDGE('',*,*,#9242,.F.);
#6913=ORIENTED_EDGE('',*,*,#9243,.T.);
#6914=ORIENTED_EDGE('',*,*,#9232,.T.);
#6915=CARTESIAN_POINT('',(9.4028046224855,-6.13860164424137,1.8));
#6916=DIRECTION('',(0.0,0.0,-1.0));
#6917=DIRECTION('',(1.0,0.0,0.0));
#6918=SURFACE_STYLE_FILL_AREA(#9244);
#6919=ORIENTED_EDGE('',*,*,#9245,.F.);
#6920=ORIENTED_EDGE('',*,*,#9246,.T.);
#6921=ORIENTED_EDGE('',*,*,#9247,.F.);
#6922=ORIENTED_EDGE('',*,*,#9248,.T.);
#6923=ORIENTED_EDGE('',*,*,#9249,.T.);
#6924=ORIENTED_EDGE('',*,*,#8336,.T.);
#6925=ORIENTED_EDGE('',*,*,#9250,.T.);
#6926=CARTESIAN_POINT('',(9.4028046224855,-6.13860164424137,2.0));
#6927=DIRECTION('',(0.0,0.0,-1.0));
#6928=DIRECTION('',(1.0,0.0,0.0));
#6929=SURFACE_STYLE_FILL_AREA(#9251);
#6930=ORIENTED_EDGE('',*,*,#9224,.T.);
#6931=ORIENTED_EDGE('',*,*,#9252,.F.);
#6932=ORIENTED_EDGE('',*,*,#9253,.F.);
#6933=ORIENTED_EDGE('',*,*,#9216,.T.);
#6934=ORIENTED_EDGE('',*,*,#9254,.T.);
#6935=ORIENTED_EDGE('',*,*,#9255,.T.);
#6936=ORIENTED_EDGE('',*,*,#9235,.F.);
#6937=ORIENTED_EDGE('',*,*,#9256,.T.);
#6938=ORIENTED_EDGE('',*,*,#9247,.T.);
#6939=ORIENTED_EDGE('',*,*,#9257,.F.);
#6940=ORIENTED_EDGE('',*,*,#9258,.F.);
#6941=ORIENTED_EDGE('',*,*,#9259,.F.);
#6942=CARTESIAN_POINT('',(31.4,2.79999999999999,0.0));
#6943=DIRECTION('',(-0.0,1.0,0.0));
#6944=DIRECTION('',(1.0,0.0,0.0));
#6945=SURFACE_STYLE_FILL_AREA(#9260);
#6946=ORIENTED_EDGE('',*,*,#9261,.T.);
#6947=ORIENTED_EDGE('',*,*,#9221,.F.);
#6948=ORIENTED_EDGE('',*,*,#9262,.T.);
#6949=ORIENTED_EDGE('',*,*,#9263,.T.);
#6950=CARTESIAN_POINT('',(32.4,0.0,0.0));
#6951=DIRECTION('',(-1.0,0.0,0.0));
#6952=DIRECTION('',(0.0,1.0,0.0));
#6953=SURFACE_STYLE_FILL_AREA(#9264);
#6954=ORIENTED_EDGE('',*,*,#9265,.F.);
#6955=ORIENTED_EDGE('',*,*,#9263,.F.);
#6956=ORIENTED_EDGE('',*,*,#9266,.T.);
#6957=ORIENTED_EDGE('',*,*,#9217,.T.);
#6958=ORIENTED_EDGE('',*,*,#9253,.T.);
#6959=ORIENTED_EDGE('',*,*,#9267,.F.);
#6960=ORIENTED_EDGE('',*,*,#8324,.F.);
#6961=CARTESIAN_POINT('',(9.4028046224855,-6.13860164424137,0.0));
#6962=DIRECTION('',(0.0,0.0,-1.0));
#6963=DIRECTION('',(1.0,0.0,0.0));
#6964=SURFACE_STYLE_FILL_AREA(#9268);
#6965=ORIENTED_EDGE('',*,*,#9266,.F.);
#6966=ORIENTED_EDGE('',*,*,#9262,.F.);
#6967=ORIENTED_EDGE('',*,*,#9220,.T.);
#6968=ORIENTED_EDGE('',*,*,#9269,.F.);
#6969=ORIENTED_EDGE('',*,*,#9270,.F.);
#6970=ORIENTED_EDGE('',*,*,#9271,.T.);
#6971=ORIENTED_EDGE('',*,*,#9245,.T.);
#6972=ORIENTED_EDGE('',*,*,#9272,.T.);
#6973=ORIENTED_EDGE('',*,*,#9239,.F.);
#6974=ORIENTED_EDGE('',*,*,#9273,.T.);
#6975=ORIENTED_EDGE('',*,*,#9274,.T.);
#6976=ORIENTED_EDGE('',*,*,#9214,.F.);
#6977=CARTESIAN_POINT('',(34.8,0.0,0.0));
#6978=DIRECTION('',(0.0,-1.0,0.0));
#6979=DIRECTION('',(0.0,0.0,1.0));
#6980=SURFACE_STYLE_FILL_AREA(#9275);
#6981=ORIENTED_EDGE('',*,*,#9276,.T.);
#6982=ORIENTED_EDGE('',*,*,#9257,.T.);
#6983=ORIENTED_EDGE('',*,*,#9246,.F.);
#6984=ORIENTED_EDGE('',*,*,#9271,.F.);
#6985=ORIENTED_EDGE('',*,*,#9277,.F.);
#6986=ORIENTED_EDGE('',*,*,#9278,.F.);
#6987=ORIENTED_EDGE('',*,*,#9279,.F.);
#6988=ORIENTED_EDGE('',*,*,#9280,.F.);
#6989=CARTESIAN_POINT('',(34.6,2.79999999999999,0.0));
#6990=DIRECTION('',(1.0,0.0,0.0));
#6991=DIRECTION('',(0.0,0.0,-1.0));
#6992=SURFACE_STYLE_FILL_AREA(#9281);
#6993=ORIENTED_EDGE('',*,*,#9282,.F.);
#6994=ORIENTED_EDGE('',*,*,#9283,.F.);
#6995=ORIENTED_EDGE('',*,*,#9284,.F.);
#6996=ORIENTED_EDGE('',*,*,#9285,.F.);
#6997=CARTESIAN_POINT('',(34.7,1.4,1.0));
#6998=DIRECTION('',(1.0,0.0,0.0));
#6999=DIRECTION('',(0.0,0.0,-1.0));
#7000=SURFACE_STYLE_FILL_AREA(#9286);
#7001=ORIENTED_EDGE('',*,*,#9280,.T.);
#7002=ORIENTED_EDGE('',*,*,#9287,.T.);
#7003=ORIENTED_EDGE('',*,*,#9283,.T.);
#7004=ORIENTED_EDGE('',*,*,#9288,.F.);
#7005=CARTESIAN_POINT('',(34.6,2.59999999999999,1.8));
#7006=DIRECTION('',(-0.0,1.0,0.0));
#7007=DIRECTION('',(1.0,0.0,0.0));
#7008=SURFACE_STYLE_FILL_AREA(#9289);
#7009=ORIENTED_EDGE('',*,*,#9279,.T.);
#7010=ORIENTED_EDGE('',*,*,#9290,.T.);
#7011=ORIENTED_EDGE('',*,*,#9284,.T.);
#7012=ORIENTED_EDGE('',*,*,#9287,.F.);
#7013=CARTESIAN_POINT('',(34.6,0.2,1.8));
#7014=DIRECTION('',(0.0,0.0,1.0));
#7015=DIRECTION('',(0.0,-1.0,0.0));
#7016=SURFACE_STYLE_FILL_AREA(#9291);
#7017=ORIENTED_EDGE('',*,*,#9278,.T.);
#7018=ORIENTED_EDGE('',*,*,#9292,.T.);
#7019=ORIENTED_EDGE('',*,*,#9285,.T.);
#7020=ORIENTED_EDGE('',*,*,#9290,.F.);
#7021=CARTESIAN_POINT('',(34.6,0.2,0.200000000000003));
#7022=DIRECTION('',(0.0,-1.0,0.0));
#7023=DIRECTION('',(0.0,0.0,1.0));
#7024=SURFACE_STYLE_FILL_AREA(#9293);
#7025=ORIENTED_EDGE('',*,*,#9277,.T.);
#7026=ORIENTED_EDGE('',*,*,#9288,.T.);
#7027=ORIENTED_EDGE('',*,*,#9282,.T.);
#7028=ORIENTED_EDGE('',*,*,#9292,.F.);
#7029=CARTESIAN_POINT('',(34.6,2.59999999999999,0.200000000000003));
#7030=DIRECTION('',(0.0,0.0,-1.0));
#7031=DIRECTION('',(1.0,0.0,0.0));
#7032=SURFACE_STYLE_FILL_AREA(#9294);
#7033=ORIENTED_EDGE('',*,*,#9250,.F.);
#7034=ORIENTED_EDGE('',*,*,#8335,.T.);
#7035=ORIENTED_EDGE('',*,*,#9240,.T.);
#7036=ORIENTED_EDGE('',*,*,#9272,.F.);
#7037=CARTESIAN_POINT('',(33.7,0.391287949908401,2.0));
#7038=DIRECTION('',(-1.0,0.0,0.0));
#7039=DIRECTION('',(0.0,1.0,0.0));
#7040=SURFACE_STYLE_FILL_AREA(#9295);
#7041=ORIENTED_EDGE('',*,*,#9248,.F.);
#7042=ORIENTED_EDGE('',*,*,#9256,.F.);
#7043=ORIENTED_EDGE('',*,*,#9242,.T.);
#7044=ORIENTED_EDGE('',*,*,#9296,.F.);
#7045=CARTESIAN_POINT('',(33.7,2.79999999999999,2.0));
#7046=DIRECTION('',(-1.0,0.0,0.0));
#7047=DIRECTION('',(0.0,1.0,0.0));
#7048=SURFACE_STYLE_FILL_AREA(#9297);
#7049=ORIENTED_EDGE('',*,*,#8333,.T.);
#7050=ORIENTED_EDGE('',*,*,#9249,.F.);
#7051=ORIENTED_EDGE('',*,*,#9296,.T.);
#7052=ORIENTED_EDGE('',*,*,#9241,.T.);
#7053=CARTESIAN_POINT('',(33.05,1.4,2.0));
#7054=DIRECTION('',(0.0,0.0,-1.0));
#7055=DIRECTION('',(-1.0,0.0,0.0));
#7056=SURFACE_STYLE_FILL_AREA(#9298);
#7057=ORIENTED_EDGE('',*,*,#8328,.T.);
#7058=ORIENTED_EDGE('',*,*,#9237,.T.);
#7059=ORIENTED_EDGE('',*,*,#9299,.F.);
#7060=ORIENTED_EDGE('',*,*,#9300,.F.);
#7061=CARTESIAN_POINT('',(33.05,1.4,2.0));
#7062=DIRECTION('',(0.0,0.0,-1.0));
#7063=DIRECTION('',(-1.0,0.0,0.0));
#7064=SURFACE_STYLE_FILL_AREA(#9301);
#7065=ORIENTED_EDGE('',*,*,#9302,.F.);
#7066=ORIENTED_EDGE('',*,*,#9299,.T.);
#7067=ORIENTED_EDGE('',*,*,#9236,.T.);
#7068=ORIENTED_EDGE('',*,*,#9255,.F.);
#7069=CARTESIAN_POINT('',(32.4,2.40871205009159,2.0));
#7070=DIRECTION('',(1.0,0.0,0.0));
#7071=DIRECTION('',(0.0,0.0,-1.0));
#7072=SURFACE_STYLE_FILL_AREA(#9303);
#7073=ORIENTED_EDGE('',*,*,#9302,.T.);
#7074=ORIENTED_EDGE('',*,*,#9254,.F.);
#7075=ORIENTED_EDGE('',*,*,#9215,.F.);
#7076=ORIENTED_EDGE('',*,*,#9274,.F.);
#7077=ORIENTED_EDGE('',*,*,#9304,.T.);
#7078=ORIENTED_EDGE('',*,*,#8329,.T.);
#7079=ORIENTED_EDGE('',*,*,#9300,.T.);
#7080=CARTESIAN_POINT('',(9.4028046224855,-6.13860164424137,2.0));
#7081=DIRECTION('',(0.0,0.0,-1.0));
#7082=DIRECTION('',(1.0,0.0,0.0));
#7083=SURFACE_STYLE_FILL_AREA(#9305);
#7084=ORIENTED_EDGE('',*,*,#9304,.F.);
#7085=ORIENTED_EDGE('',*,*,#9273,.F.);
#7086=ORIENTED_EDGE('',*,*,#9238,.T.);
#7087=ORIENTED_EDGE('',*,*,#8330,.F.);
#7088=CARTESIAN_POINT('',(32.4,0.0,2.0));
#7089=DIRECTION('',(1.0,0.0,0.0));
#7090=DIRECTION('',(0.0,0.0,-1.0));
#7091=SURFACE_STYLE_FILL_AREA(#9306);
#7092=ORIENTED_EDGE('',*,*,#8323,.T.);
#7093=ORIENTED_EDGE('',*,*,#9222,.F.);
#7094=ORIENTED_EDGE('',*,*,#9261,.F.);
#7095=ORIENTED_EDGE('',*,*,#9265,.T.);
#7096=CARTESIAN_POINT('',(33.05,1.4,0.0));
#7097=DIRECTION('',(0.0,0.0,1.0));
#7098=DIRECTION('',(-1.0,0.0,0.0));
#7099=SURFACE_STYLE_FILL_AREA(#9307);
#7100=ORIENTED_EDGE('',*,*,#9252,.T.);
#7101=ORIENTED_EDGE('',*,*,#9223,.F.);
#7102=ORIENTED_EDGE('',*,*,#8325,.F.);
#7103=ORIENTED_EDGE('',*,*,#9267,.T.);
#7104=CARTESIAN_POINT('',(32.4,2.40871205009159,0.0));
#7105=DIRECTION('',(-1.0,0.0,0.0));
#7106=DIRECTION('',(0.0,1.0,0.0));
#7107=SURFACE_STYLE_FILL_AREA(#9308);
#7108=ORIENTED_EDGE('',*,*,#9269,.T.);
#7109=ORIENTED_EDGE('',*,*,#9227,.F.);
#7110=ORIENTED_EDGE('',*,*,#9309,.F.);
#7111=ORIENTED_EDGE('',*,*,#9310,.T.);
#7112=CARTESIAN_POINT('',(33.7,0.391287949908401,0.0));
#7113=DIRECTION('',(1.0,0.0,0.0));
#7114=DIRECTION('',(0.0,0.0,-1.0));
#7115=SURFACE_STYLE_FILL_AREA(#9311);
#7116=ORIENTED_EDGE('',*,*,#9310,.F.);
#7117=ORIENTED_EDGE('',*,*,#9312,.F.);
#7118=ORIENTED_EDGE('',*,*,#8321,.F.);
#7119=ORIENTED_EDGE('',*,*,#9313,.F.);
#7120=ORIENTED_EDGE('',*,*,#9258,.T.);
#7121=ORIENTED_EDGE('',*,*,#9276,.F.);
#7122=ORIENTED_EDGE('',*,*,#9270,.T.);
#7123=CARTESIAN_POINT('',(9.4028046224855,-6.13860164424137,0.0));
#7124=DIRECTION('',(0.0,0.0,-1.0));
#7125=DIRECTION('',(1.0,0.0,0.0));
#7126=SURFACE_STYLE_FILL_AREA(#9314);
#7127=ORIENTED_EDGE('',*,*,#8320,.T.);
#7128=ORIENTED_EDGE('',*,*,#9225,.F.);
#7129=ORIENTED_EDGE('',*,*,#9259,.T.);
#7130=ORIENTED_EDGE('',*,*,#9313,.T.);
#7131=CARTESIAN_POINT('',(33.7,2.79999999999999,0.0));
#7132=DIRECTION('',(1.0,0.0,0.0));
#7133=DIRECTION('',(0.0,0.0,-1.0));
#7134=SURFACE_STYLE_FILL_AREA(#9315);
#7135=ORIENTED_EDGE('',*,*,#8318,.T.);
#7136=ORIENTED_EDGE('',*,*,#9312,.T.);
#7137=ORIENTED_EDGE('',*,*,#9309,.T.);
#7138=ORIENTED_EDGE('',*,*,#9226,.F.);
#7139=CARTESIAN_POINT('',(33.05,1.4,0.0));
#7140=DIRECTION('',(0.0,0.0,1.0));
#7141=DIRECTION('',(-1.0,0.0,0.0));
#7142=SURFACE_STYLE_FILL_AREA(#9316);
#7143=ORIENTED_EDGE('',*,*,#9211,.T.);
#7144=ORIENTED_EDGE('',*,*,#9201,.T.);
#7145=ORIENTED_EDGE('',*,*,#9206,.F.);
#7146=ORIENTED_EDGE('',*,*,#9218,.F.);
#7147=CARTESIAN_POINT('',(31.2,2.59999999999999,0.0));
#7148=DIRECTION('',(-0.0,1.0,0.0));
#7149=DIRECTION('',(1.0,0.0,0.0));
#7150=SURFACE_STYLE_FILL_AREA(#9317);
#7151=ORIENTED_EDGE('',*,*,#9198,.F.);
#7152=ORIENTED_EDGE('',*,*,#9170,.T.);
#7153=ORIENTED_EDGE('',*,*,#9184,.F.);
#7154=ORIENTED_EDGE('',*,*,#9186,.F.);
#7155=ORIENTED_EDGE('',*,*,#8346,.F.);
#7156=ORIENTED_EDGE('',*,*,#9189,.F.);
#7157=ORIENTED_EDGE('',*,*,#9195,.T.);
#7158=CARTESIAN_POINT('',(9.4028046224855,-6.13860164424137,0.0));
#7159=DIRECTION('',(0.0,0.0,-1.0));
#7160=DIRECTION('',(1.0,0.0,0.0));
#7161=SURFACE_STYLE_FILL_AREA(#9318);
#7162=ORIENTED_EDGE('',*,*,#9050,.T.);
#7163=ORIENTED_EDGE('',*,*,#9082,.F.);
#7164=ORIENTED_EDGE('',*,*,#9319,.F.);
#7165=ORIENTED_EDGE('',*,*,#9086,.T.);
#7166=CARTESIAN_POINT('',(26.7,0.391287949908401,0.0));
#7167=DIRECTION('',(1.0,-1.81590753287042E-14,0.0));
#7168=DIRECTION('',(-1.81590753287042E-14,-1.0,-0.0));
#7169=SURFACE_STYLE_FILL_AREA(#9320);
#7170=ORIENTED_EDGE('',*,*,#8315,.T.);
#7171=ORIENTED_EDGE('',*,*,#9080,.F.);
#7172=ORIENTED_EDGE('',*,*,#9095,.T.);
#7173=ORIENTED_EDGE('',*,*,#9088,.T.);
#7174=CARTESIAN_POINT('',(26.7,2.79999999999999,0.0));
#7175=DIRECTION('',(1.0,0.0,0.0));
#7176=DIRECTION('',(0.0,0.0,-1.0));
#7177=SURFACE_STYLE_FILL_AREA(#9321);
#7178=ORIENTED_EDGE('',*,*,#8313,.T.);
#7179=ORIENTED_EDGE('',*,*,#9087,.T.);
#7180=ORIENTED_EDGE('',*,*,#9319,.T.);
#7181=ORIENTED_EDGE('',*,*,#9081,.F.);
#7182=CARTESIAN_POINT('',(26.05,1.4,0.0));
#7183=DIRECTION('',(0.0,0.0,1.0));
#7184=DIRECTION('',(-1.0,0.0,0.0));
#7185=SURFACE_STYLE_FILL_AREA(#9322);
#7186=ORIENTED_EDGE('',*,*,#9093,.F.);
#7187=ORIENTED_EDGE('',*,*,#9323,.T.);
#7188=ORIENTED_EDGE('',*,*,#9324,.T.);
#7189=ORIENTED_EDGE('',*,*,#8311,.T.);
#7190=ORIENTED_EDGE('',*,*,#9325,.T.);
#7191=ORIENTED_EDGE('',*,*,#9053,.F.);
#7192=ORIENTED_EDGE('',*,*,#9098,.F.);
#7193=CARTESIAN_POINT('',(9.4028046224855,-6.13860164424137,2.0));
#7194=DIRECTION('',(0.0,0.0,-1.0));
#7195=DIRECTION('',(1.0,0.0,0.0));
#7196=SURFACE_STYLE_FILL_AREA(#9326);
#7197=ORIENTED_EDGE('',*,*,#9325,.F.);
#7198=ORIENTED_EDGE('',*,*,#8310,.T.);
#7199=ORIENTED_EDGE('',*,*,#9068,.T.);
#7200=ORIENTED_EDGE('',*,*,#9054,.F.);
#7201=CARTESIAN_POINT('',(26.7,0.391287949908401,2.0));
#7202=DIRECTION('',(-1.0,1.81590753287042E-14,0.0));
#7203=DIRECTION('',(0.0,0.0,-1.0));
#7204=SURFACE_STYLE_FILL_AREA(#9327);
#7205=ORIENTED_EDGE('',*,*,#9323,.F.);
#7206=ORIENTED_EDGE('',*,*,#9092,.F.);
#7207=ORIENTED_EDGE('',*,*,#9070,.T.);
#7208=ORIENTED_EDGE('',*,*,#9328,.F.);
#7209=CARTESIAN_POINT('',(26.7,2.79999999999999,2.0));
#7210=DIRECTION('',(-1.0,0.0,0.0));
#7211=DIRECTION('',(0.0,1.0,0.0));
#7212=SURFACE_STYLE_FILL_AREA(#9329);
#7213=ORIENTED_EDGE('',*,*,#8308,.T.);
#7214=ORIENTED_EDGE('',*,*,#9324,.F.);
#7215=ORIENTED_EDGE('',*,*,#9328,.T.);
#7216=ORIENTED_EDGE('',*,*,#9069,.T.);
#7217=CARTESIAN_POINT('',(26.05,1.4,2.0));
#7218=DIRECTION('',(0.0,0.0,-1.0));
#7219=DIRECTION('',(-1.0,0.0,0.0));
#7220=SURFACE_STYLE_FILL_AREA(#9330);
#7221=ORIENTED_EDGE('',*,*,#9331,.F.);
#7222=ORIENTED_EDGE('',*,*,#9027,.F.);
#7223=ORIENTED_EDGE('',*,*,#9332,.F.);
#7224=ORIENTED_EDGE('',*,*,#9018,.T.);
#7225=CARTESIAN_POINT('',(24.4,0.2,0.0));
#7226=DIRECTION('',(0.0,-1.0,0.0));
#7227=DIRECTION('',(0.0,0.0,1.0));
#7228=SURFACE_STYLE_FILL_AREA(#9333);
#7229=ORIENTED_EDGE('',*,*,#9021,.F.);
#7230=ORIENTED_EDGE('',*,*,#9334,.T.);
#7231=ORIENTED_EDGE('',*,*,#9028,.F.);
#7232=ORIENTED_EDGE('',*,*,#9331,.T.);
#7233=CARTESIAN_POINT('',(2.4028046224855,-6.13860164424137,0.200000000000003));
#7234=DIRECTION('',(0.0,0.0,-1.0));
#7235=DIRECTION('',(1.0,0.0,0.0));
#7236=SURFACE_STYLE_FILL_AREA(#9335);
#7237=ORIENTED_EDGE('',*,*,#9334,.F.);
#7238=ORIENTED_EDGE('',*,*,#9020,.T.);
#7239=ORIENTED_EDGE('',*,*,#9336,.F.);
#7240=ORIENTED_EDGE('',*,*,#9029,.F.);
#7241=CARTESIAN_POINT('',(24.2,2.59999999999999,0.0));
#7242=DIRECTION('',(-0.0,1.0,0.0));
#7243=DIRECTION('',(1.0,0.0,0.0));
#7244=SURFACE_STYLE_FILL_AREA(#9337);
#7245=ORIENTED_EDGE('',*,*,#9332,.T.);
#7246=ORIENTED_EDGE('',*,*,#9030,.T.);
#7247=ORIENTED_EDGE('',*,*,#9336,.T.);
#7248=ORIENTED_EDGE('',*,*,#9019,.F.);
#7249=CARTESIAN_POINT('',(2.4028046224855,-6.13860164424137,1.8));
#7250=DIRECTION('',(0.0,0.0,-1.0));
#7251=DIRECTION('',(1.0,0.0,0.0));
#7252=SURFACE_STYLE_FILL_AREA(#9338);
#7253=ORIENTED_EDGE('',*,*,#9015,.T.);
#7254=ORIENTED_EDGE('',*,*,#9339,.F.);
#7255=ORIENTED_EDGE('',*,*,#9340,.T.);
#7256=ORIENTED_EDGE('',*,*,#9341,.F.);
#7257=ORIENTED_EDGE('',*,*,#8306,.F.);
#7258=ORIENTED_EDGE('',*,*,#9342,.T.);
#7259=ORIENTED_EDGE('',*,*,#9343,.F.);
#7260=CARTESIAN_POINT('',(2.4028046224855,-6.13860164424137,0.0));
#7261=DIRECTION('',(0.0,0.0,-1.0));
#7262=DIRECTION('',(1.0,0.0,0.0));
#7263=SURFACE_STYLE_FILL_AREA(#9344);
#7264=ORIENTED_EDGE('',*,*,#8305,.F.);
#7265=ORIENTED_EDGE('',*,*,#9345,.T.);
#7266=ORIENTED_EDGE('',*,*,#9346,.F.);
#7267=ORIENTED_EDGE('',*,*,#9342,.F.);
#7268=CARTESIAN_POINT('',(23.2,2.79999999999999,0.0));
#7269=DIRECTION('',(1.0,0.0,0.0));
#7270=DIRECTION('',(0.0,0.0,-1.0));
#7271=SURFACE_STYLE_FILL_AREA(#9347);
#7272=ORIENTED_EDGE('',*,*,#9348,.F.);
#7273=ORIENTED_EDGE('',*,*,#9345,.F.);
#7274=ORIENTED_EDGE('',*,*,#8304,.T.);
#7275=ORIENTED_EDGE('',*,*,#9349,.T.);
#7276=ORIENTED_EDGE('',*,*,#9350,.F.);
#7277=ORIENTED_EDGE('',*,*,#9351,.F.);
#7278=ORIENTED_EDGE('',*,*,#9352,.T.);
#7279=ORIENTED_EDGE('',*,*,#9353,.T.);
#7280=ORIENTED_EDGE('',*,*,#8301,.T.);
#7281=ORIENTED_EDGE('',*,*,#9354,.T.);
#7282=ORIENTED_EDGE('',*,*,#9355,.F.);
#7283=ORIENTED_EDGE('',*,*,#9356,.F.);
#7284=CARTESIAN_POINT('',(2.4028046224855,-6.13860164424137,0.200000000000003));
#7285=DIRECTION('',(0.0,0.0,-1.0));
#7286=DIRECTION('',(1.0,0.0,0.0));
#7287=SURFACE_STYLE_FILL_AREA(#9357);
#7288=ORIENTED_EDGE('',*,*,#9358,.F.);
#7289=ORIENTED_EDGE('',*,*,#9350,.T.);
#7290=ORIENTED_EDGE('',*,*,#9359,.T.);
#7291=ORIENTED_EDGE('',*,*,#9340,.F.);
#7292=CARTESIAN_POINT('',(23.2,0.391287949908401,0.0));
#7293=DIRECTION('',(1.0,0.0,0.0));
#7294=DIRECTION('',(0.0,0.0,-1.0));
#7295=SURFACE_STYLE_FILL_AREA(#9360);
#7296=ORIENTED_EDGE('',*,*,#8303,.T.);
#7297=ORIENTED_EDGE('',*,*,#9341,.T.);
#7298=ORIENTED_EDGE('',*,*,#9359,.F.);
#7299=ORIENTED_EDGE('',*,*,#9349,.F.);
#7300=CARTESIAN_POINT('',(22.55,1.4,0.0));
#7301=DIRECTION('',(0.0,0.0,1.0));
#7302=DIRECTION('',(-1.0,0.0,0.0));
#7303=SURFACE_STYLE_FILL_AREA(#9361);
#7304=ORIENTED_EDGE('',*,*,#9362,.F.);
#7305=ORIENTED_EDGE('',*,*,#9363,.F.);
#7306=ORIENTED_EDGE('',*,*,#9351,.T.);
#7307=ORIENTED_EDGE('',*,*,#9358,.T.);
#7308=ORIENTED_EDGE('',*,*,#9339,.T.);
#7309=ORIENTED_EDGE('',*,*,#9014,.T.);
#7310=ORIENTED_EDGE('',*,*,#9364,.F.);
#7311=ORIENTED_EDGE('',*,*,#9365,.T.);
#7312=ORIENTED_EDGE('',*,*,#9366,.F.);
#7313=ORIENTED_EDGE('',*,*,#9367,.T.);
#7314=ORIENTED_EDGE('',*,*,#9368,.T.);
#7315=ORIENTED_EDGE('',*,*,#9009,.F.);
#7316=CARTESIAN_POINT('',(24.2,0.0,0.0));
#7317=DIRECTION('',(0.0,-1.0,0.0));
#7318=DIRECTION('',(0.0,0.0,1.0));
#7319=SURFACE_STYLE_FILL_AREA(#9369);
#7320=ORIENTED_EDGE('',*,*,#9370,.T.);
#7321=ORIENTED_EDGE('',*,*,#9354,.F.);
#7322=ORIENTED_EDGE('',*,*,#8300,.F.);
#7323=ORIENTED_EDGE('',*,*,#9371,.T.);
#7324=CARTESIAN_POINT('',(21.9,2.40871205009159,0.0));
#7325=DIRECTION('',(-1.0,0.0,0.0));
#7326=DIRECTION('',(0.0,1.0,0.0));
#7327=SURFACE_STYLE_FILL_AREA(#9372);
#7328=ORIENTED_EDGE('',*,*,#9373,.F.);
#7329=ORIENTED_EDGE('',*,*,#9362,.T.);
#7330=ORIENTED_EDGE('',*,*,#9008,.F.);
#7331=ORIENTED_EDGE('',*,*,#9374,.T.);
#7332=ORIENTED_EDGE('',*,*,#9371,.F.);
#7333=ORIENTED_EDGE('',*,*,#8299,.F.);
#7334=ORIENTED_EDGE('',*,*,#9375,.F.);
#7335=CARTESIAN_POINT('',(2.4028046224855,-6.13860164424137,0.0));
#7336=DIRECTION('',(0.0,0.0,-1.0));
#7337=DIRECTION('',(1.0,0.0,0.0));
#7338=SURFACE_STYLE_FILL_AREA(#9376);
#7339=ORIENTED_EDGE('',*,*,#8298,.T.);
#7340=ORIENTED_EDGE('',*,*,#9353,.F.);
#7341=ORIENTED_EDGE('',*,*,#9377,.F.);
#7342=ORIENTED_EDGE('',*,*,#9375,.T.);
#7343=CARTESIAN_POINT('',(22.55,1.4,0.0));
#7344=DIRECTION('',(0.0,0.0,1.0));
#7345=DIRECTION('',(-1.0,0.0,0.0));
#7346=SURFACE_STYLE_FILL_AREA(#9378);
#7347=ORIENTED_EDGE('',*,*,#9377,.T.);
#7348=ORIENTED_EDGE('',*,*,#9352,.F.);
#7349=ORIENTED_EDGE('',*,*,#9363,.T.);
#7350=ORIENTED_EDGE('',*,*,#9373,.T.);
#7351=CARTESIAN_POINT('',(21.9,0.0,0.0));
#7352=DIRECTION('',(-1.0,0.0,0.0));
#7353=DIRECTION('',(0.0,1.0,0.0));
#7354=SURFACE_STYLE_FILL_AREA(#9379);
#7355=ORIENTED_EDGE('',*,*,#9343,.T.);
#7356=ORIENTED_EDGE('',*,*,#9346,.T.);
#7357=ORIENTED_EDGE('',*,*,#9348,.T.);
#7358=ORIENTED_EDGE('',*,*,#9370,.F.);
#7359=ORIENTED_EDGE('',*,*,#9374,.F.);
#7360=ORIENTED_EDGE('',*,*,#9007,.T.);
#7361=ORIENTED_EDGE('',*,*,#9380,.T.);
#7362=ORIENTED_EDGE('',*,*,#9381,.T.);
#7363=ORIENTED_EDGE('',*,*,#9382,.F.);
#7364=ORIENTED_EDGE('',*,*,#9383,.F.);
#7365=ORIENTED_EDGE('',*,*,#9384,.T.);
#7366=ORIENTED_EDGE('',*,*,#9016,.T.);
#7367=CARTESIAN_POINT('',(20.9,2.79999999999999,0.0));
#7368=DIRECTION('',(-0.0,1.0,0.0));
#7369=DIRECTION('',(1.0,0.0,0.0));
#7370=SURFACE_STYLE_FILL_AREA(#9385);
#7371=ORIENTED_EDGE('',*,*,#8294,.T.);
#7372=ORIENTED_EDGE('',*,*,#9386,.T.);
#7373=ORIENTED_EDGE('',*,*,#9387,.T.);
#7374=ORIENTED_EDGE('',*,*,#9380,.F.);
#7375=ORIENTED_EDGE('',*,*,#9010,.T.);
#7376=ORIENTED_EDGE('',*,*,#9368,.F.);
#7377=ORIENTED_EDGE('',*,*,#9388,.T.);
#7378=CARTESIAN_POINT('',(2.4028046224855,-6.13860164424137,2.0));
#7379=DIRECTION('',(0.0,0.0,-1.0));
#7380=DIRECTION('',(1.0,0.0,0.0));
#7381=SURFACE_STYLE_FILL_AREA(#9389);
#7382=ORIENTED_EDGE('',*,*,#9388,.F.);
#7383=ORIENTED_EDGE('',*,*,#9367,.F.);
#7384=ORIENTED_EDGE('',*,*,#9390,.T.);
#7385=ORIENTED_EDGE('',*,*,#8295,.F.);
#7386=CARTESIAN_POINT('',(21.9,0.0,2.0));
#7387=DIRECTION('',(1.0,0.0,0.0));
#7388=DIRECTION('',(0.0,0.0,-1.0));
#7389=SURFACE_STYLE_FILL_AREA(#9391);
#7390=ORIENTED_EDGE('',*,*,#9387,.F.);
#7391=ORIENTED_EDGE('',*,*,#9392,.T.);
#7392=ORIENTED_EDGE('',*,*,#9393,.T.);
#7393=ORIENTED_EDGE('',*,*,#9381,.F.);
#7394=CARTESIAN_POINT('',(21.9,2.40871205009159,2.0));
#7395=DIRECTION('',(1.0,0.0,0.0));
#7396=DIRECTION('',(0.0,0.0,-1.0));
#7397=SURFACE_STYLE_FILL_AREA(#9394);
#7398=ORIENTED_EDGE('',*,*,#8293,.T.);
#7399=ORIENTED_EDGE('',*,*,#9395,.T.);
#7400=ORIENTED_EDGE('',*,*,#9392,.F.);
#7401=ORIENTED_EDGE('',*,*,#9386,.F.);
#7402=CARTESIAN_POINT('',(22.55,1.4,2.0));
#7403=DIRECTION('',(0.0,0.0,-1.0));
#7404=DIRECTION('',(-1.0,0.0,0.0));
#7405=SURFACE_STYLE_FILL_AREA(#9396);
#7406=ORIENTED_EDGE('',*,*,#9382,.T.);
#7407=ORIENTED_EDGE('',*,*,#9393,.F.);
#7408=ORIENTED_EDGE('',*,*,#9395,.F.);
#7409=ORIENTED_EDGE('',*,*,#8296,.F.);
#7410=ORIENTED_EDGE('',*,*,#9390,.F.);
#7411=ORIENTED_EDGE('',*,*,#9366,.T.);
#7412=ORIENTED_EDGE('',*,*,#9397,.F.);
#7413=ORIENTED_EDGE('',*,*,#8289,.F.);
#7414=ORIENTED_EDGE('',*,*,#9398,.F.);
#7415=ORIENTED_EDGE('',*,*,#9399,.F.);
#7416=ORIENTED_EDGE('',*,*,#9400,.T.);
#7417=ORIENTED_EDGE('',*,*,#9401,.T.);
#7418=CARTESIAN_POINT('',(2.4028046224855,-6.13860164424137,1.8));
#7419=DIRECTION('',(0.0,0.0,-1.0));
#7420=DIRECTION('',(1.0,0.0,0.0));
#7421=SURFACE_STYLE_FILL_AREA(#9402);
#7422=ORIENTED_EDGE('',*,*,#9355,.T.);
#7423=ORIENTED_EDGE('',*,*,#9403,.F.);
#7424=ORIENTED_EDGE('',*,*,#9401,.F.);
#7425=ORIENTED_EDGE('',*,*,#9404,.T.);
#7426=CARTESIAN_POINT('',(22.55,1.4,0.0));
#7427=DIRECTION('',(0.0,0.0,1.0));
#7428=DIRECTION('',(-1.0,0.0,0.0));
#7429=SURFACE_STYLE_FILL_AREA(#9405);
#7430=ORIENTED_EDGE('',*,*,#9384,.F.);
#7431=ORIENTED_EDGE('',*,*,#9406,.T.);
#7432=ORIENTED_EDGE('',*,*,#9407,.T.);
#7433=ORIENTED_EDGE('',*,*,#8291,.T.);
#7434=ORIENTED_EDGE('',*,*,#9408,.F.);
#7435=ORIENTED_EDGE('',*,*,#9364,.T.);
#7436=ORIENTED_EDGE('',*,*,#9017,.F.);
#7437=CARTESIAN_POINT('',(2.4028046224855,-6.13860164424137,2.0));
#7438=DIRECTION('',(0.0,0.0,-1.0));
#7439=DIRECTION('',(1.0,0.0,0.0));
#7440=SURFACE_STYLE_FILL_AREA(#9409);
#7441=ORIENTED_EDGE('',*,*,#9408,.T.);
#7442=ORIENTED_EDGE('',*,*,#8290,.F.);
#7443=ORIENTED_EDGE('',*,*,#9397,.T.);
#7444=ORIENTED_EDGE('',*,*,#9365,.F.);
#7445=CARTESIAN_POINT('',(23.2,0.391287949908401,2.0));
#7446=DIRECTION('',(-1.0,0.0,0.0));
#7447=DIRECTION('',(0.0,1.0,0.0));
#7448=SURFACE_STYLE_FILL_AREA(#9410);
#7449=ORIENTED_EDGE('',*,*,#8288,.T.);
#7450=ORIENTED_EDGE('',*,*,#9407,.F.);
#7451=ORIENTED_EDGE('',*,*,#9411,.F.);
#7452=ORIENTED_EDGE('',*,*,#9398,.T.);
#7453=CARTESIAN_POINT('',(22.55,1.4,2.0));
#7454=DIRECTION('',(0.0,0.0,-1.0));
#7455=DIRECTION('',(-1.0,0.0,0.0));
#7456=SURFACE_STYLE_FILL_AREA(#9412);
#7457=ORIENTED_EDGE('',*,*,#9406,.F.);
#7458=ORIENTED_EDGE('',*,*,#9383,.T.);
#7459=ORIENTED_EDGE('',*,*,#9399,.T.);
#7460=ORIENTED_EDGE('',*,*,#9411,.T.);
#7461=CARTESIAN_POINT('',(23.2,2.79999999999999,2.0));
#7462=DIRECTION('',(-1.0,0.0,0.0));
#7463=DIRECTION('',(0.0,1.0,0.0));
#7464=SURFACE_STYLE_FILL_AREA(#9413);
#7465=ORIENTED_EDGE('',*,*,#9414,.T.);
#7466=ORIENTED_EDGE('',*,*,#8960,.F.);
#7467=ORIENTED_EDGE('',*,*,#9415,.F.);
#7468=ORIENTED_EDGE('',*,*,#8970,.T.);
#7469=CARTESIAN_POINT('',(19.7000000000001,0.391287949908401,0.0));
#7470=DIRECTION('',(1.0,-1.81590753287042E-14,0.0));
#7471=DIRECTION('',(-1.81590753287042E-14,-1.0,-0.0));
#7472=SURFACE_STYLE_FILL_AREA(#9416);
#7473=ORIENTED_EDGE('',*,*,#8283,.T.);
#7474=ORIENTED_EDGE('',*,*,#8971,.T.);
#7475=ORIENTED_EDGE('',*,*,#9415,.T.);
#7476=ORIENTED_EDGE('',*,*,#8959,.F.);
#7477=CARTESIAN_POINT('',(19.05,1.4,0.0));
#7478=DIRECTION('',(0.0,0.0,1.0));
#7479=DIRECTION('',(-1.0,0.0,0.0));
#7480=SURFACE_STYLE_FILL_AREA(#9417);
#7481=ORIENTED_EDGE('',*,*,#8285,.T.);
#7482=ORIENTED_EDGE('',*,*,#8958,.F.);
#7483=ORIENTED_EDGE('',*,*,#8975,.T.);
#7484=ORIENTED_EDGE('',*,*,#8972,.T.);
#7485=CARTESIAN_POINT('',(19.7000000000001,2.79999999999999,0.0));
#7486=DIRECTION('',(1.0,0.0,0.0));
#7487=DIRECTION('',(0.0,0.0,-1.0));
#7488=SURFACE_STYLE_FILL_AREA(#9418);
#7489=ORIENTED_EDGE('',*,*,#8923,.F.);
#7490=ORIENTED_EDGE('',*,*,#8978,.F.);
#7491=ORIENTED_EDGE('',*,*,#8938,.T.);
#7492=ORIENTED_EDGE('',*,*,#9419,.F.);
#7493=CARTESIAN_POINT('',(19.7000000000001,2.79999999999999,2.0));
#7494=DIRECTION('',(-1.0,0.0,0.0));
#7495=DIRECTION('',(0.0,1.0,0.0));
#7496=SURFACE_STYLE_FILL_AREA(#9420);
#7497=ORIENTED_EDGE('',*,*,#8278,.T.);
#7498=ORIENTED_EDGE('',*,*,#8924,.F.);
#7499=ORIENTED_EDGE('',*,*,#9419,.T.);
#7500=ORIENTED_EDGE('',*,*,#8937,.T.);
#7501=CARTESIAN_POINT('',(19.05,1.4,2.0));
#7502=DIRECTION('',(0.0,0.0,-1.0));
#7503=DIRECTION('',(-1.0,0.0,0.0));
#7504=SURFACE_STYLE_FILL_AREA(#9421);
#7505=ORIENTED_EDGE('',*,*,#8983,.F.);
#7506=ORIENTED_EDGE('',*,*,#8987,.F.);
#7507=ORIENTED_EDGE('',*,*,#8961,.T.);
#7508=ORIENTED_EDGE('',*,*,#9414,.F.);
#7509=ORIENTED_EDGE('',*,*,#8969,.F.);
#7510=ORIENTED_EDGE('',*,*,#8991,.T.);
#7511=ORIENTED_EDGE('',*,*,#8926,.T.);
#7512=ORIENTED_EDGE('',*,*,#8930,.T.);
#7513=ORIENTED_EDGE('',*,*,#8936,.F.);
#7514=ORIENTED_EDGE('',*,*,#8943,.T.);
#7515=ORIENTED_EDGE('',*,*,#8952,.T.);
#7516=ORIENTED_EDGE('',*,*,#8915,.F.);
#7517=CARTESIAN_POINT('',(20.7,0.0,0.0));
#7518=DIRECTION('',(0.0,-1.0,0.0));
#7519=DIRECTION('',(0.0,0.0,1.0));
#7520=SURFACE_STYLE_FILL_AREA(#9422);
#7521=ORIENTED_EDGE('',*,*,#8906,.T.);
#7522=ORIENTED_EDGE('',*,*,#9423,.F.);
#7523=ORIENTED_EDGE('',*,*,#8919,.T.);
#7524=ORIENTED_EDGE('',*,*,#8912,.F.);
#7525=CARTESIAN_POINT('',(2.4028046224855,-6.13860164424137,0.200000000000003));
#7526=DIRECTION('',(0.0,0.0,-1.0));
#7527=DIRECTION('',(1.0,0.0,0.0));
#7528=SURFACE_STYLE_FILL_AREA(#9424);
#7529=ORIENTED_EDGE('',*,*,#9423,.T.);
#7530=ORIENTED_EDGE('',*,*,#8905,.T.);
#7531=ORIENTED_EDGE('',*,*,#8910,.F.);
#7532=ORIENTED_EDGE('',*,*,#8920,.F.);
#7533=CARTESIAN_POINT('',(17.2,2.59999999999999,0.0));
#7534=DIRECTION('',(-0.0,1.0,0.0));
#7535=DIRECTION('',(1.0,0.0,0.0));
#7536=SURFACE_STYLE_FILL_AREA(#9425);
#7537=ORIENTED_EDGE('',*,*,#9426,.F.);
#7538=ORIENTED_EDGE('',*,*,#9427,.T.);
#7539=ORIENTED_EDGE('',*,*,#9428,.T.);
#7540=ORIENTED_EDGE('',*,*,#8271,.T.);
#7541=ORIENTED_EDGE('',*,*,#9429,.T.);
#7542=ORIENTED_EDGE('',*,*,#9430,.F.);
#7543=ORIENTED_EDGE('',*,*,#9431,.T.);
#7544=ORIENTED_EDGE('',*,*,#8264,.T.);
#7545=ORIENTED_EDGE('',*,*,#9432,.T.);
#7546=ORIENTED_EDGE('',*,*,#9433,.T.);
#7547=ORIENTED_EDGE('',*,*,#9434,.F.);
#7548=ORIENTED_EDGE('',*,*,#9435,.F.);
#7549=CARTESIAN_POINT('',(-8.0971953775145,-6.13860164424137,0.200000000000003));
#7550=DIRECTION('',(0.0,0.0,-1.0));
#7551=DIRECTION('',(1.0,0.0,0.0));
#7552=SURFACE_STYLE_FILL_AREA(#9436);
#7553=ORIENTED_EDGE('',*,*,#9430,.T.);
#7554=ORIENTED_EDGE('',*,*,#9437,.F.);
#7555=ORIENTED_EDGE('',*,*,#9438,.F.);
#7556=ORIENTED_EDGE('',*,*,#8893,.T.);
#7557=ORIENTED_EDGE('',*,*,#9439,.T.);
#7558=ORIENTED_EDGE('',*,*,#9440,.T.);
#7559=ORIENTED_EDGE('',*,*,#9441,.F.);
#7560=ORIENTED_EDGE('',*,*,#8865,.T.);
#7561=ORIENTED_EDGE('',*,*,#8896,.T.);
#7562=ORIENTED_EDGE('',*,*,#8902,.F.);
#7563=ORIENTED_EDGE('',*,*,#9442,.F.);
#7564=ORIENTED_EDGE('',*,*,#9443,.F.);
#7565=CARTESIAN_POINT('',(13.9,2.79999999999999,0.0));
#7566=DIRECTION('',(-0.0,1.0,0.0));
#7567=DIRECTION('',(1.0,0.0,0.0));
#7568=SURFACE_STYLE_FILL_AREA(#9444);
#7569=ORIENTED_EDGE('',*,*,#9441,.T.);
#7570=ORIENTED_EDGE('',*,*,#9445,.F.);
#7571=ORIENTED_EDGE('',*,*,#9446,.F.);
#7572=ORIENTED_EDGE('',*,*,#8276,.F.);
#7573=ORIENTED_EDGE('',*,*,#9447,.F.);
#7574=ORIENTED_EDGE('',*,*,#9448,.T.);
#7575=ORIENTED_EDGE('',*,*,#8874,.F.);
#7576=ORIENTED_EDGE('',*,*,#8394,.F.);
#7577=ORIENTED_EDGE('',*,*,#8821,.F.);
#7578=ORIENTED_EDGE('',*,*,#8866,.F.);
#7579=ORIENTED_EDGE('',*,*,#9449,.T.);
#7580=ORIENTED_EDGE('',*,*,#9450,.T.);
#7581=ORIENTED_EDGE('',*,*,#9451,.T.);
#7582=CARTESIAN_POINT('',(-8.0971953775145,-6.13860164424137,1.8));
#7583=DIRECTION('',(0.0,0.0,-1.0));
#7584=DIRECTION('',(1.0,0.0,0.0));
#7585=SURFACE_STYLE_FILL_AREA(#9452);
#7586=ORIENTED_EDGE('',*,*,#9449,.F.);
#7587=ORIENTED_EDGE('',*,*,#9453,.T.);
#7588=ORIENTED_EDGE('',*,*,#9435,.T.);
#7589=ORIENTED_EDGE('',*,*,#9454,.F.);
#7590=ORIENTED_EDGE('',*,*,#9450,.F.);
#7591=CARTESIAN_POINT('',(15.55,1.4,0.0));
#7592=DIRECTION('',(0.0,0.0,1.0));
#7593=DIRECTION('',(-1.0,0.0,0.0));
#7594=SURFACE_STYLE_FILL_AREA(#9455);
#7595=ORIENTED_EDGE('',*,*,#9456,.F.);
#7596=ORIENTED_EDGE('',*,*,#9457,.F.);
#7597=ORIENTED_EDGE('',*,*,#9447,.T.);
#7598=ORIENTED_EDGE('',*,*,#8275,.F.);
#7599=CARTESIAN_POINT('',(14.9,0.0,2.0));
#7600=DIRECTION('',(1.0,0.0,0.0));
#7601=DIRECTION('',(0.0,0.0,-1.0));
#7602=SURFACE_STYLE_FILL_AREA(#9458);
#7603=ORIENTED_EDGE('',*,*,#9459,.T.);
#7604=ORIENTED_EDGE('',*,*,#9439,.F.);
#7605=ORIENTED_EDGE('',*,*,#8892,.F.);
#7606=ORIENTED_EDGE('',*,*,#9460,.F.);
#7607=ORIENTED_EDGE('',*,*,#9456,.T.);
#7608=ORIENTED_EDGE('',*,*,#8274,.T.);
#7609=ORIENTED_EDGE('',*,*,#9461,.T.);
#7610=CARTESIAN_POINT('',(-8.0971953775145,-6.13860164424137,2.0));
#7611=DIRECTION('',(0.0,0.0,-1.0));
#7612=DIRECTION('',(1.0,0.0,0.0));
#7613=SURFACE_STYLE_FILL_AREA(#9462);
#7614=ORIENTED_EDGE('',*,*,#8273,.T.);
#7615=ORIENTED_EDGE('',*,*,#9446,.T.);
#7616=ORIENTED_EDGE('',*,*,#9463,.F.);
#7617=ORIENTED_EDGE('',*,*,#9461,.F.);
#7618=CARTESIAN_POINT('',(15.55,1.4,2.0));
#7619=DIRECTION('',(0.0,0.0,-1.0));
#7620=DIRECTION('',(-1.0,0.0,0.0));
#7621=SURFACE_STYLE_FILL_AREA(#9464);
#7622=ORIENTED_EDGE('',*,*,#9459,.F.);
#7623=ORIENTED_EDGE('',*,*,#9463,.T.);
#7624=ORIENTED_EDGE('',*,*,#9445,.T.);
#7625=ORIENTED_EDGE('',*,*,#9440,.F.);
#7626=CARTESIAN_POINT('',(14.9,2.40871205009159,2.0));
#7627=DIRECTION('',(1.0,0.0,0.0));
#7628=DIRECTION('',(0.0,0.0,-1.0));
#7629=SURFACE_STYLE_FILL_AREA(#9465);
#7630=ORIENTED_EDGE('',*,*,#9466,.F.);
#7631=ORIENTED_EDGE('',*,*,#9467,.F.);
#7632=ORIENTED_EDGE('',*,*,#9426,.T.);
#7633=ORIENTED_EDGE('',*,*,#9468,.F.);
#7634=ORIENTED_EDGE('',*,*,#9469,.F.);
#7635=ORIENTED_EDGE('',*,*,#8900,.T.);
#7636=ORIENTED_EDGE('',*,*,#8897,.T.);
#7637=ORIENTED_EDGE('',*,*,#8875,.T.);
#7638=ORIENTED_EDGE('',*,*,#9448,.F.);
#7639=ORIENTED_EDGE('',*,*,#9457,.T.);
#7640=ORIENTED_EDGE('',*,*,#9460,.T.);
#7641=ORIENTED_EDGE('',*,*,#8891,.F.);
#7642=CARTESIAN_POINT('',(17.3,0.0,0.0));
#7643=DIRECTION('',(0.0,-1.0,0.0));
#7644=DIRECTION('',(0.0,0.0,1.0));
#7645=SURFACE_STYLE_FILL_AREA(#9470);
#7646=ORIENTED_EDGE('',*,*,#9471,.F.);
#7647=ORIENTED_EDGE('',*,*,#9472,.F.);
#7648=ORIENTED_EDGE('',*,*,#9466,.T.);
#7649=ORIENTED_EDGE('',*,*,#8894,.T.);
#7650=ORIENTED_EDGE('',*,*,#9438,.T.);
#7651=ORIENTED_EDGE('',*,*,#9473,.F.);
#7652=ORIENTED_EDGE('',*,*,#8269,.F.);
#7653=CARTESIAN_POINT('',(-8.0971953775145,-6.13860164424137,0.0));
#7654=DIRECTION('',(0.0,0.0,-1.0));
#7655=DIRECTION('',(1.0,0.0,0.0));
#7656=SURFACE_STYLE_FILL_AREA(#9474);
#7657=ORIENTED_EDGE('',*,*,#9475,.T.);
#7658=ORIENTED_EDGE('',*,*,#9427,.F.);
#7659=ORIENTED_EDGE('',*,*,#9467,.T.);
#7660=ORIENTED_EDGE('',*,*,#9472,.T.);
#7661=CARTESIAN_POINT('',(14.9,0.0,0.0));
#7662=DIRECTION('',(-1.0,0.0,0.0));
#7663=DIRECTION('',(0.0,1.0,0.0));
#7664=SURFACE_STYLE_FILL_AREA(#9476);
#7665=ORIENTED_EDGE('',*,*,#8268,.T.);
#7666=ORIENTED_EDGE('',*,*,#9428,.F.);
#7667=ORIENTED_EDGE('',*,*,#9475,.F.);
#7668=ORIENTED_EDGE('',*,*,#9471,.T.);
#7669=CARTESIAN_POINT('',(15.55,1.4,0.0));
#7670=DIRECTION('',(0.0,0.0,1.0));
#7671=DIRECTION('',(-1.0,0.0,0.0));
#7672=SURFACE_STYLE_FILL_AREA(#9477);
#7673=ORIENTED_EDGE('',*,*,#9437,.T.);
#7674=ORIENTED_EDGE('',*,*,#9429,.F.);
#7675=ORIENTED_EDGE('',*,*,#8270,.F.);
#7676=ORIENTED_EDGE('',*,*,#9473,.T.);
#7677=CARTESIAN_POINT('',(14.9,2.40871205009159,0.0));
#7678=DIRECTION('',(-1.0,0.0,0.0));
#7679=DIRECTION('',(0.0,1.0,0.0));
#7680=SURFACE_STYLE_FILL_AREA(#9478);
#7681=ORIENTED_EDGE('',*,*,#9468,.T.);
#7682=ORIENTED_EDGE('',*,*,#9433,.F.);
#7683=ORIENTED_EDGE('',*,*,#9479,.F.);
#7684=ORIENTED_EDGE('',*,*,#9480,.T.);
#7685=CARTESIAN_POINT('',(16.2000000000001,0.391287949908401,0.0));
#7686=DIRECTION('',(1.0,-2.72386129930563E-14,0.0));
#7687=DIRECTION('',(-2.72386129930563E-14,-1.0,-0.0));
#7688=SURFACE_STYLE_FILL_AREA(#9481);
#7689=ORIENTED_EDGE('',*,*,#8901,.T.);
#7690=ORIENTED_EDGE('',*,*,#9469,.T.);
#7691=ORIENTED_EDGE('',*,*,#9480,.F.);
#7692=ORIENTED_EDGE('',*,*,#9482,.F.);
#7693=ORIENTED_EDGE('',*,*,#8266,.F.);
#7694=ORIENTED_EDGE('',*,*,#9483,.F.);
#7695=ORIENTED_EDGE('',*,*,#9442,.T.);
#7696=CARTESIAN_POINT('',(2.4028046224855,-6.13860164424137,0.0));
#7697=DIRECTION('',(0.0,0.0,-1.0));
#7698=DIRECTION('',(1.0,0.0,0.0));
#7699=SURFACE_STYLE_FILL_AREA(#9484);
#7700=ORIENTED_EDGE('',*,*,#8265,.T.);
#7701=ORIENTED_EDGE('',*,*,#9431,.F.);
#7702=ORIENTED_EDGE('',*,*,#9443,.T.);
#7703=ORIENTED_EDGE('',*,*,#9483,.T.);
#7704=CARTESIAN_POINT('',(16.2000000000001,2.79999999999999,0.0));
#7705=DIRECTION('',(1.0,0.0,0.0));
#7706=DIRECTION('',(0.0,0.0,-1.0));
#7707=SURFACE_STYLE_FILL_AREA(#9485);
#7708=ORIENTED_EDGE('',*,*,#8263,.T.);
#7709=ORIENTED_EDGE('',*,*,#9482,.T.);
#7710=ORIENTED_EDGE('',*,*,#9479,.T.);
#7711=ORIENTED_EDGE('',*,*,#9432,.F.);
#7712=CARTESIAN_POINT('',(15.55,1.4,0.0));
#7713=DIRECTION('',(0.0,0.0,1.0));
#7714=DIRECTION('',(-1.0,0.0,0.0));
#7715=SURFACE_STYLE_FILL_AREA(#9486);
#7716=ORIENTED_EDGE('',*,*,#9434,.T.);
#7717=ORIENTED_EDGE('',*,*,#9453,.F.);
#7718=ORIENTED_EDGE('',*,*,#9451,.F.);
#7719=ORIENTED_EDGE('',*,*,#9454,.T.);
#7720=CARTESIAN_POINT('',(15.55,1.4,0.0));
#7721=DIRECTION('',(0.0,0.0,1.0));
#7722=DIRECTION('',(-1.0,0.0,0.0));
#7723=SURFACE_STYLE_FILL_AREA(#9487);
#7724=ORIENTED_EDGE('',*,*,#8635,.T.);
#7725=ORIENTED_EDGE('',*,*,#8593,.F.);
#7726=ORIENTED_EDGE('',*,*,#8579,.F.);
#7727=ORIENTED_EDGE('',*,*,#8595,.T.);
#7728=CARTESIAN_POINT('',(5.05,1.4,0.0));
#7729=DIRECTION('',(0.0,0.0,1.0));
#7730=DIRECTION('',(-1.0,0.0,0.0));
#7731=SURFACE_STYLE_FILL_AREA(#9488);
#7732=ORIENTED_EDGE('',*,*,#8750,.T.);
#7733=ORIENTED_EDGE('',*,*,#8739,.T.);
#7734=ORIENTED_EDGE('',*,*,#8749,.F.);
#7735=ORIENTED_EDGE('',*,*,#8747,.F.);
#7736=CARTESIAN_POINT('',(8.55,1.4,0.0));
#7737=DIRECTION('',(0.0,0.0,1.0));
#7738=DIRECTION('',(-1.0,0.0,0.0));
#7739=SURFACE_STYLE_FILL_AREA(#9489);
#7740=ORIENTED_EDGE('',*,*,#8956,.T.);
#7741=ORIENTED_EDGE('',*,*,#8966,.T.);
#7742=ORIENTED_EDGE('',*,*,#8954,.F.);
#7743=ORIENTED_EDGE('',*,*,#8940,.F.);
#7744=CARTESIAN_POINT('',(19.05,1.4,0.0));
#7745=DIRECTION('',(0.0,0.0,1.0));
#7746=DIRECTION('',(-1.0,0.0,0.0));
#7747=SURFACE_STYLE_FILL_AREA(#9490);
#7748=ORIENTED_EDGE('',*,*,#9155,.T.);
#7749=ORIENTED_EDGE('',*,*,#9165,.T.);
#7750=ORIENTED_EDGE('',*,*,#9153,.F.);
#7751=ORIENTED_EDGE('',*,*,#9139,.F.);
#7752=CARTESIAN_POINT('',(29.55,1.4,0.0));
#7753=DIRECTION('',(0.0,0.0,1.0));
#7754=DIRECTION('',(-1.0,0.0,0.0));
#7755=SURFACE_STYLE_FILL_AREA(#9491);
#7756=ORIENTED_EDGE('',*,*,#9243,.F.);
#7757=ORIENTED_EDGE('',*,*,#9231,.T.);
#7758=ORIENTED_EDGE('',*,*,#9229,.T.);
#7759=ORIENTED_EDGE('',*,*,#9233,.F.);
#7760=CARTESIAN_POINT('',(33.05,1.4,0.0));
#7761=DIRECTION('',(0.0,0.0,1.0));
#7762=DIRECTION('',(-1.0,0.0,0.0));
#7763=SURFACE_STYLE_FILL_AREA(#9492);
#7764=ORIENTED_EDGE('',*,*,#9400,.F.);
#7765=ORIENTED_EDGE('',*,*,#9403,.T.);
#7766=ORIENTED_EDGE('',*,*,#9356,.T.);
#7767=ORIENTED_EDGE('',*,*,#9404,.F.);
#7768=CARTESIAN_POINT('',(22.55,1.4,0.0));
#7769=DIRECTION('',(0.0,0.0,1.0));
#7770=DIRECTION('',(-1.0,0.0,0.0));
#7771=SURFACE_STYLE_FILL_AREA(#9493);
#7772=ORIENTED_EDGE('',*,*,#9075,.F.);
#7773=ORIENTED_EDGE('',*,*,#9073,.F.);
#7774=ORIENTED_EDGE('',*,*,#9077,.T.);
#7775=ORIENTED_EDGE('',*,*,#9083,.T.);
#7776=CARTESIAN_POINT('',(26.05,1.4,0.0));
#7777=DIRECTION('',(0.0,0.0,1.0));
#7778=DIRECTION('',(-1.0,0.0,0.0));
#7779=SURFACE_STYLE_FILL_AREA(#9494);
#7780=ORIENTED_EDGE('',*,*,#8846,.T.);
#7781=ORIENTED_EDGE('',*,*,#8824,.F.);
#7782=ORIENTED_EDGE('',*,*,#8834,.F.);
#7783=ORIENTED_EDGE('',*,*,#8826,.T.);
#7784=CARTESIAN_POINT('',(12.05,1.4,0.0));
#7785=DIRECTION('',(0.0,0.0,1.0));
#7786=DIRECTION('',(-1.0,0.0,0.0));
#7787=SURFACE_STYLE_FILL_AREA(#9495);
#7788=ORIENTED_EDGE('',*,*,#8498,.T.);
#7789=ORIENTED_EDGE('',*,*,#8509,.F.);
#7790=ORIENTED_EDGE('',*,*,#8481,.T.);
#7791=ORIENTED_EDGE('',*,*,#9496,.F.);
#7792=ORIENTED_EDGE('',*,*,#8459,.F.);
#7793=ORIENTED_EDGE('',*,*,#8496,.F.);
#7794=ORIENTED_EDGE('',*,*,#8494,.F.);
#7795=CARTESIAN_POINT('',(-11.5971953775145,-6.13860164424137,0.0));
#7796=DIRECTION('',(0.0,0.0,-1.0));
#7797=DIRECTION('',(1.0,0.0,0.0));
#7798=SURFACE_STYLE_FILL_AREA(#9497);
#7799=ORIENTED_EDGE('',*,*,#8480,.T.);
#7800=ORIENTED_EDGE('',*,*,#8471,.F.);
#7801=ORIENTED_EDGE('',*,*,#8460,.F.);
#7802=ORIENTED_EDGE('',*,*,#9496,.T.);
#7803=CARTESIAN_POINT('',(0.899999999999999,2.40871205009159,0.0));
#7804=DIRECTION('',(-1.0,-2.7238612993057E-14,-0.0));
#7805=DIRECTION('',(-2.7238612993057E-14,1.0,0.0));
#7806=SURFACE_STYLE_FILL_AREA(#9498);
#7807=ORIENTED_EDGE('',*,*,#8539,.T.);
#7808=ORIENTED_EDGE('',*,*,#8454,.T.);
#7809=ORIENTED_EDGE('',*,*,#8537,.T.);
#7810=ORIENTED_EDGE('',*,*,#9499,.T.);
#7811=ORIENTED_EDGE('',*,*,#8483,.F.);
#7812=ORIENTED_EDGE('',*,*,#8510,.T.);
#7813=ORIENTED_EDGE('',*,*,#8506,.F.);
#7814=CARTESIAN_POINT('',(-11.5971953775145,-6.13860164424137,2.0));
#7815=DIRECTION('',(0.0,0.0,-1.0));
#7816=DIRECTION('',(1.0,0.0,0.0));
#7817=SURFACE_STYLE_FILL_AREA(#9500);
#7818=ORIENTED_EDGE('',*,*,#9499,.F.);
#7819=ORIENTED_EDGE('',*,*,#8536,.T.);
#7820=ORIENTED_EDGE('',*,*,#8529,.T.);
#7821=ORIENTED_EDGE('',*,*,#8484,.F.);
#7822=CARTESIAN_POINT('',(0.899999999999999,2.40871205009159,2.0));
#7823=DIRECTION('',(1.0,2.7238612993057E-14,0.0));
#7824=DIRECTION('',(-2.7238612993057E-14,1.0,0.0));
#7825=SURFACE_STYLE_FILL_AREA(#9501);
#7826=SURFACE_STYLE_FILL_AREA(#9502);
#7827=ORIENTED_EDGE('',*,*,#9503,.F.);
#7828=ORIENTED_EDGE('',*,*,#9504,.F.);
#7829=ORIENTED_EDGE('',*,*,#9505,.T.);
#7830=ORIENTED_EDGE('',*,*,#9506,.T.);
#7831=CARTESIAN_POINT('',(1.55,1.4,0.0));
#7832=DIRECTION('',(0.0,0.0,1.0));
#7833=DIRECTION('',(1.0,0.0,0.0));
#7834=SURFACE_STYLE_FILL_AREA(#9507);
#7835=ORIENTED_EDGE('',*,*,#9506,.F.);
#7836=ORIENTED_EDGE('',*,*,#9508,.T.);
#7837=ORIENTED_EDGE('',*,*,#9504,.T.);
#7838=ORIENTED_EDGE('',*,*,#9509,.F.);
#7839=CARTESIAN_POINT('',(1.55,1.4,0.0));
#7840=DIRECTION('',(0.0,0.0,1.0));
#7841=DIRECTION('',(1.0,0.0,0.0));
#7842=SURFACE_STYLE_FILL_AREA(#9510);
#7843=ORIENTED_EDGE('',*,*,#9503,.T.);
#7844=ORIENTED_EDGE('',*,*,#9509,.T.);
#7845=CARTESIAN_POINT('',(0.174999999999997,1.4,-0.5));
#7846=DIRECTION('',(0.0,0.0,-1.0));
#7847=DIRECTION('',(1.0,0.0,0.0));
#7848=SURFACE_STYLE_FILL_AREA(#9511);
#7849=ORIENTED_EDGE('',*,*,#9505,.F.);
#7850=ORIENTED_EDGE('',*,*,#9508,.F.);
#7851=CARTESIAN_POINT('',(0.174999999999997,1.4,0.0));
#7852=DIRECTION('',(0.0,0.0,-1.0));
#7853=DIRECTION('',(1.0,0.0,0.0));
#7854=SURFACE_STYLE_FILL_AREA(#9512);
#7855=SURFACE_STYLE_FILL_AREA(#9513);
#7856=ORIENTED_EDGE('',*,*,#9514,.F.);
#7857=ORIENTED_EDGE('',*,*,#9515,.T.);
#7858=ORIENTED_EDGE('',*,*,#9516,.F.);
#7859=CARTESIAN_POINT('',(5.05,1.39999999999999,8.0753206314411));
#7860=DIRECTION('',(0.0,0.0,-1.0));
#7861=DIRECTION('',(1.0,0.0,0.0));
#7862=SURFACE_STYLE_FILL_AREA(#9517);
#7863=ORIENTED_EDGE('',*,*,#9518,.T.);
#7864=ORIENTED_EDGE('',*,*,#9519,.F.);
#7865=ORIENTED_EDGE('',*,*,#9520,.T.);
#7866=CARTESIAN_POINT('',(5.05,1.39999999999999,-2.8753206314411));
#7867=DIRECTION('',(0.0,0.0,-1.0));
#7868=DIRECTION('',(1.0,0.0,0.0));
#7869=SURFACE_STYLE_FILL_AREA(#9521);
#7870=ORIENTED_EDGE('',*,*,#9514,.T.);
#7871=ORIENTED_EDGE('',*,*,#9522,.T.);
#7872=ORIENTED_EDGE('',*,*,#9518,.F.);
#7873=ORIENTED_EDGE('',*,*,#9523,.F.);
#7874=CARTESIAN_POINT('',(5.05,1.39999999999999,1.13301270189221));
#7875=DIRECTION('',(0.0,0.0,1.0));
#7876=DIRECTION('',(1.0,0.0,0.0));
#7877=SURFACE_STYLE_FILL_AREA(#9524);
#7878=ORIENTED_EDGE('',*,*,#9522,.F.);
#7879=ORIENTED_EDGE('',*,*,#9525,.T.);
#7880=ORIENTED_EDGE('',*,*,#9523,.T.);
#7881=ORIENTED_EDGE('',*,*,#9526,.F.);
#7882=CARTESIAN_POINT('',(5.05,1.39999999999999,1.13301270189221));
#7883=DIRECTION('',(0.0,0.0,1.0));
#7884=DIRECTION('',(1.0,0.0,0.0));
#7885=SURFACE_STYLE_FILL_AREA(#9527);
#7886=ORIENTED_EDGE('',*,*,#9515,.F.);
#7887=ORIENTED_EDGE('',*,*,#9525,.F.);
#7888=ORIENTED_EDGE('',*,*,#9516,.T.);
#7889=CARTESIAN_POINT('',(5.05,1.39999999999999,8.0753206314411));
#7890=DIRECTION('',(0.0,0.0,-1.0));
#7891=DIRECTION('',(1.0,0.0,0.0));
#7892=SURFACE_STYLE_FILL_AREA(#9528);
#7893=ORIENTED_EDGE('',*,*,#9520,.F.);
#7894=ORIENTED_EDGE('',*,*,#9519,.T.);
#7895=ORIENTED_EDGE('',*,*,#9526,.T.);
#7896=CARTESIAN_POINT('',(5.05,1.39999999999999,-2.8753206314411));
#7897=DIRECTION('',(0.0,0.0,-1.0));
#7898=DIRECTION('',(1.0,0.0,0.0));
#7899=SURFACE_STYLE_FILL_AREA(#9529);
#7900=SURFACE_STYLE_FILL_AREA(#9530);
#7901=ORIENTED_EDGE('',*,*,#9531,.F.);
#7902=ORIENTED_EDGE('',*,*,#9532,.T.);
#7903=ORIENTED_EDGE('',*,*,#9533,.F.);
#7904=CARTESIAN_POINT('',(1.55,1.39999999999999,8.0753206314411));
#7905=DIRECTION('',(0.0,0.0,-1.0));
#7906=DIRECTION('',(1.0,0.0,0.0));
#7907=SURFACE_STYLE_FILL_AREA(#9534);
#7908=ORIENTED_EDGE('',*,*,#9535,.T.);
#7909=ORIENTED_EDGE('',*,*,#9536,.F.);
#7910=ORIENTED_EDGE('',*,*,#9537,.T.);
#7911=CARTESIAN_POINT('',(1.55,1.39999999999999,-2.8753206314411));
#7912=DIRECTION('',(0.0,0.0,-1.0));
#7913=DIRECTION('',(1.0,0.0,0.0));
#7914=SURFACE_STYLE_FILL_AREA(#9538);
#7915=ORIENTED_EDGE('',*,*,#9531,.T.);
#7916=ORIENTED_EDGE('',*,*,#9539,.T.);
#7917=ORIENTED_EDGE('',*,*,#9535,.F.);
#7918=ORIENTED_EDGE('',*,*,#9540,.F.);
#7919=CARTESIAN_POINT('',(1.55,1.39999999999999,1.13301270189221));
#7920=DIRECTION('',(0.0,0.0,1.0));
#7921=DIRECTION('',(1.0,0.0,0.0));
#7922=SURFACE_STYLE_FILL_AREA(#9541);
#7923=ORIENTED_EDGE('',*,*,#9539,.F.);
#7924=ORIENTED_EDGE('',*,*,#9542,.T.);
#7925=ORIENTED_EDGE('',*,*,#9540,.T.);
#7926=ORIENTED_EDGE('',*,*,#9543,.F.);
#7927=CARTESIAN_POINT('',(1.55,1.39999999999999,1.13301270189221));
#7928=DIRECTION('',(0.0,0.0,1.0));
#7929=DIRECTION('',(1.0,0.0,0.0));
#7930=SURFACE_STYLE_FILL_AREA(#9544);
#7931=ORIENTED_EDGE('',*,*,#9532,.F.);
#7932=ORIENTED_EDGE('',*,*,#9542,.F.);
#7933=ORIENTED_EDGE('',*,*,#9533,.T.);
#7934=CARTESIAN_POINT('',(1.55,1.39999999999999,8.0753206314411));
#7935=DIRECTION('',(0.0,0.0,-1.0));
#7936=DIRECTION('',(1.0,0.0,0.0));
#7937=SURFACE_STYLE_FILL_AREA(#9545);
#7938=ORIENTED_EDGE('',*,*,#9537,.F.);
#7939=ORIENTED_EDGE('',*,*,#9536,.T.);
#7940=ORIENTED_EDGE('',*,*,#9543,.T.);
#7941=CARTESIAN_POINT('',(1.55,1.39999999999999,-2.8753206314411));
#7942=DIRECTION('',(0.0,0.0,-1.0));
#7943=DIRECTION('',(1.0,0.0,0.0));
#7944=SURFACE_STYLE_FILL_AREA(#9546);
#7945=SURFACE_STYLE_FILL_AREA(#9547);
#7946=ORIENTED_EDGE('',*,*,#9548,.F.);
#7947=ORIENTED_EDGE('',*,*,#9549,.T.);
#7948=ORIENTED_EDGE('',*,*,#9550,.F.);
#7949=CARTESIAN_POINT('',(29.55,1.39999999999999,8.0753206314411));
#7950=DIRECTION('',(0.0,0.0,-1.0));
#7951=DIRECTION('',(1.0,0.0,0.0));
#7952=SURFACE_STYLE_FILL_AREA(#9551);
#7953=ORIENTED_EDGE('',*,*,#9552,.T.);
#7954=ORIENTED_EDGE('',*,*,#9553,.F.);
#7955=ORIENTED_EDGE('',*,*,#9554,.T.);
#7956=CARTESIAN_POINT('',(29.55,1.39999999999999,-2.8753206314411));
#7957=DIRECTION('',(0.0,0.0,-1.0));
#7958=DIRECTION('',(1.0,0.0,0.0));
#7959=SURFACE_STYLE_FILL_AREA(#9555);
#7960=ORIENTED_EDGE('',*,*,#9548,.T.);
#7961=ORIENTED_EDGE('',*,*,#9556,.T.);
#7962=ORIENTED_EDGE('',*,*,#9552,.F.);
#7963=ORIENTED_EDGE('',*,*,#9557,.F.);
#7964=CARTESIAN_POINT('',(29.55,1.39999999999999,1.13301270189221));
#7965=DIRECTION('',(0.0,0.0,1.0));
#7966=DIRECTION('',(1.0,0.0,0.0));
#7967=SURFACE_STYLE_FILL_AREA(#9558);
#7968=ORIENTED_EDGE('',*,*,#9556,.F.);
#7969=ORIENTED_EDGE('',*,*,#9559,.T.);
#7970=ORIENTED_EDGE('',*,*,#9557,.T.);
#7971=ORIENTED_EDGE('',*,*,#9560,.F.);
#7972=CARTESIAN_POINT('',(29.55,1.39999999999999,1.13301270189221));
#7973=DIRECTION('',(0.0,0.0,1.0));
#7974=DIRECTION('',(1.0,0.0,0.0));
#7975=SURFACE_STYLE_FILL_AREA(#9561);
#7976=ORIENTED_EDGE('',*,*,#9549,.F.);
#7977=ORIENTED_EDGE('',*,*,#9559,.F.);
#7978=ORIENTED_EDGE('',*,*,#9550,.T.);
#7979=CARTESIAN_POINT('',(29.55,1.39999999999999,8.0753206314411));
#7980=DIRECTION('',(0.0,0.0,-1.0));
#7981=DIRECTION('',(1.0,0.0,0.0));
#7982=SURFACE_STYLE_FILL_AREA(#9562);
#7983=ORIENTED_EDGE('',*,*,#9554,.F.);
#7984=ORIENTED_EDGE('',*,*,#9553,.T.);
#7985=ORIENTED_EDGE('',*,*,#9560,.T.);
#7986=CARTESIAN_POINT('',(29.55,1.39999999999999,-2.8753206314411));
#7987=DIRECTION('',(0.0,0.0,-1.0));
#7988=DIRECTION('',(1.0,0.0,0.0));
#7989=SURFACE_STYLE_FILL_AREA(#9563);
#7990=SURFACE_STYLE_FILL_AREA(#9564);
#7991=ORIENTED_EDGE('',*,*,#9565,.F.);
#7992=ORIENTED_EDGE('',*,*,#9566,.F.);
#7993=ORIENTED_EDGE('',*,*,#9567,.T.);
#7994=ORIENTED_EDGE('',*,*,#9568,.T.);
#7995=CARTESIAN_POINT('',(5.05,1.4,0.0));
#7996=DIRECTION('',(0.0,0.0,1.0));
#7997=DIRECTION('',(1.0,0.0,0.0));
#7998=SURFACE_STYLE_FILL_AREA(#9569);
#7999=ORIENTED_EDGE('',*,*,#9568,.F.);
#8000=ORIENTED_EDGE('',*,*,#9570,.T.);
#8001=ORIENTED_EDGE('',*,*,#9566,.T.);
#8002=ORIENTED_EDGE('',*,*,#9571,.F.);
#8003=CARTESIAN_POINT('',(5.05,1.4,0.0));
#8004=DIRECTION('',(0.0,0.0,1.0));
#8005=DIRECTION('',(1.0,0.0,0.0));
#8006=SURFACE_STYLE_FILL_AREA(#9572);
#8007=ORIENTED_EDGE('',*,*,#9565,.T.);
#8008=ORIENTED_EDGE('',*,*,#9571,.T.);
#8009=CARTESIAN_POINT('',(3.675,1.4,-0.5));
#8010=DIRECTION('',(0.0,0.0,-1.0));
#8011=DIRECTION('',(1.0,0.0,0.0));
#8012=SURFACE_STYLE_FILL_AREA(#9573);
#8013=ORIENTED_EDGE('',*,*,#9567,.F.);
#8014=ORIENTED_EDGE('',*,*,#9570,.F.);
#8015=CARTESIAN_POINT('',(3.675,1.4,0.0));
#8016=DIRECTION('',(0.0,0.0,-1.0));
#8017=DIRECTION('',(1.0,0.0,0.0));
#8018=SURFACE_STYLE_FILL_AREA(#9574);
#8019=SURFACE_STYLE_FILL_AREA(#9575);
#8020=ORIENTED_EDGE('',*,*,#9576,.F.);
#8021=ORIENTED_EDGE('',*,*,#9577,.F.);
#8022=ORIENTED_EDGE('',*,*,#9578,.T.);
#8023=ORIENTED_EDGE('',*,*,#9579,.T.);
#8024=CARTESIAN_POINT('',(26.05,1.4,0.0));
#8025=DIRECTION('',(0.0,0.0,1.0));
#8026=DIRECTION('',(1.0,0.0,0.0));
#8027=SURFACE_STYLE_FILL_AREA(#9580);
#8028=ORIENTED_EDGE('',*,*,#9579,.F.);
#8029=ORIENTED_EDGE('',*,*,#9581,.T.);
#8030=ORIENTED_EDGE('',*,*,#9577,.T.);
#8031=ORIENTED_EDGE('',*,*,#9582,.F.);
#8032=CARTESIAN_POINT('',(26.05,1.4,0.0));
#8033=DIRECTION('',(0.0,0.0,1.0));
#8034=DIRECTION('',(1.0,0.0,0.0));
#8035=SURFACE_STYLE_FILL_AREA(#9583);
#8036=ORIENTED_EDGE('',*,*,#9576,.T.);
#8037=ORIENTED_EDGE('',*,*,#9582,.T.);
#8038=CARTESIAN_POINT('',(24.675,1.4,-0.5));
#8039=DIRECTION('',(0.0,0.0,-1.0));
#8040=DIRECTION('',(1.0,0.0,0.0));
#8041=SURFACE_STYLE_FILL_AREA(#9584);
#8042=ORIENTED_EDGE('',*,*,#9578,.F.);
#8043=ORIENTED_EDGE('',*,*,#9581,.F.);
#8044=CARTESIAN_POINT('',(24.675,1.4,0.0));
#8045=DIRECTION('',(0.0,0.0,-1.0));
#8046=DIRECTION('',(1.0,0.0,0.0));
#8047=SURFACE_STYLE_FILL_AREA(#9585);
#8048=SURFACE_STYLE_FILL_AREA(#9586);
#8049=ORIENTED_EDGE('',*,*,#9587,.F.);
#8050=ORIENTED_EDGE('',*,*,#9588,.F.);
#8051=ORIENTED_EDGE('',*,*,#9589,.T.);
#8052=ORIENTED_EDGE('',*,*,#9590,.T.);
#8053=CARTESIAN_POINT('',(29.55,1.4,0.0));
#8054=DIRECTION('',(0.0,0.0,1.0));
#8055=DIRECTION('',(1.0,0.0,0.0));
#8056=SURFACE_STYLE_FILL_AREA(#9591);
#8057=ORIENTED_EDGE('',*,*,#9590,.F.);
#8058=ORIENTED_EDGE('',*,*,#9592,.T.);
#8059=ORIENTED_EDGE('',*,*,#9588,.T.);
#8060=ORIENTED_EDGE('',*,*,#9593,.F.);
#8061=CARTESIAN_POINT('',(29.55,1.4,0.0));
#8062=DIRECTION('',(0.0,0.0,1.0));
#8063=DIRECTION('',(1.0,0.0,0.0));
#8064=SURFACE_STYLE_FILL_AREA(#9594);
#8065=ORIENTED_EDGE('',*,*,#9587,.T.);
#8066=ORIENTED_EDGE('',*,*,#9593,.T.);
#8067=CARTESIAN_POINT('',(28.175,1.4,-0.5));
#8068=DIRECTION('',(0.0,0.0,-1.0));
#8069=DIRECTION('',(1.0,0.0,0.0));
#8070=SURFACE_STYLE_FILL_AREA(#9595);
#8071=ORIENTED_EDGE('',*,*,#9589,.F.);
#8072=ORIENTED_EDGE('',*,*,#9592,.F.);
#8073=CARTESIAN_POINT('',(28.175,1.4,0.0));
#8074=DIRECTION('',(0.0,0.0,-1.0));
#8075=DIRECTION('',(1.0,0.0,0.0));
#8076=SURFACE_STYLE_FILL_AREA(#9596);
#8077=FILL_AREA_STYLE('',(#9597));
#8078=EDGE_CURVE('',#9598,#9599,#9600,.T.);
#8079=EDGE_CURVE('',#9598,#9601,#9602,.T.);
#8080=EDGE_CURVE('',#9599,#9601,#9603,.T.);
#8081=FILL_AREA_STYLE('',(#9604));
#8082=EDGE_CURVE('',#9605,#9606,#9607,.T.);
#8083=EDGE_CURVE('',#9608,#9606,#9609,.T.);
#8084=EDGE_CURVE('',#9608,#9605,#9610,.T.);
#8085=FILL_AREA_STYLE('',(#9611));
#8086=EDGE_CURVE('',#9599,#9606,#9612,.T.);
#8087=EDGE_CURVE('',#9598,#9605,#9613,.T.);
#8088=FILL_AREA_STYLE('',(#9614));
#8089=EDGE_CURVE('',#9599,#9598,#9615,.T.);
#8090=EDGE_CURVE('',#9606,#9605,#9616,.T.);
#8091=FILL_AREA_STYLE('',(#9617));
#8092=FILL_AREA_STYLE('',(#9618));
#8093=FILL_AREA_STYLE('',(#9619));
#8094=FILL_AREA_STYLE('',(#9620));
#8095=EDGE_CURVE('',#9621,#9622,#9623,.T.);
#8096=EDGE_CURVE('',#9624,#9621,#9625,.T.);
#8097=EDGE_CURVE('',#9624,#9626,#9627,.T.);
#8098=EDGE_CURVE('',#9626,#9622,#9628,.T.);
#8099=FILL_AREA_STYLE('',(#9629));
#8100=EDGE_CURVE('',#9626,#9624,#9630,.T.);
#8101=EDGE_CURVE('',#9622,#9621,#9631,.T.);
#8102=FILL_AREA_STYLE('',(#9632));
#8103=FILL_AREA_STYLE('',(#9633));
#8104=FILL_AREA_STYLE('',(#9634));
#8105=FILL_AREA_STYLE('',(#9635));
#8106=EDGE_CURVE('',#9636,#9637,#9638,.T.);
#8107=EDGE_CURVE('',#9639,#9636,#9640,.T.);
#8108=EDGE_CURVE('',#9639,#9641,#9642,.T.);
#8109=EDGE_CURVE('',#9641,#9637,#9643,.T.);
#8110=FILL_AREA_STYLE('',(#9644));
#8111=EDGE_CURVE('',#9641,#9639,#9645,.T.);
#8112=EDGE_CURVE('',#9637,#9636,#9646,.T.);
#8113=FILL_AREA_STYLE('',(#9647));
#8114=FILL_AREA_STYLE('',(#9648));
#8115=FILL_AREA_STYLE('',(#9649));
#8116=FILL_AREA_STYLE('',(#9650));
#8117=EDGE_CURVE('',#9651,#9652,#9653,.T.);
#8118=EDGE_CURVE('',#9654,#9651,#9655,.T.);
#8119=EDGE_CURVE('',#9654,#9656,#9657,.T.);
#8120=EDGE_CURVE('',#9656,#9652,#9658,.T.);
#8121=FILL_AREA_STYLE('',(#9659));
#8122=EDGE_CURVE('',#9656,#9654,#9660,.T.);
#8123=EDGE_CURVE('',#9652,#9651,#9661,.T.);
#8124=FILL_AREA_STYLE('',(#9662));
#8125=FILL_AREA_STYLE('',(#9663));
#8126=FILL_AREA_STYLE('',(#9664));
#8127=FILL_AREA_STYLE('',(#9665));
#8128=EDGE_CURVE('',#9666,#9667,#9668,.T.);
#8129=EDGE_CURVE('',#9669,#9666,#9670,.T.);
#8130=EDGE_CURVE('',#9669,#9671,#9672,.T.);
#8131=EDGE_CURVE('',#9671,#9667,#9673,.T.);
#8132=FILL_AREA_STYLE('',(#9674));
#8133=EDGE_CURVE('',#9671,#9669,#9675,.T.);
#8134=EDGE_CURVE('',#9667,#9666,#9676,.T.);
#8135=FILL_AREA_STYLE('',(#9677));
#8136=FILL_AREA_STYLE('',(#9678));
#8137=FILL_AREA_STYLE('',(#9679));
#8138=FILL_AREA_STYLE('',(#9680));
#8139=EDGE_CURVE('',#9681,#9682,#9683,.T.);
#8140=EDGE_CURVE('',#9684,#9681,#9685,.T.);
#8141=EDGE_CURVE('',#9684,#9686,#9687,.T.);
#8142=EDGE_CURVE('',#9686,#9682,#9688,.T.);
#8143=FILL_AREA_STYLE('',(#9689));
#8144=EDGE_CURVE('',#9686,#9684,#9690,.T.);
#8145=EDGE_CURVE('',#9682,#9681,#9691,.T.);
#8146=FILL_AREA_STYLE('',(#9692));
#8147=FILL_AREA_STYLE('',(#9693));
#8148=FILL_AREA_STYLE('',(#9694));
#8149=FILL_AREA_STYLE('',(#9695));
#8150=EDGE_CURVE('',#9696,#9697,#9698,.T.);
#8151=EDGE_CURVE('',#9699,#9696,#9700,.T.);
#8152=EDGE_CURVE('',#9699,#9701,#9702,.T.);
#8153=EDGE_CURVE('',#9701,#9697,#9703,.T.);
#8154=FILL_AREA_STYLE('',(#9704));
#8155=EDGE_CURVE('',#9701,#9699,#9705,.T.);
#8156=EDGE_CURVE('',#9697,#9696,#9706,.T.);
#8157=FILL_AREA_STYLE('',(#9707));
#8158=FILL_AREA_STYLE('',(#9708));
#8159=FILL_AREA_STYLE('',(#9709));
#8160=FILL_AREA_STYLE('',(#9710));
#8161=EDGE_CURVE('',#9711,#9712,#9713,.T.);
#8162=EDGE_CURVE('',#9711,#9714,#9715,.T.);
#8163=EDGE_CURVE('',#9712,#9714,#9716,.T.);
#8164=FILL_AREA_STYLE('',(#9717));
#8165=EDGE_CURVE('',#9718,#9719,#9720,.T.);
#8166=EDGE_CURVE('',#9721,#9719,#9722,.T.);
#8167=EDGE_CURVE('',#9721,#9718,#9723,.T.);
#8168=FILL_AREA_STYLE('',(#9724));
#8169=EDGE_CURVE('',#9712,#9719,#9725,.T.);
#8170=EDGE_CURVE('',#9711,#9718,#9726,.T.);
#8171=FILL_AREA_STYLE('',(#9727));
#8172=EDGE_CURVE('',#9712,#9711,#9728,.T.);
#8173=EDGE_CURVE('',#9719,#9718,#9729,.T.);
#8174=FILL_AREA_STYLE('',(#9730));
#8175=FILL_AREA_STYLE('',(#9731));
#8176=FILL_AREA_STYLE('',(#9732));
#8177=FILL_AREA_STYLE('',(#9733));
#8178=EDGE_CURVE('',#9734,#9735,#9736,.T.);
#8179=EDGE_CURVE('',#9734,#9737,#9738,.T.);
#8180=EDGE_CURVE('',#9735,#9737,#9739,.T.);
#8181=FILL_AREA_STYLE('',(#9740));
#8182=EDGE_CURVE('',#9741,#9742,#9743,.T.);
#8183=EDGE_CURVE('',#9744,#9742,#9745,.T.);
#8184=EDGE_CURVE('',#9744,#9741,#9746,.T.);
#8185=FILL_AREA_STYLE('',(#9747));
#8186=EDGE_CURVE('',#9735,#9742,#9748,.T.);
#8187=EDGE_CURVE('',#9734,#9741,#9749,.T.);
#8188=FILL_AREA_STYLE('',(#9750));
#8189=EDGE_CURVE('',#9735,#9734,#9751,.T.);
#8190=EDGE_CURVE('',#9742,#9741,#9752,.T.);
#8191=FILL_AREA_STYLE('',(#9753));
#8192=FILL_AREA_STYLE('',(#9754));
#8193=FILL_AREA_STYLE('',(#9755));
#8194=FILL_AREA_STYLE('',(#9756));
#8195=EDGE_CURVE('',#9757,#9758,#9759,.T.);
#8196=EDGE_CURVE('',#9757,#9760,#9761,.T.);
#8197=EDGE_CURVE('',#9758,#9760,#9762,.T.);
#8198=FILL_AREA_STYLE('',(#9763));
#8199=EDGE_CURVE('',#9764,#9765,#9766,.T.);
#8200=EDGE_CURVE('',#9767,#9765,#9768,.T.);
#8201=EDGE_CURVE('',#9767,#9764,#9769,.T.);
#8202=FILL_AREA_STYLE('',(#9770));
#8203=EDGE_CURVE('',#9758,#9765,#9771,.T.);
#8204=EDGE_CURVE('',#9757,#9764,#9772,.T.);
#8205=FILL_AREA_STYLE('',(#9773));
#8206=EDGE_CURVE('',#9758,#9757,#9774,.T.);
#8207=EDGE_CURVE('',#9765,#9764,#9775,.T.);
#8208=FILL_AREA_STYLE('',(#9776));
#8209=FILL_AREA_STYLE('',(#9777));
#8210=FILL_AREA_STYLE('',(#9778));
#8211=FILL_AREA_STYLE('',(#9779));
#8212=EDGE_CURVE('',#9780,#9781,#9782,.T.);
#8213=EDGE_CURVE('',#9780,#9783,#9784,.T.);
#8214=EDGE_CURVE('',#9781,#9783,#9785,.T.);
#8215=FILL_AREA_STYLE('',(#9786));
#8216=EDGE_CURVE('',#9787,#9788,#9789,.T.);
#8217=EDGE_CURVE('',#9790,#9788,#9791,.T.);
#8218=EDGE_CURVE('',#9790,#9787,#9792,.T.);
#8219=FILL_AREA_STYLE('',(#9793));
#8220=EDGE_CURVE('',#9781,#9788,#9794,.T.);
#8221=EDGE_CURVE('',#9780,#9787,#9795,.T.);
#8222=FILL_AREA_STYLE('',(#9796));
#8223=EDGE_CURVE('',#9781,#9780,#9797,.T.);
#8224=EDGE_CURVE('',#9788,#9787,#9798,.T.);
#8225=FILL_AREA_STYLE('',(#9799));
#8226=FILL_AREA_STYLE('',(#9800));
#8227=FILL_AREA_STYLE('',(#9801));
#8228=FILL_AREA_STYLE('',(#9802));
#8229=EDGE_CURVE('',#9803,#9804,#9805,.T.);
#8230=EDGE_CURVE('',#9803,#9806,#9807,.T.);
#8231=EDGE_CURVE('',#9804,#9806,#9808,.T.);
#8232=FILL_AREA_STYLE('',(#9809));
#8233=EDGE_CURVE('',#9810,#9811,#9812,.T.);
#8234=EDGE_CURVE('',#9813,#9811,#9814,.T.);
#8235=EDGE_CURVE('',#9813,#9810,#9815,.T.);
#8236=FILL_AREA_STYLE('',(#9816));
#8237=EDGE_CURVE('',#9804,#9811,#9817,.T.);
#8238=EDGE_CURVE('',#9803,#9810,#9818,.T.);
#8239=FILL_AREA_STYLE('',(#9819));
#8240=EDGE_CURVE('',#9804,#9803,#9820,.T.);
#8241=EDGE_CURVE('',#9811,#9810,#9821,.T.);
#8242=FILL_AREA_STYLE('',(#9822));
#8243=FILL_AREA_STYLE('',(#9823));
#8244=FILL_AREA_STYLE('',(#9824));
#8245=FILL_AREA_STYLE('',(#9825));
#8246=EDGE_CURVE('',#9826,#9827,#9828,.T.);
#8247=EDGE_CURVE('',#9826,#9829,#9830,.T.);
#8248=EDGE_CURVE('',#9827,#9829,#9831,.T.);
#8249=FILL_AREA_STYLE('',(#9832));
#8250=EDGE_CURVE('',#9833,#9834,#9835,.T.);
#8251=EDGE_CURVE('',#9836,#9834,#9837,.T.);
#8252=EDGE_CURVE('',#9836,#9833,#9838,.T.);
#8253=FILL_AREA_STYLE('',(#9839));
#8254=EDGE_CURVE('',#9827,#9834,#9840,.T.);
#8255=EDGE_CURVE('',#9826,#9833,#9841,.T.);
#8256=FILL_AREA_STYLE('',(#9842));
#8257=EDGE_CURVE('',#9827,#9826,#9843,.T.);
#8258=EDGE_CURVE('',#9834,#9833,#9844,.T.);
#8259=FILL_AREA_STYLE('',(#9845));
#8260=FILL_AREA_STYLE('',(#9846));
#8261=FILL_AREA_STYLE('',(#9847));
#8262=FILL_AREA_STYLE('',(#9848));
#8263=EDGE_CURVE('',#9849,#9850,#9851,.T.);
#8264=EDGE_CURVE('',#9852,#9849,#9853,.T.);
#8265=EDGE_CURVE('',#9854,#9852,#9855,.T.);
#8266=EDGE_CURVE('',#9854,#9850,#9856,.T.);
#8267=FILL_AREA_STYLE('',(#9857));
#8268=EDGE_CURVE('',#9858,#9859,#9860,.T.);
#8269=EDGE_CURVE('',#9858,#9861,#9862,.T.);
#8270=EDGE_CURVE('',#9861,#9863,#9864,.T.);
#8271=EDGE_CURVE('',#9859,#9863,#9865,.T.);
#8272=FILL_AREA_STYLE('',(#9866));
#8273=EDGE_CURVE('',#9867,#9868,#9869,.T.);
#8274=EDGE_CURVE('',#9870,#9867,#9871,.T.);
#8275=EDGE_CURVE('',#9870,#9872,#9873,.T.);
#8276=EDGE_CURVE('',#9872,#9868,#9874,.T.);
#8277=FILL_AREA_STYLE('',(#9875));
#8278=EDGE_CURVE('',#9876,#9877,#9878,.T.);
#8279=EDGE_CURVE('',#9876,#9879,#9880,.T.);
#8280=EDGE_CURVE('',#9881,#9879,#9882,.T.);
#8281=EDGE_CURVE('',#9877,#9881,#9883,.T.);
#8282=FILL_AREA_STYLE('',(#9884));
#8283=EDGE_CURVE('',#9885,#9886,#9887,.T.);
#8284=EDGE_CURVE('',#9888,#9885,#9889,.T.);
#8285=EDGE_CURVE('',#9890,#9888,#9891,.T.);
#8286=EDGE_CURVE('',#9890,#9886,#9892,.T.);
#8287=FILL_AREA_STYLE('',(#9893));
#8288=EDGE_CURVE('',#9894,#9895,#9896,.T.);
#8289=EDGE_CURVE('',#9894,#9897,#9898,.T.);
#8290=EDGE_CURVE('',#9897,#9899,#9900,.T.);
#8291=EDGE_CURVE('',#9895,#9899,#9901,.T.);
#8292=FILL_AREA_STYLE('',(#9902));
#8293=EDGE_CURVE('',#9903,#9904,#9905,.T.);
#8294=EDGE_CURVE('',#9906,#9903,#9907,.T.);
#8295=EDGE_CURVE('',#9906,#9908,#9909,.T.);
#8296=EDGE_CURVE('',#9908,#9904,#9910,.T.);
#8297=FILL_AREA_STYLE('',(#9911));
#8298=EDGE_CURVE('',#9912,#9913,#9914,.T.);
#8299=EDGE_CURVE('',#9912,#9915,#9916,.T.);
#8300=EDGE_CURVE('',#9915,#9917,#9918,.T.);
#8301=EDGE_CURVE('',#9913,#9917,#9919,.T.);
#8302=FILL_AREA_STYLE('',(#9920));
#8303=EDGE_CURVE('',#9921,#9922,#9923,.T.);
#8304=EDGE_CURVE('',#9924,#9921,#9925,.T.);
#8305=EDGE_CURVE('',#9924,#9926,#9927,.T.);
#8306=EDGE_CURVE('',#9926,#9922,#9928,.T.);
#8307=FILL_AREA_STYLE('',(#9929));
#8308=EDGE_CURVE('',#9930,#9931,#9932,.T.);
#8309=EDGE_CURVE('',#9930,#9933,#9934,.T.);
#8310=EDGE_CURVE('',#9935,#9933,#9936,.T.);
#8311=EDGE_CURVE('',#9931,#9935,#9937,.T.);
#8312=FILL_AREA_STYLE('',(#9938));
#8313=EDGE_CURVE('',#9939,#9940,#9941,.T.);
#8314=EDGE_CURVE('',#9942,#9939,#9943,.T.);
#8315=EDGE_CURVE('',#9944,#9942,#9945,.T.);
#8316=EDGE_CURVE('',#9944,#9940,#9946,.T.);
#8317=FILL_AREA_STYLE('',(#9947));
#8318=EDGE_CURVE('',#9948,#9949,#9950,.T.);
#8319=EDGE_CURVE('',#9951,#9948,#9952,.T.);
#8320=EDGE_CURVE('',#9953,#9951,#9954,.T.);
#8321=EDGE_CURVE('',#9953,#9949,#9955,.T.);
#8322=FILL_AREA_STYLE('',(#9956));
#8323=EDGE_CURVE('',#9957,#9958,#9959,.T.);
#8324=EDGE_CURVE('',#9957,#9960,#9961,.T.);
#8325=EDGE_CURVE('',#9960,#9962,#9963,.T.);
#8326=EDGE_CURVE('',#9958,#9962,#9964,.T.);
#8327=FILL_AREA_STYLE('',(#9965));
#8328=EDGE_CURVE('',#9966,#9967,#9968,.T.);
#8329=EDGE_CURVE('',#9969,#9966,#9970,.T.);
#8330=EDGE_CURVE('',#9969,#9971,#9972,.T.);
#8331=EDGE_CURVE('',#9971,#9967,#9973,.T.);
#8332=FILL_AREA_STYLE('',(#9974));
#8333=EDGE_CURVE('',#9975,#9976,#9977,.T.);
#8334=EDGE_CURVE('',#9975,#9978,#9979,.T.);
#8335=EDGE_CURVE('',#9980,#9978,#9981,.T.);
#8336=EDGE_CURVE('',#9976,#9980,#9982,.T.);
#8337=FILL_AREA_STYLE('',(#9983));
#8338=EDGE_CURVE('',#9984,#9985,#9986,.T.);
#8339=EDGE_CURVE('',#9984,#9987,#9988,.T.);
#8340=EDGE_CURVE('',#9989,#9987,#9990,.T.);
#8341=EDGE_CURVE('',#9985,#9989,#9991,.T.);
#8342=FILL_AREA_STYLE('',(#9992));
#8343=EDGE_CURVE('',#9993,#9994,#9995,.T.);
#8344=EDGE_CURVE('',#9996,#9993,#9997,.T.);
#8345=EDGE_CURVE('',#9998,#9996,#9999,.T.);
#8346=EDGE_CURVE('',#9998,#9994,#10000,.T.);
#8347=FILL_AREA_STYLE('',(#10001));
#8348=EDGE_CURVE('',#10002,#10003,#10004,.T.);
#8349=EDGE_CURVE('',#10002,#10005,#10006,.T.);
#8350=EDGE_CURVE('',#10005,#10007,#10008,.T.);
#8351=EDGE_CURVE('',#10003,#10007,#10009,.T.);
#8352=FILL_AREA_STYLE('',(#10010));
#8353=EDGE_CURVE('',#10011,#10012,#10013,.T.);
#8354=EDGE_CURVE('',#10014,#10011,#10015,.T.);
#8355=EDGE_CURVE('',#10014,#10016,#10017,.T.);
#8356=EDGE_CURVE('',#10016,#10012,#10018,.T.);
#8357=FILL_AREA_STYLE('',(#10019));
#8358=EDGE_CURVE('',#10020,#10021,#10022,.T.);
#8359=EDGE_CURVE('',#10020,#10023,#10024,.T.);
#8360=EDGE_CURVE('',#10025,#10023,#10026,.T.);
#8361=EDGE_CURVE('',#10021,#10025,#10027,.T.);
#8362=FILL_AREA_STYLE('',(#10028));
#8363=EDGE_CURVE('',#10029,#10030,#10031,.T.);
#8364=EDGE_CURVE('',#10032,#10029,#10033,.T.);
#8365=EDGE_CURVE('',#10034,#10032,#10035,.T.);
#8366=EDGE_CURVE('',#10034,#10030,#10036,.T.);
#8367=FILL_AREA_STYLE('',(#10037));
#8368=EDGE_CURVE('',#10038,#10039,#10040,.T.);
#8369=EDGE_CURVE('',#10038,#10041,#10042,.T.);
#8370=EDGE_CURVE('',#10041,#10043,#10044,.T.);
#8371=EDGE_CURVE('',#10039,#10043,#10045,.T.);
#8372=FILL_AREA_STYLE('',(#10046));
#8373=EDGE_CURVE('',#10047,#10048,#10049,.T.);
#8374=EDGE_CURVE('',#10050,#10047,#10051,.T.);
#8375=EDGE_CURVE('',#10050,#10052,#10053,.T.);
#8376=EDGE_CURVE('',#10052,#10048,#10054,.T.);
#8377=FILL_AREA_STYLE('',(#10055));
#8378=EDGE_CURVE('',#10056,#10057,#10058,.T.);
#8379=EDGE_CURVE('',#10059,#10056,#10060,.T.);
#8380=EDGE_CURVE('',#10061,#10059,#10062,.T.);
#8381=EDGE_CURVE('',#10061,#10057,#10063,.T.);
#8382=FILL_AREA_STYLE('',(#10064));
#8383=EDGE_CURVE('',#10065,#10066,#10067,.T.);
#8384=EDGE_CURVE('',#10065,#10068,#10069,.T.);
#8385=EDGE_CURVE('',#10070,#10068,#10071,.T.);
#8386=EDGE_CURVE('',#10066,#10070,#10072,.T.);
#8387=FILL_AREA_STYLE('',(#10073));
#8388=EDGE_CURVE('',#10074,#10075,#10076,.T.);
#8389=EDGE_CURVE('',#10077,#10074,#10078,.T.);
#8390=EDGE_CURVE('',#10077,#10079,#10080,.T.);
#8391=EDGE_CURVE('',#10079,#10075,#10081,.T.);
#8392=FILL_AREA_STYLE('',(#10082));
#8393=EDGE_CURVE('',#10083,#10084,#10085,.T.);
#8394=EDGE_CURVE('',#10083,#10086,#10087,.T.);
#8395=EDGE_CURVE('',#10088,#10086,#10089,.T.);
#8396=EDGE_CURVE('',#10084,#10088,#10090,.T.);
#8397=FILL_AREA_STYLE('',(#10091));
#8398=EDGE_CURVE('',#10092,#10093,#10094,.T.);
#8399=EDGE_CURVE('',#10095,#10092,#10096,.T.);
#8400=EDGE_CURVE('',#10097,#10095,#10098,.T.);
#8401=EDGE_CURVE('',#10097,#10093,#10099,.T.);
#8402=FILL_AREA_STYLE('',(#10100));
#8403=EDGE_CURVE('',#10101,#10102,#10103,.T.);
#8404=EDGE_CURVE('',#10101,#10104,#10105,.T.);
#8405=EDGE_CURVE('',#10106,#10104,#10107,.T.);
#8406=EDGE_CURVE('',#10102,#10106,#10108,.T.);
#8407=FILL_AREA_STYLE('',(#10109));
#8408=EDGE_CURVE('',#10110,#10111,#10112,.T.);
#8409=EDGE_CURVE('',#10113,#10110,#10114,.T.);
#8410=EDGE_CURVE('',#10115,#10113,#10116,.T.);
#8411=EDGE_CURVE('',#10115,#10111,#10117,.T.);
#8412=FILL_AREA_STYLE('',(#10118));
#8413=EDGE_CURVE('',#10119,#10120,#10121,.T.);
#8414=EDGE_CURVE('',#10119,#10122,#10123,.T.);
#8415=EDGE_CURVE('',#10122,#10124,#10125,.T.);
#8416=EDGE_CURVE('',#10120,#10124,#10126,.T.);
#8417=FILL_AREA_STYLE('',(#10127));
#8418=EDGE_CURVE('',#10128,#10129,#10130,.T.);
#8419=EDGE_CURVE('',#10131,#10128,#10132,.T.);
#8420=EDGE_CURVE('',#10131,#10133,#10134,.T.);
#8421=EDGE_CURVE('',#10133,#10129,#10135,.T.);
#8422=FILL_AREA_STYLE('',(#10136));
#8423=EDGE_CURVE('',#10137,#10138,#10139,.T.);
#8424=EDGE_CURVE('',#10137,#10140,#10141,.T.);
#8425=EDGE_CURVE('',#10140,#10142,#10143,.T.);
#8426=EDGE_CURVE('',#10138,#10142,#10144,.T.);
#8427=FILL_AREA_STYLE('',(#10145));
#8428=EDGE_CURVE('',#10146,#10147,#10148,.T.);
#8429=EDGE_CURVE('',#10146,#10149,#10150,.T.);
#8430=EDGE_CURVE('',#10151,#10149,#10152,.T.);
#8431=EDGE_CURVE('',#10147,#10151,#10153,.T.);
#8432=FILL_AREA_STYLE('',(#10154));
#8433=EDGE_CURVE('',#10155,#10156,#10157,.T.);
#8434=EDGE_CURVE('',#10155,#10158,#10159,.T.);
#8435=EDGE_CURVE('',#10160,#10158,#10161,.T.);
#8436=EDGE_CURVE('',#10156,#10160,#10162,.T.);
#8437=FILL_AREA_STYLE('',(#10163));
#8438=EDGE_CURVE('',#10164,#10165,#10166,.T.);
#8439=EDGE_CURVE('',#10164,#10167,#10168,.T.);
#8440=EDGE_CURVE('',#10167,#10169,#10170,.T.);
#8441=EDGE_CURVE('',#10165,#10169,#10171,.T.);
#8442=FILL_AREA_STYLE('',(#10172));
#8443=EDGE_CURVE('',#10173,#10174,#10175,.T.);
#8444=EDGE_CURVE('',#10176,#10173,#10177,.T.);
#8445=EDGE_CURVE('',#10178,#10176,#10179,.T.);
#8446=EDGE_CURVE('',#10178,#10174,#10180,.T.);
#8447=FILL_AREA_STYLE('',(#10181));
#8448=EDGE_CURVE('',#10182,#10183,#10184,.T.);
#8449=EDGE_CURVE('',#10185,#10182,#10186,.T.);
#8450=EDGE_CURVE('',#10185,#10187,#10188,.T.);
#8451=EDGE_CURVE('',#10187,#10183,#10189,.T.);
#8452=FILL_AREA_STYLE('',(#10190));
#8453=EDGE_CURVE('',#10191,#10192,#10193,.T.);
#8454=EDGE_CURVE('',#10194,#10191,#10195,.T.);
#8455=EDGE_CURVE('',#10194,#10196,#10197,.T.);
#8456=EDGE_CURVE('',#10196,#10192,#10198,.T.);
#8457=FILL_AREA_STYLE('',(#10199));
#8458=EDGE_CURVE('',#10200,#10201,#10202,.T.);
#8459=EDGE_CURVE('',#10200,#10203,#10204,.T.);
#8460=EDGE_CURVE('',#10203,#10205,#10206,.T.);
#8461=EDGE_CURVE('',#10201,#10205,#10207,.T.);
#8462=FILL_AREA_STYLE('',(#10208));
#8463=EDGE_CURVE('',#10209,#10210,#10211,.T.);
#8464=EDGE_CURVE('',#10209,#10212,#10213,.T.);
#8465=EDGE_CURVE('',#10212,#10214,#10215,.T.);
#8466=EDGE_CURVE('',#10210,#10214,#10216,.T.);
#8467=FILL_AREA_STYLE('',(#10217));
#8468=EDGE_CURVE('',#10218,#10219,#10220,.T.);
#8469=EDGE_CURVE('',#10218,#10221,#10222,.T.);
#8470=EDGE_CURVE('',#10221,#10201,#10223,.T.);
#8471=EDGE_CURVE('',#10205,#10224,#10225,.T.);
#8472=EDGE_CURVE('',#10226,#10224,#10227,.T.);
#8473=EDGE_CURVE('',#10226,#10176,#10228,.T.);
#8474=EDGE_CURVE('',#10173,#10229,#10230,.T.);
#8475=EDGE_CURVE('',#10229,#10219,#10231,.T.);
#8476=EDGE_CURVE('',#10214,#10212,#10232,.T.);
#8477=FILL_AREA_STYLE('',(#10233));
#8478=EDGE_CURVE('',#10210,#10209,#10234,.T.);
#8479=FILL_AREA_STYLE('',(#10235));
#8480=EDGE_CURVE('',#10236,#10224,#10237,.T.);
#8481=EDGE_CURVE('',#10238,#10236,#10239,.T.);
#8482=EDGE_CURVE('',#10238,#10240,#10241,.T.);
#8483=EDGE_CURVE('',#10240,#10242,#10243,.T.);
#8484=EDGE_CURVE('',#10242,#10244,#10245,.T.);
#8485=EDGE_CURVE('',#10246,#10244,#10247,.T.);
#8486=EDGE_CURVE('',#10246,#10248,#10249,.T.);
#8487=EDGE_CURVE('',#10248,#10250,#10251,.T.);
#8488=EDGE_CURVE('',#10252,#10250,#10253,.T.);
#8489=EDGE_CURVE('',#10254,#10252,#10255,.T.);
#8490=EDGE_CURVE('',#10226,#10254,#10256,.T.);
#8491=FILL_AREA_STYLE('',(#10257));
#8492=EDGE_CURVE('',#10258,#10221,#10259,.T.);
#8493=EDGE_CURVE('',#10218,#10260,#10261,.T.);
#8494=EDGE_CURVE('',#10260,#10258,#10262,.T.);
#8495=FILL_AREA_STYLE('',(#10263));
#8496=EDGE_CURVE('',#10258,#10200,#10264,.T.);
#8497=FILL_AREA_STYLE('',(#10265));
#8498=EDGE_CURVE('',#10260,#10266,#10267,.T.);
#8499=EDGE_CURVE('',#10268,#10219,#10269,.T.);
#8500=EDGE_CURVE('',#10270,#10268,#10271,.T.);
#8501=EDGE_CURVE('',#10270,#10272,#10273,.T.);
#8502=EDGE_CURVE('',#10272,#10274,#10275,.T.);
#8503=EDGE_CURVE('',#10274,#10276,#10277,.T.);
#8504=EDGE_CURVE('',#10278,#10276,#10279,.T.);
#8505=EDGE_CURVE('',#10278,#10280,#10281,.T.);
#8506=EDGE_CURVE('',#10280,#10282,#10283,.T.);
#8507=EDGE_CURVE('',#10266,#10282,#10284,.T.);
#8508=FILL_AREA_STYLE('',(#10285));
#8509=EDGE_CURVE('',#10238,#10266,#10286,.T.);
#8510=EDGE_CURVE('',#10240,#10282,#10287,.T.);
#8511=EDGE_CURVE('',#10288,#10289,#10290,.T.);
#8512=EDGE_CURVE('',#10291,#10288,#10292,.T.);
#8513=EDGE_CURVE('',#10293,#10291,#10294,.T.);
#8514=EDGE_CURVE('',#10289,#10293,#10295,.T.);
#8515=FILL_AREA_STYLE('',(#10296));
#8516=EDGE_CURVE('',#10297,#10298,#10299,.T.);
#8517=EDGE_CURVE('',#10300,#10297,#10301,.T.);
#8518=EDGE_CURVE('',#10302,#10300,#10303,.T.);
#8519=EDGE_CURVE('',#10298,#10302,#10304,.T.);
#8520=FILL_AREA_STYLE('',(#10305));
#8521=EDGE_CURVE('',#10293,#10298,#10306,.T.);
#8522=EDGE_CURVE('',#10289,#10302,#10307,.T.);
#8523=FILL_AREA_STYLE('',(#10308));
#8524=EDGE_CURVE('',#10291,#10297,#10309,.T.);
#8525=FILL_AREA_STYLE('',(#10310));
#8526=EDGE_CURVE('',#10288,#10300,#10311,.T.);
#8527=FILL_AREA_STYLE('',(#10312));
#8528=FILL_AREA_STYLE('',(#10313));
#8529=EDGE_CURVE('',#10314,#10244,#10315,.T.);
#8530=EDGE_CURVE('',#10192,#10314,#10316,.T.);
#8531=EDGE_CURVE('',#10278,#10196,#10317,.T.);
#8532=EDGE_CURVE('',#10158,#10276,#10318,.T.);
#8533=EDGE_CURVE('',#10319,#10155,#10320,.T.);
#8534=EDGE_CURVE('',#10246,#10319,#10321,.T.);
#8535=FILL_AREA_STYLE('',(#10322));
#8536=EDGE_CURVE('',#10323,#10314,#10324,.T.);
#8537=EDGE_CURVE('',#10191,#10323,#10325,.T.);
#8538=FILL_AREA_STYLE('',(#10326));
#8539=EDGE_CURVE('',#10280,#10194,#10327,.T.);
#8540=FILL_AREA_STYLE('',(#10328));
#8541=EDGE_CURVE('',#10248,#10329,#10330,.T.);
#8542=EDGE_CURVE('',#10329,#10156,#10331,.T.);
#8543=EDGE_CURVE('',#10160,#10274,#10332,.T.);
#8544=EDGE_CURVE('',#10250,#10272,#10333,.T.);
#8545=FILL_AREA_STYLE('',(#10334));
#8546=EDGE_CURVE('',#10252,#10270,#10335,.T.);
#8547=EDGE_CURVE('',#10336,#10337,#10338,.T.);
#8548=EDGE_CURVE('',#10337,#10339,#10340,.T.);
#8549=EDGE_CURVE('',#10341,#10339,#10342,.T.);
#8550=EDGE_CURVE('',#10336,#10341,#10343,.T.);
#8551=FILL_AREA_STYLE('',(#10344));
#8552=EDGE_CURVE('',#10337,#10345,#10346,.T.);
#8553=EDGE_CURVE('',#10347,#10345,#10348,.T.);
#8554=EDGE_CURVE('',#10347,#10339,#10349,.T.);
#8555=FILL_AREA_STYLE('',(#10350));
#8556=EDGE_CURVE('',#10336,#10351,#10352,.T.);
#8557=EDGE_CURVE('',#10351,#10345,#10353,.T.);
#8558=FILL_AREA_STYLE('',(#10354));
#8559=EDGE_CURVE('',#10355,#10356,#10357,.T.);
#8560=EDGE_CURVE('',#10356,#10358,#10359,.T.);
#8561=EDGE_CURVE('',#10360,#10358,#10361,.T.);
#8562=EDGE_CURVE('',#10355,#10360,#10362,.T.);
#8563=EDGE_CURVE('',#10363,#10351,#10364,.T.);
#8564=EDGE_CURVE('',#10363,#10347,#10365,.T.);
#8565=FILL_AREA_STYLE('',(#10366));
#8566=FILL_AREA_STYLE('',(#10367));
#8567=EDGE_CURVE('',#10368,#10229,#10369,.T.);
#8568=EDGE_CURVE('',#10368,#10268,#10370,.T.);
#8569=FILL_AREA_STYLE('',(#10371));
#8570=EDGE_CURVE('',#10372,#10373,#10374,.T.);
#8571=EDGE_CURVE('',#10375,#10373,#10376,.T.);
#8572=EDGE_CURVE('',#10183,#10375,#10377,.T.);
#8573=EDGE_CURVE('',#10378,#10187,#10379,.T.);
#8574=EDGE_CURVE('',#10378,#10380,#10381,.T.);
#8575=EDGE_CURVE('',#10149,#10380,#10382,.T.);
#8576=EDGE_CURVE('',#10383,#10146,#10384,.T.);
#8577=EDGE_CURVE('',#10372,#10383,#10385,.T.);
#8578=EDGE_CURVE('',#10386,#10387,#10388,.T.);
#8579=EDGE_CURVE('',#10387,#10386,#10389,.T.);
#8580=FILL_AREA_STYLE('',(#10390));
#8581=EDGE_CURVE('',#10391,#10185,#10392,.T.);
#8582=EDGE_CURVE('',#10378,#10391,#10393,.T.);
#8583=FILL_AREA_STYLE('',(#10394));
#8584=EDGE_CURVE('',#10395,#10375,#10396,.T.);
#8585=EDGE_CURVE('',#10182,#10395,#10397,.T.);
#8586=FILL_AREA_STYLE('',(#10398));
#8587=EDGE_CURVE('',#10395,#10399,#10400,.T.);
#8588=EDGE_CURVE('',#10399,#10373,#10401,.T.);
#8589=FILL_AREA_STYLE('',(#10402));
#8590=EDGE_CURVE('',#10358,#10399,#10403,.T.);
#8591=EDGE_CURVE('',#10391,#10356,#10404,.T.);
#8592=FILL_AREA_STYLE('',(#10405));
#8593=EDGE_CURVE('',#10386,#10406,#10407,.T.);
#8594=EDGE_CURVE('',#10406,#10408,#10409,.T.);
#8595=EDGE_CURVE('',#10387,#10408,#10410,.T.);
#8596=FILL_AREA_STYLE('',(#10411));
#8597=EDGE_CURVE('',#10412,#10413,#10414,.T.);
#8598=EDGE_CURVE('',#10415,#10413,#10416,.T.);
#8599=EDGE_CURVE('',#10360,#10415,#10417,.T.);
#8600=EDGE_CURVE('',#10372,#10418,#10419,.T.);
#8601=EDGE_CURVE('',#10418,#10420,#10421,.T.);
#8602=EDGE_CURVE('',#10422,#10420,#10423,.T.);
#8603=EDGE_CURVE('',#10424,#10422,#10425,.T.);
#8604=EDGE_CURVE('',#10412,#10424,#10426,.T.);
#8605=FILL_AREA_STYLE('',(#10427));
#8606=EDGE_CURVE('',#10254,#10178,#10428,.T.);
#8607=FILL_AREA_STYLE('',(#10429));
#8608=EDGE_CURVE('',#10174,#10368,#10430,.T.);
#8609=FILL_AREA_STYLE('',(#10431));
#8610=EDGE_CURVE('',#10432,#10164,#10433,.T.);
#8611=EDGE_CURVE('',#10434,#10432,#10435,.T.);
#8612=EDGE_CURVE('',#10434,#10355,#10436,.T.);
#8613=EDGE_CURVE('',#10167,#10415,#10437,.T.);
#8614=FILL_AREA_STYLE('',(#10438));
#8615=EDGE_CURVE('',#10432,#10439,#10440,.T.);
#8616=EDGE_CURVE('',#10441,#10439,#10442,.T.);
#8617=EDGE_CURVE('',#10441,#10434,#10443,.T.);
#8618=FILL_AREA_STYLE('',(#10444));
#8619=EDGE_CURVE('',#10169,#10413,#10445,.T.);
#8620=FILL_AREA_STYLE('',(#10446));
#8621=EDGE_CURVE('',#10439,#10165,#10447,.T.);
#8622=FILL_AREA_STYLE('',(#10448));
#8623=EDGE_CURVE('',#10441,#10449,#10450,.T.);
#8624=EDGE_CURVE('',#10451,#10449,#10452,.T.);
#8625=EDGE_CURVE('',#10453,#10451,#10454,.T.);
#8626=EDGE_CURVE('',#10453,#10455,#10456,.T.);
#8627=EDGE_CURVE('',#10455,#10457,#10458,.T.);
#8628=EDGE_CURVE('',#10457,#10380,#10459,.T.);
#8629=FILL_AREA_STYLE('',(#10460));
#8630=EDGE_CURVE('',#10329,#10319,#10461,.T.);
#8631=FILL_AREA_STYLE('',(#10462));
#8632=EDGE_CURVE('',#10412,#10113,#10463,.T.);
#8633=EDGE_CURVE('',#10110,#10464,#10465,.T.);
#8634=EDGE_CURVE('',#10464,#10449,#10466,.T.);
#8635=EDGE_CURVE('',#10408,#10406,#10467,.T.);
#8636=FILL_AREA_STYLE('',(#10468));
#8637=EDGE_CURVE('',#10363,#10341,#10469,.T.);
#8638=FILL_AREA_STYLE('',(#10470));
#8639=FILL_AREA_STYLE('',(#10471));
#8640=FILL_AREA_STYLE('',(#10472));
#8641=FILL_AREA_STYLE('',(#10473));
#8642=EDGE_CURVE('',#10474,#10147,#10475,.T.);
#8643=EDGE_CURVE('',#10474,#10383,#10476,.T.);
#8644=FILL_AREA_STYLE('',(#10477));
#8645=EDGE_CURVE('',#10478,#10464,#10479,.T.);
#8646=EDGE_CURVE('',#10478,#10451,#10480,.T.);
#8647=FILL_AREA_STYLE('',(#10481));
#8648=EDGE_CURVE('',#10422,#10453,#10482,.T.);
#8649=EDGE_CURVE('',#10111,#10478,#10483,.T.);
#8650=EDGE_CURVE('',#10424,#10115,#10484,.T.);
#8651=FILL_AREA_STYLE('',(#10485));
#8652=EDGE_CURVE('',#10420,#10455,#10486,.T.);
#8653=EDGE_CURVE('',#10487,#10488,#10489,.T.);
#8654=EDGE_CURVE('',#10488,#10490,#10491,.T.);
#8655=EDGE_CURVE('',#10492,#10490,#10493,.T.);
#8656=EDGE_CURVE('',#10487,#10492,#10494,.T.);
#8657=FILL_AREA_STYLE('',(#10495));
#8658=EDGE_CURVE('',#10488,#10496,#10497,.T.);
#8659=EDGE_CURVE('',#10498,#10496,#10499,.T.);
#8660=EDGE_CURVE('',#10498,#10490,#10500,.T.);
#8661=FILL_AREA_STYLE('',(#10501));
#8662=EDGE_CURVE('',#10487,#10502,#10503,.T.);
#8663=EDGE_CURVE('',#10502,#10496,#10504,.T.);
#8664=FILL_AREA_STYLE('',(#10505));
#8665=EDGE_CURVE('',#10506,#10492,#10507,.T.);
#8666=EDGE_CURVE('',#10506,#10502,#10508,.T.);
#8667=FILL_AREA_STYLE('',(#10509));
#8668=EDGE_CURVE('',#10510,#10511,#10512,.T.);
#8669=EDGE_CURVE('',#10510,#10513,#10514,.T.);
#8670=EDGE_CURVE('',#10513,#10515,#10516,.T.);
#8671=EDGE_CURVE('',#10511,#10515,#10517,.T.);
#8672=EDGE_CURVE('',#10506,#10498,#10518,.T.);
#8673=FILL_AREA_STYLE('',(#10519));
#8674=FILL_AREA_STYLE('',(#10520));
#8675=EDGE_CURVE('',#10521,#10522,#10523,.T.);
#8676=EDGE_CURVE('',#10521,#10524,#10525,.T.);
#8677=EDGE_CURVE('',#10524,#10526,#10527,.T.);
#8678=EDGE_CURVE('',#10522,#10526,#10528,.T.);
#8679=FILL_AREA_STYLE('',(#10529));
#8680=EDGE_CURVE('',#10530,#10531,#10532,.T.);
#8681=EDGE_CURVE('',#10533,#10531,#10534,.T.);
#8682=EDGE_CURVE('',#10533,#10535,#10536,.T.);
#8683=EDGE_CURVE('',#10535,#10530,#10537,.T.);
#8684=FILL_AREA_STYLE('',(#10538));
#8685=EDGE_CURVE('',#10539,#10540,#10541,.T.);
#8686=EDGE_CURVE('',#10142,#10540,#10542,.T.);
#8687=EDGE_CURVE('',#10140,#10539,#10543,.T.);
#8688=FILL_AREA_STYLE('',(#10544));
#8689=EDGE_CURVE('',#10531,#10138,#10545,.T.);
#8690=EDGE_CURVE('',#10530,#10137,#10546,.T.);
#8691=FILL_AREA_STYLE('',(#10547));
#8692=EDGE_CURVE('',#10535,#10548,#10549,.T.);
#8693=EDGE_CURVE('',#10550,#10548,#10551,.T.);
#8694=EDGE_CURVE('',#10550,#10539,#10552,.T.);
#8695=FILL_AREA_STYLE('',(#10553));
#8696=EDGE_CURVE('',#10554,#10131,#10555,.T.);
#8697=EDGE_CURVE('',#10556,#10554,#10557,.T.);
#8698=EDGE_CURVE('',#10556,#10133,#10558,.T.);
#8699=FILL_AREA_STYLE('',(#10559));
#8700=EDGE_CURVE('',#10128,#10560,#10561,.T.);
#8701=EDGE_CURVE('',#10560,#10562,#10563,.T.);
#8702=EDGE_CURVE('',#10511,#10562,#10564,.T.);
#8703=EDGE_CURVE('',#10554,#10515,#10565,.T.);
#8704=FILL_AREA_STYLE('',(#10566));
#8705=EDGE_CURVE('',#10129,#10567,#10568,.T.);
#8706=EDGE_CURVE('',#10560,#10567,#10569,.T.);
#8707=FILL_AREA_STYLE('',(#10570));
#8708=EDGE_CURVE('',#10567,#10571,#10572,.T.);
#8709=EDGE_CURVE('',#10562,#10571,#10573,.T.);
#8710=FILL_AREA_STYLE('',(#10574));
#8711=EDGE_CURVE('',#10575,#10576,#10577,.T.);
#8712=EDGE_CURVE('',#10124,#10576,#10578,.T.);
#8713=EDGE_CURVE('',#10122,#10575,#10579,.T.);
#8714=FILL_AREA_STYLE('',(#10580));
#8715=EDGE_CURVE('',#10581,#10582,#10583,.T.);
#8716=EDGE_CURVE('',#10581,#10513,#10584,.T.);
#8717=EDGE_CURVE('',#10510,#10575,#10585,.T.);
#8718=EDGE_CURVE('',#10582,#10119,#10586,.T.);
#8719=FILL_AREA_STYLE('',(#10587));
#8720=EDGE_CURVE('',#10588,#10120,#10589,.T.);
#8721=EDGE_CURVE('',#10582,#10588,#10590,.T.);
#8722=FILL_AREA_STYLE('',(#10591));
#8723=EDGE_CURVE('',#10592,#10588,#10593,.T.);
#8724=EDGE_CURVE('',#10592,#10581,#10594,.T.);
#8725=FILL_AREA_STYLE('',(#10595));
#8726=EDGE_CURVE('',#10418,#10474,#10596,.T.);
#8727=FILL_AREA_STYLE('',(#10597));
#8728=EDGE_CURVE('',#10151,#10457,#10598,.T.);
#8729=FILL_AREA_STYLE('',(#10599));
#8730=FILL_AREA_STYLE('',(#10600));
#8731=FILL_AREA_STYLE('',(#10601));
#8732=FILL_AREA_STYLE('',(#10602));
#8733=EDGE_CURVE('',#10603,#10576,#10604,.T.);
#8734=EDGE_CURVE('',#10603,#10095,#10605,.T.);
#8735=EDGE_CURVE('',#10092,#10606,#10607,.T.);
#8736=EDGE_CURVE('',#10606,#10608,#10609,.T.);
#8737=EDGE_CURVE('',#10592,#10608,#10610,.T.);
#8738=EDGE_CURVE('',#10611,#10612,#10613,.T.);
#8739=EDGE_CURVE('',#10612,#10611,#10614,.T.);
#8740=FILL_AREA_STYLE('',(#10615));
#8741=EDGE_CURVE('',#10616,#10571,#10617,.T.);
#8742=EDGE_CURVE('',#10556,#10618,#10619,.T.);
#8743=EDGE_CURVE('',#10104,#10618,#10620,.T.);
#8744=EDGE_CURVE('',#10621,#10101,#10622,.T.);
#8745=EDGE_CURVE('',#10616,#10621,#10623,.T.);
#8746=EDGE_CURVE('',#10624,#10625,#10626,.T.);
#8747=EDGE_CURVE('',#10625,#10624,#10627,.T.);
#8748=FILL_AREA_STYLE('',(#10628));
#8749=EDGE_CURVE('',#10624,#10611,#10629,.T.);
#8750=EDGE_CURVE('',#10625,#10612,#10630,.T.);
#8751=FILL_AREA_STYLE('',(#10631));
#8752=EDGE_CURVE('',#10632,#10608,#10633,.T.);
#8753=EDGE_CURVE('',#10634,#10632,#10635,.T.);
#8754=EDGE_CURVE('',#10634,#10636,#10637,.T.);
#8755=EDGE_CURVE('',#10636,#10638,#10639,.T.);
#8756=EDGE_CURVE('',#10638,#10618,#10640,.T.);
#8757=FILL_AREA_STYLE('',(#10641));
#8758=EDGE_CURVE('',#10642,#10643,#10644,.T.);
#8759=EDGE_CURVE('',#10616,#10642,#10645,.T.);
#8760=EDGE_CURVE('',#10643,#10621,#10646,.T.);
#8761=FILL_AREA_STYLE('',(#10647));
#8762=EDGE_CURVE('',#10642,#10648,#10649,.T.);
#8763=EDGE_CURVE('',#10643,#10102,#10650,.T.);
#8764=EDGE_CURVE('',#10106,#10638,#10651,.T.);
#8765=EDGE_CURVE('',#10648,#10636,#10652,.T.);
#8766=FILL_AREA_STYLE('',(#10653));
#8767=FILL_AREA_STYLE('',(#10654));
#8768=FILL_AREA_STYLE('',(#10655));
#8769=EDGE_CURVE('',#10656,#10606,#10657,.T.);
#8770=EDGE_CURVE('',#10656,#10632,#10658,.T.);
#8771=FILL_AREA_STYLE('',(#10659));
#8772=EDGE_CURVE('',#10093,#10656,#10660,.T.);
#8773=FILL_AREA_STYLE('',(#10661));
#8774=EDGE_CURVE('',#10603,#10662,#10663,.T.);
#8775=EDGE_CURVE('',#10662,#10097,#10664,.T.);
#8776=FILL_AREA_STYLE('',(#10665));
#8777=EDGE_CURVE('',#10662,#10666,#10667,.T.);
#8778=EDGE_CURVE('',#10666,#10648,#10668,.T.);
#8779=FILL_AREA_STYLE('',(#10669));
#8780=EDGE_CURVE('',#10666,#10634,#10670,.T.);
#8781=FILL_AREA_STYLE('',(#10671));
#8782=EDGE_CURVE('',#10672,#10673,#10674,.T.);
#8783=EDGE_CURVE('',#10673,#10675,#10676,.T.);
#8784=EDGE_CURVE('',#10677,#10675,#10678,.T.);
#8785=EDGE_CURVE('',#10672,#10677,#10679,.T.);
#8786=FILL_AREA_STYLE('',(#10680));
#8787=EDGE_CURVE('',#10673,#10681,#10682,.T.);
#8788=EDGE_CURVE('',#10683,#10681,#10684,.T.);
#8789=EDGE_CURVE('',#10683,#10675,#10685,.T.);
#8790=FILL_AREA_STYLE('',(#10686));
#8791=EDGE_CURVE('',#10672,#10687,#10688,.T.);
#8792=EDGE_CURVE('',#10687,#10681,#10689,.T.);
#8793=FILL_AREA_STYLE('',(#10690));
#8794=EDGE_CURVE('',#10691,#10677,#10692,.T.);
#8795=EDGE_CURVE('',#10691,#10687,#10693,.T.);
#8796=FILL_AREA_STYLE('',(#10694));
#8797=EDGE_CURVE('',#10550,#10695,#10696,.T.);
#8798=EDGE_CURVE('',#10548,#10697,#10698,.T.);
#8799=EDGE_CURVE('',#10695,#10697,#10699,.T.);
#8800=EDGE_CURVE('',#10691,#10683,#10700,.T.);
#8801=FILL_AREA_STYLE('',(#10701));
#8802=FILL_AREA_STYLE('',(#10702));
#8803=EDGE_CURVE('',#10703,#10704,#10705,.T.);
#8804=EDGE_CURVE('',#10703,#10706,#10707,.T.);
#8805=EDGE_CURVE('',#10708,#10706,#10709,.T.);
#8806=EDGE_CURVE('',#10057,#10708,#10710,.T.);
#8807=EDGE_CURVE('',#10711,#10061,#10712,.T.);
#8808=EDGE_CURVE('',#10711,#10704,#10713,.T.);
#8809=FILL_AREA_STYLE('',(#10714));
#8810=EDGE_CURVE('',#10533,#10715,#10716,.T.);
#8811=EDGE_CURVE('',#10706,#10715,#10717,.T.);
#8812=EDGE_CURVE('',#10703,#10718,#10719,.T.);
#8813=EDGE_CURVE('',#10718,#10720,#10721,.T.);
#8814=EDGE_CURVE('',#10720,#10722,#10723,.T.);
#8815=EDGE_CURVE('',#10724,#10722,#10725,.T.);
#8816=EDGE_CURVE('',#10724,#10726,#10727,.T.);
#8817=EDGE_CURVE('',#10726,#10697,#10728,.T.);
#8818=FILL_AREA_STYLE('',(#10729));
#8819=EDGE_CURVE('',#10730,#10084,#10731,.T.);
#8820=EDGE_CURVE('',#10730,#10732,#10733,.T.);
#8821=EDGE_CURVE('',#10732,#10083,#10734,.T.);
#8822=FILL_AREA_STYLE('',(#10735));
#8823=EDGE_CURVE('',#10736,#10737,#10738,.T.);
#8824=EDGE_CURVE('',#10736,#10739,#10740,.T.);
#8825=EDGE_CURVE('',#10739,#10741,#10742,.T.);
#8826=EDGE_CURVE('',#10737,#10741,#10743,.T.);
#8827=FILL_AREA_STYLE('',(#10744));
#8828=EDGE_CURVE('',#10745,#10526,#10746,.T.);
#8829=EDGE_CURVE('',#10075,#10524,#10747,.T.);
#8830=EDGE_CURVE('',#10724,#10079,#10748,.T.);
#8831=EDGE_CURVE('',#10068,#10722,#10749,.T.);
#8832=EDGE_CURVE('',#10750,#10065,#10751,.T.);
#8833=EDGE_CURVE('',#10745,#10750,#10752,.T.);
#8834=EDGE_CURVE('',#10737,#10736,#10753,.T.);
#8835=FILL_AREA_STYLE('',(#10754));
#8836=EDGE_CURVE('',#10726,#10077,#10755,.T.);
#8837=FILL_AREA_STYLE('',(#10756));
#8838=EDGE_CURVE('',#10074,#10521,#10757,.T.);
#8839=EDGE_CURVE('',#10695,#10522,#10758,.T.);
#8840=FILL_AREA_STYLE('',(#10759));
#8841=FILL_AREA_STYLE('',(#10760));
#8842=EDGE_CURVE('',#10761,#10540,#10762,.T.);
#8843=EDGE_CURVE('',#10761,#10059,#10763,.T.);
#8844=EDGE_CURVE('',#10056,#10764,#10765,.T.);
#8845=EDGE_CURVE('',#10764,#10715,#10766,.T.);
#8846=EDGE_CURVE('',#10741,#10739,#10767,.T.);
#8847=FILL_AREA_STYLE('',(#10768));
#8848=EDGE_CURVE('',#10769,#10770,#10771,.T.);
#8849=EDGE_CURVE('',#10770,#10772,#10773,.T.);
#8850=EDGE_CURVE('',#10774,#10772,#10775,.T.);
#8851=EDGE_CURVE('',#10769,#10774,#10776,.T.);
#8852=FILL_AREA_STYLE('',(#10777));
#8853=EDGE_CURVE('',#10778,#10779,#10780,.T.);
#8854=EDGE_CURVE('',#10778,#10781,#10782,.T.);
#8855=EDGE_CURVE('',#10781,#10066,#10783,.T.);
#8856=EDGE_CURVE('',#10070,#10720,#10784,.T.);
#8857=EDGE_CURVE('',#10718,#10779,#10785,.T.);
#8858=FILL_AREA_STYLE('',(#10786));
#8859=FILL_AREA_STYLE('',(#10787));
#8860=EDGE_CURVE('',#10745,#10778,#10788,.T.);
#8861=EDGE_CURVE('',#10781,#10750,#10789,.T.);
#8862=FILL_AREA_STYLE('',(#10790));
#8863=FILL_AREA_STYLE('',(#10791));
#8864=EDGE_CURVE('',#10792,#10730,#10793,.T.);
#8865=EDGE_CURVE('',#10794,#10792,#10795,.T.);
#8866=EDGE_CURVE('',#10794,#10732,#10796,.T.);
#8867=FILL_AREA_STYLE('',(#10797));
#8868=EDGE_CURVE('',#10708,#10764,#10798,.T.);
#8869=FILL_AREA_STYLE('',(#10799));
#8870=EDGE_CURVE('',#10761,#10711,#10800,.T.);
#8871=FILL_AREA_STYLE('',(#10801));
#8872=FILL_AREA_STYLE('',(#10802));
#8873=EDGE_CURVE('',#10088,#10803,#10804,.T.);
#8874=EDGE_CURVE('',#10086,#10805,#10806,.T.);
#8875=EDGE_CURVE('',#10803,#10805,#10807,.T.);
#8876=FILL_AREA_STYLE('',(#10808));
#8877=EDGE_CURVE('',#10704,#10779,#10809,.T.);
#8878=FILL_AREA_STYLE('',(#10810));
#8879=EDGE_CURVE('',#10811,#10812,#10813,.T.);
#8880=EDGE_CURVE('',#10812,#10772,#10814,.T.);
#8881=EDGE_CURVE('',#10811,#10770,#10815,.T.);
#8882=FILL_AREA_STYLE('',(#10816));
#8883=EDGE_CURVE('',#10812,#10817,#10818,.T.);
#8884=EDGE_CURVE('',#10774,#10817,#10819,.T.);
#8885=FILL_AREA_STYLE('',(#10820));
#8886=EDGE_CURVE('',#10811,#10821,#10822,.T.);
#8887=EDGE_CURVE('',#10821,#10817,#10823,.T.);
#8888=FILL_AREA_STYLE('',(#10824));
#8889=EDGE_CURVE('',#10769,#10821,#10825,.T.);
#8890=FILL_AREA_STYLE('',(#10826));
#8891=EDGE_CURVE('',#10827,#10828,#10829,.T.);
#8892=EDGE_CURVE('',#10828,#10830,#10831,.T.);
#8893=EDGE_CURVE('',#10832,#10830,#10833,.T.);
#8894=EDGE_CURVE('',#10827,#10832,#10834,.T.);
#8895=FILL_AREA_STYLE('',(#10835));
#8896=EDGE_CURVE('',#10792,#10836,#10837,.T.);
#8897=EDGE_CURVE('',#10838,#10803,#10839,.T.);
#8898=EDGE_CURVE('',#10836,#10838,#10840,.T.);
#8899=FILL_AREA_STYLE('',(#10841));
#8900=EDGE_CURVE('',#10842,#10838,#10843,.T.);
#8901=EDGE_CURVE('',#10844,#10842,#10845,.T.);
#8902=EDGE_CURVE('',#10844,#10836,#10846,.T.);
#8903=EDGE_CURVE('',#10847,#10848,#10849,.T.);
#8904=EDGE_CURVE('',#10848,#10850,#10851,.T.);
#8905=EDGE_CURVE('',#10852,#10850,#10853,.T.);
#8906=EDGE_CURVE('',#10847,#10852,#10854,.T.);
#8907=FILL_AREA_STYLE('',(#10855));
#8908=EDGE_CURVE('',#10848,#10856,#10857,.T.);
#8909=EDGE_CURVE('',#10858,#10856,#10859,.T.);
#8910=EDGE_CURVE('',#10858,#10850,#10860,.T.);
#8911=FILL_AREA_STYLE('',(#10861));
#8912=EDGE_CURVE('',#10847,#10862,#10863,.T.);
#8913=EDGE_CURVE('',#10862,#10856,#10864,.T.);
#8914=FILL_AREA_STYLE('',(#10865));
#8915=EDGE_CURVE('',#10866,#10867,#10868,.T.);
#8916=EDGE_CURVE('',#10867,#10869,#10870,.T.);
#8917=EDGE_CURVE('',#10871,#10869,#10872,.T.);
#8918=EDGE_CURVE('',#10866,#10871,#10873,.T.);
#8919=EDGE_CURVE('',#10874,#10862,#10875,.T.);
#8920=EDGE_CURVE('',#10874,#10858,#10876,.T.);
#8921=FILL_AREA_STYLE('',(#10877));
#8922=EDGE_CURVE('',#10878,#10879,#10880,.T.);
#8923=EDGE_CURVE('',#10878,#10881,#10882,.T.);
#8924=EDGE_CURVE('',#10881,#9877,#10883,.T.);
#8925=EDGE_CURVE('',#9881,#10884,#10885,.T.);
#8926=EDGE_CURVE('',#10886,#10884,#10887,.T.);
#8927=EDGE_CURVE('',#10879,#10886,#10888,.T.);
#8928=FILL_AREA_STYLE('',(#10889));
#8929=EDGE_CURVE('',#9879,#10890,#10891,.T.);
#8930=EDGE_CURVE('',#10884,#10890,#10892,.T.);
#8931=FILL_AREA_STYLE('',(#10893));
#8932=EDGE_CURVE('',#10894,#10895,#10896,.T.);
#8933=EDGE_CURVE('',#10897,#10895,#10898,.T.);
#8934=EDGE_CURVE('',#10048,#10897,#10899,.T.);
#8935=EDGE_CURVE('',#10900,#10052,#10901,.T.);
#8936=EDGE_CURVE('',#10900,#10890,#10902,.T.);
#8937=EDGE_CURVE('',#10903,#9876,#10904,.T.);
#8938=EDGE_CURVE('',#10894,#10903,#10905,.T.);
#8939=EDGE_CURVE('',#10906,#10907,#10908,.T.);
#8940=EDGE_CURVE('',#10907,#10906,#10909,.T.);
#8941=FILL_AREA_STYLE('',(#10910));
#8942=EDGE_CURVE('',#10911,#10050,#10912,.T.);
#8943=EDGE_CURVE('',#10900,#10911,#10913,.T.);
#8944=FILL_AREA_STYLE('',(#10914));
#8945=EDGE_CURVE('',#10915,#10897,#10916,.T.);
#8946=EDGE_CURVE('',#10047,#10915,#10917,.T.);
#8947=FILL_AREA_STYLE('',(#10918));
#8948=EDGE_CURVE('',#10915,#10919,#10920,.T.);
#8949=EDGE_CURVE('',#10919,#10895,#10921,.T.);
#8950=FILL_AREA_STYLE('',(#10922));
#8951=EDGE_CURVE('',#10869,#10919,#10923,.T.);
#8952=EDGE_CURVE('',#10911,#10867,#10924,.T.);
#8953=FILL_AREA_STYLE('',(#10925));
#8954=EDGE_CURVE('',#10906,#10926,#10927,.T.);
#8955=EDGE_CURVE('',#10926,#10928,#10929,.T.);
#8956=EDGE_CURVE('',#10907,#10928,#10930,.T.);
#8957=FILL_AREA_STYLE('',(#10931));
#8958=EDGE_CURVE('',#10932,#9888,#10933,.T.);
#8959=EDGE_CURVE('',#9885,#10934,#10935,.T.);
#8960=EDGE_CURVE('',#10934,#10936,#10937,.T.);
#8961=EDGE_CURVE('',#10938,#10936,#10939,.T.);
#8962=EDGE_CURVE('',#10938,#10940,#10941,.T.);
#8963=EDGE_CURVE('',#10940,#10039,#10942,.T.);
#8964=EDGE_CURVE('',#10043,#10943,#10944,.T.);
#8965=EDGE_CURVE('',#10932,#10943,#10945,.T.);
#8966=EDGE_CURVE('',#10928,#10926,#10946,.T.);
#8967=FILL_AREA_STYLE('',(#10947));
#8968=EDGE_CURVE('',#10948,#10949,#10950,.T.);
#8969=EDGE_CURVE('',#10949,#10951,#10952,.T.);
#8970=EDGE_CURVE('',#10953,#10951,#10954,.T.);
#8971=EDGE_CURVE('',#9886,#10953,#10955,.T.);
#8972=EDGE_CURVE('',#10956,#9890,#10957,.T.);
#8973=EDGE_CURVE('',#10956,#10948,#10958,.T.);
#8974=FILL_AREA_STYLE('',(#10959));
#8975=EDGE_CURVE('',#10932,#10956,#10960,.T.);
#8976=EDGE_CURVE('',#10961,#10943,#10962,.T.);
#8977=EDGE_CURVE('',#10871,#10961,#10963,.T.);
#8978=EDGE_CURVE('',#10894,#10878,#10964,.T.);
#8979=EDGE_CURVE('',#10948,#10879,#10965,.T.);
#8980=FILL_AREA_STYLE('',(#10966));
#8981=EDGE_CURVE('',#10967,#10038,#10968,.T.);
#8982=EDGE_CURVE('',#10969,#10967,#10970,.T.);
#8983=EDGE_CURVE('',#10969,#10866,#10971,.T.);
#8984=EDGE_CURVE('',#10041,#10961,#10972,.T.);
#8985=FILL_AREA_STYLE('',(#10973));
#8986=EDGE_CURVE('',#10967,#10940,#10974,.T.);
#8987=EDGE_CURVE('',#10938,#10969,#10975,.T.);
#8988=FILL_AREA_STYLE('',(#10976));
#8989=FILL_AREA_STYLE('',(#10977));
#8990=FILL_AREA_STYLE('',(#10978));
#8991=EDGE_CURVE('',#10949,#10886,#10979,.T.);
#8992=EDGE_CURVE('',#10980,#10981,#10982,.T.);
#8993=EDGE_CURVE('',#10981,#10983,#10984,.T.);
#8994=EDGE_CURVE('',#10985,#10983,#10986,.T.);
#8995=EDGE_CURVE('',#10980,#10985,#10987,.T.);
#8996=FILL_AREA_STYLE('',(#10988));
#8997=EDGE_CURVE('',#10981,#10989,#10990,.T.);
#8998=EDGE_CURVE('',#10991,#10989,#10992,.T.);
#8999=EDGE_CURVE('',#10991,#10983,#10993,.T.);
#9000=FILL_AREA_STYLE('',(#10994));
#9001=EDGE_CURVE('',#10980,#10995,#10996,.T.);
#9002=EDGE_CURVE('',#10995,#10989,#10997,.T.);
#9003=FILL_AREA_STYLE('',(#10998));
#9004=EDGE_CURVE('',#10999,#10985,#11000,.T.);
#9005=EDGE_CURVE('',#10999,#10995,#11001,.T.);
#9006=FILL_AREA_STYLE('',(#11002));
#9007=EDGE_CURVE('',#11003,#11004,#11005,.T.);
#9008=EDGE_CURVE('',#11003,#11006,#11007,.T.);
#9009=EDGE_CURVE('',#11006,#11008,#11009,.T.);
#9010=EDGE_CURVE('',#11004,#11008,#11010,.T.);
#9011=EDGE_CURVE('',#10999,#10991,#11011,.T.);
#9012=FILL_AREA_STYLE('',(#11012));
#9013=FILL_AREA_STYLE('',(#11013));
#9014=EDGE_CURVE('',#11014,#11015,#11016,.T.);
#9015=EDGE_CURVE('',#11017,#11014,#11018,.T.);
#9016=EDGE_CURVE('',#11019,#11017,#11020,.T.);
#9017=EDGE_CURVE('',#11019,#11015,#11021,.T.);
#9018=EDGE_CURVE('',#11022,#11023,#11024,.T.);
#9019=EDGE_CURVE('',#11022,#11025,#11026,.T.);
#9020=EDGE_CURVE('',#11027,#11025,#11028,.T.);
#9021=EDGE_CURVE('',#11027,#11023,#11029,.T.);
#9022=FILL_AREA_STYLE('',(#11030));
#9023=EDGE_CURVE('',#11031,#11032,#11033,.T.);
#9024=EDGE_CURVE('',#11034,#11032,#11035,.T.);
#9025=EDGE_CURVE('',#11034,#11036,#11037,.T.);
#9026=EDGE_CURVE('',#11036,#11031,#11038,.T.);
#9027=EDGE_CURVE('',#11039,#11040,#11041,.T.);
#9028=EDGE_CURVE('',#11040,#11042,#11043,.T.);
#9029=EDGE_CURVE('',#11042,#11044,#11045,.T.);
#9030=EDGE_CURVE('',#11039,#11044,#11046,.T.);
#9031=FILL_AREA_STYLE('',(#11047));
#9032=EDGE_CURVE('',#11048,#11049,#11050,.T.);
#9033=EDGE_CURVE('',#11034,#11048,#11051,.T.);
#9034=EDGE_CURVE('',#11052,#11032,#11053,.T.);
#9035=EDGE_CURVE('',#10032,#11052,#11054,.T.);
#9036=EDGE_CURVE('',#10029,#11049,#11055,.T.);
#9037=FILL_AREA_STYLE('',(#11056));
#9038=EDGE_CURVE('',#10030,#11057,#11058,.T.);
#9039=EDGE_CURVE('',#11057,#11049,#11059,.T.);
#9040=FILL_AREA_STYLE('',(#11060));
#9041=EDGE_CURVE('',#11052,#11061,#11062,.T.);
#9042=EDGE_CURVE('',#11061,#10034,#11063,.T.);
#9043=FILL_AREA_STYLE('',(#11064));
#9044=EDGE_CURVE('',#11057,#11065,#11066,.T.);
#9045=EDGE_CURVE('',#11065,#11048,#11067,.T.);
#9046=FILL_AREA_STYLE('',(#11068));
#9047=EDGE_CURVE('',#11031,#11069,#11070,.T.);
#9048=EDGE_CURVE('',#11069,#11071,#11072,.T.);
#9049=EDGE_CURVE('',#11071,#11073,#11074,.T.);
#9050=EDGE_CURVE('',#11075,#11073,#11076,.T.);
#9051=EDGE_CURVE('',#11077,#11075,#11078,.T.);
#9052=EDGE_CURVE('',#11077,#11079,#11080,.T.);
#9053=EDGE_CURVE('',#11079,#11081,#11082,.T.);
#9054=EDGE_CURVE('',#11081,#11083,#11084,.T.);
#9055=EDGE_CURVE('',#11061,#11083,#11085,.T.);
#9056=FILL_AREA_STYLE('',(#11086));
#9057=EDGE_CURVE('',#11087,#11088,#11089,.T.);
#9058=EDGE_CURVE('',#11087,#11071,#11090,.T.);
#9059=EDGE_CURVE('',#11088,#11069,#11091,.T.);
#9060=FILL_AREA_STYLE('',(#11092));
#9061=EDGE_CURVE('',#11087,#10021,#11093,.T.);
#9062=EDGE_CURVE('',#11088,#10020,#11094,.T.);
#9063=FILL_AREA_STYLE('',(#11095));
#9064=EDGE_CURVE('',#11096,#11097,#11098,.T.);
#9065=EDGE_CURVE('',#11096,#10025,#11099,.T.);
#9066=EDGE_CURVE('',#11097,#10023,#11100,.T.);
#9067=FILL_AREA_STYLE('',(#11101));
#9068=EDGE_CURVE('',#9933,#11083,#11102,.T.);
#9069=EDGE_CURVE('',#11103,#9930,#11104,.T.);
#9070=EDGE_CURVE('',#11105,#11103,#11106,.T.);
#9071=EDGE_CURVE('',#11105,#11065,#11107,.T.);
#9072=EDGE_CURVE('',#11108,#11109,#11110,.T.);
#9073=EDGE_CURVE('',#11109,#11108,#11111,.T.);
#9074=FILL_AREA_STYLE('',(#11112));
#9075=EDGE_CURVE('',#11108,#11113,#11114,.T.);
#9076=EDGE_CURVE('',#11113,#11115,#11116,.T.);
#9077=EDGE_CURVE('',#11109,#11115,#11117,.T.);
#9078=FILL_AREA_STYLE('',(#11118));
#9079=EDGE_CURVE('',#11119,#11096,#11120,.T.);
#9080=EDGE_CURVE('',#11119,#9942,#11121,.T.);
#9081=EDGE_CURVE('',#9939,#11122,#11123,.T.);
#9082=EDGE_CURVE('',#11122,#11073,#11124,.T.);
#9083=EDGE_CURVE('',#11115,#11113,#11125,.T.);
#9084=FILL_AREA_STYLE('',(#11126));
#9085=EDGE_CURVE('',#11127,#11077,#11128,.T.);
#9086=EDGE_CURVE('',#11129,#11075,#11130,.T.);
#9087=EDGE_CURVE('',#9940,#11129,#11131,.T.);
#9088=EDGE_CURVE('',#11132,#9944,#11133,.T.);
#9089=EDGE_CURVE('',#11132,#11127,#11134,.T.);
#9090=FILL_AREA_STYLE('',(#11135));
#9091=EDGE_CURVE('',#11036,#11097,#11136,.T.);
#9092=EDGE_CURVE('',#11105,#11137,#11138,.T.);
#9093=EDGE_CURVE('',#11137,#11139,#11140,.T.);
#9094=EDGE_CURVE('',#11127,#11139,#11141,.T.);
#9095=EDGE_CURVE('',#11119,#11132,#11142,.T.);
#9096=FILL_AREA_STYLE('',(#11143));
#9097=FILL_AREA_STYLE('',(#11144));
#9098=EDGE_CURVE('',#11139,#11079,#11145,.T.);
#9099=EDGE_CURVE('',#11146,#11147,#11148,.T.);
#9100=EDGE_CURVE('',#11147,#11149,#11150,.T.);
#9101=EDGE_CURVE('',#11151,#11149,#11152,.T.);
#9102=EDGE_CURVE('',#11146,#11151,#11153,.T.);
#9103=FILL_AREA_STYLE('',(#11154));
#9104=EDGE_CURVE('',#11147,#11155,#11156,.T.);
#9105=EDGE_CURVE('',#11157,#11155,#11158,.T.);
#9106=EDGE_CURVE('',#11157,#11149,#11159,.T.);
#9107=FILL_AREA_STYLE('',(#11160));
#9108=EDGE_CURVE('',#11146,#11161,#11162,.T.);
#9109=EDGE_CURVE('',#11161,#11155,#11163,.T.);
#9110=FILL_AREA_STYLE('',(#11164));
#9111=EDGE_CURVE('',#11165,#11151,#11166,.T.);
#9112=EDGE_CURVE('',#11165,#11161,#11167,.T.);
#9113=FILL_AREA_STYLE('',(#11168));
#9114=EDGE_CURVE('',#11169,#11170,#11171,.T.);
#9115=EDGE_CURVE('',#11169,#11172,#11173,.T.);
#9116=EDGE_CURVE('',#11172,#11174,#11175,.T.);
#9117=EDGE_CURVE('',#11170,#11174,#11176,.T.);
#9118=EDGE_CURVE('',#11165,#11157,#11177,.T.);
#9119=FILL_AREA_STYLE('',(#11178));
#9120=FILL_AREA_STYLE('',(#11179));
#9121=EDGE_CURVE('',#11180,#11181,#11182,.T.);
#9122=EDGE_CURVE('',#11180,#11183,#11184,.T.);
#9123=EDGE_CURVE('',#11183,#9985,#11185,.T.);
#9124=EDGE_CURVE('',#9989,#11186,#11187,.T.);
#9125=EDGE_CURVE('',#11188,#11186,#11189,.T.);
#9126=EDGE_CURVE('',#11188,#11181,#11190,.T.);
#9127=FILL_AREA_STYLE('',(#11191));
#9128=EDGE_CURVE('',#9987,#11192,#11193,.T.);
#9129=EDGE_CURVE('',#11186,#11192,#11194,.T.);
#9130=FILL_AREA_STYLE('',(#11195));
#9131=EDGE_CURVE('',#11196,#11197,#11198,.T.);
#9132=EDGE_CURVE('',#11199,#11197,#11200,.T.);
#9133=EDGE_CURVE('',#10012,#11199,#11201,.T.);
#9134=EDGE_CURVE('',#11202,#10016,#11203,.T.);
#9135=EDGE_CURVE('',#11202,#11192,#11204,.T.);
#9136=EDGE_CURVE('',#11205,#9984,#11206,.T.);
#9137=EDGE_CURVE('',#11196,#11205,#11207,.T.);
#9138=EDGE_CURVE('',#11208,#11209,#11210,.T.);
#9139=EDGE_CURVE('',#11209,#11208,#11211,.T.);
#9140=FILL_AREA_STYLE('',(#11212));
#9141=EDGE_CURVE('',#11213,#10014,#11214,.T.);
#9142=EDGE_CURVE('',#11202,#11213,#11215,.T.);
#9143=FILL_AREA_STYLE('',(#11216));
#9144=EDGE_CURVE('',#10011,#11217,#11218,.T.);
#9145=EDGE_CURVE('',#11217,#11219,#11220,.T.);
#9146=EDGE_CURVE('',#11170,#11219,#11221,.T.);
#9147=EDGE_CURVE('',#11213,#11174,#11222,.T.);
#9148=FILL_AREA_STYLE('',(#11223));
#9149=EDGE_CURVE('',#11217,#11199,#11224,.T.);
#9150=EDGE_CURVE('',#11219,#11197,#11225,.T.);
#9151=FILL_AREA_STYLE('',(#11226));
#9152=FILL_AREA_STYLE('',(#11227));
#9153=EDGE_CURVE('',#11208,#11228,#11229,.T.);
#9154=EDGE_CURVE('',#11228,#11230,#11231,.T.);
#9155=EDGE_CURVE('',#11209,#11230,#11232,.T.);
#9156=FILL_AREA_STYLE('',(#11233));
#9157=EDGE_CURVE('',#11234,#9996,#11235,.T.);
#9158=EDGE_CURVE('',#9993,#11236,#11237,.T.);
#9159=EDGE_CURVE('',#11236,#11238,#11239,.T.);
#9160=EDGE_CURVE('',#11240,#11238,#11241,.T.);
#9161=EDGE_CURVE('',#11240,#11242,#11243,.T.);
#9162=EDGE_CURVE('',#11242,#10003,#11244,.T.);
#9163=EDGE_CURVE('',#10007,#11245,#11246,.T.);
#9164=EDGE_CURVE('',#11234,#11245,#11247,.T.);
#9165=EDGE_CURVE('',#11230,#11228,#11248,.T.);
#9166=FILL_AREA_STYLE('',(#11249));
#9167=EDGE_CURVE('',#11250,#11172,#11251,.T.);
#9168=EDGE_CURVE('',#11240,#11250,#11252,.T.);
#9169=EDGE_CURVE('',#11253,#11238,#11254,.T.);
#9170=EDGE_CURVE('',#11255,#11253,#11256,.T.);
#9171=EDGE_CURVE('',#11255,#11188,#11257,.T.);
#9172=FILL_AREA_STYLE('',(#11258));
#9173=EDGE_CURVE('',#11259,#11245,#11260,.T.);
#9174=EDGE_CURVE('',#10005,#11259,#11261,.T.);
#9175=FILL_AREA_STYLE('',(#11262));
#9176=EDGE_CURVE('',#11250,#11263,#11264,.T.);
#9177=EDGE_CURVE('',#11169,#11259,#11265,.T.);
#9178=EDGE_CURVE('',#11263,#10002,#11266,.T.);
#9179=FILL_AREA_STYLE('',(#11267));
#9180=EDGE_CURVE('',#11263,#11242,#11268,.T.);
#9181=FILL_AREA_STYLE('',(#11269));
#9182=FILL_AREA_STYLE('',(#11270));
#9183=EDGE_CURVE('',#11271,#11236,#11272,.T.);
#9184=EDGE_CURVE('',#11271,#11253,#11273,.T.);
#9185=FILL_AREA_STYLE('',(#11274));
#9186=EDGE_CURVE('',#9994,#11271,#11275,.T.);
#9187=FILL_AREA_STYLE('',(#11276));
#9188=EDGE_CURVE('',#11234,#11277,#11278,.T.);
#9189=EDGE_CURVE('',#11277,#9998,#11279,.T.);
#9190=FILL_AREA_STYLE('',(#11280));
#9191=EDGE_CURVE('',#11196,#11180,#11281,.T.);
#9192=EDGE_CURVE('',#11183,#11205,#11282,.T.);
#9193=FILL_AREA_STYLE('',(#11283));
#9194=FILL_AREA_STYLE('',(#11284));
#9195=EDGE_CURVE('',#11277,#11285,#11286,.T.);
#9196=EDGE_CURVE('',#11285,#11181,#11287,.T.);
#9197=FILL_AREA_STYLE('',(#11288));
#9198=EDGE_CURVE('',#11255,#11285,#11289,.T.);
#9199=EDGE_CURVE('',#11290,#11291,#11292,.T.);
#9200=EDGE_CURVE('',#11291,#11293,#11294,.T.);
#9201=EDGE_CURVE('',#11295,#11293,#11296,.T.);
#9202=EDGE_CURVE('',#11290,#11295,#11297,.T.);
#9203=FILL_AREA_STYLE('',(#11298));
#9204=EDGE_CURVE('',#11291,#11299,#11300,.T.);
#9205=EDGE_CURVE('',#11301,#11299,#11302,.T.);
#9206=EDGE_CURVE('',#11301,#11293,#11303,.T.);
#9207=FILL_AREA_STYLE('',(#11304));
#9208=EDGE_CURVE('',#11290,#11305,#11306,.T.);
#9209=EDGE_CURVE('',#11305,#11299,#11307,.T.);
#9210=FILL_AREA_STYLE('',(#11308));
#9211=EDGE_CURVE('',#11309,#11295,#11310,.T.);
#9212=EDGE_CURVE('',#11309,#11305,#11311,.T.);
#9213=FILL_AREA_STYLE('',(#11312));
#9214=EDGE_CURVE('',#11313,#11314,#11315,.T.);
#9215=EDGE_CURVE('',#11314,#11316,#11317,.T.);
#9216=EDGE_CURVE('',#11318,#11316,#11319,.T.);
#9217=EDGE_CURVE('',#11313,#11318,#11320,.T.);
#9218=EDGE_CURVE('',#11309,#11301,#11321,.T.);
#9219=FILL_AREA_STYLE('',(#11322));
#9220=EDGE_CURVE('',#11323,#11324,#11325,.T.);
#9221=EDGE_CURVE('',#11323,#11326,#11327,.T.);
#9222=EDGE_CURVE('',#11326,#9958,#11328,.T.);
#9223=EDGE_CURVE('',#9962,#11329,#11330,.T.);
#9224=EDGE_CURVE('',#11331,#11329,#11332,.T.);
#9225=EDGE_CURVE('',#11331,#9951,#11333,.T.);
#9226=EDGE_CURVE('',#9948,#11334,#11335,.T.);
#9227=EDGE_CURVE('',#11334,#11324,#11336,.T.);
#9228=EDGE_CURVE('',#11337,#11338,#11339,.T.);
#9229=EDGE_CURVE('',#11338,#11337,#11340,.T.);
#9230=FILL_AREA_STYLE('',(#11341));
#9231=EDGE_CURVE('',#11342,#11338,#11343,.T.);
#9232=EDGE_CURVE('',#11344,#11342,#11345,.T.);
#9233=EDGE_CURVE('',#11344,#11337,#11346,.T.);
#9234=FILL_AREA_STYLE('',(#11347));
#9235=EDGE_CURVE('',#11348,#11349,#11350,.T.);
#9236=EDGE_CURVE('',#11351,#11349,#11352,.T.);
#9237=EDGE_CURVE('',#9967,#11351,#11353,.T.);
#9238=EDGE_CURVE('',#11354,#9971,#11355,.T.);
#9239=EDGE_CURVE('',#11354,#11356,#11357,.T.);
#9240=EDGE_CURVE('',#9978,#11356,#11358,.T.);
#9241=EDGE_CURVE('',#11359,#9975,#11360,.T.);
#9242=EDGE_CURVE('',#11348,#11359,#11361,.T.);
#9243=EDGE_CURVE('',#11342,#11344,#11362,.T.);
#9244=FILL_AREA_STYLE('',(#11363));
#9245=EDGE_CURVE('',#11364,#11365,#11366,.T.);
#9246=EDGE_CURVE('',#11364,#11367,#11368,.T.);
#9247=EDGE_CURVE('',#11369,#11367,#11370,.T.);
#9248=EDGE_CURVE('',#11369,#11371,#11372,.T.);
#9249=EDGE_CURVE('',#11371,#9976,#11373,.T.);
#9250=EDGE_CURVE('',#9980,#11365,#11374,.T.);
#9251=FILL_AREA_STYLE('',(#11375));
#9252=EDGE_CURVE('',#11376,#11329,#11377,.T.);
#9253=EDGE_CURVE('',#11318,#11376,#11378,.T.);
#9254=EDGE_CURVE('',#11316,#11379,#11380,.T.);
#9255=EDGE_CURVE('',#11379,#11349,#11381,.T.);
#9256=EDGE_CURVE('',#11348,#11369,#11382,.T.);
#9257=EDGE_CURVE('',#11383,#11367,#11384,.T.);
#9258=EDGE_CURVE('',#11385,#11383,#11386,.T.);
#9259=EDGE_CURVE('',#11331,#11385,#11387,.T.);
#9260=FILL_AREA_STYLE('',(#11388));
#9261=EDGE_CURVE('',#11389,#11326,#11390,.T.);
#9262=EDGE_CURVE('',#11323,#11391,#11392,.T.);
#9263=EDGE_CURVE('',#11391,#11389,#11393,.T.);
#9264=FILL_AREA_STYLE('',(#11394));
#9265=EDGE_CURVE('',#11389,#9957,#11395,.T.);
#9266=EDGE_CURVE('',#11391,#11313,#11396,.T.);
#9267=EDGE_CURVE('',#9960,#11376,#11397,.T.);
#9268=FILL_AREA_STYLE('',(#11398));
#9269=EDGE_CURVE('',#11399,#11324,#11400,.T.);
#9270=EDGE_CURVE('',#11401,#11399,#11402,.T.);
#9271=EDGE_CURVE('',#11401,#11364,#11403,.T.);
#9272=EDGE_CURVE('',#11365,#11356,#11404,.T.);
#9273=EDGE_CURVE('',#11354,#11405,#11406,.T.);
#9274=EDGE_CURVE('',#11405,#11314,#11407,.T.);
#9275=FILL_AREA_STYLE('',(#11408));
#9276=EDGE_CURVE('',#11401,#11383,#11409,.T.);
#9277=EDGE_CURVE('',#11410,#11411,#11412,.T.);
#9278=EDGE_CURVE('',#11413,#11410,#11414,.T.);
#9279=EDGE_CURVE('',#11415,#11413,#11416,.T.);
#9280=EDGE_CURVE('',#11411,#11415,#11417,.T.);
#9281=FILL_AREA_STYLE('',(#11418));
#9282=EDGE_CURVE('',#11419,#11420,#11421,.T.);
#9283=EDGE_CURVE('',#11422,#11419,#11423,.T.);
#9284=EDGE_CURVE('',#11424,#11422,#11425,.T.);
#9285=EDGE_CURVE('',#11420,#11424,#11426,.T.);
#9286=FILL_AREA_STYLE('',(#11427));
#9287=EDGE_CURVE('',#11415,#11422,#11428,.T.);
#9288=EDGE_CURVE('',#11411,#11419,#11429,.T.);
#9289=FILL_AREA_STYLE('',(#11430));
#9290=EDGE_CURVE('',#11413,#11424,#11431,.T.);
#9291=FILL_AREA_STYLE('',(#11432));
#9292=EDGE_CURVE('',#11410,#11420,#11433,.T.);
#9293=FILL_AREA_STYLE('',(#11434));
#9294=FILL_AREA_STYLE('',(#11435));
#9295=FILL_AREA_STYLE('',(#11436));
#9296=EDGE_CURVE('',#11371,#11359,#11437,.T.);
#9297=FILL_AREA_STYLE('',(#11438));
#9298=FILL_AREA_STYLE('',(#11439));
#9299=EDGE_CURVE('',#11440,#11351,#11441,.T.);
#9300=EDGE_CURVE('',#9966,#11440,#11442,.T.);
#9301=FILL_AREA_STYLE('',(#11443));
#9302=EDGE_CURVE('',#11440,#11379,#11444,.T.);
#9303=FILL_AREA_STYLE('',(#11445));
#9304=EDGE_CURVE('',#11405,#9969,#11446,.T.);
#9305=FILL_AREA_STYLE('',(#11447));
#9306=FILL_AREA_STYLE('',(#11448));
#9307=FILL_AREA_STYLE('',(#11449));
#9308=FILL_AREA_STYLE('',(#11450));
#9309=EDGE_CURVE('',#11451,#11334,#11452,.T.);
#9310=EDGE_CURVE('',#11451,#11399,#11453,.T.);
#9311=FILL_AREA_STYLE('',(#11454));
#9312=EDGE_CURVE('',#9949,#11451,#11455,.T.);
#9313=EDGE_CURVE('',#11385,#9953,#11456,.T.);
#9314=FILL_AREA_STYLE('',(#11457));
#9315=FILL_AREA_STYLE('',(#11458));
#9316=FILL_AREA_STYLE('',(#11459));
#9317=FILL_AREA_STYLE('',(#11460));
#9318=FILL_AREA_STYLE('',(#11461));
#9319=EDGE_CURVE('',#11129,#11122,#11462,.T.);
#9320=FILL_AREA_STYLE('',(#11463));
#9321=FILL_AREA_STYLE('',(#11464));
#9322=FILL_AREA_STYLE('',(#11465));
#9323=EDGE_CURVE('',#11137,#11466,#11467,.T.);
#9324=EDGE_CURVE('',#11466,#9931,#11468,.T.);
#9325=EDGE_CURVE('',#9935,#11081,#11469,.T.);
#9326=FILL_AREA_STYLE('',(#11470));
#9327=FILL_AREA_STYLE('',(#11471));
#9328=EDGE_CURVE('',#11466,#11103,#11472,.T.);
#9329=FILL_AREA_STYLE('',(#11473));
#9330=FILL_AREA_STYLE('',(#11474));
#9331=EDGE_CURVE('',#11040,#11023,#11475,.T.);
#9332=EDGE_CURVE('',#11022,#11039,#11476,.T.);
#9333=FILL_AREA_STYLE('',(#11477));
#9334=EDGE_CURVE('',#11027,#11042,#11478,.T.);
#9335=FILL_AREA_STYLE('',(#11479));
#9336=EDGE_CURVE('',#11044,#11025,#11480,.T.);
#9337=FILL_AREA_STYLE('',(#11481));
#9338=FILL_AREA_STYLE('',(#11482));
#9339=EDGE_CURVE('',#11483,#11014,#11484,.T.);
#9340=EDGE_CURVE('',#11483,#11485,#11486,.T.);
#9341=EDGE_CURVE('',#9922,#11485,#11487,.T.);
#9342=EDGE_CURVE('',#9926,#11488,#11489,.T.);
#9343=EDGE_CURVE('',#11017,#11488,#11490,.T.);
#9344=FILL_AREA_STYLE('',(#11491));
#9345=EDGE_CURVE('',#9924,#11492,#11493,.T.);
#9346=EDGE_CURVE('',#11488,#11492,#11494,.T.);
#9347=FILL_AREA_STYLE('',(#11495));
#9348=EDGE_CURVE('',#11492,#11496,#11497,.T.);
#9349=EDGE_CURVE('',#9921,#11498,#11499,.T.);
#9350=EDGE_CURVE('',#11500,#11498,#11501,.T.);
#9351=EDGE_CURVE('',#11502,#11500,#11503,.T.);
#9352=EDGE_CURVE('',#11502,#11504,#11505,.T.);
#9353=EDGE_CURVE('',#11504,#9913,#11506,.T.);
#9354=EDGE_CURVE('',#9917,#11496,#11507,.T.);
#9355=EDGE_CURVE('',#11508,#11509,#11510,.T.);
#9356=EDGE_CURVE('',#11509,#11508,#11511,.T.);
#9357=FILL_AREA_STYLE('',(#11512));
#9358=EDGE_CURVE('',#11500,#11483,#11513,.T.);
#9359=EDGE_CURVE('',#11498,#11485,#11514,.T.);
#9360=FILL_AREA_STYLE('',(#11515));
#9361=FILL_AREA_STYLE('',(#11516));
#9362=EDGE_CURVE('',#11517,#11006,#11518,.T.);
#9363=EDGE_CURVE('',#11502,#11517,#11519,.T.);
#9364=EDGE_CURVE('',#11520,#11015,#11521,.T.);
#9365=EDGE_CURVE('',#11520,#11522,#11523,.T.);
#9366=EDGE_CURVE('',#11524,#11522,#11525,.T.);
#9367=EDGE_CURVE('',#11524,#11526,#11527,.T.);
#9368=EDGE_CURVE('',#11526,#11008,#11528,.T.);
#9369=FILL_AREA_STYLE('',(#11529));
#9370=EDGE_CURVE('',#11530,#11496,#11531,.T.);
#9371=EDGE_CURVE('',#9915,#11530,#11532,.T.);
#9372=FILL_AREA_STYLE('',(#11533));
#9373=EDGE_CURVE('',#11517,#11534,#11535,.T.);
#9374=EDGE_CURVE('',#11003,#11530,#11536,.T.);
#9375=EDGE_CURVE('',#11534,#9912,#11537,.T.);
#9376=FILL_AREA_STYLE('',(#11538));
#9377=EDGE_CURVE('',#11534,#11504,#11539,.T.);
#9378=FILL_AREA_STYLE('',(#11540));
#9379=FILL_AREA_STYLE('',(#11541));
#9380=EDGE_CURVE('',#11004,#11542,#11543,.T.);
#9381=EDGE_CURVE('',#11542,#11544,#11545,.T.);
#9382=EDGE_CURVE('',#11546,#11544,#11547,.T.);
#9383=EDGE_CURVE('',#11548,#11546,#11549,.T.);
#9384=EDGE_CURVE('',#11548,#11019,#11550,.T.);
#9385=FILL_AREA_STYLE('',(#11551));
#9386=EDGE_CURVE('',#9903,#11552,#11553,.T.);
#9387=EDGE_CURVE('',#11552,#11542,#11554,.T.);
#9388=EDGE_CURVE('',#11526,#9906,#11555,.T.);
#9389=FILL_AREA_STYLE('',(#11556));
#9390=EDGE_CURVE('',#11524,#9908,#11557,.T.);
#9391=FILL_AREA_STYLE('',(#11558));
#9392=EDGE_CURVE('',#11552,#11559,#11560,.T.);
#9393=EDGE_CURVE('',#11559,#11544,#11561,.T.);
#9394=FILL_AREA_STYLE('',(#11562));
#9395=EDGE_CURVE('',#9904,#11559,#11563,.T.);
#9396=FILL_AREA_STYLE('',(#11564));
#9397=EDGE_CURVE('',#9897,#11522,#11565,.T.);
#9398=EDGE_CURVE('',#11566,#9894,#11567,.T.);
#9399=EDGE_CURVE('',#11546,#11566,#11568,.T.);
#9400=EDGE_CURVE('',#11569,#11570,#11571,.T.);
#9401=EDGE_CURVE('',#11570,#11569,#11572,.T.);
#9402=FILL_AREA_STYLE('',(#11573));
#9403=EDGE_CURVE('',#11569,#11509,#11574,.T.);
#9404=EDGE_CURVE('',#11570,#11508,#11575,.T.);
#9405=FILL_AREA_STYLE('',(#11576));
#9406=EDGE_CURVE('',#11548,#11577,#11578,.T.);
#9407=EDGE_CURVE('',#11577,#9895,#11579,.T.);
#9408=EDGE_CURVE('',#11520,#9899,#11580,.T.);
#9409=FILL_AREA_STYLE('',(#11581));
#9410=FILL_AREA_STYLE('',(#11582));
#9411=EDGE_CURVE('',#11566,#11577,#11583,.T.);
#9412=FILL_AREA_STYLE('',(#11584));
#9413=FILL_AREA_STYLE('',(#11585));
#9414=EDGE_CURVE('',#10951,#10936,#11586,.T.);
#9415=EDGE_CURVE('',#10953,#10934,#11587,.T.);
#9416=FILL_AREA_STYLE('',(#11588));
#9417=FILL_AREA_STYLE('',(#11589));
#9418=FILL_AREA_STYLE('',(#11590));
#9419=EDGE_CURVE('',#10881,#10903,#11591,.T.);
#9420=FILL_AREA_STYLE('',(#11592));
#9421=FILL_AREA_STYLE('',(#11593));
#9422=FILL_AREA_STYLE('',(#11594));
#9423=EDGE_CURVE('',#10874,#10852,#11595,.T.);
#9424=FILL_AREA_STYLE('',(#11596));
#9425=FILL_AREA_STYLE('',(#11597));
#9426=EDGE_CURVE('',#11598,#11599,#11600,.T.);
#9427=EDGE_CURVE('',#11598,#11601,#11602,.T.);
#9428=EDGE_CURVE('',#11601,#9859,#11603,.T.);
#9429=EDGE_CURVE('',#9863,#11604,#11605,.T.);
#9430=EDGE_CURVE('',#11606,#11604,#11607,.T.);
#9431=EDGE_CURVE('',#11606,#9852,#11608,.T.);
#9432=EDGE_CURVE('',#9849,#11609,#11610,.T.);
#9433=EDGE_CURVE('',#11609,#11599,#11611,.T.);
#9434=EDGE_CURVE('',#11612,#11613,#11614,.T.);
#9435=EDGE_CURVE('',#11613,#11612,#11615,.T.);
#9436=FILL_AREA_STYLE('',(#11616));
#9437=EDGE_CURVE('',#11617,#11604,#11618,.T.);
#9438=EDGE_CURVE('',#10832,#11617,#11619,.T.);
#9439=EDGE_CURVE('',#10830,#11620,#11621,.T.);
#9440=EDGE_CURVE('',#11620,#11622,#11623,.T.);
#9441=EDGE_CURVE('',#10794,#11622,#11624,.T.);
#9442=EDGE_CURVE('',#11625,#10844,#11626,.T.);
#9443=EDGE_CURVE('',#11606,#11625,#11627,.T.);
#9444=FILL_AREA_STYLE('',(#11628));
#9445=EDGE_CURVE('',#11629,#11622,#11630,.T.);
#9446=EDGE_CURVE('',#9868,#11629,#11631,.T.);
#9447=EDGE_CURVE('',#11632,#9872,#11633,.T.);
#9448=EDGE_CURVE('',#11632,#10805,#11634,.T.);
#9449=EDGE_CURVE('',#11635,#11636,#11637,.T.);
#9450=EDGE_CURVE('',#11636,#11638,#11639,.T.);
#9451=EDGE_CURVE('',#11638,#11635,#11640,.T.);
#9452=FILL_AREA_STYLE('',(#11641));
#9453=EDGE_CURVE('',#11635,#11613,#11642,.T.);
#9454=EDGE_CURVE('',#11638,#11612,#11643,.T.);
#9455=FILL_AREA_STYLE('',(#11644));
#9456=EDGE_CURVE('',#11645,#9870,#11646,.T.);
#9457=EDGE_CURVE('',#11632,#11645,#11647,.T.);
#9458=FILL_AREA_STYLE('',(#11648));
#9459=EDGE_CURVE('',#11649,#11620,#11650,.T.);
#9460=EDGE_CURVE('',#11645,#10828,#11651,.T.);
#9461=EDGE_CURVE('',#9867,#11649,#11652,.T.);
#9462=FILL_AREA_STYLE('',(#11653));
#9463=EDGE_CURVE('',#11649,#11629,#11654,.T.);
#9464=FILL_AREA_STYLE('',(#11655));
#9465=FILL_AREA_STYLE('',(#11656));
#9466=EDGE_CURVE('',#11657,#10827,#11658,.T.);
#9467=EDGE_CURVE('',#11598,#11657,#11659,.T.);
#9468=EDGE_CURVE('',#11660,#11599,#11661,.T.);
#9469=EDGE_CURVE('',#10842,#11660,#11662,.T.);
#9470=FILL_AREA_STYLE('',(#11663));
#9471=EDGE_CURVE('',#11664,#9858,#11665,.T.);
#9472=EDGE_CURVE('',#11657,#11664,#11666,.T.);
#9473=EDGE_CURVE('',#9861,#11617,#11667,.T.);
#9474=FILL_AREA_STYLE('',(#11668));
#9475=EDGE_CURVE('',#11664,#11601,#11669,.T.);
#9476=FILL_AREA_STYLE('',(#11670));
#9477=FILL_AREA_STYLE('',(#11671));
#9478=FILL_AREA_STYLE('',(#11672));
#9479=EDGE_CURVE('',#11673,#11609,#11674,.T.);
#9480=EDGE_CURVE('',#11673,#11660,#11675,.T.);
#9481=FILL_AREA_STYLE('',(#11676));
#9482=EDGE_CURVE('',#9850,#11673,#11677,.T.);
#9483=EDGE_CURVE('',#11625,#9854,#11678,.T.);
#9484=FILL_AREA_STYLE('',(#11679));
#9485=FILL_AREA_STYLE('',(#11680));
#9486=FILL_AREA_STYLE('',(#11681));
#9487=FILL_AREA_STYLE('',(#11682));
#9488=FILL_AREA_STYLE('',(#11683));
#9489=FILL_AREA_STYLE('',(#11684));
#9490=FILL_AREA_STYLE('',(#11685));
#9491=FILL_AREA_STYLE('',(#11686));
#9492=FILL_AREA_STYLE('',(#11687));
#9493=FILL_AREA_STYLE('',(#11688));
#9494=FILL_AREA_STYLE('',(#11689));
#9495=FILL_AREA_STYLE('',(#11690));
#9496=EDGE_CURVE('',#10203,#10236,#11691,.T.);
#9497=FILL_AREA_STYLE('',(#11692));
#9498=FILL_AREA_STYLE('',(#11693));
#9499=EDGE_CURVE('',#10323,#10242,#11694,.T.);
#9500=FILL_AREA_STYLE('',(#11695));
#9501=FILL_AREA_STYLE('',(#11696));
#9502=FILL_AREA_STYLE('',(#11697));
#9503=EDGE_CURVE('',#11698,#11699,#11700,.T.);
#9504=EDGE_CURVE('',#11701,#11698,#11702,.T.);
#9505=EDGE_CURVE('',#11701,#11703,#11704,.T.);
#9506=EDGE_CURVE('',#11703,#11699,#11705,.T.);
#9507=FILL_AREA_STYLE('',(#11706));
#9508=EDGE_CURVE('',#11703,#11701,#11707,.T.);
#9509=EDGE_CURVE('',#11699,#11698,#11708,.T.);
#9510=FILL_AREA_STYLE('',(#11709));
#9511=FILL_AREA_STYLE('',(#11710));
#9512=FILL_AREA_STYLE('',(#11711));
#9513=FILL_AREA_STYLE('',(#11712));
#9514=EDGE_CURVE('',#11713,#11714,#11715,.T.);
#9515=EDGE_CURVE('',#11713,#11716,#11717,.T.);
#9516=EDGE_CURVE('',#11714,#11716,#11718,.T.);
#9517=FILL_AREA_STYLE('',(#11719));
#9518=EDGE_CURVE('',#11720,#11721,#11722,.T.);
#9519=EDGE_CURVE('',#11723,#11721,#11724,.T.);
#9520=EDGE_CURVE('',#11723,#11720,#11725,.T.);
#9521=FILL_AREA_STYLE('',(#11726));
#9522=EDGE_CURVE('',#11714,#11721,#11727,.T.);
#9523=EDGE_CURVE('',#11713,#11720,#11728,.T.);
#9524=FILL_AREA_STYLE('',(#11729));
#9525=EDGE_CURVE('',#11714,#11713,#11730,.T.);
#9526=EDGE_CURVE('',#11721,#11720,#11731,.T.);
#9527=FILL_AREA_STYLE('',(#11732));
#9528=FILL_AREA_STYLE('',(#11733));
#9529=FILL_AREA_STYLE('',(#11734));
#9530=FILL_AREA_STYLE('',(#11735));
#9531=EDGE_CURVE('',#11736,#11737,#11738,.T.);
#9532=EDGE_CURVE('',#11736,#11739,#11740,.T.);
#9533=EDGE_CURVE('',#11737,#11739,#11741,.T.);
#9534=FILL_AREA_STYLE('',(#11742));
#9535=EDGE_CURVE('',#11743,#11744,#11745,.T.);
#9536=EDGE_CURVE('',#11746,#11744,#11747,.T.);
#9537=EDGE_CURVE('',#11746,#11743,#11748,.T.);
#9538=FILL_AREA_STYLE('',(#11749));
#9539=EDGE_CURVE('',#11737,#11744,#11750,.T.);
#9540=EDGE_CURVE('',#11736,#11743,#11751,.T.);
#9541=FILL_AREA_STYLE('',(#11752));
#9542=EDGE_CURVE('',#11737,#11736,#11753,.T.);
#9543=EDGE_CURVE('',#11744,#11743,#11754,.T.);
#9544=FILL_AREA_STYLE('',(#11755));
#9545=FILL_AREA_STYLE('',(#11756));
#9546=FILL_AREA_STYLE('',(#11757));
#9547=FILL_AREA_STYLE('',(#11758));
#9548=EDGE_CURVE('',#11759,#11760,#11761,.T.);
#9549=EDGE_CURVE('',#11759,#11762,#11763,.T.);
#9550=EDGE_CURVE('',#11760,#11762,#11764,.T.);
#9551=FILL_AREA_STYLE('',(#11765));
#9552=EDGE_CURVE('',#11766,#11767,#11768,.T.);
#9553=EDGE_CURVE('',#11769,#11767,#11770,.T.);
#9554=EDGE_CURVE('',#11769,#11766,#11771,.T.);
#9555=FILL_AREA_STYLE('',(#11772));
#9556=EDGE_CURVE('',#11760,#11767,#11773,.T.);
#9557=EDGE_CURVE('',#11759,#11766,#11774,.T.);
#9558=FILL_AREA_STYLE('',(#11775));
#9559=EDGE_CURVE('',#11760,#11759,#11776,.T.);
#9560=EDGE_CURVE('',#11767,#11766,#11777,.T.);
#9561=FILL_AREA_STYLE('',(#11778));
#9562=FILL_AREA_STYLE('',(#11779));
#9563=FILL_AREA_STYLE('',(#11780));
#9564=FILL_AREA_STYLE('',(#11781));
#9565=EDGE_CURVE('',#11782,#11783,#11784,.T.);
#9566=EDGE_CURVE('',#11785,#11782,#11786,.T.);
#9567=EDGE_CURVE('',#11785,#11787,#11788,.T.);
#9568=EDGE_CURVE('',#11787,#11783,#11789,.T.);
#9569=FILL_AREA_STYLE('',(#11790));
#9570=EDGE_CURVE('',#11787,#11785,#11791,.T.);
#9571=EDGE_CURVE('',#11783,#11782,#11792,.T.);
#9572=FILL_AREA_STYLE('',(#11793));
#9573=FILL_AREA_STYLE('',(#11794));
#9574=FILL_AREA_STYLE('',(#11795));
#9575=FILL_AREA_STYLE('',(#11796));
#9576=EDGE_CURVE('',#11797,#11798,#11799,.T.);
#9577=EDGE_CURVE('',#11800,#11797,#11801,.T.);
#9578=EDGE_CURVE('',#11800,#11802,#11803,.T.);
#9579=EDGE_CURVE('',#11802,#11798,#11804,.T.);
#9580=FILL_AREA_STYLE('',(#11805));
#9581=EDGE_CURVE('',#11802,#11800,#11806,.T.);
#9582=EDGE_CURVE('',#11798,#11797,#11807,.T.);
#9583=FILL_AREA_STYLE('',(#11808));
#9584=FILL_AREA_STYLE('',(#11809));
#9585=FILL_AREA_STYLE('',(#11810));
#9586=FILL_AREA_STYLE('',(#11811));
#9587=EDGE_CURVE('',#11812,#11813,#11814,.T.);
#9588=EDGE_CURVE('',#11815,#11812,#11816,.T.);
#9589=EDGE_CURVE('',#11815,#11817,#11818,.T.);
#9590=EDGE_CURVE('',#11817,#11813,#11819,.T.);
#9591=FILL_AREA_STYLE('',(#11820));
#9592=EDGE_CURVE('',#11817,#11815,#11821,.T.);
#9593=EDGE_CURVE('',#11813,#11812,#11822,.T.);
#9594=FILL_AREA_STYLE('',(#11823));
#9595=FILL_AREA_STYLE('',(#11824));
#9596=FILL_AREA_STYLE('',(#11825));
#9597=FILL_AREA_STYLE_COLOUR('',#11826);
#9598=VERTEX_POINT('',#11827);
#9599=VERTEX_POINT('',#11828);
#9600=CIRCLE('',#11829,0.499999999999996);
#9601=VERTEX_POINT('',#11830);
#9602=CIRCLE('',#11831,1.28463137816958);
#9603=CIRCLE('',#11832,1.28463137816958);
#9604=FILL_AREA_STYLE_COLOUR('',#11833);
#9605=VERTEX_POINT('',#11834);
#9606=VERTEX_POINT('',#11835);
#9607=CIRCLE('',#11836,0.499999999999996);
#9608=VERTEX_POINT('',#11837);
#9609=CIRCLE('',#11838,1.28463137816957);
#9610=CIRCLE('',#11839,1.28463137816957);
#9611=FILL_AREA_STYLE_COLOUR('',#11840);
#9612=LINE('',#11841,#11842);
#9613=LINE('',#11843,#11844);
#9614=FILL_AREA_STYLE_COLOUR('',#11845);
#9615=CIRCLE('',#11846,0.499999999999996);
#9616=CIRCLE('',#11847,0.499999999999996);
#9617=FILL_AREA_STYLE_COLOUR('',#11848);
#9618=FILL_AREA_STYLE_COLOUR('',#11849);
#9619=FILL_AREA_STYLE_COLOUR('',#11850);
#9620=FILL_AREA_STYLE_COLOUR('',#11851);
#9621=VERTEX_POINT('',#11852);
#9622=VERTEX_POINT('',#11853);
#9623=CIRCLE('',#11854,0.6);
#9624=VERTEX_POINT('',#11855);
#9625=LINE('',#11856,#11857);
#9626=VERTEX_POINT('',#11858);
#9627=CIRCLE('',#11859,0.6);
#9628=LINE('',#11860,#11861);
#9629=FILL_AREA_STYLE_COLOUR('',#11862);
#9630=CIRCLE('',#11863,0.6);
#9631=CIRCLE('',#11864,0.6);
#9632=FILL_AREA_STYLE_COLOUR('',#11865);
#9633=FILL_AREA_STYLE_COLOUR('',#11866);
#9634=FILL_AREA_STYLE_COLOUR('',#11867);
#9635=FILL_AREA_STYLE_COLOUR('',#11868);
#9636=VERTEX_POINT('',#11869);
#9637=VERTEX_POINT('',#11870);
#9638=CIRCLE('',#11871,0.6);
#9639=VERTEX_POINT('',#11872);
#9640=LINE('',#11873,#11874);
#9641=VERTEX_POINT('',#11875);
#9642=CIRCLE('',#11876,0.6);
#9643=LINE('',#11877,#11878);
#9644=FILL_AREA_STYLE_COLOUR('',#11879);
#9645=CIRCLE('',#11880,0.6);
#9646=CIRCLE('',#11881,0.6);
#9647=FILL_AREA_STYLE_COLOUR('',#11882);
#9648=FILL_AREA_STYLE_COLOUR('',#11883);
#9649=FILL_AREA_STYLE_COLOUR('',#11884);
#9650=FILL_AREA_STYLE_COLOUR('',#11885);
#9651=VERTEX_POINT('',#11886);
#9652=VERTEX_POINT('',#11887);
#9653=CIRCLE('',#11888,0.6);
#9654=VERTEX_POINT('',#11889);
#9655=LINE('',#11890,#11891);
#9656=VERTEX_POINT('',#11892);
#9657=CIRCLE('',#11893,0.6);
#9658=LINE('',#11894,#11895);
#9659=FILL_AREA_STYLE_COLOUR('',#11896);
#9660=CIRCLE('',#11897,0.6);
#9661=CIRCLE('',#11898,0.6);
#9662=FILL_AREA_STYLE_COLOUR('',#11899);
#9663=FILL_AREA_STYLE_COLOUR('',#11900);
#9664=FILL_AREA_STYLE_COLOUR('',#11901);
#9665=FILL_AREA_STYLE_COLOUR('',#11902);
#9666=VERTEX_POINT('',#11903);
#9667=VERTEX_POINT('',#11904);
#9668=CIRCLE('',#11905,0.6);
#9669=VERTEX_POINT('',#11906);
#9670=LINE('',#11907,#11908);
#9671=VERTEX_POINT('',#11909);
#9672=CIRCLE('',#11910,0.6);
#9673=LINE('',#11911,#11912);
#9674=FILL_AREA_STYLE_COLOUR('',#11913);
#9675=CIRCLE('',#11914,0.6);
#9676=CIRCLE('',#11915,0.6);
#9677=FILL_AREA_STYLE_COLOUR('',#11916);
#9678=FILL_AREA_STYLE_COLOUR('',#11917);
#9679=FILL_AREA_STYLE_COLOUR('',#11918);
#9680=FILL_AREA_STYLE_COLOUR('',#11919);
#9681=VERTEX_POINT('',#11920);
#9682=VERTEX_POINT('',#11921);
#9683=CIRCLE('',#11922,0.6);
#9684=VERTEX_POINT('',#11923);
#9685=LINE('',#11924,#11925);
#9686=VERTEX_POINT('',#11926);
#9687=CIRCLE('',#11927,0.6);
#9688=LINE('',#11928,#11929);
#9689=FILL_AREA_STYLE_COLOUR('',#11930);
#9690=CIRCLE('',#11931,0.6);
#9691=CIRCLE('',#11932,0.6);
#9692=FILL_AREA_STYLE_COLOUR('',#11933);
#9693=FILL_AREA_STYLE_COLOUR('',#11934);
#9694=FILL_AREA_STYLE_COLOUR('',#11935);
#9695=FILL_AREA_STYLE_COLOUR('',#11936);
#9696=VERTEX_POINT('',#11937);
#9697=VERTEX_POINT('',#11938);
#9698=CIRCLE('',#11939,0.6);
#9699=VERTEX_POINT('',#11940);
#9700=LINE('',#11941,#11942);
#9701=VERTEX_POINT('',#11943);
#9702=CIRCLE('',#11944,0.6);
#9703=LINE('',#11945,#11946);
#9704=FILL_AREA_STYLE_COLOUR('',#11947);
#9705=CIRCLE('',#11948,0.6);
#9706=CIRCLE('',#11949,0.6);
#9707=FILL_AREA_STYLE_COLOUR('',#11950);
#9708=FILL_AREA_STYLE_COLOUR('',#11951);
#9709=FILL_AREA_STYLE_COLOUR('',#11952);
#9710=FILL_AREA_STYLE_COLOUR('',#11953);
#9711=VERTEX_POINT('',#11954);
#9712=VERTEX_POINT('',#11955);
#9713=CIRCLE('',#11956,0.499999999999996);
#9714=VERTEX_POINT('',#11957);
#9715=CIRCLE('',#11958,1.28463137816958);
#9716=CIRCLE('',#11959,1.28463137816958);
#9717=FILL_AREA_STYLE_COLOUR('',#11960);
#9718=VERTEX_POINT('',#11961);
#9719=VERTEX_POINT('',#11962);
#9720=CIRCLE('',#11963,0.499999999999996);
#9721=VERTEX_POINT('',#11964);
#9722=CIRCLE('',#11965,1.28463137816957);
#9723=CIRCLE('',#11966,1.28463137816957);
#9724=FILL_AREA_STYLE_COLOUR('',#11967);
#9725=LINE('',#11968,#11969);
#9726=LINE('',#11970,#11971);
#9727=FILL_AREA_STYLE_COLOUR('',#11972);
#9728=CIRCLE('',#11973,0.499999999999996);
#9729=CIRCLE('',#11974,0.499999999999996);
#9730=FILL_AREA_STYLE_COLOUR('',#11975);
#9731=FILL_AREA_STYLE_COLOUR('',#11976);
#9732=FILL_AREA_STYLE_COLOUR('',#11977);
#9733=FILL_AREA_STYLE_COLOUR('',#11978);
#9734=VERTEX_POINT('',#11979);
#9735=VERTEX_POINT('',#11980);
#9736=CIRCLE('',#11981,0.499999999999996);
#9737=VERTEX_POINT('',#11982);
#9738=CIRCLE('',#11983,1.28463137816958);
#9739=CIRCLE('',#11984,1.28463137816958);
#9740=FILL_AREA_STYLE_COLOUR('',#11985);
#9741=VERTEX_POINT('',#11986);
#9742=VERTEX_POINT('',#11987);
#9743=CIRCLE('',#11988,0.499999999999996);
#9744=VERTEX_POINT('',#11989);
#9745=CIRCLE('',#11990,1.28463137816957);
#9746=CIRCLE('',#11991,1.28463137816957);
#9747=FILL_AREA_STYLE_COLOUR('',#11992);
#9748=LINE('',#11993,#11994);
#9749=LINE('',#11995,#11996);
#9750=FILL_AREA_STYLE_COLOUR('',#11997);
#9751=CIRCLE('',#11998,0.499999999999996);
#9752=CIRCLE('',#11999,0.499999999999996);
#9753=FILL_AREA_STYLE_COLOUR('',#12000);
#9754=FILL_AREA_STYLE_COLOUR('',#12001);
#9755=FILL_AREA_STYLE_COLOUR('',#12002);
#9756=FILL_AREA_STYLE_COLOUR('',#12003);
#9757=VERTEX_POINT('',#12004);
#9758=VERTEX_POINT('',#12005);
#9759=CIRCLE('',#12006,0.499999999999996);
#9760=VERTEX_POINT('',#12007);
#9761=CIRCLE('',#12008,1.28463137816958);
#9762=CIRCLE('',#12009,1.28463137816958);
#9763=FILL_AREA_STYLE_COLOUR('',#12010);
#9764=VERTEX_POINT('',#12011);
#9765=VERTEX_POINT('',#12012);
#9766=CIRCLE('',#12013,0.499999999999996);
#9767=VERTEX_POINT('',#12014);
#9768=CIRCLE('',#12015,1.28463137816957);
#9769=CIRCLE('',#12016,1.28463137816957);
#9770=FILL_AREA_STYLE_COLOUR('',#12017);
#9771=LINE('',#12018,#12019);
#9772=LINE('',#12020,#12021);
#9773=FILL_AREA_STYLE_COLOUR('',#12022);
#9774=CIRCLE('',#12023,0.499999999999996);
#9775=CIRCLE('',#12024,0.499999999999996);
#9776=FILL_AREA_STYLE_COLOUR('',#12025);
#9777=FILL_AREA_STYLE_COLOUR('',#12026);
#9778=FILL_AREA_STYLE_COLOUR('',#12027);
#9779=FILL_AREA_STYLE_COLOUR('',#12028);
#9780=VERTEX_POINT('',#12029);
#9781=VERTEX_POINT('',#12030);
#9782=CIRCLE('',#12031,0.499999999999996);
#9783=VERTEX_POINT('',#12032);
#9784=CIRCLE('',#12033,1.28463137816958);
#9785=CIRCLE('',#12034,1.28463137816958);
#9786=FILL_AREA_STYLE_COLOUR('',#12035);
#9787=VERTEX_POINT('',#12036);
#9788=VERTEX_POINT('',#12037);
#9789=CIRCLE('',#12038,0.499999999999996);
#9790=VERTEX_POINT('',#12039);
#9791=CIRCLE('',#12040,1.28463137816957);
#9792=CIRCLE('',#12041,1.28463137816957);
#9793=FILL_AREA_STYLE_COLOUR('',#12042);
#9794=LINE('',#12043,#12044);
#9795=LINE('',#12045,#12046);
#9796=FILL_AREA_STYLE_COLOUR('',#12047);
#9797=CIRCLE('',#12048,0.499999999999996);
#9798=CIRCLE('',#12049,0.499999999999996);
#9799=FILL_AREA_STYLE_COLOUR('',#12050);
#9800=FILL_AREA_STYLE_COLOUR('',#12051);
#9801=FILL_AREA_STYLE_COLOUR('',#12052);
#9802=FILL_AREA_STYLE_COLOUR('',#12053);
#9803=VERTEX_POINT('',#12054);
#9804=VERTEX_POINT('',#12055);
#9805=CIRCLE('',#12056,0.499999999999996);
#9806=VERTEX_POINT('',#12057);
#9807=CIRCLE('',#12058,1.28463137816958);
#9808=CIRCLE('',#12059,1.28463137816958);
#9809=FILL_AREA_STYLE_COLOUR('',#12060);
#9810=VERTEX_POINT('',#12061);
#9811=VERTEX_POINT('',#12062);
#9812=CIRCLE('',#12063,0.499999999999996);
#9813=VERTEX_POINT('',#12064);
#9814=CIRCLE('',#12065,1.28463137816957);
#9815=CIRCLE('',#12066,1.28463137816957);
#9816=FILL_AREA_STYLE_COLOUR('',#12067);
#9817=LINE('',#12068,#12069);
#9818=LINE('',#12070,#12071);
#9819=FILL_AREA_STYLE_COLOUR('',#12072);
#9820=CIRCLE('',#12073,0.499999999999996);
#9821=CIRCLE('',#12074,0.499999999999996);
#9822=FILL_AREA_STYLE_COLOUR('',#12075);
#9823=FILL_AREA_STYLE_COLOUR('',#12076);
#9824=FILL_AREA_STYLE_COLOUR('',#12077);
#9825=FILL_AREA_STYLE_COLOUR('',#12078);
#9826=VERTEX_POINT('',#12079);
#9827=VERTEX_POINT('',#12080);
#9828=CIRCLE('',#12081,0.499999999999996);
#9829=VERTEX_POINT('',#12082);
#9830=CIRCLE('',#12083,1.28463137816958);
#9831=CIRCLE('',#12084,1.28463137816958);
#9832=FILL_AREA_STYLE_COLOUR('',#12085);
#9833=VERTEX_POINT('',#12086);
#9834=VERTEX_POINT('',#12087);
#9835=CIRCLE('',#12088,0.499999999999996);
#9836=VERTEX_POINT('',#12089);
#9837=CIRCLE('',#12090,1.28463137816957);
#9838=CIRCLE('',#12091,1.28463137816957);
#9839=FILL_AREA_STYLE_COLOUR('',#12092);
#9840=LINE('',#12093,#12094);
#9841=LINE('',#12095,#12096);
#9842=FILL_AREA_STYLE_COLOUR('',#12097);
#9843=CIRCLE('',#12098,0.499999999999996);
#9844=CIRCLE('',#12099,0.499999999999996);
#9845=FILL_AREA_STYLE_COLOUR('',#12100);
#9846=FILL_AREA_STYLE_COLOUR('',#12101);
#9847=FILL_AREA_STYLE_COLOUR('',#12102);
#9848=FILL_AREA_STYLE_COLOUR('',#12103);
#9849=VERTEX_POINT('',#12104);
#9850=VERTEX_POINT('',#12105);
#9851=LINE('',#12106,#12107);
#9852=VERTEX_POINT('',#12108);
#9853=CIRCLE('',#12109,1.20000000000001);
#9854=VERTEX_POINT('',#12110);
#9855=LINE('',#12111,#12112);
#9856=CIRCLE('',#12113,1.20000000000001);
#9857=FILL_AREA_STYLE_COLOUR('',#12114);
#9858=VERTEX_POINT('',#12115);
#9859=VERTEX_POINT('',#12116);
#9860=LINE('',#12117,#12118);
#9861=VERTEX_POINT('',#12119);
#9862=CIRCLE('',#12120,1.2);
#9863=VERTEX_POINT('',#12121);
#9864=LINE('',#12122,#12123);
#9865=CIRCLE('',#12124,1.2);
#9866=FILL_AREA_STYLE_COLOUR('',#12125);
#9867=VERTEX_POINT('',#12126);
#9868=VERTEX_POINT('',#12127);
#9869=LINE('',#12128,#12129);
#9870=VERTEX_POINT('',#12130);
#9871=CIRCLE('',#12131,1.2);
#9872=VERTEX_POINT('',#12132);
#9873=LINE('',#12133,#12134);
#9874=CIRCLE('',#12135,1.2);
#9875=FILL_AREA_STYLE_COLOUR('',#12136);
#9876=VERTEX_POINT('',#12137);
#9877=VERTEX_POINT('',#12138);
#9878=LINE('',#12139,#12140);
#9879=VERTEX_POINT('',#12141);
#9880=CIRCLE('',#12142,1.20000000000001);
#9881=VERTEX_POINT('',#12143);
#9882=LINE('',#12144,#12145);
#9883=CIRCLE('',#12146,1.20000000000001);
#9884=FILL_AREA_STYLE_COLOUR('',#12147);
#9885=VERTEX_POINT('',#12148);
#9886=VERTEX_POINT('',#12149);
#9887=LINE('',#12150,#12151);
#9888=VERTEX_POINT('',#12152);
#9889=CIRCLE('',#12153,1.20000000000001);
#9890=VERTEX_POINT('',#12154);
#9891=LINE('',#12155,#12156);
#9892=CIRCLE('',#12157,1.20000000000001);
#9893=FILL_AREA_STYLE_COLOUR('',#12158);
#9894=VERTEX_POINT('',#12159);
#9895=VERTEX_POINT('',#12160);
#9896=LINE('',#12161,#12162);
#9897=VERTEX_POINT('',#12163);
#9898=CIRCLE('',#12164,1.2);
#9899=VERTEX_POINT('',#12165);
#9900=LINE('',#12166,#12167);
#9901=CIRCLE('',#12168,1.2);
#9902=FILL_AREA_STYLE_COLOUR('',#12169);
#9903=VERTEX_POINT('',#12170);
#9904=VERTEX_POINT('',#12171);
#9905=LINE('',#12172,#12173);
#9906=VERTEX_POINT('',#12174);
#9907=CIRCLE('',#12175,1.20000000000005);
#9908=VERTEX_POINT('',#12176);
#9909=LINE('',#12177,#12178);
#9910=CIRCLE('',#12179,1.20000000000005);
#9911=FILL_AREA_STYLE_COLOUR('',#12180);
#9912=VERTEX_POINT('',#12181);
#9913=VERTEX_POINT('',#12182);
#9914=LINE('',#12183,#12184);
#9915=VERTEX_POINT('',#12185);
#9916=CIRCLE('',#12186,1.20000000000005);
#9917=VERTEX_POINT('',#12187);
#9918=LINE('',#12188,#12189);
#9919=CIRCLE('',#12190,1.20000000000005);
#9920=FILL_AREA_STYLE_COLOUR('',#12191);
#9921=VERTEX_POINT('',#12192);
#9922=VERTEX_POINT('',#12193);
#9923=LINE('',#12194,#12195);
#9924=VERTEX_POINT('',#12196);
#9925=CIRCLE('',#12197,1.2);
#9926=VERTEX_POINT('',#12198);
#9927=LINE('',#12199,#12200);
#9928=CIRCLE('',#12201,1.2);
#9929=FILL_AREA_STYLE_COLOUR('',#12202);
#9930=VERTEX_POINT('',#12203);
#9931=VERTEX_POINT('',#12204);
#9932=LINE('',#12205,#12206);
#9933=VERTEX_POINT('',#12207);
#9934=CIRCLE('',#12208,1.20000000000001);
#9935=VERTEX_POINT('',#12209);
#9936=LINE('',#12210,#12211);
#9937=CIRCLE('',#12212,1.20000000000001);
#9938=FILL_AREA_STYLE_COLOUR('',#12213);
#9939=VERTEX_POINT('',#12214);
#9940=VERTEX_POINT('',#12215);
#9941=LINE('',#12216,#12217);
#9942=VERTEX_POINT('',#12218);
#9943=CIRCLE('',#12219,1.20000000000001);
#9944=VERTEX_POINT('',#12220);
#9945=LINE('',#12221,#12222);
#9946=CIRCLE('',#12223,1.20000000000001);
#9947=FILL_AREA_STYLE_COLOUR('',#12224);
#9948=VERTEX_POINT('',#12225);
#9949=VERTEX_POINT('',#12226);
#9950=LINE('',#12227,#12228);
#9951=VERTEX_POINT('',#12229);
#9952=CIRCLE('',#12230,1.2);
#9953=VERTEX_POINT('',#12231);
#9954=LINE('',#12232,#12233);
#9955=CIRCLE('',#12234,1.2);
#9956=FILL_AREA_STYLE_COLOUR('',#12235);
#9957=VERTEX_POINT('',#12236);
#9958=VERTEX_POINT('',#12237);
#9959=LINE('',#12238,#12239);
#9960=VERTEX_POINT('',#12240);
#9961=CIRCLE('',#12241,1.2);
#9962=VERTEX_POINT('',#12242);
#9963=LINE('',#12243,#12244);
#9964=CIRCLE('',#12245,1.2);
#9965=FILL_AREA_STYLE_COLOUR('',#12246);
#9966=VERTEX_POINT('',#12247);
#9967=VERTEX_POINT('',#12248);
#9968=LINE('',#12249,#12250);
#9969=VERTEX_POINT('',#12251);
#9970=CIRCLE('',#12252,1.2);
#9971=VERTEX_POINT('',#12253);
#9972=LINE('',#12254,#12255);
#9973=CIRCLE('',#12256,1.2);
#9974=FILL_AREA_STYLE_COLOUR('',#12257);
#9975=VERTEX_POINT('',#12258);
#9976=VERTEX_POINT('',#12259);
#9977=LINE('',#12260,#12261);
#9978=VERTEX_POINT('',#12262);
#9979=CIRCLE('',#12263,1.2);
#9980=VERTEX_POINT('',#12264);
#9981=LINE('',#12265,#12266);
#9982=CIRCLE('',#12267,1.2);
#9983=FILL_AREA_STYLE_COLOUR('',#12268);
#9984=VERTEX_POINT('',#12269);
#9985=VERTEX_POINT('',#12270);
#9986=LINE('',#12271,#12272);
#9987=VERTEX_POINT('',#12273);
#9988=CIRCLE('',#12274,1.2);
#9989=VERTEX_POINT('',#12275);
#9990=LINE('',#12276,#12277);
#9991=CIRCLE('',#12278,1.2);
#9992=FILL_AREA_STYLE_COLOUR('',#12279);
#9993=VERTEX_POINT('',#12280);
#9994=VERTEX_POINT('',#12281);
#9995=LINE('',#12282,#12283);
#9996=VERTEX_POINT('',#12284);
#9997=CIRCLE('',#12285,1.2);
#9998=VERTEX_POINT('',#12286);
#9999=LINE('',#12287,#12288);
#10000=CIRCLE('',#12289,1.2);
#10001=FILL_AREA_STYLE_COLOUR('',#12290);
#10002=VERTEX_POINT('',#12291);
#10003=VERTEX_POINT('',#12292);
#10004=LINE('',#12293,#12294);
#10005=VERTEX_POINT('',#12295);
#10006=CIRCLE('',#12296,1.20000000000005);
#10007=VERTEX_POINT('',#12297);
#10008=LINE('',#12298,#12299);
#10009=CIRCLE('',#12300,1.20000000000005);
#10010=FILL_AREA_STYLE_COLOUR('',#12301);
#10011=VERTEX_POINT('',#12302);
#10012=VERTEX_POINT('',#12303);
#10013=LINE('',#12304,#12305);
#10014=VERTEX_POINT('',#12306);
#10015=CIRCLE('',#12307,1.20000000000005);
#10016=VERTEX_POINT('',#12308);
#10017=LINE('',#12309,#12310);
#10018=CIRCLE('',#12311,1.20000000000005);
#10019=FILL_AREA_STYLE_COLOUR('',#12312);
#10020=VERTEX_POINT('',#12313);
#10021=VERTEX_POINT('',#12314);
#10022=LINE('',#12315,#12316);
#10023=VERTEX_POINT('',#12317);
#10024=CIRCLE('',#12318,1.2);
#10025=VERTEX_POINT('',#12319);
#10026=LINE('',#12320,#12321);
#10027=CIRCLE('',#12322,1.2);
#10028=FILL_AREA_STYLE_COLOUR('',#12323);
#10029=VERTEX_POINT('',#12324);
#10030=VERTEX_POINT('',#12325);
#10031=LINE('',#12326,#12327);
#10032=VERTEX_POINT('',#12328);
#10033=CIRCLE('',#12329,1.19999999999999);
#10034=VERTEX_POINT('',#12330);
#10035=LINE('',#12331,#12332);
#10036=CIRCLE('',#12333,1.2);
#10037=FILL_AREA_STYLE_COLOUR('',#12334);
#10038=VERTEX_POINT('',#12335);
#10039=VERTEX_POINT('',#12336);
#10040=LINE('',#12337,#12338);
#10041=VERTEX_POINT('',#12339);
#10042=CIRCLE('',#12340,1.19999999999999);
#10043=VERTEX_POINT('',#12341);
#10044=LINE('',#12342,#12343);
#10045=CIRCLE('',#12344,1.19999999999999);
#10046=FILL_AREA_STYLE_COLOUR('',#12345);
#10047=VERTEX_POINT('',#12346);
#10048=VERTEX_POINT('',#12347);
#10049=LINE('',#12348,#12349);
#10050=VERTEX_POINT('',#12350);
#10051=CIRCLE('',#12351,1.19999999999999);
#10052=VERTEX_POINT('',#12352);
#10053=LINE('',#12353,#12354);
#10054=CIRCLE('',#12355,1.19999999999999);
#10055=FILL_AREA_STYLE_COLOUR('',#12356);
#10056=VERTEX_POINT('',#12357);
#10057=VERTEX_POINT('',#12358);
#10058=LINE('',#12359,#12360);
#10059=VERTEX_POINT('',#12361);
#10060=CIRCLE('',#12362,1.2);
#10061=VERTEX_POINT('',#12363);
#10062=LINE('',#12364,#12365);
#10063=CIRCLE('',#12366,1.2);
#10064=FILL_AREA_STYLE_COLOUR('',#12367);
#10065=VERTEX_POINT('',#12368);
#10066=VERTEX_POINT('',#12369);
#10067=LINE('',#12370,#12371);
#10068=VERTEX_POINT('',#12372);
#10069=CIRCLE('',#12373,1.2);
#10070=VERTEX_POINT('',#12374);
#10071=LINE('',#12375,#12376);
#10072=CIRCLE('',#12377,1.2);
#10073=FILL_AREA_STYLE_COLOUR('',#12378);
#10074=VERTEX_POINT('',#12379);
#10075=VERTEX_POINT('',#12380);
#10076=LINE('',#12381,#12382);
#10077=VERTEX_POINT('',#12383);
#10078=CIRCLE('',#12384,1.20000000000005);
#10079=VERTEX_POINT('',#12385);
#10080=LINE('',#12386,#12387);
#10081=CIRCLE('',#12388,1.20000000000005);
#10082=FILL_AREA_STYLE_COLOUR('',#12389);
#10083=VERTEX_POINT('',#12390);
#10084=VERTEX_POINT('',#12391);
#10085=LINE('',#12392,#12393);
#10086=VERTEX_POINT('',#12394);
#10087=CIRCLE('',#12395,1.20000000000001);
#10088=VERTEX_POINT('',#12396);
#10089=LINE('',#12397,#12398);
#10090=CIRCLE('',#12399,1.20000000000001);
#10091=FILL_AREA_STYLE_COLOUR('',#12400);
#10092=VERTEX_POINT('',#12401);
#10093=VERTEX_POINT('',#12402);
#10094=LINE('',#12403,#12404);
#10095=VERTEX_POINT('',#12405);
#10096=CIRCLE('',#12406,1.20000000000001);
#10097=VERTEX_POINT('',#12407);
#10098=LINE('',#12408,#12409);
#10099=CIRCLE('',#12410,1.20000000000001);
#10100=FILL_AREA_STYLE_COLOUR('',#12411);
#10101=VERTEX_POINT('',#12412);
#10102=VERTEX_POINT('',#12413);
#10103=LINE('',#12414,#12415);
#10104=VERTEX_POINT('',#12416);
#10105=CIRCLE('',#12417,1.20000000000001);
#10106=VERTEX_POINT('',#12418);
#10107=LINE('',#12419,#12420);
#10108=CIRCLE('',#12421,1.20000000000001);
#10109=FILL_AREA_STYLE_COLOUR('',#12422);
#10110=VERTEX_POINT('',#12423);
#10111=VERTEX_POINT('',#12424);
#10112=LINE('',#12425,#12426);
#10113=VERTEX_POINT('',#12427);
#10114=CIRCLE('',#12428,1.20000000000001);
#10115=VERTEX_POINT('',#12429);
#10116=LINE('',#12430,#12431);
#10117=CIRCLE('',#12432,1.20000000000001);
#10118=FILL_AREA_STYLE_COLOUR('',#12433);
#10119=VERTEX_POINT('',#12434);
#10120=VERTEX_POINT('',#12435);
#10121=LINE('',#12436,#12437);
#10122=VERTEX_POINT('',#12438);
#10123=CIRCLE('',#12439,1.20000000000005);
#10124=VERTEX_POINT('',#12440);
#10125=LINE('',#12441,#12442);
#10126=CIRCLE('',#12443,1.20000000000005);
#10127=FILL_AREA_STYLE_COLOUR('',#12444);
#10128=VERTEX_POINT('',#12445);
#10129=VERTEX_POINT('',#12446);
#10130=LINE('',#12447,#12448);
#10131=VERTEX_POINT('',#12449);
#10132=CIRCLE('',#12450,1.20000000000005);
#10133=VERTEX_POINT('',#12451);
#10134=LINE('',#12452,#12453);
#10135=CIRCLE('',#12454,1.20000000000005);
#10136=FILL_AREA_STYLE_COLOUR('',#12455);
#10137=VERTEX_POINT('',#12456);
#10138=VERTEX_POINT('',#12457);
#10139=LINE('',#12458,#12459);
#10140=VERTEX_POINT('',#12460);
#10141=CIRCLE('',#12461,1.20000000000005);
#10142=VERTEX_POINT('',#12462);
#10143=LINE('',#12463,#12464);
#10144=CIRCLE('',#12465,1.20000000000005);
#10145=FILL_AREA_STYLE_COLOUR('',#12466);
#10146=VERTEX_POINT('',#12467);
#10147=VERTEX_POINT('',#12468);
#10148=LINE('',#12469,#12470);
#10149=VERTEX_POINT('',#12471);
#10150=CIRCLE('',#12472,1.20000000000001);
#10151=VERTEX_POINT('',#12473);
#10152=LINE('',#12474,#12475);
#10153=CIRCLE('',#12476,1.20000000000001);
#10154=FILL_AREA_STYLE_COLOUR('',#12477);
#10155=VERTEX_POINT('',#12478);
#10156=VERTEX_POINT('',#12479);
#10157=LINE('',#12480,#12481);
#10158=VERTEX_POINT('',#12482);
#10159=CIRCLE('',#12483,1.20000000000001);
#10160=VERTEX_POINT('',#12484);
#10161=LINE('',#12485,#12486);
#10162=CIRCLE('',#12487,1.20000000000001);
#10163=FILL_AREA_STYLE_COLOUR('',#12488);
#10164=VERTEX_POINT('',#12489);
#10165=VERTEX_POINT('',#12490);
#10166=LINE('',#12491,#12492);
#10167=VERTEX_POINT('',#12493);
#10168=CIRCLE('',#12494,1.19999999999999);
#10169=VERTEX_POINT('',#12495);
#10170=LINE('',#12496,#12497);
#10171=CIRCLE('',#12498,1.19999999999999);
#10172=FILL_AREA_STYLE_COLOUR('',#12499);
#10173=VERTEX_POINT('',#12500);
#10174=VERTEX_POINT('',#12501);
#10175=LINE('',#12502,#12503);
#10176=VERTEX_POINT('',#12504);
#10177=CIRCLE('',#12505,1.20000000000001);
#10178=VERTEX_POINT('',#12506);
#10179=LINE('',#12507,#12508);
#10180=CIRCLE('',#12509,1.20000000000001);
#10181=FILL_AREA_STYLE_COLOUR('',#12510);
#10182=VERTEX_POINT('',#12511);
#10183=VERTEX_POINT('',#12512);
#10184=LINE('',#12513,#12514);
#10185=VERTEX_POINT('',#12515);
#10186=CIRCLE('',#12516,1.19999999999999);
#10187=VERTEX_POINT('',#12517);
#10188=LINE('',#12518,#12519);
#10189=CIRCLE('',#12520,1.19999999999999);
#10190=FILL_AREA_STYLE_COLOUR('',#12521);
#10191=VERTEX_POINT('',#12522);
#10192=VERTEX_POINT('',#12523);
#10193=LINE('',#12524,#12525);
#10194=VERTEX_POINT('',#12526);
#10195=CIRCLE('',#12527,1.2);
#10196=VERTEX_POINT('',#12528);
#10197=LINE('',#12529,#12530);
#10198=CIRCLE('',#12531,1.19999999999999);
#10199=FILL_AREA_STYLE_COLOUR('',#12532);
#10200=VERTEX_POINT('',#12533);
#10201=VERTEX_POINT('',#12534);
#10202=LINE('',#12535,#12536);
#10203=VERTEX_POINT('',#12537);
#10204=CIRCLE('',#12538,1.2);
#10205=VERTEX_POINT('',#12539);
#10206=LINE('',#12540,#12541);
#10207=CIRCLE('',#12542,1.19999999999999);
#10208=FILL_AREA_STYLE_COLOUR('',#12543);
#10209=VERTEX_POINT('',#12544);
#10210=VERTEX_POINT('',#12545);
#10211=CIRCLE('',#12546,0.5);
#10212=VERTEX_POINT('',#12547);
#10213=LINE('',#12548,#12549);
#10214=VERTEX_POINT('',#12550);
#10215=CIRCLE('',#12551,0.5);
#10216=LINE('',#12552,#12553);
#10217=FILL_AREA_STYLE_COLOUR('',#12554);
#10218=VERTEX_POINT('',#12555);
#10219=VERTEX_POINT('',#12556);
#10220=LINE('',#12557,#12558);
#10221=VERTEX_POINT('',#12559);
#10222=LINE('',#12560,#12561);
#10223=CIRCLE('',#12562,1.19999999999999);
#10224=VERTEX_POINT('',#12563);
#10225=LINE('',#12564,#12565);
#10226=VERTEX_POINT('',#12566);
#10227=LINE('',#12567,#12568);
#10228=LINE('',#12569,#12570);
#10229=VERTEX_POINT('',#12571);
#10230=CIRCLE('',#12572,1.20000000000001);
#10231=LINE('',#12573,#12574);
#10232=CIRCLE('',#12575,0.5);
#10233=FILL_AREA_STYLE_COLOUR('',#12576);
#10234=CIRCLE('',#12577,0.5);
#10235=FILL_AREA_STYLE_COLOUR('',#12578);
#10236=VERTEX_POINT('',#12579);
#10237=LINE('',#12580,#12581);
#10238=VERTEX_POINT('',#12582);
#10239=LINE('',#12583,#12584);
#10240=VERTEX_POINT('',#12585);
#10241=LINE('',#12586,#12587);
#10242=VERTEX_POINT('',#12588);
#10243=LINE('',#12589,#12590);
#10244=VERTEX_POINT('',#12591);
#10245=LINE('',#12592,#12593);
#10246=VERTEX_POINT('',#12594);
#10247=LINE('',#12595,#12596);
#10248=VERTEX_POINT('',#12597);
#10249=LINE('',#12598,#12599);
#10250=VERTEX_POINT('',#12600);
#10251=LINE('',#12601,#12602);
#10252=VERTEX_POINT('',#12603);
#10253=LINE('',#12604,#12605);
#10254=VERTEX_POINT('',#12606);
#10255=LINE('',#12607,#12608);
#10256=LINE('',#12609,#12610);
#10257=FILL_AREA_STYLE_COLOUR('',#12611);
#10258=VERTEX_POINT('',#12612);
#10259=LINE('',#12613,#12614);
#10260=VERTEX_POINT('',#12615);
#10261=LINE('',#12616,#12617);
#10262=LINE('',#12618,#12619);
#10263=FILL_AREA_STYLE_COLOUR('',#12620);
#10264=CIRCLE('',#12621,1.2);
#10265=FILL_AREA_STYLE_COLOUR('',#12622);
#10266=VERTEX_POINT('',#12623);
#10267=LINE('',#12624,#12625);
#10268=VERTEX_POINT('',#12626);
#10269=LINE('',#12627,#12628);
#10270=VERTEX_POINT('',#12629);
#10271=LINE('',#12630,#12631);
#10272=VERTEX_POINT('',#12632);
#10273=LINE('',#12633,#12634);
#10274=VERTEX_POINT('',#12635);
#10275=LINE('',#12636,#12637);
#10276=VERTEX_POINT('',#12638);
#10277=LINE('',#12639,#12640);
#10278=VERTEX_POINT('',#12641);
#10279=LINE('',#12642,#12643);
#10280=VERTEX_POINT('',#12644);
#10281=LINE('',#12645,#12646);
#10282=VERTEX_POINT('',#12647);
#10283=LINE('',#12648,#12649);
#10284=LINE('',#12650,#12651);
#10285=FILL_AREA_STYLE_COLOUR('',#12652);
#10286=LINE('',#12653,#12654);
#10287=LINE('',#12655,#12656);
#10288=VERTEX_POINT('',#12657);
#10289=VERTEX_POINT('',#12658);
#10290=LINE('',#12659,#12660);
#10291=VERTEX_POINT('',#12661);
#10292=LINE('',#12662,#12663);
#10293=VERTEX_POINT('',#12664);
#10294=LINE('',#12665,#12666);
#10295=LINE('',#12667,#12668);
#10296=FILL_AREA_STYLE_COLOUR('',#12669);
#10297=VERTEX_POINT('',#12670);
#10298=VERTEX_POINT('',#12671);
#10299=LINE('',#12672,#12673);
#10300=VERTEX_POINT('',#12674);
#10301=LINE('',#12675,#12676);
#10302=VERTEX_POINT('',#12677);
#10303=LINE('',#12678,#12679);
#10304=LINE('',#12680,#12681);
#10305=FILL_AREA_STYLE_COLOUR('',#12682);
#10306=LINE('',#12683,#12684);
#10307=LINE('',#12685,#12686);
#10308=FILL_AREA_STYLE_COLOUR('',#12687);
#10309=LINE('',#12688,#12689);
#10310=FILL_AREA_STYLE_COLOUR('',#12690);
#10311=LINE('',#12691,#12692);
#10312=FILL_AREA_STYLE_COLOUR('',#12693);
#10313=FILL_AREA_STYLE_COLOUR('',#12694);
#10314=VERTEX_POINT('',#12695);
#10315=LINE('',#12696,#12697);
#10316=CIRCLE('',#12698,1.19999999999999);
#10317=LINE('',#12699,#12700);
#10318=LINE('',#12701,#12702);
#10319=VERTEX_POINT('',#12703);
#10320=CIRCLE('',#12704,1.20000000000001);
#10321=LINE('',#12705,#12706);
#10322=FILL_AREA_STYLE_COLOUR('',#12707);
#10323=VERTEX_POINT('',#12708);
#10324=LINE('',#12709,#12710);
#10325=CIRCLE('',#12711,1.2);
#10326=FILL_AREA_STYLE_COLOUR('',#12712);
#10327=LINE('',#12713,#12714);
#10328=FILL_AREA_STYLE_COLOUR('',#12715);
#10329=VERTEX_POINT('',#12716);
#10330=LINE('',#12717,#12718);
#10331=CIRCLE('',#12719,1.20000000000001);
#10332=LINE('',#12720,#12721);
#10333=LINE('',#12722,#12723);
#10334=FILL_AREA_STYLE_COLOUR('',#12724);
#10335=LINE('',#12725,#12726);
#10336=VERTEX_POINT('',#12727);
#10337=VERTEX_POINT('',#12728);
#10338=LINE('',#12729,#12730);
#10339=VERTEX_POINT('',#12731);
#10340=LINE('',#12732,#12733);
#10341=VERTEX_POINT('',#12734);
#10342=LINE('',#12735,#12736);
#10343=LINE('',#12737,#12738);
#10344=FILL_AREA_STYLE_COLOUR('',#12739);
#10345=VERTEX_POINT('',#12740);
#10346=LINE('',#12741,#12742);
#10347=VERTEX_POINT('',#12743);
#10348=LINE('',#12744,#12745);
#10349=LINE('',#12746,#12747);
#10350=FILL_AREA_STYLE_COLOUR('',#12748);
#10351=VERTEX_POINT('',#12749);
#10352=LINE('',#12750,#12751);
#10353=LINE('',#12752,#12753);
#10354=FILL_AREA_STYLE_COLOUR('',#12754);
#10355=VERTEX_POINT('',#12755);
#10356=VERTEX_POINT('',#12756);
#10357=LINE('',#12757,#12758);
#10358=VERTEX_POINT('',#12759);
#10359=LINE('',#12760,#12761);
#10360=VERTEX_POINT('',#12762);
#10361=LINE('',#12763,#12764);
#10362=LINE('',#12765,#12766);
#10363=VERTEX_POINT('',#12767);
#10364=LINE('',#12768,#12769);
#10365=LINE('',#12770,#12771);
#10366=FILL_AREA_STYLE_COLOUR('',#12772);
#10367=FILL_AREA_STYLE_COLOUR('',#12773);
#10368=VERTEX_POINT('',#12774);
#10369=LINE('',#12775,#12776);
#10370=LINE('',#12777,#12778);
#10371=FILL_AREA_STYLE_COLOUR('',#12779);
#10372=VERTEX_POINT('',#12780);
#10373=VERTEX_POINT('',#12781);
#10374=LINE('',#12782,#12783);
#10375=VERTEX_POINT('',#12784);
#10376=LINE('',#12785,#12786);
#10377=CIRCLE('',#12787,1.19999999999999);
#10378=VERTEX_POINT('',#12788);
#10379=LINE('',#12789,#12790);
#10380=VERTEX_POINT('',#12791);
#10381=LINE('',#12792,#12793);
#10382=LINE('',#12794,#12795);
#10383=VERTEX_POINT('',#12796);
#10384=CIRCLE('',#12797,1.20000000000001);
#10385=LINE('',#12798,#12799);
#10386=VERTEX_POINT('',#12800);
#10387=VERTEX_POINT('',#12801);
#10388=CIRCLE('',#12802,0.5);
#10389=CIRCLE('',#12803,0.5);
#10390=FILL_AREA_STYLE_COLOUR('',#12804);
#10391=VERTEX_POINT('',#12805);
#10392=LINE('',#12806,#12807);
#10393=LINE('',#12808,#12809);
#10394=FILL_AREA_STYLE_COLOUR('',#12810);
#10395=VERTEX_POINT('',#12811);
#10396=LINE('',#12812,#12813);
#10397=CIRCLE('',#12814,1.19999999999999);
#10398=FILL_AREA_STYLE_COLOUR('',#12815);
#10399=VERTEX_POINT('',#12816);
#10400=LINE('',#12817,#12818);
#10401=LINE('',#12819,#12820);
#10402=FILL_AREA_STYLE_COLOUR('',#12821);
#10403=LINE('',#12822,#12823);
#10404=LINE('',#12824,#12825);
#10405=FILL_AREA_STYLE_COLOUR('',#12826);
#10406=VERTEX_POINT('',#12827);
#10407=LINE('',#12828,#12829);
#10408=VERTEX_POINT('',#12830);
#10409=CIRCLE('',#12831,0.5);
#10410=LINE('',#12832,#12833);
#10411=FILL_AREA_STYLE_COLOUR('',#12834);
#10412=VERTEX_POINT('',#12835);
#10413=VERTEX_POINT('',#12836);
#10414=LINE('',#12837,#12838);
#10415=VERTEX_POINT('',#12839);
#10416=LINE('',#12840,#12841);
#10417=LINE('',#12842,#12843);
#10418=VERTEX_POINT('',#12844);
#10419=LINE('',#12845,#12846);
#10420=VERTEX_POINT('',#12847);
#10421=LINE('',#12848,#12849);
#10422=VERTEX_POINT('',#12850);
#10423=LINE('',#12851,#12852);
#10424=VERTEX_POINT('',#12853);
#10425=LINE('',#12854,#12855);
#10426=LINE('',#12856,#12857);
#10427=FILL_AREA_STYLE_COLOUR('',#12858);
#10428=LINE('',#12859,#12860);
#10429=FILL_AREA_STYLE_COLOUR('',#12861);
#10430=CIRCLE('',#12862,1.20000000000001);
#10431=FILL_AREA_STYLE_COLOUR('',#12863);
#10432=VERTEX_POINT('',#12864);
#10433=CIRCLE('',#12865,1.19999999999999);
#10434=VERTEX_POINT('',#12866);
#10435=LINE('',#12867,#12868);
#10436=LINE('',#12869,#12870);
#10437=LINE('',#12871,#12872);
#10438=FILL_AREA_STYLE_COLOUR('',#12873);
#10439=VERTEX_POINT('',#12874);
#10440=LINE('',#12875,#12876);
#10441=VERTEX_POINT('',#12877);
#10442=LINE('',#12878,#12879);
#10443=LINE('',#12880,#12881);
#10444=FILL_AREA_STYLE_COLOUR('',#12882);
#10445=LINE('',#12883,#12884);
#10446=FILL_AREA_STYLE_COLOUR('',#12885);
#10447=CIRCLE('',#12886,1.19999999999999);
#10448=FILL_AREA_STYLE_COLOUR('',#12887);
#10449=VERTEX_POINT('',#12888);
#10450=LINE('',#12889,#12890);
#10451=VERTEX_POINT('',#12891);
#10452=LINE('',#12892,#12893);
#10453=VERTEX_POINT('',#12894);
#10454=LINE('',#12895,#12896);
#10455=VERTEX_POINT('',#12897);
#10456=LINE('',#12898,#12899);
#10457=VERTEX_POINT('',#12900);
#10458=LINE('',#12901,#12902);
#10459=LINE('',#12903,#12904);
#10460=FILL_AREA_STYLE_COLOUR('',#12905);
#10461=LINE('',#12906,#12907);
#10462=FILL_AREA_STYLE_COLOUR('',#12908);
#10463=LINE('',#12909,#12910);
#10464=VERTEX_POINT('',#12911);
#10465=CIRCLE('',#12912,1.20000000000001);
#10466=LINE('',#12913,#12914);
#10467=CIRCLE('',#12915,0.5);
#10468=FILL_AREA_STYLE_COLOUR('',#12916);
#10469=LINE('',#12917,#12918);
#10470=FILL_AREA_STYLE_COLOUR('',#12919);
#10471=FILL_AREA_STYLE_COLOUR('',#12920);
#10472=FILL_AREA_STYLE_COLOUR('',#12921);
#10473=FILL_AREA_STYLE_COLOUR('',#12922);
#10474=VERTEX_POINT('',#12923);
#10475=CIRCLE('',#12924,1.20000000000001);
#10476=LINE('',#12925,#12926);
#10477=FILL_AREA_STYLE_COLOUR('',#12927);
#10478=VERTEX_POINT('',#12928);
#10479=LINE('',#12929,#12930);
#10480=LINE('',#12931,#12932);
#10481=FILL_AREA_STYLE_COLOUR('',#12933);
#10482=LINE('',#12934,#12935);
#10483=CIRCLE('',#12936,1.20000000000001);
#10484=LINE('',#12937,#12938);
#10485=FILL_AREA_STYLE_COLOUR('',#12939);
#10486=LINE('',#12940,#12941);
#10487=VERTEX_POINT('',#12942);
#10488=VERTEX_POINT('',#12943);
#10489=LINE('',#12944,#12945);
#10490=VERTEX_POINT('',#12946);
#10491=LINE('',#12947,#12948);
#10492=VERTEX_POINT('',#12949);
#10493=LINE('',#12950,#12951);
#10494=LINE('',#12952,#12953);
#10495=FILL_AREA_STYLE_COLOUR('',#12954);
#10496=VERTEX_POINT('',#12955);
#10497=LINE('',#12956,#12957);
#10498=VERTEX_POINT('',#12958);
#10499=LINE('',#12959,#12960);
#10500=LINE('',#12961,#12962);
#10501=FILL_AREA_STYLE_COLOUR('',#12963);
#10502=VERTEX_POINT('',#12964);
#10503=LINE('',#12965,#12966);
#10504=LINE('',#12967,#12968);
#10505=FILL_AREA_STYLE_COLOUR('',#12969);
#10506=VERTEX_POINT('',#12970);
#10507=LINE('',#12971,#12972);
#10508=LINE('',#12973,#12974);
#10509=FILL_AREA_STYLE_COLOUR('',#12975);
#10510=VERTEX_POINT('',#12976);
#10511=VERTEX_POINT('',#12977);
#10512=LINE('',#12978,#12979);
#10513=VERTEX_POINT('',#12980);
#10514=LINE('',#12981,#12982);
#10515=VERTEX_POINT('',#12983);
#10516=LINE('',#12984,#12985);
#10517=LINE('',#12986,#12987);
#10518=LINE('',#12988,#12989);
#10519=FILL_AREA_STYLE_COLOUR('',#12990);
#10520=FILL_AREA_STYLE_COLOUR('',#12991);
#10521=VERTEX_POINT('',#12992);
#10522=VERTEX_POINT('',#12993);
#10523=LINE('',#12994,#12995);
#10524=VERTEX_POINT('',#12996);
#10525=LINE('',#12997,#12998);
#10526=VERTEX_POINT('',#12999);
#10527=LINE('',#13000,#13001);
#10528=LINE('',#13002,#13003);
#10529=FILL_AREA_STYLE_COLOUR('',#13004);
#10530=VERTEX_POINT('',#13005);
#10531=VERTEX_POINT('',#13006);
#10532=LINE('',#13007,#13008);
#10533=VERTEX_POINT('',#13009);
#10534=LINE('',#13010,#13011);
#10535=VERTEX_POINT('',#13012);
#10536=LINE('',#13013,#13014);
#10537=LINE('',#13015,#13016);
#10538=FILL_AREA_STYLE_COLOUR('',#13017);
#10539=VERTEX_POINT('',#13018);
#10540=VERTEX_POINT('',#13019);
#10541=LINE('',#13020,#13021);
#10542=LINE('',#13022,#13023);
#10543=LINE('',#13024,#13025);
#10544=FILL_AREA_STYLE_COLOUR('',#13026);
#10545=CIRCLE('',#13027,1.20000000000005);
#10546=CIRCLE('',#13028,1.20000000000005);
#10547=FILL_AREA_STYLE_COLOUR('',#13029);
#10548=VERTEX_POINT('',#13030);
#10549=LINE('',#13031,#13032);
#10550=VERTEX_POINT('',#13033);
#10551=LINE('',#13034,#13035);
#10552=LINE('',#13036,#13037);
#10553=FILL_AREA_STYLE_COLOUR('',#13038);
#10554=VERTEX_POINT('',#13039);
#10555=LINE('',#13040,#13041);
#10556=VERTEX_POINT('',#13042);
#10557=LINE('',#13043,#13044);
#10558=LINE('',#13045,#13046);
#10559=FILL_AREA_STYLE_COLOUR('',#13047);
#10560=VERTEX_POINT('',#13048);
#10561=CIRCLE('',#13049,1.20000000000005);
#10562=VERTEX_POINT('',#13050);
#10563=LINE('',#13051,#13052);
#10564=LINE('',#13053,#13054);
#10565=LINE('',#13055,#13056);
#10566=FILL_AREA_STYLE_COLOUR('',#13057);
#10567=VERTEX_POINT('',#13058);
#10568=CIRCLE('',#13059,1.20000000000005);
#10569=LINE('',#13060,#13061);
#10570=FILL_AREA_STYLE_COLOUR('',#13062);
#10571=VERTEX_POINT('',#13063);
#10572=LINE('',#13064,#13065);
#10573=LINE('',#13066,#13067);
#10574=FILL_AREA_STYLE_COLOUR('',#13068);
#10575=VERTEX_POINT('',#13069);
#10576=VERTEX_POINT('',#13070);
#10577=LINE('',#13071,#13072);
#10578=LINE('',#13073,#13074);
#10579=LINE('',#13075,#13076);
#10580=FILL_AREA_STYLE_COLOUR('',#13077);
#10581=VERTEX_POINT('',#13078);
#10582=VERTEX_POINT('',#13079);
#10583=LINE('',#13080,#13081);
#10584=LINE('',#13082,#13083);
#10585=LINE('',#13084,#13085);
#10586=CIRCLE('',#13086,1.20000000000005);
#10587=FILL_AREA_STYLE_COLOUR('',#13087);
#10588=VERTEX_POINT('',#13088);
#10589=CIRCLE('',#13089,1.20000000000005);
#10590=LINE('',#13090,#13091);
#10591=FILL_AREA_STYLE_COLOUR('',#13092);
#10592=VERTEX_POINT('',#13093);
#10593=LINE('',#13094,#13095);
#10594=LINE('',#13096,#13097);
#10595=FILL_AREA_STYLE_COLOUR('',#13098);
#10596=LINE('',#13099,#13100);
#10597=FILL_AREA_STYLE_COLOUR('',#13101);
#10598=LINE('',#13102,#13103);
#10599=FILL_AREA_STYLE_COLOUR('',#13104);
#10600=FILL_AREA_STYLE_COLOUR('',#13105);
#10601=FILL_AREA_STYLE_COLOUR('',#13106);
#10602=FILL_AREA_STYLE_COLOUR('',#13107);
#10603=VERTEX_POINT('',#13108);
#10604=LINE('',#13109,#13110);
#10605=LINE('',#13111,#13112);
#10606=VERTEX_POINT('',#13113);
#10607=CIRCLE('',#13114,1.20000000000001);
#10608=VERTEX_POINT('',#13115);
#10609=LINE('',#13116,#13117);
#10610=LINE('',#13118,#13119);
#10611=VERTEX_POINT('',#13120);
#10612=VERTEX_POINT('',#13121);
#10613=CIRCLE('',#13122,0.5);
#10614=CIRCLE('',#13123,0.5);
#10615=FILL_AREA_STYLE_COLOUR('',#13124);
#10616=VERTEX_POINT('',#13125);
#10617=LINE('',#13126,#13127);
#10618=VERTEX_POINT('',#13128);
#10619=LINE('',#13129,#13130);
#10620=LINE('',#13131,#13132);
#10621=VERTEX_POINT('',#13133);
#10622=CIRCLE('',#13134,1.20000000000001);
#10623=LINE('',#13135,#13136);
#10624=VERTEX_POINT('',#13137);
#10625=VERTEX_POINT('',#13138);
#10626=CIRCLE('',#13139,0.5);
#10627=CIRCLE('',#13140,0.5);
#10628=FILL_AREA_STYLE_COLOUR('',#13141);
#10629=LINE('',#13142,#13143);
#10630=LINE('',#13144,#13145);
#10631=FILL_AREA_STYLE_COLOUR('',#13146);
#10632=VERTEX_POINT('',#13147);
#10633=LINE('',#13148,#13149);
#10634=VERTEX_POINT('',#13150);
#10635=LINE('',#13151,#13152);
#10636=VERTEX_POINT('',#13153);
#10637=LINE('',#13154,#13155);
#10638=VERTEX_POINT('',#13156);
#10639=LINE('',#13157,#13158);
#10640=LINE('',#13159,#13160);
#10641=FILL_AREA_STYLE_COLOUR('',#13161);
#10642=VERTEX_POINT('',#13162);
#10643=VERTEX_POINT('',#13163);
#10644=LINE('',#13164,#13165);
#10645=LINE('',#13166,#13167);
#10646=LINE('',#13168,#13169);
#10647=FILL_AREA_STYLE_COLOUR('',#13170);
#10648=VERTEX_POINT('',#13171);
#10649=LINE('',#13172,#13173);
#10650=CIRCLE('',#13174,1.20000000000001);
#10651=LINE('',#13175,#13176);
#10652=LINE('',#13177,#13178);
#10653=FILL_AREA_STYLE_COLOUR('',#13179);
#10654=FILL_AREA_STYLE_COLOUR('',#13180);
#10655=FILL_AREA_STYLE_COLOUR('',#13181);
#10656=VERTEX_POINT('',#13182);
#10657=LINE('',#13183,#13184);
#10658=LINE('',#13185,#13186);
#10659=FILL_AREA_STYLE_COLOUR('',#13187);
#10660=CIRCLE('',#13188,1.20000000000001);
#10661=FILL_AREA_STYLE_COLOUR('',#13189);
#10662=VERTEX_POINT('',#13190);
#10663=LINE('',#13191,#13192);
#10664=LINE('',#13193,#13194);
#10665=FILL_AREA_STYLE_COLOUR('',#13195);
#10666=VERTEX_POINT('',#13196);
#10667=LINE('',#13197,#13198);
#10668=LINE('',#13199,#13200);
#10669=FILL_AREA_STYLE_COLOUR('',#13201);
#10670=LINE('',#13202,#13203);
#10671=FILL_AREA_STYLE_COLOUR('',#13204);
#10672=VERTEX_POINT('',#13205);
#10673=VERTEX_POINT('',#13206);
#10674=LINE('',#13207,#13208);
#10675=VERTEX_POINT('',#13209);
#10676=LINE('',#13210,#13211);
#10677=VERTEX_POINT('',#13212);
#10678=LINE('',#13213,#13214);
#10679=LINE('',#13215,#13216);
#10680=FILL_AREA_STYLE_COLOUR('',#13217);
#10681=VERTEX_POINT('',#13218);
#10682=LINE('',#13219,#13220);
#10683=VERTEX_POINT('',#13221);
#10684=LINE('',#13222,#13223);
#10685=LINE('',#13224,#13225);
#10686=FILL_AREA_STYLE_COLOUR('',#13226);
#10687=VERTEX_POINT('',#13227);
#10688=LINE('',#13228,#13229);
#10689=LINE('',#13230,#13231);
#10690=FILL_AREA_STYLE_COLOUR('',#13232);
#10691=VERTEX_POINT('',#13233);
#10692=LINE('',#13234,#13235);
#10693=LINE('',#13236,#13237);
#10694=FILL_AREA_STYLE_COLOUR('',#13238);
#10695=VERTEX_POINT('',#13239);
#10696=LINE('',#13240,#13241);
#10697=VERTEX_POINT('',#13242);
#10698=LINE('',#13243,#13244);
#10699=LINE('',#13245,#13246);
#10700=LINE('',#13247,#13248);
#10701=FILL_AREA_STYLE_COLOUR('',#13249);
#10702=FILL_AREA_STYLE_COLOUR('',#13250);
#10703=VERTEX_POINT('',#13251);
#10704=VERTEX_POINT('',#13252);
#10705=LINE('',#13253,#13254);
#10706=VERTEX_POINT('',#13255);
#10707=LINE('',#13256,#13257);
#10708=VERTEX_POINT('',#13258);
#10709=LINE('',#13259,#13260);
#10710=CIRCLE('',#13261,1.2);
#10711=VERTEX_POINT('',#13262);
#10712=LINE('',#13263,#13264);
#10713=LINE('',#13265,#13266);
#10714=FILL_AREA_STYLE_COLOUR('',#13267);
#10715=VERTEX_POINT('',#13268);
#10716=LINE('',#13269,#13270);
#10717=LINE('',#13271,#13272);
#10718=VERTEX_POINT('',#13273);
#10719=LINE('',#13274,#13275);
#10720=VERTEX_POINT('',#13276);
#10721=LINE('',#13277,#13278);
#10722=VERTEX_POINT('',#13279);
#10723=LINE('',#13280,#13281);
#10724=VERTEX_POINT('',#13282);
#10725=LINE('',#13283,#13284);
#10726=VERTEX_POINT('',#13285);
#10727=LINE('',#13286,#13287);
#10728=LINE('',#13288,#13289);
#10729=FILL_AREA_STYLE_COLOUR('',#13290);
#10730=VERTEX_POINT('',#13291);
#10731=CIRCLE('',#13292,1.20000000000001);
#10732=VERTEX_POINT('',#13293);
#10733=LINE('',#13294,#13295);
#10734=CIRCLE('',#13296,1.20000000000001);
#10735=FILL_AREA_STYLE_COLOUR('',#13297);
#10736=VERTEX_POINT('',#13298);
#10737=VERTEX_POINT('',#13299);
#10738=CIRCLE('',#13300,0.5);
#10739=VERTEX_POINT('',#13301);
#10740=LINE('',#13302,#13303);
#10741=VERTEX_POINT('',#13304);
#10742=CIRCLE('',#13305,0.5);
#10743=LINE('',#13306,#13307);
#10744=FILL_AREA_STYLE_COLOUR('',#13308);
#10745=VERTEX_POINT('',#13309);
#10746=LINE('',#13310,#13311);
#10747=CIRCLE('',#13312,1.20000000000005);
#10748=LINE('',#13313,#13314);
#10749=LINE('',#13315,#13316);
#10750=VERTEX_POINT('',#13317);
#10751=CIRCLE('',#13318,1.2);
#10752=LINE('',#13319,#13320);
#10753=CIRCLE('',#13321,0.5);
#10754=FILL_AREA_STYLE_COLOUR('',#13322);
#10755=LINE('',#13323,#13324);
#10756=FILL_AREA_STYLE_COLOUR('',#13325);
#10757=CIRCLE('',#13326,1.20000000000005);
#10758=LINE('',#13327,#13328);
#10759=FILL_AREA_STYLE_COLOUR('',#13329);
#10760=FILL_AREA_STYLE_COLOUR('',#13330);
#10761=VERTEX_POINT('',#13331);
#10762=LINE('',#13332,#13333);
#10763=LINE('',#13334,#13335);
#10764=VERTEX_POINT('',#13336);
#10765=CIRCLE('',#13337,1.2);
#10766=LINE('',#13338,#13339);
#10767=CIRCLE('',#13340,0.5);
#10768=FILL_AREA_STYLE_COLOUR('',#13341);
#10769=VERTEX_POINT('',#13342);
#10770=VERTEX_POINT('',#13343);
#10771=LINE('',#13344,#13345);
#10772=VERTEX_POINT('',#13346);
#10773=LINE('',#13347,#13348);
#10774=VERTEX_POINT('',#13349);
#10775=LINE('',#13350,#13351);
#10776=LINE('',#13352,#13353);
#10777=FILL_AREA_STYLE_COLOUR('',#13354);
#10778=VERTEX_POINT('',#13355);
#10779=VERTEX_POINT('',#13356);
#10780=LINE('',#13357,#13358);
#10781=VERTEX_POINT('',#13359);
#10782=LINE('',#13360,#13361);
#10783=CIRCLE('',#13362,1.2);
#10784=LINE('',#13363,#13364);
#10785=LINE('',#13365,#13366);
#10786=FILL_AREA_STYLE_COLOUR('',#13367);
#10787=FILL_AREA_STYLE_COLOUR('',#13368);
#10788=LINE('',#13369,#13370);
#10789=LINE('',#13371,#13372);
#10790=FILL_AREA_STYLE_COLOUR('',#13373);
#10791=FILL_AREA_STYLE_COLOUR('',#13374);
#10792=VERTEX_POINT('',#13375);
#10793=LINE('',#13376,#13377);
#10794=VERTEX_POINT('',#13378);
#10795=LINE('',#13379,#13380);
#10796=LINE('',#13381,#13382);
#10797=FILL_AREA_STYLE_COLOUR('',#13383);
#10798=LINE('',#13384,#13385);
#10799=FILL_AREA_STYLE_COLOUR('',#13386);
#10800=LINE('',#13387,#13388);
#10801=FILL_AREA_STYLE_COLOUR('',#13389);
#10802=FILL_AREA_STYLE_COLOUR('',#13390);
#10803=VERTEX_POINT('',#13391);
#10804=LINE('',#13392,#13393);
#10805=VERTEX_POINT('',#13394);
#10806=LINE('',#13395,#13396);
#10807=LINE('',#13397,#13398);
#10808=FILL_AREA_STYLE_COLOUR('',#13399);
#10809=LINE('',#13400,#13401);
#10810=FILL_AREA_STYLE_COLOUR('',#13402);
#10811=VERTEX_POINT('',#13403);
#10812=VERTEX_POINT('',#13404);
#10813=LINE('',#13405,#13406);
#10814=LINE('',#13407,#13408);
#10815=LINE('',#13409,#13410);
#10816=FILL_AREA_STYLE_COLOUR('',#13411);
#10817=VERTEX_POINT('',#13412);
#10818=LINE('',#13413,#13414);
#10819=LINE('',#13415,#13416);
#10820=FILL_AREA_STYLE_COLOUR('',#13417);
#10821=VERTEX_POINT('',#13418);
#10822=LINE('',#13419,#13420);
#10823=LINE('',#13421,#13422);
#10824=FILL_AREA_STYLE_COLOUR('',#13423);
#10825=LINE('',#13424,#13425);
#10826=FILL_AREA_STYLE_COLOUR('',#13426);
#10827=VERTEX_POINT('',#13427);
#10828=VERTEX_POINT('',#13428);
#10829=LINE('',#13429,#13430);
#10830=VERTEX_POINT('',#13431);
#10831=LINE('',#13432,#13433);
#10832=VERTEX_POINT('',#13434);
#10833=LINE('',#13435,#13436);
#10834=LINE('',#13437,#13438);
#10835=FILL_AREA_STYLE_COLOUR('',#13439);
#10836=VERTEX_POINT('',#13440);
#10837=LINE('',#13441,#13442);
#10838=VERTEX_POINT('',#13443);
#10839=LINE('',#13444,#13445);
#10840=LINE('',#13446,#13447);
#10841=FILL_AREA_STYLE_COLOUR('',#13448);
#10842=VERTEX_POINT('',#13449);
#10843=LINE('',#13450,#13451);
#10844=VERTEX_POINT('',#13452);
#10845=LINE('',#13453,#13454);
#10846=LINE('',#13455,#13456);
#10847=VERTEX_POINT('',#13457);
#10848=VERTEX_POINT('',#13458);
#10849=LINE('',#13459,#13460);
#10850=VERTEX_POINT('',#13461);
#10851=LINE('',#13462,#13463);
#10852=VERTEX_POINT('',#13464);
#10853=LINE('',#13465,#13466);
#10854=LINE('',#13467,#13468);
#10855=FILL_AREA_STYLE_COLOUR('',#13469);
#10856=VERTEX_POINT('',#13470);
#10857=LINE('',#13471,#13472);
#10858=VERTEX_POINT('',#13473);
#10859=LINE('',#13474,#13475);
#10860=LINE('',#13476,#13477);
#10861=FILL_AREA_STYLE_COLOUR('',#13478);
#10862=VERTEX_POINT('',#13479);
#10863=LINE('',#13480,#13481);
#10864=LINE('',#13482,#13483);
#10865=FILL_AREA_STYLE_COLOUR('',#13484);
#10866=VERTEX_POINT('',#13485);
#10867=VERTEX_POINT('',#13486);
#10868=LINE('',#13487,#13488);
#10869=VERTEX_POINT('',#13489);
#10870=LINE('',#13490,#13491);
#10871=VERTEX_POINT('',#13492);
#10872=LINE('',#13493,#13494);
#10873=LINE('',#13495,#13496);
#10874=VERTEX_POINT('',#13497);
#10875=LINE('',#13498,#13499);
#10876=LINE('',#13500,#13501);
#10877=FILL_AREA_STYLE_COLOUR('',#13502);
#10878=VERTEX_POINT('',#13503);
#10879=VERTEX_POINT('',#13504);
#10880=LINE('',#13505,#13506);
#10881=VERTEX_POINT('',#13507);
#10882=LINE('',#13508,#13509);
#10883=CIRCLE('',#13510,1.20000000000001);
#10884=VERTEX_POINT('',#13511);
#10885=LINE('',#13512,#13513);
#10886=VERTEX_POINT('',#13514);
#10887=LINE('',#13515,#13516);
#10888=LINE('',#13517,#13518);
#10889=FILL_AREA_STYLE_COLOUR('',#13519);
#10890=VERTEX_POINT('',#13520);
#10891=LINE('',#13521,#13522);
#10892=LINE('',#13523,#13524);
#10893=FILL_AREA_STYLE_COLOUR('',#13525);
#10894=VERTEX_POINT('',#13526);
#10895=VERTEX_POINT('',#13527);
#10896=LINE('',#13528,#13529);
#10897=VERTEX_POINT('',#13530);
#10898=LINE('',#13531,#13532);
#10899=CIRCLE('',#13533,1.19999999999999);
#10900=VERTEX_POINT('',#13534);
#10901=LINE('',#13535,#13536);
#10902=LINE('',#13537,#13538);
#10903=VERTEX_POINT('',#13539);
#10904=CIRCLE('',#13540,1.20000000000001);
#10905=LINE('',#13541,#13542);
#10906=VERTEX_POINT('',#13543);
#10907=VERTEX_POINT('',#13544);
#10908=CIRCLE('',#13545,0.5);
#10909=CIRCLE('',#13546,0.5);
#10910=FILL_AREA_STYLE_COLOUR('',#13547);
#10911=VERTEX_POINT('',#13548);
#10912=LINE('',#13549,#13550);
#10913=LINE('',#13551,#13552);
#10914=FILL_AREA_STYLE_COLOUR('',#13553);
#10915=VERTEX_POINT('',#13554);
#10916=LINE('',#13555,#13556);
#10917=CIRCLE('',#13557,1.19999999999999);
#10918=FILL_AREA_STYLE_COLOUR('',#13558);
#10919=VERTEX_POINT('',#13559);
#10920=LINE('',#13560,#13561);
#10921=LINE('',#13562,#13563);
#10922=FILL_AREA_STYLE_COLOUR('',#13564);
#10923=LINE('',#13565,#13566);
#10924=LINE('',#13567,#13568);
#10925=FILL_AREA_STYLE_COLOUR('',#13569);
#10926=VERTEX_POINT('',#13570);
#10927=LINE('',#13571,#13572);
#10928=VERTEX_POINT('',#13573);
#10929=CIRCLE('',#13574,0.5);
#10930=LINE('',#13575,#13576);
#10931=FILL_AREA_STYLE_COLOUR('',#13577);
#10932=VERTEX_POINT('',#13578);
#10933=LINE('',#13579,#13580);
#10934=VERTEX_POINT('',#13581);
#10935=CIRCLE('',#13582,1.20000000000001);
#10936=VERTEX_POINT('',#13583);
#10937=LINE('',#13584,#13585);
#10938=VERTEX_POINT('',#13586);
#10939=LINE('',#13587,#13588);
#10940=VERTEX_POINT('',#13589);
#10941=LINE('',#13590,#13591);
#10942=CIRCLE('',#13592,1.19999999999999);
#10943=VERTEX_POINT('',#13593);
#10944=LINE('',#13594,#13595);
#10945=LINE('',#13596,#13597);
#10946=CIRCLE('',#13598,0.5);
#10947=FILL_AREA_STYLE_COLOUR('',#13599);
#10948=VERTEX_POINT('',#13600);
#10949=VERTEX_POINT('',#13601);
#10950=LINE('',#13602,#13603);
#10951=VERTEX_POINT('',#13604);
#10952=LINE('',#13605,#13606);
#10953=VERTEX_POINT('',#13607);
#10954=LINE('',#13608,#13609);
#10955=CIRCLE('',#13610,1.20000000000001);
#10956=VERTEX_POINT('',#13611);
#10957=LINE('',#13612,#13613);
#10958=LINE('',#13614,#13615);
#10959=FILL_AREA_STYLE_COLOUR('',#13616);
#10960=LINE('',#13617,#13618);
#10961=VERTEX_POINT('',#13619);
#10962=LINE('',#13620,#13621);
#10963=LINE('',#13622,#13623);
#10964=LINE('',#13624,#13625);
#10965=LINE('',#13626,#13627);
#10966=FILL_AREA_STYLE_COLOUR('',#13628);
#10967=VERTEX_POINT('',#13629);
#10968=CIRCLE('',#13630,1.19999999999999);
#10969=VERTEX_POINT('',#13631);
#10970=LINE('',#13632,#13633);
#10971=LINE('',#13634,#13635);
#10972=LINE('',#13636,#13637);
#10973=FILL_AREA_STYLE_COLOUR('',#13638);
#10974=LINE('',#13639,#13640);
#10975=LINE('',#13641,#13642);
#10976=FILL_AREA_STYLE_COLOUR('',#13643);
#10977=FILL_AREA_STYLE_COLOUR('',#13644);
#10978=FILL_AREA_STYLE_COLOUR('',#13645);
#10979=LINE('',#13646,#13647);
#10980=VERTEX_POINT('',#13648);
#10981=VERTEX_POINT('',#13649);
#10982=LINE('',#13650,#13651);
#10983=VERTEX_POINT('',#13652);
#10984=LINE('',#13653,#13654);
#10985=VERTEX_POINT('',#13655);
#10986=LINE('',#13656,#13657);
#10987=LINE('',#13658,#13659);
#10988=FILL_AREA_STYLE_COLOUR('',#13660);
#10989=VERTEX_POINT('',#13661);
#10990=LINE('',#13662,#13663);
#10991=VERTEX_POINT('',#13664);
#10992=LINE('',#13665,#13666);
#10993=LINE('',#13667,#13668);
#10994=FILL_AREA_STYLE_COLOUR('',#13669);
#10995=VERTEX_POINT('',#13670);
#10996=LINE('',#13671,#13672);
#10997=LINE('',#13673,#13674);
#10998=FILL_AREA_STYLE_COLOUR('',#13675);
#10999=VERTEX_POINT('',#13676);
#11000=LINE('',#13677,#13678);
#11001=LINE('',#13679,#13680);
#11002=FILL_AREA_STYLE_COLOUR('',#13681);
#11003=VERTEX_POINT('',#13682);
#11004=VERTEX_POINT('',#13683);
#11005=LINE('',#13684,#13685);
#11006=VERTEX_POINT('',#13686);
#11007=LINE('',#13687,#13688);
#11008=VERTEX_POINT('',#13689);
#11009=LINE('',#13690,#13691);
#11010=LINE('',#13692,#13693);
#11011=LINE('',#13694,#13695);
#11012=FILL_AREA_STYLE_COLOUR('',#13696);
#11013=FILL_AREA_STYLE_COLOUR('',#13697);
#11014=VERTEX_POINT('',#13698);
#11015=VERTEX_POINT('',#13699);
#11016=LINE('',#13700,#13701);
#11017=VERTEX_POINT('',#13702);
#11018=LINE('',#13703,#13704);
#11019=VERTEX_POINT('',#13705);
#11020=LINE('',#13706,#13707);
#11021=LINE('',#13708,#13709);
#11022=VERTEX_POINT('',#13710);
#11023=VERTEX_POINT('',#13711);
#11024=LINE('',#13712,#13713);
#11025=VERTEX_POINT('',#13714);
#11026=LINE('',#13715,#13716);
#11027=VERTEX_POINT('',#13717);
#11028=LINE('',#13718,#13719);
#11029=LINE('',#13720,#13721);
#11030=FILL_AREA_STYLE_COLOUR('',#13722);
#11031=VERTEX_POINT('',#13723);
#11032=VERTEX_POINT('',#13724);
#11033=LINE('',#13725,#13726);
#11034=VERTEX_POINT('',#13727);
#11035=LINE('',#13728,#13729);
#11036=VERTEX_POINT('',#13730);
#11037=LINE('',#13731,#13732);
#11038=LINE('',#13733,#13734);
#11039=VERTEX_POINT('',#13735);
#11040=VERTEX_POINT('',#13736);
#11041=LINE('',#13737,#13738);
#11042=VERTEX_POINT('',#13739);
#11043=LINE('',#13740,#13741);
#11044=VERTEX_POINT('',#13742);
#11045=LINE('',#13743,#13744);
#11046=LINE('',#13745,#13746);
#11047=FILL_AREA_STYLE_COLOUR('',#13747);
#11048=VERTEX_POINT('',#13748);
#11049=VERTEX_POINT('',#13749);
#11050=LINE('',#13750,#13751);
#11051=LINE('',#13752,#13753);
#11052=VERTEX_POINT('',#13754);
#11053=LINE('',#13755,#13756);
#11054=LINE('',#13757,#13758);
#11055=CIRCLE('',#13759,1.19999999999999);
#11056=FILL_AREA_STYLE_COLOUR('',#13760);
#11057=VERTEX_POINT('',#13761);
#11058=CIRCLE('',#13762,1.2);
#11059=LINE('',#13763,#13764);
#11060=FILL_AREA_STYLE_COLOUR('',#13765);
#11061=VERTEX_POINT('',#13766);
#11062=LINE('',#13767,#13768);
#11063=LINE('',#13769,#13770);
#11064=FILL_AREA_STYLE_COLOUR('',#13771);
#11065=VERTEX_POINT('',#13772);
#11066=LINE('',#13773,#13774);
#11067=LINE('',#13775,#13776);
#11068=FILL_AREA_STYLE_COLOUR('',#13777);
#11069=VERTEX_POINT('',#13778);
#11070=LINE('',#13779,#13780);
#11071=VERTEX_POINT('',#13781);
#11072=LINE('',#13782,#13783);
#11073=VERTEX_POINT('',#13784);
#11074=LINE('',#13785,#13786);
#11075=VERTEX_POINT('',#13787);
#11076=LINE('',#13788,#13789);
#11077=VERTEX_POINT('',#13790);
#11078=LINE('',#13791,#13792);
#11079=VERTEX_POINT('',#13793);
#11080=LINE('',#13794,#13795);
#11081=VERTEX_POINT('',#13796);
#11082=LINE('',#13797,#13798);
#11083=VERTEX_POINT('',#13799);
#11084=LINE('',#13800,#13801);
#11085=LINE('',#13802,#13803);
#11086=FILL_AREA_STYLE_COLOUR('',#13804);
#11087=VERTEX_POINT('',#13805);
#11088=VERTEX_POINT('',#13806);
#11089=LINE('',#13807,#13808);
#11090=LINE('',#13809,#13810);
#11091=LINE('',#13811,#13812);
#11092=FILL_AREA_STYLE_COLOUR('',#13813);
#11093=CIRCLE('',#13814,1.2);
#11094=CIRCLE('',#13815,1.2);
#11095=FILL_AREA_STYLE_COLOUR('',#13816);
#11096=VERTEX_POINT('',#13817);
#11097=VERTEX_POINT('',#13818);
#11098=LINE('',#13819,#13820);
#11099=LINE('',#13821,#13822);
#11100=LINE('',#13823,#13824);
#11101=FILL_AREA_STYLE_COLOUR('',#13825);
#11102=LINE('',#13826,#13827);
#11103=VERTEX_POINT('',#13828);
#11104=CIRCLE('',#13829,1.20000000000001);
#11105=VERTEX_POINT('',#13830);
#11106=LINE('',#13831,#13832);
#11107=LINE('',#13833,#13834);
#11108=VERTEX_POINT('',#13835);
#11109=VERTEX_POINT('',#13836);
#11110=CIRCLE('',#13837,0.5);
#11111=CIRCLE('',#13838,0.5);
#11112=FILL_AREA_STYLE_COLOUR('',#13839);
#11113=VERTEX_POINT('',#13840);
#11114=LINE('',#13841,#13842);
#11115=VERTEX_POINT('',#13843);
#11116=CIRCLE('',#13844,0.5);
#11117=LINE('',#13845,#13846);
#11118=FILL_AREA_STYLE_COLOUR('',#13847);
#11119=VERTEX_POINT('',#13848);
#11120=LINE('',#13849,#13850);
#11121=LINE('',#13851,#13852);
#11122=VERTEX_POINT('',#13853);
#11123=CIRCLE('',#13854,1.20000000000001);
#11124=LINE('',#13855,#13856);
#11125=CIRCLE('',#13857,0.5);
#11126=FILL_AREA_STYLE_COLOUR('',#13858);
#11127=VERTEX_POINT('',#13859);
#11128=LINE('',#13860,#13861);
#11129=VERTEX_POINT('',#13862);
#11130=LINE('',#13863,#13864);
#11131=CIRCLE('',#13865,1.20000000000001);
#11132=VERTEX_POINT('',#13866);
#11133=LINE('',#13867,#13868);
#11134=LINE('',#13869,#13870);
#11135=FILL_AREA_STYLE_COLOUR('',#13871);
#11136=LINE('',#13872,#13873);
#11137=VERTEX_POINT('',#13874);
#11138=LINE('',#13875,#13876);
#11139=VERTEX_POINT('',#13877);
#11140=LINE('',#13878,#13879);
#11141=LINE('',#13880,#13881);
#11142=LINE('',#13882,#13883);
#11143=FILL_AREA_STYLE_COLOUR('',#13884);
#11144=FILL_AREA_STYLE_COLOUR('',#13885);
#11145=LINE('',#13886,#13887);
#11146=VERTEX_POINT('',#13888);
#11147=VERTEX_POINT('',#13889);
#11148=LINE('',#13890,#13891);
#11149=VERTEX_POINT('',#13892);
#11150=LINE('',#13893,#13894);
#11151=VERTEX_POINT('',#13895);
#11152=LINE('',#13896,#13897);
#11153=LINE('',#13898,#13899);
#11154=FILL_AREA_STYLE_COLOUR('',#13900);
#11155=VERTEX_POINT('',#13901);
#11156=LINE('',#13902,#13903);
#11157=VERTEX_POINT('',#13904);
#11158=LINE('',#13905,#13906);
#11159=LINE('',#13907,#13908);
#11160=FILL_AREA_STYLE_COLOUR('',#13909);
#11161=VERTEX_POINT('',#13910);
#11162=LINE('',#13911,#13912);
#11163=LINE('',#13913,#13914);
#11164=FILL_AREA_STYLE_COLOUR('',#13915);
#11165=VERTEX_POINT('',#13916);
#11166=LINE('',#13917,#13918);
#11167=LINE('',#13919,#13920);
#11168=FILL_AREA_STYLE_COLOUR('',#13921);
#11169=VERTEX_POINT('',#13922);
#11170=VERTEX_POINT('',#13923);
#11171=LINE('',#13924,#13925);
#11172=VERTEX_POINT('',#13926);
#11173=LINE('',#13927,#13928);
#11174=VERTEX_POINT('',#13929);
#11175=LINE('',#13930,#13931);
#11176=LINE('',#13932,#13933);
#11177=LINE('',#13934,#13935);
#11178=FILL_AREA_STYLE_COLOUR('',#13936);
#11179=FILL_AREA_STYLE_COLOUR('',#13937);
#11180=VERTEX_POINT('',#13938);
#11181=VERTEX_POINT('',#13939);
#11182=LINE('',#13940,#13941);
#11183=VERTEX_POINT('',#13942);
#11184=LINE('',#13943,#13944);
#11185=CIRCLE('',#13945,1.2);
#11186=VERTEX_POINT('',#13946);
#11187=LINE('',#13947,#13948);
#11188=VERTEX_POINT('',#13949);
#11189=LINE('',#13950,#13951);
#11190=LINE('',#13952,#13953);
#11191=FILL_AREA_STYLE_COLOUR('',#13954);
#11192=VERTEX_POINT('',#13955);
#11193=LINE('',#13956,#13957);
#11194=LINE('',#13958,#13959);
#11195=FILL_AREA_STYLE_COLOUR('',#13960);
#11196=VERTEX_POINT('',#13961);
#11197=VERTEX_POINT('',#13962);
#11198=LINE('',#13963,#13964);
#11199=VERTEX_POINT('',#13965);
#11200=LINE('',#13966,#13967);
#11201=CIRCLE('',#13968,1.20000000000005);
#11202=VERTEX_POINT('',#13969);
#11203=LINE('',#13970,#13971);
#11204=LINE('',#13972,#13973);
#11205=VERTEX_POINT('',#13974);
#11206=CIRCLE('',#13975,1.2);
#11207=LINE('',#13976,#13977);
#11208=VERTEX_POINT('',#13978);
#11209=VERTEX_POINT('',#13979);
#11210=CIRCLE('',#13980,0.5);
#11211=CIRCLE('',#13981,0.5);
#11212=FILL_AREA_STYLE_COLOUR('',#13982);
#11213=VERTEX_POINT('',#13983);
#11214=LINE('',#13984,#13985);
#11215=LINE('',#13986,#13987);
#11216=FILL_AREA_STYLE_COLOUR('',#13988);
#11217=VERTEX_POINT('',#13989);
#11218=CIRCLE('',#13990,1.20000000000005);
#11219=VERTEX_POINT('',#13991);
#11220=LINE('',#13992,#13993);
#11221=LINE('',#13994,#13995);
#11222=LINE('',#13996,#13997);
#11223=FILL_AREA_STYLE_COLOUR('',#13998);
#11224=LINE('',#13999,#14000);
#11225=LINE('',#14001,#14002);
#11226=FILL_AREA_STYLE_COLOUR('',#14003);
#11227=FILL_AREA_STYLE_COLOUR('',#14004);
#11228=VERTEX_POINT('',#14005);
#11229=LINE('',#14006,#14007);
#11230=VERTEX_POINT('',#14008);
#11231=CIRCLE('',#14009,0.5);
#11232=LINE('',#14010,#14011);
#11233=FILL_AREA_STYLE_COLOUR('',#14012);
#11234=VERTEX_POINT('',#14013);
#11235=LINE('',#14014,#14015);
#11236=VERTEX_POINT('',#14016);
#11237=CIRCLE('',#14017,1.2);
#11238=VERTEX_POINT('',#14018);
#11239=LINE('',#14019,#14020);
#11240=VERTEX_POINT('',#14021);
#11241=LINE('',#14022,#14023);
#11242=VERTEX_POINT('',#14024);
#11243=LINE('',#14025,#14026);
#11244=CIRCLE('',#14027,1.20000000000005);
#11245=VERTEX_POINT('',#14028);
#11246=LINE('',#14029,#14030);
#11247=LINE('',#14031,#14032);
#11248=CIRCLE('',#14033,0.5);
#11249=FILL_AREA_STYLE_COLOUR('',#14034);
#11250=VERTEX_POINT('',#14035);
#11251=LINE('',#14036,#14037);
#11252=LINE('',#14038,#14039);
#11253=VERTEX_POINT('',#14040);
#11254=LINE('',#14041,#14042);
#11255=VERTEX_POINT('',#14043);
#11256=LINE('',#14044,#14045);
#11257=LINE('',#14046,#14047);
#11258=FILL_AREA_STYLE_COLOUR('',#14048);
#11259=VERTEX_POINT('',#14049);
#11260=LINE('',#14050,#14051);
#11261=LINE('',#14052,#14053);
#11262=FILL_AREA_STYLE_COLOUR('',#14054);
#11263=VERTEX_POINT('',#14055);
#11264=LINE('',#14056,#14057);
#11265=LINE('',#14058,#14059);
#11266=CIRCLE('',#14060,1.20000000000005);
#11267=FILL_AREA_STYLE_COLOUR('',#14061);
#11268=LINE('',#14062,#14063);
#11269=FILL_AREA_STYLE_COLOUR('',#14064);
#11270=FILL_AREA_STYLE_COLOUR('',#14065);
#11271=VERTEX_POINT('',#14066);
#11272=LINE('',#14067,#14068);
#11273=LINE('',#14069,#14070);
#11274=FILL_AREA_STYLE_COLOUR('',#14071);
#11275=CIRCLE('',#14072,1.2);
#11276=FILL_AREA_STYLE_COLOUR('',#14073);
#11277=VERTEX_POINT('',#14074);
#11278=LINE('',#14075,#14076);
#11279=LINE('',#14077,#14078);
#11280=FILL_AREA_STYLE_COLOUR('',#14079);
#11281=LINE('',#14080,#14081);
#11282=LINE('',#14082,#14083);
#11283=FILL_AREA_STYLE_COLOUR('',#14084);
#11284=FILL_AREA_STYLE_COLOUR('',#14085);
#11285=VERTEX_POINT('',#14086);
#11286=LINE('',#14087,#14088);
#11287=LINE('',#14089,#14090);
#11288=FILL_AREA_STYLE_COLOUR('',#14091);
#11289=LINE('',#14092,#14093);
#11290=VERTEX_POINT('',#14094);
#11291=VERTEX_POINT('',#14095);
#11292=LINE('',#14096,#14097);
#11293=VERTEX_POINT('',#14098);
#11294=LINE('',#14099,#14100);
#11295=VERTEX_POINT('',#14101);
#11296=LINE('',#14102,#14103);
#11297=LINE('',#14104,#14105);
#11298=FILL_AREA_STYLE_COLOUR('',#14106);
#11299=VERTEX_POINT('',#14107);
#11300=LINE('',#14108,#14109);
#11301=VERTEX_POINT('',#14110);
#11302=LINE('',#14111,#14112);
#11303=LINE('',#14113,#14114);
#11304=FILL_AREA_STYLE_COLOUR('',#14115);
#11305=VERTEX_POINT('',#14116);
#11306=LINE('',#14117,#14118);
#11307=LINE('',#14119,#14120);
#11308=FILL_AREA_STYLE_COLOUR('',#14121);
#11309=VERTEX_POINT('',#14122);
#11310=LINE('',#14123,#14124);
#11311=LINE('',#14125,#14126);
#11312=FILL_AREA_STYLE_COLOUR('',#14127);
#11313=VERTEX_POINT('',#14128);
#11314=VERTEX_POINT('',#14129);
#11315=LINE('',#14130,#14131);
#11316=VERTEX_POINT('',#14132);
#11317=LINE('',#14133,#14134);
#11318=VERTEX_POINT('',#14135);
#11319=LINE('',#14136,#14137);
#11320=LINE('',#14138,#14139);
#11321=LINE('',#14140,#14141);
#11322=FILL_AREA_STYLE_COLOUR('',#14142);
#11323=VERTEX_POINT('',#14143);
#11324=VERTEX_POINT('',#14144);
#11325=LINE('',#14145,#14146);
#11326=VERTEX_POINT('',#14147);
#11327=LINE('',#14148,#14149);
#11328=CIRCLE('',#14150,1.2);
#11329=VERTEX_POINT('',#14151);
#11330=LINE('',#14152,#14153);
#11331=VERTEX_POINT('',#14154);
#11332=LINE('',#14155,#14156);
#11333=LINE('',#14157,#14158);
#11334=VERTEX_POINT('',#14159);
#11335=CIRCLE('',#14160,1.2);
#11336=LINE('',#14161,#14162);
#11337=VERTEX_POINT('',#14163);
#11338=VERTEX_POINT('',#14164);
#11339=CIRCLE('',#14165,0.5);
#11340=CIRCLE('',#14166,0.5);
#11341=FILL_AREA_STYLE_COLOUR('',#14167);
#11342=VERTEX_POINT('',#14168);
#11343=LINE('',#14169,#14170);
#11344=VERTEX_POINT('',#14171);
#11345=CIRCLE('',#14172,0.5);
#11346=LINE('',#14173,#14174);
#11347=FILL_AREA_STYLE_COLOUR('',#14175);
#11348=VERTEX_POINT('',#14176);
#11349=VERTEX_POINT('',#14177);
#11350=LINE('',#14178,#14179);
#11351=VERTEX_POINT('',#14180);
#11352=LINE('',#14181,#14182);
#11353=CIRCLE('',#14183,1.2);
#11354=VERTEX_POINT('',#14184);
#11355=LINE('',#14185,#14186);
#11356=VERTEX_POINT('',#14187);
#11357=LINE('',#14188,#14189);
#11358=LINE('',#14190,#14191);
#11359=VERTEX_POINT('',#14192);
#11360=CIRCLE('',#14193,1.2);
#11361=LINE('',#14194,#14195);
#11362=CIRCLE('',#14196,0.5);
#11363=FILL_AREA_STYLE_COLOUR('',#14197);
#11364=VERTEX_POINT('',#14198);
#11365=VERTEX_POINT('',#14199);
#11366=LINE('',#14200,#14201);
#11367=VERTEX_POINT('',#14202);
#11368=LINE('',#14203,#14204);
#11369=VERTEX_POINT('',#14205);
#11370=LINE('',#14206,#14207);
#11371=VERTEX_POINT('',#14208);
#11372=LINE('',#14209,#14210);
#11373=CIRCLE('',#14211,1.2);
#11374=LINE('',#14212,#14213);
#11375=FILL_AREA_STYLE_COLOUR('',#14214);
#11376=VERTEX_POINT('',#14215);
#11377=LINE('',#14216,#14217);
#11378=LINE('',#14218,#14219);
#11379=VERTEX_POINT('',#14220);
#11380=LINE('',#14221,#14222);
#11381=LINE('',#14223,#14224);
#11382=LINE('',#14225,#14226);
#11383=VERTEX_POINT('',#14227);
#11384=LINE('',#14228,#14229);
#11385=VERTEX_POINT('',#14230);
#11386=LINE('',#14231,#14232);
#11387=LINE('',#14233,#14234);
#11388=FILL_AREA_STYLE_COLOUR('',#14235);
#11389=VERTEX_POINT('',#14236);
#11390=LINE('',#14237,#14238);
#11391=VERTEX_POINT('',#14239);
#11392=LINE('',#14240,#14241);
#11393=LINE('',#14242,#14243);
#11394=FILL_AREA_STYLE_COLOUR('',#14244);
#11395=CIRCLE('',#14245,1.2);
#11396=LINE('',#14246,#14247);
#11397=LINE('',#14248,#14249);
#11398=FILL_AREA_STYLE_COLOUR('',#14250);
#11399=VERTEX_POINT('',#14251);
#11400=LINE('',#14252,#14253);
#11401=VERTEX_POINT('',#14254);
#11402=LINE('',#14255,#14256);
#11403=LINE('',#14257,#14258);
#11404=LINE('',#14259,#14260);
#11405=VERTEX_POINT('',#14261);
#11406=LINE('',#14262,#14263);
#11407=LINE('',#14264,#14265);
#11408=FILL_AREA_STYLE_COLOUR('',#14266);
#11409=LINE('',#14267,#14268);
#11410=VERTEX_POINT('',#14269);
#11411=VERTEX_POINT('',#14270);
#11412=LINE('',#14271,#14272);
#11413=VERTEX_POINT('',#14273);
#11414=LINE('',#14274,#14275);
#11415=VERTEX_POINT('',#14276);
#11416=LINE('',#14277,#14278);
#11417=LINE('',#14279,#14280);
#11418=FILL_AREA_STYLE_COLOUR('',#14281);
#11419=VERTEX_POINT('',#14282);
#11420=VERTEX_POINT('',#14283);
#11421=LINE('',#14284,#14285);
#11422=VERTEX_POINT('',#14286);
#11423=LINE('',#14287,#14288);
#11424=VERTEX_POINT('',#14289);
#11425=LINE('',#14290,#14291);
#11426=LINE('',#14292,#14293);
#11427=FILL_AREA_STYLE_COLOUR('',#14294);
#11428=LINE('',#14295,#14296);
#11429=LINE('',#14297,#14298);
#11430=FILL_AREA_STYLE_COLOUR('',#14299);
#11431=LINE('',#14300,#14301);
#11432=FILL_AREA_STYLE_COLOUR('',#14302);
#11433=LINE('',#14303,#14304);
#11434=FILL_AREA_STYLE_COLOUR('',#14305);
#11435=FILL_AREA_STYLE_COLOUR('',#14306);
#11436=FILL_AREA_STYLE_COLOUR('',#14307);
#11437=LINE('',#14308,#14309);
#11438=FILL_AREA_STYLE_COLOUR('',#14310);
#11439=FILL_AREA_STYLE_COLOUR('',#14311);
#11440=VERTEX_POINT('',#14312);
#11441=LINE('',#14313,#14314);
#11442=CIRCLE('',#14315,1.2);
#11443=FILL_AREA_STYLE_COLOUR('',#14316);
#11444=LINE('',#14317,#14318);
#11445=FILL_AREA_STYLE_COLOUR('',#14319);
#11446=LINE('',#14320,#14321);
#11447=FILL_AREA_STYLE_COLOUR('',#14322);
#11448=FILL_AREA_STYLE_COLOUR('',#14323);
#11449=FILL_AREA_STYLE_COLOUR('',#14324);
#11450=FILL_AREA_STYLE_COLOUR('',#14325);
#11451=VERTEX_POINT('',#14326);
#11452=LINE('',#14327,#14328);
#11453=LINE('',#14329,#14330);
#11454=FILL_AREA_STYLE_COLOUR('',#14331);
#11455=CIRCLE('',#14332,1.2);
#11456=LINE('',#14333,#14334);
#11457=FILL_AREA_STYLE_COLOUR('',#14335);
#11458=FILL_AREA_STYLE_COLOUR('',#14336);
#11459=FILL_AREA_STYLE_COLOUR('',#14337);
#11460=FILL_AREA_STYLE_COLOUR('',#14338);
#11461=FILL_AREA_STYLE_COLOUR('',#14339);
#11462=LINE('',#14340,#14341);
#11463=FILL_AREA_STYLE_COLOUR('',#14342);
#11464=FILL_AREA_STYLE_COLOUR('',#14343);
#11465=FILL_AREA_STYLE_COLOUR('',#14344);
#11466=VERTEX_POINT('',#14345);
#11467=LINE('',#14346,#14347);
#11468=CIRCLE('',#14348,1.20000000000001);
#11469=LINE('',#14349,#14350);
#11470=FILL_AREA_STYLE_COLOUR('',#14351);
#11471=FILL_AREA_STYLE_COLOUR('',#14352);
#11472=LINE('',#14353,#14354);
#11473=FILL_AREA_STYLE_COLOUR('',#14355);
#11474=FILL_AREA_STYLE_COLOUR('',#14356);
#11475=LINE('',#14357,#14358);
#11476=LINE('',#14359,#14360);
#11477=FILL_AREA_STYLE_COLOUR('',#14361);
#11478=LINE('',#14362,#14363);
#11479=FILL_AREA_STYLE_COLOUR('',#14364);
#11480=LINE('',#14365,#14366);
#11481=FILL_AREA_STYLE_COLOUR('',#14367);
#11482=FILL_AREA_STYLE_COLOUR('',#14368);
#11483=VERTEX_POINT('',#14369);
#11484=LINE('',#14370,#14371);
#11485=VERTEX_POINT('',#14372);
#11486=LINE('',#14373,#14374);
#11487=CIRCLE('',#14375,1.2);
#11488=VERTEX_POINT('',#14376);
#11489=LINE('',#14377,#14378);
#11490=LINE('',#14379,#14380);
#11491=FILL_AREA_STYLE_COLOUR('',#14381);
#11492=VERTEX_POINT('',#14382);
#11493=LINE('',#14383,#14384);
#11494=LINE('',#14385,#14386);
#11495=FILL_AREA_STYLE_COLOUR('',#14387);
#11496=VERTEX_POINT('',#14388);
#11497=LINE('',#14389,#14390);
#11498=VERTEX_POINT('',#14391);
#11499=CIRCLE('',#14392,1.2);
#11500=VERTEX_POINT('',#14393);
#11501=LINE('',#14394,#14395);
#11502=VERTEX_POINT('',#14396);
#11503=LINE('',#14397,#14398);
#11504=VERTEX_POINT('',#14399);
#11505=LINE('',#14400,#14401);
#11506=CIRCLE('',#14402,1.20000000000005);
#11507=LINE('',#14403,#14404);
#11508=VERTEX_POINT('',#14405);
#11509=VERTEX_POINT('',#14406);
#11510=CIRCLE('',#14407,0.5);
#11511=CIRCLE('',#14408,0.5);
#11512=FILL_AREA_STYLE_COLOUR('',#14409);
#11513=LINE('',#14410,#14411);
#11514=LINE('',#14412,#14413);
#11515=FILL_AREA_STYLE_COLOUR('',#14414);
#11516=FILL_AREA_STYLE_COLOUR('',#14415);
#11517=VERTEX_POINT('',#14416);
#11518=LINE('',#14417,#14418);
#11519=LINE('',#14419,#14420);
#11520=VERTEX_POINT('',#14421);
#11521=LINE('',#14422,#14423);
#11522=VERTEX_POINT('',#14424);
#11523=LINE('',#14425,#14426);
#11524=VERTEX_POINT('',#14427);
#11525=LINE('',#14428,#14429);
#11526=VERTEX_POINT('',#14430);
#11527=LINE('',#14431,#14432);
#11528=LINE('',#14433,#14434);
#11529=FILL_AREA_STYLE_COLOUR('',#14435);
#11530=VERTEX_POINT('',#14436);
#11531=LINE('',#14437,#14438);
#11532=LINE('',#14439,#14440);
#11533=FILL_AREA_STYLE_COLOUR('',#14441);
#11534=VERTEX_POINT('',#14442);
#11535=LINE('',#14443,#14444);
#11536=LINE('',#14445,#14446);
#11537=CIRCLE('',#14447,1.20000000000005);
#11538=FILL_AREA_STYLE_COLOUR('',#14448);
#11539=LINE('',#14449,#14450);
#11540=FILL_AREA_STYLE_COLOUR('',#14451);
#11541=FILL_AREA_STYLE_COLOUR('',#14452);
#11542=VERTEX_POINT('',#14453);
#11543=LINE('',#14454,#14455);
#11544=VERTEX_POINT('',#14456);
#11545=LINE('',#14457,#14458);
#11546=VERTEX_POINT('',#14459);
#11547=LINE('',#14460,#14461);
#11548=VERTEX_POINT('',#14462);
#11549=LINE('',#14463,#14464);
#11550=LINE('',#14465,#14466);
#11551=FILL_AREA_STYLE_COLOUR('',#14467);
#11552=VERTEX_POINT('',#14468);
#11553=CIRCLE('',#14469,1.20000000000005);
#11554=LINE('',#14470,#14471);
#11555=LINE('',#14472,#14473);
#11556=FILL_AREA_STYLE_COLOUR('',#14474);
#11557=LINE('',#14475,#14476);
#11558=FILL_AREA_STYLE_COLOUR('',#14477);
#11559=VERTEX_POINT('',#14478);
#11560=LINE('',#14479,#14480);
#11561=LINE('',#14481,#14482);
#11562=FILL_AREA_STYLE_COLOUR('',#14483);
#11563=CIRCLE('',#14484,1.20000000000005);
#11564=FILL_AREA_STYLE_COLOUR('',#14485);
#11565=LINE('',#14486,#14487);
#11566=VERTEX_POINT('',#14488);
#11567=CIRCLE('',#14489,1.2);
#11568=LINE('',#14490,#14491);
#11569=VERTEX_POINT('',#14492);
#11570=VERTEX_POINT('',#14493);
#11571=CIRCLE('',#14494,0.5);
#11572=CIRCLE('',#14495,0.5);
#11573=FILL_AREA_STYLE_COLOUR('',#14496);
#11574=LINE('',#14497,#14498);
#11575=LINE('',#14499,#14500);
#11576=FILL_AREA_STYLE_COLOUR('',#14501);
#11577=VERTEX_POINT('',#14502);
#11578=LINE('',#14503,#14504);
#11579=CIRCLE('',#14505,1.2);
#11580=LINE('',#14506,#14507);
#11581=FILL_AREA_STYLE_COLOUR('',#14508);
#11582=FILL_AREA_STYLE_COLOUR('',#14509);
#11583=LINE('',#14510,#14511);
#11584=FILL_AREA_STYLE_COLOUR('',#14512);
#11585=FILL_AREA_STYLE_COLOUR('',#14513);
#11586=LINE('',#14514,#14515);
#11587=LINE('',#14516,#14517);
#11588=FILL_AREA_STYLE_COLOUR('',#14518);
#11589=FILL_AREA_STYLE_COLOUR('',#14519);
#11590=FILL_AREA_STYLE_COLOUR('',#14520);
#11591=LINE('',#14521,#14522);
#11592=FILL_AREA_STYLE_COLOUR('',#14523);
#11593=FILL_AREA_STYLE_COLOUR('',#14524);
#11594=FILL_AREA_STYLE_COLOUR('',#14525);
#11595=LINE('',#14526,#14527);
#11596=FILL_AREA_STYLE_COLOUR('',#14528);
#11597=FILL_AREA_STYLE_COLOUR('',#14529);
#11598=VERTEX_POINT('',#14530);
#11599=VERTEX_POINT('',#14531);
#11600=LINE('',#14532,#14533);
#11601=VERTEX_POINT('',#14534);
#11602=LINE('',#14535,#14536);
#11603=CIRCLE('',#14537,1.2);
#11604=VERTEX_POINT('',#14538);
#11605=LINE('',#14539,#14540);
#11606=VERTEX_POINT('',#14541);
#11607=LINE('',#14542,#14543);
#11608=LINE('',#14544,#14545);
#11609=VERTEX_POINT('',#14546);
#11610=CIRCLE('',#14547,1.20000000000001);
#11611=LINE('',#14548,#14549);
#11612=VERTEX_POINT('',#14550);
#11613=VERTEX_POINT('',#14551);
#11614=CIRCLE('',#14552,0.5);
#11615=CIRCLE('',#14553,0.5);
#11616=FILL_AREA_STYLE_COLOUR('',#14554);
#11617=VERTEX_POINT('',#14555);
#11618=LINE('',#14556,#14557);
#11619=LINE('',#14558,#14559);
#11620=VERTEX_POINT('',#14560);
#11621=LINE('',#14561,#14562);
#11622=VERTEX_POINT('',#14563);
#11623=LINE('',#14564,#14565);
#11624=LINE('',#14566,#14567);
#11625=VERTEX_POINT('',#14568);
#11626=LINE('',#14569,#14570);
#11627=LINE('',#14571,#14572);
#11628=FILL_AREA_STYLE_COLOUR('',#14573);
#11629=VERTEX_POINT('',#14574);
#11630=LINE('',#14575,#14576);
#11631=CIRCLE('',#14577,1.2);
#11632=VERTEX_POINT('',#14578);
#11633=LINE('',#14579,#14580);
#11634=LINE('',#14581,#14582);
#11635=VERTEX_POINT('',#14583);
#11636=VERTEX_POINT('',#14584);
#11637=CIRCLE('',#14585,0.5);
#11638=VERTEX_POINT('',#14586);
#11639=CIRCLE('',#14587,0.5);
#11640=CIRCLE('',#14588,0.5);
#11641=FILL_AREA_STYLE_COLOUR('',#14589);
#11642=LINE('',#14590,#14591);
#11643=LINE('',#14592,#14593);
#11644=FILL_AREA_STYLE_COLOUR('',#14594);
#11645=VERTEX_POINT('',#14595);
#11646=LINE('',#14596,#14597);
#11647=LINE('',#14598,#14599);
#11648=FILL_AREA_STYLE_COLOUR('',#14600);
#11649=VERTEX_POINT('',#14601);
#11650=LINE('',#14602,#14603);
#11651=LINE('',#14604,#14605);
#11652=CIRCLE('',#14606,1.2);
#11653=FILL_AREA_STYLE_COLOUR('',#14607);
#11654=LINE('',#14608,#14609);
#11655=FILL_AREA_STYLE_COLOUR('',#14610);
#11656=FILL_AREA_STYLE_COLOUR('',#14611);
#11657=VERTEX_POINT('',#14612);
#11658=LINE('',#14613,#14614);
#11659=LINE('',#14615,#14616);
#11660=VERTEX_POINT('',#14617);
#11661=LINE('',#14618,#14619);
#11662=LINE('',#14620,#14621);
#11663=FILL_AREA_STYLE_COLOUR('',#14622);
#11664=VERTEX_POINT('',#14623);
#11665=CIRCLE('',#14624,1.2);
#11666=LINE('',#14625,#14626);
#11667=LINE('',#14627,#14628);
#11668=FILL_AREA_STYLE_COLOUR('',#14629);
#11669=LINE('',#14630,#14631);
#11670=FILL_AREA_STYLE_COLOUR('',#14632);
#11671=FILL_AREA_STYLE_COLOUR('',#14633);
#11672=FILL_AREA_STYLE_COLOUR('',#14634);
#11673=VERTEX_POINT('',#14635);
#11674=LINE('',#14636,#14637);
#11675=LINE('',#14638,#14639);
#11676=FILL_AREA_STYLE_COLOUR('',#14640);
#11677=CIRCLE('',#14641,1.20000000000001);
#11678=LINE('',#14642,#14643);
#11679=FILL_AREA_STYLE_COLOUR('',#14644);
#11680=FILL_AREA_STYLE_COLOUR('',#14645);
#11681=FILL_AREA_STYLE_COLOUR('',#14646);
#11682=FILL_AREA_STYLE_COLOUR('',#14647);
#11683=FILL_AREA_STYLE_COLOUR('',#14648);
#11684=FILL_AREA_STYLE_COLOUR('',#14649);
#11685=FILL_AREA_STYLE_COLOUR('',#14650);
#11686=FILL_AREA_STYLE_COLOUR('',#14651);
#11687=FILL_AREA_STYLE_COLOUR('',#14652);
#11688=FILL_AREA_STYLE_COLOUR('',#14653);
#11689=FILL_AREA_STYLE_COLOUR('',#14654);
#11690=FILL_AREA_STYLE_COLOUR('',#14655);
#11691=LINE('',#14656,#14657);
#11692=FILL_AREA_STYLE_COLOUR('',#14658);
#11693=FILL_AREA_STYLE_COLOUR('',#14659);
#11694=LINE('',#14660,#14661);
#11695=FILL_AREA_STYLE_COLOUR('',#14662);
#11696=FILL_AREA_STYLE_COLOUR('',#14663);
#11697=FILL_AREA_STYLE_COLOUR('',#14664);
#11698=VERTEX_POINT('',#14665);
#11699=VERTEX_POINT('',#14666);
#11700=CIRCLE('',#14667,0.6);
#11701=VERTEX_POINT('',#14668);
#11702=LINE('',#14669,#14670);
#11703=VERTEX_POINT('',#14671);
#11704=CIRCLE('',#14672,0.6);
#11705=LINE('',#14673,#14674);
#11706=FILL_AREA_STYLE_COLOUR('',#14675);
#11707=CIRCLE('',#14676,0.6);
#11708=CIRCLE('',#14677,0.6);
#11709=FILL_AREA_STYLE_COLOUR('',#14678);
#11710=FILL_AREA_STYLE_COLOUR('',#14679);
#11711=FILL_AREA_STYLE_COLOUR('',#14680);
#11712=FILL_AREA_STYLE_COLOUR('',#14681);
#11713=VERTEX_POINT('',#14682);
#11714=VERTEX_POINT('',#14683);
#11715=CIRCLE('',#14684,0.499999999999996);
#11716=VERTEX_POINT('',#14685);
#11717=CIRCLE('',#14686,1.28463137816958);
#11718=CIRCLE('',#14687,1.28463137816958);
#11719=FILL_AREA_STYLE_COLOUR('',#14688);
#11720=VERTEX_POINT('',#14689);
#11721=VERTEX_POINT('',#14690);
#11722=CIRCLE('',#14691,0.499999999999996);
#11723=VERTEX_POINT('',#14692);
#11724=CIRCLE('',#14693,1.28463137816957);
#11725=CIRCLE('',#14694,1.28463137816957);
#11726=FILL_AREA_STYLE_COLOUR('',#14695);
#11727=LINE('',#14696,#14697);
#11728=LINE('',#14698,#14699);
#11729=FILL_AREA_STYLE_COLOUR('',#14700);
#11730=CIRCLE('',#14701,0.499999999999996);
#11731=CIRCLE('',#14702,0.499999999999996);
#11732=FILL_AREA_STYLE_COLOUR('',#14703);
#11733=FILL_AREA_STYLE_COLOUR('',#14704);
#11734=FILL_AREA_STYLE_COLOUR('',#14705);
#11735=FILL_AREA_STYLE_COLOUR('',#14706);
#11736=VERTEX_POINT('',#14707);
#11737=VERTEX_POINT('',#14708);
#11738=CIRCLE('',#14709,0.499999999999996);
#11739=VERTEX_POINT('',#14710);
#11740=CIRCLE('',#14711,1.28463137816958);
#11741=CIRCLE('',#14712,1.28463137816958);
#11742=FILL_AREA_STYLE_COLOUR('',#14713);
#11743=VERTEX_POINT('',#14714);
#11744=VERTEX_POINT('',#14715);
#11745=CIRCLE('',#14716,0.499999999999996);
#11746=VERTEX_POINT('',#14717);
#11747=CIRCLE('',#14718,1.28463137816957);
#11748=CIRCLE('',#14719,1.28463137816957);
#11749=FILL_AREA_STYLE_COLOUR('',#14720);
#11750=LINE('',#14721,#14722);
#11751=LINE('',#14723,#14724);
#11752=FILL_AREA_STYLE_COLOUR('',#14725);
#11753=CIRCLE('',#14726,0.499999999999996);
#11754=CIRCLE('',#14727,0.499999999999996);
#11755=FILL_AREA_STYLE_COLOUR('',#14728);
#11756=FILL_AREA_STYLE_COLOUR('',#14729);
#11757=FILL_AREA_STYLE_COLOUR('',#14730);
#11758=FILL_AREA_STYLE_COLOUR('',#14731);
#11759=VERTEX_POINT('',#14732);
#11760=VERTEX_POINT('',#14733);
#11761=CIRCLE('',#14734,0.499999999999996);
#11762=VERTEX_POINT('',#14735);
#11763=CIRCLE('',#14736,1.28463137816958);
#11764=CIRCLE('',#14737,1.28463137816958);
#11765=FILL_AREA_STYLE_COLOUR('',#14738);
#11766=VERTEX_POINT('',#14739);
#11767=VERTEX_POINT('',#14740);
#11768=CIRCLE('',#14741,0.499999999999996);
#11769=VERTEX_POINT('',#14742);
#11770=CIRCLE('',#14743,1.28463137816957);
#11771=CIRCLE('',#14744,1.28463137816957);
#11772=FILL_AREA_STYLE_COLOUR('',#14745);
#11773=LINE('',#14746,#14747);
#11774=LINE('',#14748,#14749);
#11775=FILL_AREA_STYLE_COLOUR('',#14750);
#11776=CIRCLE('',#14751,0.499999999999996);
#11777=CIRCLE('',#14752,0.499999999999996);
#11778=FILL_AREA_STYLE_COLOUR('',#14753);
#11779=FILL_AREA_STYLE_COLOUR('',#14754);
#11780=FILL_AREA_STYLE_COLOUR('',#14755);
#11781=FILL_AREA_STYLE_COLOUR('',#14756);
#11782=VERTEX_POINT('',#14757);
#11783=VERTEX_POINT('',#14758);
#11784=CIRCLE('',#14759,0.6);
#11785=VERTEX_POINT('',#14760);
#11786=LINE('',#14761,#14762);
#11787=VERTEX_POINT('',#14763);
#11788=CIRCLE('',#14764,0.6);
#11789=LINE('',#14765,#14766);
#11790=FILL_AREA_STYLE_COLOUR('',#14767);
#11791=CIRCLE('',#14768,0.6);
#11792=CIRCLE('',#14769,0.6);
#11793=FILL_AREA_STYLE_COLOUR('',#14770);
#11794=FILL_AREA_STYLE_COLOUR('',#14771);
#11795=FILL_AREA_STYLE_COLOUR('',#14772);
#11796=FILL_AREA_STYLE_COLOUR('',#14773);
#11797=VERTEX_POINT('',#14774);
#11798=VERTEX_POINT('',#14775);
#11799=CIRCLE('',#14776,0.6);
#11800=VERTEX_POINT('',#14777);
#11801=LINE('',#14778,#14779);
#11802=VERTEX_POINT('',#14780);
#11803=CIRCLE('',#14781,0.6);
#11804=LINE('',#14782,#14783);
#11805=FILL_AREA_STYLE_COLOUR('',#14784);
#11806=CIRCLE('',#14785,0.6);
#11807=CIRCLE('',#14786,0.6);
#11808=FILL_AREA_STYLE_COLOUR('',#14787);
#11809=FILL_AREA_STYLE_COLOUR('',#14788);
#11810=FILL_AREA_STYLE_COLOUR('',#14789);
#11811=FILL_AREA_STYLE_COLOUR('',#14790);
#11812=VERTEX_POINT('',#14791);
#11813=VERTEX_POINT('',#14792);
#11814=CIRCLE('',#14793,0.6);
#11815=VERTEX_POINT('',#14794);
#11816=LINE('',#14795,#14796);
#11817=VERTEX_POINT('',#14797);
#11818=CIRCLE('',#14798,0.6);
#11819=LINE('',#14799,#14800);
#11820=FILL_AREA_STYLE_COLOUR('',#14801);
#11821=CIRCLE('',#14802,0.6);
#11822=CIRCLE('',#14803,0.6);
#11823=FILL_AREA_STYLE_COLOUR('',#14804);
#11824=FILL_AREA_STYLE_COLOUR('',#14805);
#11825=FILL_AREA_STYLE_COLOUR('',#14806);
#11826=COLOUR_RGB('',0.823529481887817,0.823529481887817,0.784313797950745);
#11827=CARTESIAN_POINT('',(32.55,1.39999999999999,8.2339745962156));
#11828=CARTESIAN_POINT('',(33.55,1.39999999999999,8.2339745962156));
#11829=AXIS2_PLACEMENT_3D('',#14807,#14808,#14809);
#11830=CARTESIAN_POINT('',(33.05,1.39999999999999,9.1));
#11831=AXIS2_PLACEMENT_3D('',#14810,#14811,#14812);
#11832=AXIS2_PLACEMENT_3D('',#14813,#14814,#14815);
#11833=COLOUR_RGB('',0.823529481887817,0.823529481887817,0.784313797950745);
#11834=CARTESIAN_POINT('',(32.55,1.39999999999999,-3.0339745962156));
#11835=CARTESIAN_POINT('',(33.55,1.39999999999999,-3.0339745962156));
#11836=AXIS2_PLACEMENT_3D('',#14816,#14817,#14818);
#11837=CARTESIAN_POINT('',(33.05,1.39999999999999,-3.9));
#11838=AXIS2_PLACEMENT_3D('',#14819,#14820,#14821);
#11839=AXIS2_PLACEMENT_3D('',#14822,#14823,#14824);
#11840=COLOUR_RGB('',0.823529481887817,0.823529481887817,0.784313797950745);
#11841=CARTESIAN_POINT('',(33.55,1.39999999999999,1.13301270189221));
#11842=VECTOR('',#14825,1.0);
#11843=CARTESIAN_POINT('',(32.55,1.39999999999999,1.13301270189221));
#11844=VECTOR('',#14826,1.0);
#11845=COLOUR_RGB('',0.823529481887817,0.823529481887817,0.784313797950745);
#11846=AXIS2_PLACEMENT_3D('',#14827,#14828,#14829);
#11847=AXIS2_PLACEMENT_3D('',#14830,#14831,#14832);
#11848=COLOUR_RGB('',0.823529481887817,0.823529481887817,0.784313797950745);
#11849=COLOUR_RGB('',0.823529481887817,0.823529481887817,0.784313797950745);
#11850=COLOUR_RGB('',0.313725501298904,0.313725501298904,0.313725501298904);
#11851=COLOUR_RGB('',0.627451002597809,0.129411771893501,0.156862750649452);
#11852=CARTESIAN_POINT('',(32.45,1.4,-0.5));
#11853=CARTESIAN_POINT('',(33.65,1.4,-0.5));
#11854=AXIS2_PLACEMENT_3D('',#14833,#14834,#14835);
#11855=CARTESIAN_POINT('',(32.45,1.4,0.0));
#11856=CARTESIAN_POINT('',(32.45,1.4,0.0));
#11857=VECTOR('',#14836,1.0);
#11858=CARTESIAN_POINT('',(33.65,1.4,0.0));
#11859=AXIS2_PLACEMENT_3D('',#14837,#14838,#14839);
#11860=CARTESIAN_POINT('',(33.65,1.4,0.0));
#11861=VECTOR('',#14840,1.0);
#11862=COLOUR_RGB('',0.627451002597809,0.129411771893501,0.156862750649452);
#11863=AXIS2_PLACEMENT_3D('',#14841,#14842,#14843);
#11864=AXIS2_PLACEMENT_3D('',#14844,#14845,#14846);
#11865=COLOUR_RGB('',0.627451002597809,0.129411771893501,0.156862750649452);
#11866=COLOUR_RGB('',0.627451002597809,0.129411771893501,0.156862750649452);
#11867=COLOUR_RGB('',0.313725501298904,0.313725501298904,0.313725501298904);
#11868=COLOUR_RGB('',0.627451002597809,0.129411771893501,0.156862750649452);
#11869=CARTESIAN_POINT('',(21.95,1.4,-0.5));
#11870=CARTESIAN_POINT('',(23.15,1.4,-0.5));
#11871=AXIS2_PLACEMENT_3D('',#14847,#14848,#14849);
#11872=CARTESIAN_POINT('',(21.95,1.4,0.0));
#11873=CARTESIAN_POINT('',(21.95,1.4,0.0));
#11874=VECTOR('',#14850,1.0);
#11875=CARTESIAN_POINT('',(23.15,1.4,0.0));
#11876=AXIS2_PLACEMENT_3D('',#14851,#14852,#14853);
#11877=CARTESIAN_POINT('',(23.15,1.4,0.0));
#11878=VECTOR('',#14854,1.0);
#11879=COLOUR_RGB('',0.627451002597809,0.129411771893501,0.156862750649452);
#11880=AXIS2_PLACEMENT_3D('',#14855,#14856,#14857);
#11881=AXIS2_PLACEMENT_3D('',#14858,#14859,#14860);
#11882=COLOUR_RGB('',0.627451002597809,0.129411771893501,0.156862750649452);
#11883=COLOUR_RGB('',0.627451002597809,0.129411771893501,0.156862750649452);
#11884=COLOUR_RGB('',0.313725501298904,0.313725501298904,0.313725501298904);
#11885=COLOUR_RGB('',0.627451002597809,0.129411771893501,0.156862750649452);
#11886=CARTESIAN_POINT('',(18.45,1.4,-0.5));
#11887=CARTESIAN_POINT('',(19.65,1.4,-0.5));
#11888=AXIS2_PLACEMENT_3D('',#14861,#14862,#14863);
#11889=CARTESIAN_POINT('',(18.45,1.4,0.0));
#11890=CARTESIAN_POINT('',(18.45,1.4,0.0));
#11891=VECTOR('',#14864,1.0);
#11892=CARTESIAN_POINT('',(19.65,1.4,0.0));
#11893=AXIS2_PLACEMENT_3D('',#14865,#14866,#14867);
#11894=CARTESIAN_POINT('',(19.65,1.4,0.0));
#11895=VECTOR('',#14868,1.0);
#11896=COLOUR_RGB('',0.627451002597809,0.129411771893501,0.156862750649452);
#11897=AXIS2_PLACEMENT_3D('',#14869,#14870,#14871);
#11898=AXIS2_PLACEMENT_3D('',#14872,#14873,#14874);
#11899=COLOUR_RGB('',0.627451002597809,0.129411771893501,0.156862750649452);
#11900=COLOUR_RGB('',0.627451002597809,0.129411771893501,0.156862750649452);
#11901=COLOUR_RGB('',0.313725501298904,0.313725501298904,0.313725501298904);
#11902=COLOUR_RGB('',0.627451002597809,0.129411771893501,0.156862750649452);
#11903=CARTESIAN_POINT('',(14.95,1.4,-0.5));
#11904=CARTESIAN_POINT('',(16.15,1.4,-0.5));
#11905=AXIS2_PLACEMENT_3D('',#14875,#14876,#14877);
#11906=CARTESIAN_POINT('',(14.95,1.4,0.0));
#11907=CARTESIAN_POINT('',(14.95,1.4,0.0));
#11908=VECTOR('',#14878,1.0);
#11909=CARTESIAN_POINT('',(16.15,1.4,0.0));
#11910=AXIS2_PLACEMENT_3D('',#14879,#14880,#14881);
#11911=CARTESIAN_POINT('',(16.15,1.4,0.0));
#11912=VECTOR('',#14882,1.0);
#11913=COLOUR_RGB('',0.627451002597809,0.129411771893501,0.156862750649452);
#11914=AXIS2_PLACEMENT_3D('',#14883,#14884,#14885);
#11915=AXIS2_PLACEMENT_3D('',#14886,#14887,#14888);
#11916=COLOUR_RGB('',0.627451002597809,0.129411771893501,0.156862750649452);
#11917=COLOUR_RGB('',0.627451002597809,0.129411771893501,0.156862750649452);
#11918=COLOUR_RGB('',0.313725501298904,0.313725501298904,0.313725501298904);
#11919=COLOUR_RGB('',0.627451002597809,0.129411771893501,0.156862750649452);
#11920=CARTESIAN_POINT('',(11.45,1.4,-0.5));
#11921=CARTESIAN_POINT('',(12.65,1.4,-0.5));
#11922=AXIS2_PLACEMENT_3D('',#14889,#14890,#14891);
#11923=CARTESIAN_POINT('',(11.45,1.4,0.0));
#11924=CARTESIAN_POINT('',(11.45,1.4,0.0));
#11925=VECTOR('',#14892,1.0);
#11926=CARTESIAN_POINT('',(12.65,1.4,0.0));
#11927=AXIS2_PLACEMENT_3D('',#14893,#14894,#14895);
#11928=CARTESIAN_POINT('',(12.65,1.4,0.0));
#11929=VECTOR('',#14896,1.0);
#11930=COLOUR_RGB('',0.627451002597809,0.129411771893501,0.156862750649452);
#11931=AXIS2_PLACEMENT_3D('',#14897,#14898,#14899);
#11932=AXIS2_PLACEMENT_3D('',#14900,#14901,#14902);
#11933=COLOUR_RGB('',0.627451002597809,0.129411771893501,0.156862750649452);
#11934=COLOUR_RGB('',0.627451002597809,0.129411771893501,0.156862750649452);
#11935=COLOUR_RGB('',0.313725501298904,0.313725501298904,0.313725501298904);
#11936=COLOUR_RGB('',0.627451002597809,0.129411771893501,0.156862750649452);
#11937=CARTESIAN_POINT('',(7.95,1.4,-0.5));
#11938=CARTESIAN_POINT('',(9.15,1.4,-0.5));
#11939=AXIS2_PLACEMENT_3D('',#14903,#14904,#14905);
#11940=CARTESIAN_POINT('',(7.95,1.4,0.0));
#11941=CARTESIAN_POINT('',(7.95,1.4,0.0));
#11942=VECTOR('',#14906,1.0);
#11943=CARTESIAN_POINT('',(9.15,1.4,0.0));
#11944=AXIS2_PLACEMENT_3D('',#14907,#14908,#14909);
#11945=CARTESIAN_POINT('',(9.15,1.4,0.0));
#11946=VECTOR('',#14910,1.0);
#11947=COLOUR_RGB('',0.627451002597809,0.129411771893501,0.156862750649452);
#11948=AXIS2_PLACEMENT_3D('',#14911,#14912,#14913);
#11949=AXIS2_PLACEMENT_3D('',#14914,#14915,#14916);
#11950=COLOUR_RGB('',0.627451002597809,0.129411771893501,0.156862750649452);
#11951=COLOUR_RGB('',0.627451002597809,0.129411771893501,0.156862750649452);
#11952=COLOUR_RGB('',0.313725501298904,0.313725501298904,0.313725501298904);
#11953=COLOUR_RGB('',0.823529481887817,0.823529481887817,0.784313797950745);
#11954=CARTESIAN_POINT('',(25.55,1.39999999999999,8.2339745962156));
#11955=CARTESIAN_POINT('',(26.55,1.39999999999999,8.2339745962156));
#11956=AXIS2_PLACEMENT_3D('',#14917,#14918,#14919);
#11957=CARTESIAN_POINT('',(26.05,1.39999999999999,9.1));
#11958=AXIS2_PLACEMENT_3D('',#14920,#14921,#14922);
#11959=AXIS2_PLACEMENT_3D('',#14923,#14924,#14925);
#11960=COLOUR_RGB('',0.823529481887817,0.823529481887817,0.784313797950745);
#11961=CARTESIAN_POINT('',(25.55,1.39999999999999,-3.0339745962156));
#11962=CARTESIAN_POINT('',(26.55,1.39999999999999,-3.0339745962156));
#11963=AXIS2_PLACEMENT_3D('',#14926,#14927,#14928);
#11964=CARTESIAN_POINT('',(26.05,1.39999999999999,-3.9));
#11965=AXIS2_PLACEMENT_3D('',#14929,#14930,#14931);
#11966=AXIS2_PLACEMENT_3D('',#14932,#14933,#14934);
#11967=COLOUR_RGB('',0.823529481887817,0.823529481887817,0.784313797950745);
#11968=CARTESIAN_POINT('',(26.55,1.39999999999999,1.13301270189221));
#11969=VECTOR('',#14935,1.0);
#11970=CARTESIAN_POINT('',(25.55,1.39999999999999,1.13301270189221));
#11971=VECTOR('',#14936,1.0);
#11972=COLOUR_RGB('',0.823529481887817,0.823529481887817,0.784313797950745);
#11973=AXIS2_PLACEMENT_3D('',#14937,#14938,#14939);
#11974=AXIS2_PLACEMENT_3D('',#14940,#14941,#14942);
#11975=COLOUR_RGB('',0.823529481887817,0.823529481887817,0.784313797950745);
#11976=COLOUR_RGB('',0.823529481887817,0.823529481887817,0.784313797950745);
#11977=COLOUR_RGB('',0.313725501298904,0.313725501298904,0.313725501298904);
#11978=COLOUR_RGB('',0.823529481887817,0.823529481887817,0.784313797950745);
#11979=CARTESIAN_POINT('',(22.05,1.39999999999999,8.2339745962156));
#11980=CARTESIAN_POINT('',(23.05,1.39999999999999,8.2339745962156));
#11981=AXIS2_PLACEMENT_3D('',#14943,#14944,#14945);
#11982=CARTESIAN_POINT('',(22.55,1.39999999999999,9.1));
#11983=AXIS2_PLACEMENT_3D('',#14946,#14947,#14948);
#11984=AXIS2_PLACEMENT_3D('',#14949,#14950,#14951);
#11985=COLOUR_RGB('',0.823529481887817,0.823529481887817,0.784313797950745);
#11986=CARTESIAN_POINT('',(22.05,1.39999999999999,-3.0339745962156));
#11987=CARTESIAN_POINT('',(23.05,1.39999999999999,-3.0339745962156));
#11988=AXIS2_PLACEMENT_3D('',#14952,#14953,#14954);
#11989=CARTESIAN_POINT('',(22.55,1.39999999999999,-3.9));
#11990=AXIS2_PLACEMENT_3D('',#14955,#14956,#14957);
#11991=AXIS2_PLACEMENT_3D('',#14958,#14959,#14960);
#11992=COLOUR_RGB('',0.823529481887817,0.823529481887817,0.784313797950745);
#11993=CARTESIAN_POINT('',(23.05,1.39999999999999,1.13301270189221));
#11994=VECTOR('',#14961,1.0);
#11995=CARTESIAN_POINT('',(22.05,1.39999999999999,1.13301270189221));
#11996=VECTOR('',#14962,1.0);
#11997=COLOUR_RGB('',0.823529481887817,0.823529481887817,0.784313797950745);
#11998=AXIS2_PLACEMENT_3D('',#14963,#14964,#14965);
#11999=AXIS2_PLACEMENT_3D('',#14966,#14967,#14968);
#12000=COLOUR_RGB('',0.823529481887817,0.823529481887817,0.784313797950745);
#12001=COLOUR_RGB('',0.823529481887817,0.823529481887817,0.784313797950745);
#12002=COLOUR_RGB('',0.313725501298904,0.313725501298904,0.313725501298904);
#12003=COLOUR_RGB('',0.823529481887817,0.823529481887817,0.784313797950745);
#12004=CARTESIAN_POINT('',(18.55,1.39999999999999,8.2339745962156));
#12005=CARTESIAN_POINT('',(19.55,1.39999999999999,8.2339745962156));
#12006=AXIS2_PLACEMENT_3D('',#14969,#14970,#14971);
#12007=CARTESIAN_POINT('',(19.05,1.39999999999999,9.1));
#12008=AXIS2_PLACEMENT_3D('',#14972,#14973,#14974);
#12009=AXIS2_PLACEMENT_3D('',#14975,#14976,#14977);
#12010=COLOUR_RGB('',0.823529481887817,0.823529481887817,0.784313797950745);
#12011=CARTESIAN_POINT('',(18.55,1.39999999999999,-3.0339745962156));
#12012=CARTESIAN_POINT('',(19.55,1.39999999999999,-3.0339745962156));
#12013=AXIS2_PLACEMENT_3D('',#14978,#14979,#14980);
#12014=CARTESIAN_POINT('',(19.05,1.39999999999999,-3.9));
#12015=AXIS2_PLACEMENT_3D('',#14981,#14982,#14983);
#12016=AXIS2_PLACEMENT_3D('',#14984,#14985,#14986);
#12017=COLOUR_RGB('',0.823529481887817,0.823529481887817,0.784313797950745);
#12018=CARTESIAN_POINT('',(19.55,1.39999999999999,1.13301270189221));
#12019=VECTOR('',#14987,1.0);
#12020=CARTESIAN_POINT('',(18.55,1.39999999999999,1.13301270189221));
#12021=VECTOR('',#14988,1.0);
#12022=COLOUR_RGB('',0.823529481887817,0.823529481887817,0.784313797950745);
#12023=AXIS2_PLACEMENT_3D('',#14989,#14990,#14991);
#12024=AXIS2_PLACEMENT_3D('',#14992,#14993,#14994);
#12025=COLOUR_RGB('',0.823529481887817,0.823529481887817,0.784313797950745);
#12026=COLOUR_RGB('',0.823529481887817,0.823529481887817,0.784313797950745);
#12027=COLOUR_RGB('',0.313725501298904,0.313725501298904,0.313725501298904);
#12028=COLOUR_RGB('',0.823529481887817,0.823529481887817,0.784313797950745);
#12029=CARTESIAN_POINT('',(15.05,1.39999999999999,8.2339745962156));
#12030=CARTESIAN_POINT('',(16.05,1.39999999999999,8.2339745962156));
#12031=AXIS2_PLACEMENT_3D('',#14995,#14996,#14997);
#12032=CARTESIAN_POINT('',(15.55,1.39999999999999,9.1));
#12033=AXIS2_PLACEMENT_3D('',#14998,#14999,#15000);
#12034=AXIS2_PLACEMENT_3D('',#15001,#15002,#15003);
#12035=COLOUR_RGB('',0.823529481887817,0.823529481887817,0.784313797950745);
#12036=CARTESIAN_POINT('',(15.05,1.39999999999999,-3.0339745962156));
#12037=CARTESIAN_POINT('',(16.05,1.39999999999999,-3.0339745962156));
#12038=AXIS2_PLACEMENT_3D('',#15004,#15005,#15006);
#12039=CARTESIAN_POINT('',(15.55,1.39999999999999,-3.9));
#12040=AXIS2_PLACEMENT_3D('',#15007,#15008,#15009);
#12041=AXIS2_PLACEMENT_3D('',#15010,#15011,#15012);
#12042=COLOUR_RGB('',0.823529481887817,0.823529481887817,0.784313797950745);
#12043=CARTESIAN_POINT('',(16.05,1.39999999999999,1.13301270189221));
#12044=VECTOR('',#15013,1.0);
#12045=CARTESIAN_POINT('',(15.05,1.39999999999999,1.13301270189221));
#12046=VECTOR('',#15014,1.0);
#12047=COLOUR_RGB('',0.823529481887817,0.823529481887817,0.784313797950745);
#12048=AXIS2_PLACEMENT_3D('',#15015,#15016,#15017);
#12049=AXIS2_PLACEMENT_3D('',#15018,#15019,#15020);
#12050=COLOUR_RGB('',0.823529481887817,0.823529481887817,0.784313797950745);
#12051=COLOUR_RGB('',0.823529481887817,0.823529481887817,0.784313797950745);
#12052=COLOUR_RGB('',0.313725501298904,0.313725501298904,0.313725501298904);
#12053=COLOUR_RGB('',0.823529481887817,0.823529481887817,0.784313797950745);
#12054=CARTESIAN_POINT('',(11.55,1.39999999999999,8.2339745962156));
#12055=CARTESIAN_POINT('',(12.55,1.39999999999999,8.2339745962156));
#12056=AXIS2_PLACEMENT_3D('',#15021,#15022,#15023);
#12057=CARTESIAN_POINT('',(12.05,1.39999999999999,9.1));
#12058=AXIS2_PLACEMENT_3D('',#15024,#15025,#15026);
#12059=AXIS2_PLACEMENT_3D('',#15027,#15028,#15029);
#12060=COLOUR_RGB('',0.823529481887817,0.823529481887817,0.784313797950745);
#12061=CARTESIAN_POINT('',(11.55,1.39999999999999,-3.0339745962156));
#12062=CARTESIAN_POINT('',(12.55,1.39999999999999,-3.0339745962156));
#12063=AXIS2_PLACEMENT_3D('',#15030,#15031,#15032);
#12064=CARTESIAN_POINT('',(12.05,1.39999999999999,-3.9));
#12065=AXIS2_PLACEMENT_3D('',#15033,#15034,#15035);
#12066=AXIS2_PLACEMENT_3D('',#15036,#15037,#15038);
#12067=COLOUR_RGB('',0.823529481887817,0.823529481887817,0.784313797950745);
#12068=CARTESIAN_POINT('',(12.55,1.39999999999999,1.13301270189221));
#12069=VECTOR('',#15039,1.0);
#12070=CARTESIAN_POINT('',(11.55,1.39999999999999,1.13301270189221));
#12071=VECTOR('',#15040,1.0);
#12072=COLOUR_RGB('',0.823529481887817,0.823529481887817,0.784313797950745);
#12073=AXIS2_PLACEMENT_3D('',#15041,#15042,#15043);
#12074=AXIS2_PLACEMENT_3D('',#15044,#15045,#15046);
#12075=COLOUR_RGB('',0.823529481887817,0.823529481887817,0.784313797950745);
#12076=COLOUR_RGB('',0.823529481887817,0.823529481887817,0.784313797950745);
#12077=COLOUR_RGB('',0.313725501298904,0.313725501298904,0.313725501298904);
#12078=COLOUR_RGB('',0.823529481887817,0.823529481887817,0.784313797950745);
#12079=CARTESIAN_POINT('',(8.05,1.39999999999999,8.2339745962156));
#12080=CARTESIAN_POINT('',(9.05,1.39999999999999,8.2339745962156));
#12081=AXIS2_PLACEMENT_3D('',#15047,#15048,#15049);
#12082=CARTESIAN_POINT('',(8.55,1.39999999999999,9.1));
#12083=AXIS2_PLACEMENT_3D('',#15050,#15051,#15052);
#12084=AXIS2_PLACEMENT_3D('',#15053,#15054,#15055);
#12085=COLOUR_RGB('',0.823529481887817,0.823529481887817,0.784313797950745);
#12086=CARTESIAN_POINT('',(8.05,1.39999999999999,-3.0339745962156));
#12087=CARTESIAN_POINT('',(9.05,1.39999999999999,-3.0339745962156));
#12088=AXIS2_PLACEMENT_3D('',#15056,#15057,#15058);
#12089=CARTESIAN_POINT('',(8.55,1.39999999999999,-3.9));
#12090=AXIS2_PLACEMENT_3D('',#15059,#15060,#15061);
#12091=AXIS2_PLACEMENT_3D('',#15062,#15063,#15064);
#12092=COLOUR_RGB('',0.823529481887817,0.823529481887817,0.784313797950745);
#12093=CARTESIAN_POINT('',(9.05,1.39999999999999,1.13301270189221));
#12094=VECTOR('',#15065,1.0);
#12095=CARTESIAN_POINT('',(8.05,1.39999999999999,1.13301270189221));
#12096=VECTOR('',#15066,1.0);
#12097=COLOUR_RGB('',0.823529481887817,0.823529481887817,0.784313797950745);
#12098=AXIS2_PLACEMENT_3D('',#15067,#15068,#15069);
#12099=AXIS2_PLACEMENT_3D('',#15070,#15071,#15072);
#12100=COLOUR_RGB('',0.823529481887817,0.823529481887817,0.784313797950745);
#12101=COLOUR_RGB('',0.823529481887817,0.823529481887817,0.784313797950745);
#12102=COLOUR_RGB('',0.313725501298904,0.313725501298904,0.313725501298904);
#12103=COLOUR_RGB('',0.313725501298904,0.313725501298904,0.313725501298904);
#12104=CARTESIAN_POINT('',(16.75,1.4,0.200000000000003));
#12105=CARTESIAN_POINT('',(16.75,1.4,0.0));
#12106=CARTESIAN_POINT('',(16.75,1.4,0.100000000000001));
#12107=VECTOR('',#15073,1.0);
#12108=CARTESIAN_POINT('',(16.2000000000001,2.40871205009159,0.200000000000003));
#12109=AXIS2_PLACEMENT_3D('',#15074,#15075,#15076);
#12110=CARTESIAN_POINT('',(16.2000000000001,2.40871205009159,0.0));
#12111=CARTESIAN_POINT('',(16.2000000000001,2.40871205009159,0.0));
#12112=VECTOR('',#15077,1.0);
#12113=AXIS2_PLACEMENT_3D('',#15078,#15079,#15080);
#12114=COLOUR_RGB('',0.313725501298904,0.313725501298904,0.313725501298904);
#12115=CARTESIAN_POINT('',(14.35,1.4,0.0));
#12116=CARTESIAN_POINT('',(14.35,1.4,0.200000000000003));
#12117=CARTESIAN_POINT('',(14.35,1.4,0.100000000000001));
#12118=VECTOR('',#15081,1.0);
#12119=CARTESIAN_POINT('',(14.9,2.40871205009159,0.0));
#12120=AXIS2_PLACEMENT_3D('',#15082,#15083,#15084);
#12121=CARTESIAN_POINT('',(14.9,2.40871205009159,0.200000000000003));
#12122=CARTESIAN_POINT('',(14.9,2.40871205009159,0.0));
#12123=VECTOR('',#15085,1.0);
#12124=AXIS2_PLACEMENT_3D('',#15086,#15087,#15088);
#12125=COLOUR_RGB('',0.313725501298904,0.313725501298904,0.313725501298904);
#12126=CARTESIAN_POINT('',(14.35,1.4,2.0));
#12127=CARTESIAN_POINT('',(14.35,1.4,1.8));
#12128=CARTESIAN_POINT('',(14.35,1.4,1.9));
#12129=VECTOR('',#15089,1.0);
#12130=CARTESIAN_POINT('',(14.9,0.391287949908401,2.0));
#12131=AXIS2_PLACEMENT_3D('',#15090,#15091,#15092);
#12132=CARTESIAN_POINT('',(14.9,0.391287949908401,1.8));
#12133=CARTESIAN_POINT('',(14.9,0.391287949908401,2.0));
#12134=VECTOR('',#15093,1.0);
#12135=AXIS2_PLACEMENT_3D('',#15094,#15095,#15096);
#12136=COLOUR_RGB('',0.313725501298904,0.313725501298904,0.313725501298904);
#12137=CARTESIAN_POINT('',(20.25,1.4,1.8));
#12138=CARTESIAN_POINT('',(20.25,1.4,2.0));
#12139=CARTESIAN_POINT('',(20.25,1.4,1.9));
#12140=VECTOR('',#15097,1.0);
#12141=CARTESIAN_POINT('',(19.7000000000001,0.391287949908401,1.8));
#12142=AXIS2_PLACEMENT_3D('',#15098,#15099,#15100);
#12143=CARTESIAN_POINT('',(19.7000000000001,0.391287949908401,2.0));
#12144=CARTESIAN_POINT('',(19.7000000000001,0.391287949908401,2.0));
#12145=VECTOR('',#15101,1.0);
#12146=AXIS2_PLACEMENT_3D('',#15102,#15103,#15104);
#12147=COLOUR_RGB('',0.313725501298904,0.313725501298904,0.313725501298904);
#12148=CARTESIAN_POINT('',(20.25,1.4,0.200000000000003));
#12149=CARTESIAN_POINT('',(20.25,1.4,0.0));
#12150=CARTESIAN_POINT('',(20.25,1.4,0.100000000000001));
#12151=VECTOR('',#15105,1.0);
#12152=CARTESIAN_POINT('',(19.7000000000001,2.40871205009159,0.200000000000003));
#12153=AXIS2_PLACEMENT_3D('',#15106,#15107,#15108);
#12154=CARTESIAN_POINT('',(19.7000000000001,2.40871205009159,0.0));
#12155=CARTESIAN_POINT('',(19.7000000000001,2.40871205009159,0.0));
#12156=VECTOR('',#15109,1.0);
#12157=AXIS2_PLACEMENT_3D('',#15110,#15111,#15112);
#12158=COLOUR_RGB('',0.313725501298904,0.313725501298904,0.313725501298904);
#12159=CARTESIAN_POINT('',(23.75,1.4,1.8));
#12160=CARTESIAN_POINT('',(23.75,1.4,2.0));
#12161=CARTESIAN_POINT('',(23.75,1.4,1.9));
#12162=VECTOR('',#15113,1.0);
#12163=CARTESIAN_POINT('',(23.2,0.39128794990841,1.8));
#12164=AXIS2_PLACEMENT_3D('',#15114,#15115,#15116);
#12165=CARTESIAN_POINT('',(23.2,0.39128794990841,2.0));
#12166=CARTESIAN_POINT('',(23.2,0.39128794990841,2.0));
#12167=VECTOR('',#15117,1.0);
#12168=AXIS2_PLACEMENT_3D('',#15118,#15119,#15120);
#12169=COLOUR_RGB('',0.313725501298904,0.313725501298904,0.313725501298904);
#12170=CARTESIAN_POINT('',(21.35,1.4,2.0));
#12171=CARTESIAN_POINT('',(21.35,1.4,1.8));
#12172=CARTESIAN_POINT('',(21.35,1.4,1.9));
#12173=VECTOR('',#15121,1.0);
#12174=CARTESIAN_POINT('',(21.9,0.39128794990836,2.0));
#12175=AXIS2_PLACEMENT_3D('',#15122,#15123,#15124);
#12176=CARTESIAN_POINT('',(21.9,0.391287949908401,1.8));
#12177=CARTESIAN_POINT('',(21.9,0.391287949908401,2.0));
#12178=VECTOR('',#15125,1.0);
#12179=AXIS2_PLACEMENT_3D('',#15126,#15127,#15128);
#12180=COLOUR_RGB('',0.313725501298904,0.313725501298904,0.313725501298904);
#12181=CARTESIAN_POINT('',(21.35,1.4,0.0));
#12182=CARTESIAN_POINT('',(21.35,1.4,0.200000000000003));
#12183=CARTESIAN_POINT('',(21.35,1.4,0.100000000000001));
#12184=VECTOR('',#15129,1.0);
#12185=CARTESIAN_POINT('',(21.9,2.40871205009159,0.0));
#12186=AXIS2_PLACEMENT_3D('',#15130,#15131,#15132);
#12187=CARTESIAN_POINT('',(21.9,2.40871205009159,0.200000000000003));
#12188=CARTESIAN_POINT('',(21.9,2.40871205009159,0.0));
#12189=VECTOR('',#15133,1.0);
#12190=AXIS2_PLACEMENT_3D('',#15134,#15135,#15136);
#12191=COLOUR_RGB('',0.313725501298904,0.313725501298904,0.313725501298904);
#12192=CARTESIAN_POINT('',(23.75,1.4,0.200000000000003));
#12193=CARTESIAN_POINT('',(23.75,1.4,0.0));
#12194=CARTESIAN_POINT('',(23.75,1.4,0.100000000000001));
#12195=VECTOR('',#15137,1.0);
#12196=CARTESIAN_POINT('',(23.2,2.40871205009159,0.200000000000003));
#12197=AXIS2_PLACEMENT_3D('',#15138,#15139,#15140);
#12198=CARTESIAN_POINT('',(23.2,2.40871205009159,0.0));
#12199=CARTESIAN_POINT('',(23.2,2.40871205009159,0.0));
#12200=VECTOR('',#15141,1.0);
#12201=AXIS2_PLACEMENT_3D('',#15142,#15143,#15144);
#12202=COLOUR_RGB('',0.313725501298904,0.313725501298904,0.313725501298904);
#12203=CARTESIAN_POINT('',(27.25,1.4,1.8));
#12204=CARTESIAN_POINT('',(27.25,1.4,2.0));
#12205=CARTESIAN_POINT('',(27.25,1.4,1.9));
#12206=VECTOR('',#15145,1.0);
#12207=CARTESIAN_POINT('',(26.7,0.391287949908401,1.8));
#12208=AXIS2_PLACEMENT_3D('',#15146,#15147,#15148);
#12209=CARTESIAN_POINT('',(26.7,0.391287949908401,2.0));
#12210=CARTESIAN_POINT('',(26.7,0.391287949908401,2.0));
#12211=VECTOR('',#15149,1.0);
#12212=AXIS2_PLACEMENT_3D('',#15150,#15151,#15152);
#12213=COLOUR_RGB('',0.313725501298904,0.313725501298904,0.313725501298904);
#12214=CARTESIAN_POINT('',(27.25,1.4,0.200000000000003));
#12215=CARTESIAN_POINT('',(27.25,1.4,0.0));
#12216=CARTESIAN_POINT('',(27.25,1.4,0.100000000000001));
#12217=VECTOR('',#15153,1.0);
#12218=CARTESIAN_POINT('',(26.7,2.40871205009159,0.200000000000003));
#12219=AXIS2_PLACEMENT_3D('',#15154,#15155,#15156);
#12220=CARTESIAN_POINT('',(26.7,2.40871205009159,0.0));
#12221=CARTESIAN_POINT('',(26.7,2.40871205009159,0.0));
#12222=VECTOR('',#15157,1.0);
#12223=AXIS2_PLACEMENT_3D('',#15158,#15159,#15160);
#12224=COLOUR_RGB('',0.313725501298904,0.313725501298904,0.313725501298904);
#12225=CARTESIAN_POINT('',(34.25,1.4,0.200000000000003));
#12226=CARTESIAN_POINT('',(34.25,1.4,0.0));
#12227=CARTESIAN_POINT('',(34.25,1.4,0.100000000000001));
#12228=VECTOR('',#15161,1.0);
#12229=CARTESIAN_POINT('',(33.7,2.40871205009159,0.200000000000003));
#12230=AXIS2_PLACEMENT_3D('',#15162,#15163,#15164);
#12231=CARTESIAN_POINT('',(33.7,2.40871205009159,0.0));
#12232=CARTESIAN_POINT('',(33.7,2.40871205009159,0.0));
#12233=VECTOR('',#15165,1.0);
#12234=AXIS2_PLACEMENT_3D('',#15166,#15167,#15168);
#12235=COLOUR_RGB('',0.313725501298904,0.313725501298904,0.313725501298904);
#12236=CARTESIAN_POINT('',(31.85,1.4,0.0));
#12237=CARTESIAN_POINT('',(31.85,1.4,0.200000000000003));
#12238=CARTESIAN_POINT('',(31.85,1.4,0.100000000000001));
#12239=VECTOR('',#15169,1.0);
#12240=CARTESIAN_POINT('',(32.4,2.40871205009159,0.0));
#12241=AXIS2_PLACEMENT_3D('',#15170,#15171,#15172);
#12242=CARTESIAN_POINT('',(32.4,2.40871205009159,0.200000000000003));
#12243=CARTESIAN_POINT('',(32.4,2.40871205009159,0.0));
#12244=VECTOR('',#15173,1.0);
#12245=AXIS2_PLACEMENT_3D('',#15174,#15175,#15176);
#12246=COLOUR_RGB('',0.313725501298904,0.313725501298904,0.313725501298904);
#12247=CARTESIAN_POINT('',(31.85,1.4,2.0));
#12248=CARTESIAN_POINT('',(31.85,1.4,1.8));
#12249=CARTESIAN_POINT('',(31.85,1.4,1.9));
#12250=VECTOR('',#15177,1.0);
#12251=CARTESIAN_POINT('',(32.4,0.391287949908401,2.0));
#12252=AXIS2_PLACEMENT_3D('',#15178,#15179,#15180);
#12253=CARTESIAN_POINT('',(32.4,0.391287949908401,1.8));
#12254=CARTESIAN_POINT('',(32.4,0.391287949908401,2.0));
#12255=VECTOR('',#15181,1.0);
#12256=AXIS2_PLACEMENT_3D('',#15182,#15183,#15184);
#12257=COLOUR_RGB('',0.313725501298904,0.313725501298904,0.313725501298904);
#12258=CARTESIAN_POINT('',(34.25,1.4,1.8));
#12259=CARTESIAN_POINT('',(34.25,1.4,2.0));
#12260=CARTESIAN_POINT('',(34.25,1.4,1.9));
#12261=VECTOR('',#15185,1.0);
#12262=CARTESIAN_POINT('',(33.7,0.391287949908401,1.8));
#12263=AXIS2_PLACEMENT_3D('',#15186,#15187,#15188);
#12264=CARTESIAN_POINT('',(33.7,0.391287949908401,2.0));
#12265=CARTESIAN_POINT('',(33.7,0.391287949908401,2.0));
#12266=VECTOR('',#15189,1.0);
#12267=AXIS2_PLACEMENT_3D('',#15190,#15191,#15192);
#12268=COLOUR_RGB('',0.313725501298904,0.313725501298904,0.313725501298904);
#12269=CARTESIAN_POINT('',(30.75,1.4,1.8));
#12270=CARTESIAN_POINT('',(30.75,1.4,2.0));
#12271=CARTESIAN_POINT('',(30.75,1.4,1.9));
#12272=VECTOR('',#15193,1.0);
#12273=CARTESIAN_POINT('',(30.2,0.391287949908401,1.8));
#12274=AXIS2_PLACEMENT_3D('',#15194,#15195,#15196);
#12275=CARTESIAN_POINT('',(30.2,0.391287949908401,2.0));
#12276=CARTESIAN_POINT('',(30.2,0.391287949908401,2.0));
#12277=VECTOR('',#15197,1.0);
#12278=AXIS2_PLACEMENT_3D('',#15198,#15199,#15200);
#12279=COLOUR_RGB('',0.313725501298904,0.313725501298904,0.313725501298904);
#12280=CARTESIAN_POINT('',(30.75,1.4,0.200000000000003));
#12281=CARTESIAN_POINT('',(30.75,1.4,0.0));
#12282=CARTESIAN_POINT('',(30.75,1.4,0.100000000000001));
#12283=VECTOR('',#15201,1.0);
#12284=CARTESIAN_POINT('',(30.2,2.40871205009159,0.200000000000003));
#12285=AXIS2_PLACEMENT_3D('',#15202,#15203,#15204);
#12286=CARTESIAN_POINT('',(30.2,2.40871205009159,0.0));
#12287=CARTESIAN_POINT('',(30.2,2.40871205009159,0.0));
#12288=VECTOR('',#15205,1.0);
#12289=AXIS2_PLACEMENT_3D('',#15206,#15207,#15208);
#12290=COLOUR_RGB('',0.313725501298904,0.313725501298904,0.313725501298904);
#12291=CARTESIAN_POINT('',(28.35,1.4,0.0));
#12292=CARTESIAN_POINT('',(28.35,1.4,0.200000000000003));
#12293=CARTESIAN_POINT('',(28.35,1.4,0.100000000000001));
#12294=VECTOR('',#15209,1.0);
#12295=CARTESIAN_POINT('',(28.9,2.40871205009159,0.0));
#12296=AXIS2_PLACEMENT_3D('',#15210,#15211,#15212);
#12297=CARTESIAN_POINT('',(28.9,2.40871205009159,0.200000000000003));
#12298=CARTESIAN_POINT('',(28.9,2.40871205009159,0.0));
#12299=VECTOR('',#15213,1.0);
#12300=AXIS2_PLACEMENT_3D('',#15214,#15215,#15216);
#12301=COLOUR_RGB('',0.313725501298904,0.313725501298904,0.313725501298904);
#12302=CARTESIAN_POINT('',(28.35,1.4,2.0));
#12303=CARTESIAN_POINT('',(28.35,1.4,1.8));
#12304=CARTESIAN_POINT('',(28.35,1.4,1.9));
#12305=VECTOR('',#15217,1.0);
#12306=CARTESIAN_POINT('',(28.9,0.39128794990836,2.0));
#12307=AXIS2_PLACEMENT_3D('',#15218,#15219,#15220);
#12308=CARTESIAN_POINT('',(28.9,0.391287949908401,1.8));
#12309=CARTESIAN_POINT('',(28.9,0.391287949908401,2.0));
#12310=VECTOR('',#15221,1.0);
#12311=AXIS2_PLACEMENT_3D('',#15222,#15223,#15224);
#12312=COLOUR_RGB('',0.313725501298904,0.313725501298904,0.313725501298904);
#12313=CARTESIAN_POINT('',(24.85,1.4,0.0));
#12314=CARTESIAN_POINT('',(24.85,1.4,0.200000000000003));
#12315=CARTESIAN_POINT('',(24.85,1.4,0.100000000000001));
#12316=VECTOR('',#15225,1.0);
#12317=CARTESIAN_POINT('',(25.4,2.40871205009159,0.0));
#12318=AXIS2_PLACEMENT_3D('',#15226,#15227,#15228);
#12319=CARTESIAN_POINT('',(25.4,2.40871205009159,0.200000000000003));
#12320=CARTESIAN_POINT('',(25.4,2.40871205009159,0.0));
#12321=VECTOR('',#15229,1.0);
#12322=AXIS2_PLACEMENT_3D('',#15230,#15231,#15232);
#12323=COLOUR_RGB('',0.313725501298904,0.313725501298904,0.313725501298904);
#12324=CARTESIAN_POINT('',(24.85,1.4,2.0));
#12325=CARTESIAN_POINT('',(24.85,1.4,1.8));
#12326=CARTESIAN_POINT('',(24.85,1.4,1.9));
#12327=VECTOR('',#15233,1.0);
#12328=CARTESIAN_POINT('',(25.4,0.391287949908401,2.0));
#12329=AXIS2_PLACEMENT_3D('',#15234,#15235,#15236);
#12330=CARTESIAN_POINT('',(25.4,0.39128794990839,1.8));
#12331=CARTESIAN_POINT('',(25.4,0.391287949908401,2.0));
#12332=VECTOR('',#15237,1.0);
#12333=AXIS2_PLACEMENT_3D('',#15238,#15239,#15240);
#12334=COLOUR_RGB('',0.313725501298904,0.313725501298904,0.313725501298904);
#12335=CARTESIAN_POINT('',(17.85,1.4,0.0));
#12336=CARTESIAN_POINT('',(17.85,1.4,0.200000000000003));
#12337=CARTESIAN_POINT('',(17.85,1.4,0.100000000000001));
#12338=VECTOR('',#15241,1.0);
#12339=CARTESIAN_POINT('',(18.4,2.40871205009159,0.0));
#12340=AXIS2_PLACEMENT_3D('',#15242,#15243,#15244);
#12341=CARTESIAN_POINT('',(18.4,2.40871205009159,0.200000000000003));
#12342=CARTESIAN_POINT('',(18.4,2.40871205009159,0.0));
#12343=VECTOR('',#15245,1.0);
#12344=AXIS2_PLACEMENT_3D('',#15246,#15247,#15248);
#12345=COLOUR_RGB('',0.313725501298904,0.313725501298904,0.313725501298904);
#12346=CARTESIAN_POINT('',(17.85,1.4,2.0));
#12347=CARTESIAN_POINT('',(17.85,1.4,1.8));
#12348=CARTESIAN_POINT('',(17.85,1.4,1.9));
#12349=VECTOR('',#15249,1.0);
#12350=CARTESIAN_POINT('',(18.4,0.391287949908401,2.0));
#12351=AXIS2_PLACEMENT_3D('',#15250,#15251,#15252);
#12352=CARTESIAN_POINT('',(18.4,0.391287949908401,1.8));
#12353=CARTESIAN_POINT('',(18.4,0.391287949908401,2.0));
#12354=VECTOR('',#15253,1.0);
#12355=AXIS2_PLACEMENT_3D('',#15254,#15255,#15256);
#12356=COLOUR_RGB('',0.313725501298904,0.313725501298904,0.313725501298904);
#12357=CARTESIAN_POINT('',(13.25,1.4,0.200000000000003));
#12358=CARTESIAN_POINT('',(13.25,1.4,0.0));
#12359=CARTESIAN_POINT('',(13.25,1.4,0.100000000000001));
#12360=VECTOR('',#15257,1.0);
#12361=CARTESIAN_POINT('',(12.7,2.40871205009159,0.200000000000003));
#12362=AXIS2_PLACEMENT_3D('',#15258,#15259,#15260);
#12363=CARTESIAN_POINT('',(12.7,2.40871205009159,0.0));
#12364=CARTESIAN_POINT('',(12.7,2.40871205009159,0.0));
#12365=VECTOR('',#15261,1.0);
#12366=AXIS2_PLACEMENT_3D('',#15262,#15263,#15264);
#12367=COLOUR_RGB('',0.313725501298904,0.313725501298904,0.313725501298904);
#12368=CARTESIAN_POINT('',(13.25,1.4,1.8));
#12369=CARTESIAN_POINT('',(13.25,1.4,2.0));
#12370=CARTESIAN_POINT('',(13.25,1.4,1.9));
#12371=VECTOR('',#15265,1.0);
#12372=CARTESIAN_POINT('',(12.7,0.391287949908401,1.8));
#12373=AXIS2_PLACEMENT_3D('',#15266,#15267,#15268);
#12374=CARTESIAN_POINT('',(12.7,0.391287949908401,2.0));
#12375=CARTESIAN_POINT('',(12.7,0.391287949908401,2.0));
#12376=VECTOR('',#15269,1.0);
#12377=AXIS2_PLACEMENT_3D('',#15270,#15271,#15272);
#12378=COLOUR_RGB('',0.313725501298904,0.313725501298904,0.313725501298904);
#12379=CARTESIAN_POINT('',(10.85,1.4,2.0));
#12380=CARTESIAN_POINT('',(10.85,1.4,1.8));
#12381=CARTESIAN_POINT('',(10.85,1.4,1.9));
#12382=VECTOR('',#15273,1.0);
#12383=CARTESIAN_POINT('',(11.4,0.39128794990836,2.0));
#12384=AXIS2_PLACEMENT_3D('',#15274,#15275,#15276);
#12385=CARTESIAN_POINT('',(11.4,0.391287949908401,1.8));
#12386=CARTESIAN_POINT('',(11.4,0.391287949908401,2.0));
#12387=VECTOR('',#15277,1.0);
#12388=AXIS2_PLACEMENT_3D('',#15278,#15279,#15280);
#12389=COLOUR_RGB('',0.313725501298904,0.313725501298904,0.313725501298904);
#12390=CARTESIAN_POINT('',(16.75,1.4,1.8));
#12391=CARTESIAN_POINT('',(16.75,1.4,2.0));
#12392=CARTESIAN_POINT('',(16.75,1.4,1.9));
#12393=VECTOR('',#15281,1.0);
#12394=CARTESIAN_POINT('',(16.2000000000001,0.391287949908401,1.8));
#12395=AXIS2_PLACEMENT_3D('',#15282,#15283,#15284);
#12396=CARTESIAN_POINT('',(16.2000000000001,0.391287949908401,2.0));
#12397=CARTESIAN_POINT('',(16.2000000000001,0.391287949908401,2.0));
#12398=VECTOR('',#15285,1.0);
#12399=AXIS2_PLACEMENT_3D('',#15286,#15287,#15288);
#12400=COLOUR_RGB('',0.313725501298904,0.313725501298904,0.313725501298904);
#12401=CARTESIAN_POINT('',(9.75000000000001,1.4,0.200000000000003));
#12402=CARTESIAN_POINT('',(9.75000000000001,1.4,0.0));
#12403=CARTESIAN_POINT('',(9.75000000000001,1.4,0.100000000000001));
#12404=VECTOR('',#15289,1.0);
#12405=CARTESIAN_POINT('',(9.2000000000001,2.40871205009159,0.200000000000003));
#12406=AXIS2_PLACEMENT_3D('',#15290,#15291,#15292);
#12407=CARTESIAN_POINT('',(9.2000000000001,2.40871205009159,0.0));
#12408=CARTESIAN_POINT('',(9.2000000000001,2.40871205009159,0.0));
#12409=VECTOR('',#15293,1.0);
#12410=AXIS2_PLACEMENT_3D('',#15294,#15295,#15296);
#12411=COLOUR_RGB('',0.313725501298904,0.313725501298904,0.313725501298904);
#12412=CARTESIAN_POINT('',(9.75000000000001,1.4,1.8));
#12413=CARTESIAN_POINT('',(9.75000000000001,1.4,2.0));
#12414=CARTESIAN_POINT('',(9.75000000000001,1.4,1.9));
#12415=VECTOR('',#15297,1.0);
#12416=CARTESIAN_POINT('',(9.2000000000001,0.391287949908401,1.8));
#12417=AXIS2_PLACEMENT_3D('',#15298,#15299,#15300);
#12418=CARTESIAN_POINT('',(9.2000000000001,0.391287949908401,2.0));
#12419=CARTESIAN_POINT('',(9.2000000000001,0.391287949908401,2.0));
#12420=VECTOR('',#15301,1.0);
#12421=AXIS2_PLACEMENT_3D('',#15302,#15303,#15304);
#12422=COLOUR_RGB('',0.313725501298904,0.313725501298904,0.313725501298904);
#12423=CARTESIAN_POINT('',(6.25000000000001,1.4,0.200000000000003));
#12424=CARTESIAN_POINT('',(6.25000000000001,1.4,0.0));
#12425=CARTESIAN_POINT('',(6.25000000000001,1.4,0.100000000000001));
#12426=VECTOR('',#15305,1.0);
#12427=CARTESIAN_POINT('',(5.7000000000001,2.40871205009159,0.200000000000003));
#12428=AXIS2_PLACEMENT_3D('',#15306,#15307,#15308);
#12429=CARTESIAN_POINT('',(5.7000000000001,2.40871205009159,0.0));
#12430=CARTESIAN_POINT('',(5.7000000000001,2.40871205009159,0.0));
#12431=VECTOR('',#15309,1.0);
#12432=AXIS2_PLACEMENT_3D('',#15310,#15311,#15312);
#12433=COLOUR_RGB('',0.313725501298904,0.313725501298904,0.313725501298904);
#12434=CARTESIAN_POINT('',(7.34999999999995,1.4,0.0));
#12435=CARTESIAN_POINT('',(7.34999999999995,1.4,0.200000000000003));
#12436=CARTESIAN_POINT('',(7.34999999999995,1.4,0.100000000000001));
#12437=VECTOR('',#15313,1.0);
#12438=CARTESIAN_POINT('',(7.9,2.40871205009159,0.0));
#12439=AXIS2_PLACEMENT_3D('',#15314,#15315,#15316);
#12440=CARTESIAN_POINT('',(7.9,2.40871205009159,0.200000000000003));
#12441=CARTESIAN_POINT('',(7.9,2.40871205009159,0.0));
#12442=VECTOR('',#15317,1.0);
#12443=AXIS2_PLACEMENT_3D('',#15318,#15319,#15320);
#12444=COLOUR_RGB('',0.313725501298904,0.313725501298904,0.313725501298904);
#12445=CARTESIAN_POINT('',(7.34999999999995,1.4,2.0));
#12446=CARTESIAN_POINT('',(7.34999999999995,1.4,1.8));
#12447=CARTESIAN_POINT('',(7.34999999999995,1.4,1.9));
#12448=VECTOR('',#15321,1.0);
#12449=CARTESIAN_POINT('',(7.9,0.39128794990836,2.0));
#12450=AXIS2_PLACEMENT_3D('',#15322,#15323,#15324);
#12451=CARTESIAN_POINT('',(7.9,0.391287949908401,1.8));
#12452=CARTESIAN_POINT('',(7.9,0.391287949908401,2.0));
#12453=VECTOR('',#15325,1.0);
#12454=AXIS2_PLACEMENT_3D('',#15326,#15327,#15328);
#12455=COLOUR_RGB('',0.313725501298904,0.313725501298904,0.313725501298904);
#12456=CARTESIAN_POINT('',(10.85,1.4,0.0));
#12457=CARTESIAN_POINT('',(10.85,1.4,0.200000000000003));
#12458=CARTESIAN_POINT('',(10.85,1.4,0.100000000000001));
#12459=VECTOR('',#15329,1.0);
#12460=CARTESIAN_POINT('',(11.4,2.40871205009159,0.0));
#12461=AXIS2_PLACEMENT_3D('',#15330,#15331,#15332);
#12462=CARTESIAN_POINT('',(11.4,2.40871205009159,0.200000000000003));
#12463=CARTESIAN_POINT('',(11.4,2.40871205009159,0.0));
#12464=VECTOR('',#15333,1.0);
#12465=AXIS2_PLACEMENT_3D('',#15334,#15335,#15336);
#12466=COLOUR_RGB('',0.313725501298904,0.313725501298904,0.313725501298904);
#12467=CARTESIAN_POINT('',(6.25000000000001,1.4,1.8));
#12468=CARTESIAN_POINT('',(6.25000000000001,1.4,2.0));
#12469=CARTESIAN_POINT('',(6.25000000000001,1.4,1.9));
#12470=VECTOR('',#15337,1.0);
#12471=CARTESIAN_POINT('',(5.7000000000001,0.391287949908401,1.8));
#12472=AXIS2_PLACEMENT_3D('',#15338,#15339,#15340);
#12473=CARTESIAN_POINT('',(5.7000000000001,0.391287949908401,2.0));
#12474=CARTESIAN_POINT('',(5.7000000000001,0.391287949908401,2.0));
#12475=VECTOR('',#15341,1.0);
#12476=AXIS2_PLACEMENT_3D('',#15342,#15343,#15344);
#12477=COLOUR_RGB('',0.313725501298904,0.313725501298904,0.313725501298904);
#12478=CARTESIAN_POINT('',(2.75000000000001,1.4,1.8));
#12479=CARTESIAN_POINT('',(2.75000000000001,1.4,2.0));
#12480=CARTESIAN_POINT('',(2.75000000000001,1.4,1.9));
#12481=VECTOR('',#15345,1.0);
#12482=CARTESIAN_POINT('',(2.2000000000001,0.391287949908401,1.8));
#12483=AXIS2_PLACEMENT_3D('',#15346,#15347,#15348);
#12484=CARTESIAN_POINT('',(2.2000000000001,0.391287949908401,2.0));
#12485=CARTESIAN_POINT('',(2.2000000000001,0.391287949908401,2.0));
#12486=VECTOR('',#15349,1.0);
#12487=AXIS2_PLACEMENT_3D('',#15350,#15351,#15352);
#12488=COLOUR_RGB('',0.313725501298904,0.313725501298904,0.313725501298904);
#12489=CARTESIAN_POINT('',(3.85000000000001,1.4,0.0));
#12490=CARTESIAN_POINT('',(3.85000000000001,1.4,0.200000000000003));
#12491=CARTESIAN_POINT('',(3.85000000000001,1.4,0.100000000000001));
#12492=VECTOR('',#15353,1.0);
#12493=CARTESIAN_POINT('',(4.4,2.40871205009159,0.0));
#12494=AXIS2_PLACEMENT_3D('',#15354,#15355,#15356);
#12495=CARTESIAN_POINT('',(4.4,2.40871205009159,0.200000000000003));
#12496=CARTESIAN_POINT('',(4.4,2.40871205009159,0.0));
#12497=VECTOR('',#15357,1.0);
#12498=AXIS2_PLACEMENT_3D('',#15358,#15359,#15360);
#12499=COLOUR_RGB('',0.313725501298904,0.313725501298904,0.313725501298904);
#12500=CARTESIAN_POINT('',(2.75000000000001,1.4,0.200000000000003));
#12501=CARTESIAN_POINT('',(2.75000000000001,1.4,0.0));
#12502=CARTESIAN_POINT('',(2.75000000000001,1.4,0.100000000000001));
#12503=VECTOR('',#15361,1.0);
#12504=CARTESIAN_POINT('',(2.2000000000001,2.40871205009159,0.200000000000003));
#12505=AXIS2_PLACEMENT_3D('',#15362,#15363,#15364);
#12506=CARTESIAN_POINT('',(2.2000000000001,2.40871205009159,0.0));
#12507=CARTESIAN_POINT('',(2.2000000000001,2.40871205009159,0.0));
#12508=VECTOR('',#15365,1.0);
#12509=AXIS2_PLACEMENT_3D('',#15366,#15367,#15368);
#12510=COLOUR_RGB('',0.313725501298904,0.313725501298904,0.313725501298904);
#12511=CARTESIAN_POINT('',(3.85000000000001,1.4,2.0));
#12512=CARTESIAN_POINT('',(3.85000000000001,1.4,1.8));
#12513=CARTESIAN_POINT('',(3.85000000000001,1.4,1.9));
#12514=VECTOR('',#15369,1.0);
#12515=CARTESIAN_POINT('',(4.4,0.391287949908401,2.0));
#12516=AXIS2_PLACEMENT_3D('',#15370,#15371,#15372);
#12517=CARTESIAN_POINT('',(4.4,0.391287949908401,1.8));
#12518=CARTESIAN_POINT('',(4.4,0.391287949908401,2.0));
#12519=VECTOR('',#15373,1.0);
#12520=AXIS2_PLACEMENT_3D('',#15374,#15375,#15376);
#12521=COLOUR_RGB('',0.313725501298904,0.313725501298904,0.313725501298904);
#12522=CARTESIAN_POINT('',(0.349999999999997,1.4,2.0));
#12523=CARTESIAN_POINT('',(0.350000000000007,1.4,1.8));
#12524=CARTESIAN_POINT('',(0.350000000000007,1.4,1.9));
#12525=VECTOR('',#15377,1.0);
#12526=CARTESIAN_POINT('',(0.899999999999999,0.391287949908401,2.0));
#12527=AXIS2_PLACEMENT_3D('',#15378,#15379,#15380);
#12528=CARTESIAN_POINT('',(0.899999999999999,0.391287949908401,1.8));
#12529=CARTESIAN_POINT('',(0.899999999999999,0.391287949908401,2.0));
#12530=VECTOR('',#15381,1.0);
#12531=AXIS2_PLACEMENT_3D('',#15382,#15383,#15384);
#12532=COLOUR_RGB('',0.313725501298904,0.313725501298904,0.313725501298904);
#12533=CARTESIAN_POINT('',(0.349999999999997,1.4,0.0));
#12534=CARTESIAN_POINT('',(0.350000000000007,1.4,0.200000000000003));
#12535=CARTESIAN_POINT('',(0.350000000000007,1.4,0.100000000000001));
#12536=VECTOR('',#15385,1.0);
#12537=CARTESIAN_POINT('',(0.899999999999999,2.40871205009159,0.0));
#12538=AXIS2_PLACEMENT_3D('',#15386,#15387,#15388);
#12539=CARTESIAN_POINT('',(0.899999999999999,2.40871205009159,0.200000000000003));
#12540=CARTESIAN_POINT('',(0.899999999999999,2.40871205009159,0.0));
#12541=VECTOR('',#15389,1.0);
#12542=AXIS2_PLACEMENT_3D('',#15390,#15391,#15392);
#12543=COLOUR_RGB('',0.313725501298904,0.313725501298904,0.313725501298904);
#12544=CARTESIAN_POINT('',(2.05,1.4,1.8));
#12545=CARTESIAN_POINT('',(1.05,1.4,1.8));
#12546=AXIS2_PLACEMENT_3D('',#15393,#15394,#15395);
#12547=CARTESIAN_POINT('',(2.05,1.4,0.200000000000003));
#12548=CARTESIAN_POINT('',(2.05,1.4,0.0));
#12549=VECTOR('',#15396,1.0);
#12550=CARTESIAN_POINT('',(1.05,1.4,0.200000000000003));
#12551=AXIS2_PLACEMENT_3D('',#15397,#15398,#15399);
#12552=CARTESIAN_POINT('',(1.05,1.4,0.0));
#12553=VECTOR('',#15400,1.0);
#12554=COLOUR_RGB('',0.313725501298904,0.313725501298904,0.313725501298904);
#12555=CARTESIAN_POINT('',(0.899999999999999,0.0,0.200000000000003));
#12556=CARTESIAN_POINT('',(2.2,0.0,0.200000000000003));
#12557=CARTESIAN_POINT('',(-11.5971953775145,0.0,0.200000000000003));
#12558=VECTOR('',#15401,1.0);
#12559=CARTESIAN_POINT('',(0.899999999999999,0.391287949908401,0.200000000000003));
#12560=CARTESIAN_POINT('',(0.899999999999999,0.0,0.200000000000003));
#12561=VECTOR('',#15402,1.0);
#12562=AXIS2_PLACEMENT_3D('',#15403,#15404,#15405);
#12563=CARTESIAN_POINT('',(0.899999999999999,2.79999999999999,0.200000000000003));
#12564=CARTESIAN_POINT('',(0.899999999999999,2.40871205009159,0.200000000000003));
#12565=VECTOR('',#15406,1.0);
#12566=CARTESIAN_POINT('',(2.2000000000001,2.79999999999999,0.200000000000003));
#12567=CARTESIAN_POINT('',(-11.5971953775145,2.79999999999999,0.200000000000003));
#12568=VECTOR('',#15407,1.0);
#12569=CARTESIAN_POINT('',(2.2000000000001,2.79999999999999,0.200000000000003));
#12570=VECTOR('',#15408,1.0);
#12571=CARTESIAN_POINT('',(2.2000000000001,0.391287949908401,0.200000000000003));
#12572=AXIS2_PLACEMENT_3D('',#15409,#15410,#15411);
#12573=CARTESIAN_POINT('',(2.2000000000001,0.391287949908401,0.200000000000003));
#12574=VECTOR('',#15412,1.0);
#12575=AXIS2_PLACEMENT_3D('',#15413,#15414,#15415);
#12576=COLOUR_RGB('',0.313725501298904,0.313725501298904,0.313725501298904);
#12577=AXIS2_PLACEMENT_3D('',#15416,#15417,#15418);
#12578=COLOUR_RGB('',0.313725501298904,0.313725501298904,0.313725501298904);
#12579=CARTESIAN_POINT('',(0.899999999999999,2.79999999999999,0.0));
#12580=CARTESIAN_POINT('',(0.899999999999999,2.79999999999999,0.0));
#12581=VECTOR('',#15419,1.0);
#12582=CARTESIAN_POINT('',(0.0,2.79999999999999,0.0));
#12583=CARTESIAN_POINT('',(0.899999999999999,2.79999999999999,0.0));
#12584=VECTOR('',#15420,1.0);
#12585=CARTESIAN_POINT('',(0.0,2.79999999999999,2.0));
#12586=CARTESIAN_POINT('',(0.0,2.79999999999999,0.0));
#12587=VECTOR('',#15421,1.0);
#12588=CARTESIAN_POINT('',(0.899999999999999,2.79999999999999,2.0));
#12589=CARTESIAN_POINT('',(0.899999999999999,2.79999999999999,2.0));
#12590=VECTOR('',#15422,1.0);
#12591=CARTESIAN_POINT('',(0.899999999999999,2.79999999999999,1.8));
#12592=CARTESIAN_POINT('',(0.899999999999999,2.79999999999999,2.0));
#12593=VECTOR('',#15423,1.0);
#12594=CARTESIAN_POINT('',(2.2000000000001,2.79999999999999,1.8));
#12595=CARTESIAN_POINT('',(-11.5971953775145,2.79999999999999,1.8));
#12596=VECTOR('',#15424,1.0);
#12597=CARTESIAN_POINT('',(2.2000000000001,2.79999999999999,2.0));
#12598=CARTESIAN_POINT('',(2.2000000000001,2.79999999999999,2.0));
#12599=VECTOR('',#15425,1.0);
#12600=CARTESIAN_POINT('',(3.2,2.79999999999999,2.0));
#12601=CARTESIAN_POINT('',(0.899999999999999,2.79999999999999,2.0));
#12602=VECTOR('',#15426,1.0);
#12603=CARTESIAN_POINT('',(3.2,2.79999999999999,0.0));
#12604=CARTESIAN_POINT('',(3.2,2.79999999999999,0.0));
#12605=VECTOR('',#15427,1.0);
#12606=CARTESIAN_POINT('',(2.2000000000001,2.79999999999999,0.0));
#12607=CARTESIAN_POINT('',(0.899999999999999,2.79999999999999,0.0));
#12608=VECTOR('',#15428,1.0);
#12609=CARTESIAN_POINT('',(2.2000000000001,2.79999999999999,0.0));
#12610=VECTOR('',#15429,1.0);
#12611=COLOUR_RGB('',0.313725501298904,0.313725501298904,0.313725501298904);
#12612=CARTESIAN_POINT('',(0.899999999999999,0.391287949908401,0.0));
#12613=CARTESIAN_POINT('',(0.899999999999999,0.391287949908401,0.0));
#12614=VECTOR('',#15430,1.0);
#12615=CARTESIAN_POINT('',(0.899999999999999,0.0,0.0));
#12616=CARTESIAN_POINT('',(0.899999999999999,0.0,0.0));
#12617=VECTOR('',#15431,1.0);
#12618=CARTESIAN_POINT('',(0.899999999999899,-6.13860164424137,0.0));
#12619=VECTOR('',#15432,1.0);
#12620=COLOUR_RGB('',0.313725501298904,0.313725501298904,0.313725501298904);
#12621=AXIS2_PLACEMENT_3D('',#15433,#15434,#15435);
#12622=COLOUR_RGB('',0.313725501298904,0.313725501298904,0.313725501298904);
#12623=CARTESIAN_POINT('',(0.0,0.0,0.0));
#12624=CARTESIAN_POINT('',(2.2,0.0,0.0));
#12625=VECTOR('',#15436,1.0);
#12626=CARTESIAN_POINT('',(2.2,0.0,0.0));
#12627=CARTESIAN_POINT('',(2.2,0.0,0.0));
#12628=VECTOR('',#15437,1.0);
#12629=CARTESIAN_POINT('',(3.2,0.0,0.0));
#12630=CARTESIAN_POINT('',(2.2,0.0,0.0));
#12631=VECTOR('',#15438,1.0);
#12632=CARTESIAN_POINT('',(3.2,0.0,2.0));
#12633=CARTESIAN_POINT('',(3.2,0.0,0.0));
#12634=VECTOR('',#15439,1.0);
#12635=CARTESIAN_POINT('',(2.2,0.0,2.0));
#12636=CARTESIAN_POINT('',(2.2,0.0,2.0));
#12637=VECTOR('',#15440,1.0);
#12638=CARTESIAN_POINT('',(2.2,0.0,1.8));
#12639=CARTESIAN_POINT('',(2.2,0.0,2.0));
#12640=VECTOR('',#15441,1.0);
#12641=CARTESIAN_POINT('',(0.899999999999999,0.0,1.8));
#12642=CARTESIAN_POINT('',(-11.5971953775145,0.0,1.8));
#12643=VECTOR('',#15442,1.0);
#12644=CARTESIAN_POINT('',(0.899999999999999,0.0,2.0));
#12645=CARTESIAN_POINT('',(0.899999999999999,0.0,2.0));
#12646=VECTOR('',#15443,1.0);
#12647=CARTESIAN_POINT('',(0.0,0.0,2.0));
#12648=CARTESIAN_POINT('',(2.2,0.0,2.0));
#12649=VECTOR('',#15444,1.0);
#12650=CARTESIAN_POINT('',(0.0,0.0,0.0));
#12651=VECTOR('',#15445,1.0);
#12652=COLOUR_RGB('',0.313725501298904,0.313725501298904,0.313725501298904);
#12653=CARTESIAN_POINT('',(0.0,2.79999999999999,0.0));
#12654=VECTOR('',#15446,1.0);
#12655=CARTESIAN_POINT('',(0.0,2.79999999999999,2.0));
#12656=VECTOR('',#15447,1.0);
#12657=CARTESIAN_POINT('',(0.0,0.2,1.8));
#12658=CARTESIAN_POINT('',(0.0,2.59999999999999,1.8));
#12659=CARTESIAN_POINT('',(0.0,-6.13860164424137,1.8));
#12660=VECTOR('',#15448,1.0);
#12661=CARTESIAN_POINT('',(0.0,0.2,0.200000000000003));
#12662=CARTESIAN_POINT('',(0.0,0.2,0.0));
#12663=VECTOR('',#15449,1.0);
#12664=CARTESIAN_POINT('',(0.0,2.59999999999999,0.200000000000003));
#12665=CARTESIAN_POINT('',(0.0,-6.13860164424137,0.200000000000003));
#12666=VECTOR('',#15450,1.0);
#12667=CARTESIAN_POINT('',(0.0,2.59999999999999,0.0));
#12668=VECTOR('',#15451,1.0);
#12669=COLOUR_RGB('',0.313725501298904,0.313725501298904,0.313725501298904);
#12670=CARTESIAN_POINT('',(-0.100000000000001,0.2,0.200000000000003));
#12671=CARTESIAN_POINT('',(-0.100000000000001,2.59999999999999,0.200000000000003));
#12672=CARTESIAN_POINT('',(-0.100000000000001,0.2,0.200000000000003));
#12673=VECTOR('',#15452,1.0);
#12674=CARTESIAN_POINT('',(-0.100000000000001,0.2,1.8));
#12675=CARTESIAN_POINT('',(-0.100000000000001,0.2,1.8));
#12676=VECTOR('',#15453,1.0);
#12677=CARTESIAN_POINT('',(-0.100000000000001,2.59999999999999,1.8));
#12678=CARTESIAN_POINT('',(-0.100000000000001,2.59999999999999,1.8));
#12679=VECTOR('',#15454,1.0);
#12680=CARTESIAN_POINT('',(-0.100000000000001,2.59999999999999,0.200000000000003));
#12681=VECTOR('',#15455,1.0);
#12682=COLOUR_RGB('',0.313725501298904,0.313725501298904,0.313725501298904);
#12683=CARTESIAN_POINT('',(0.0,2.59999999999999,0.200000000000003));
#12684=VECTOR('',#15456,1.0);
#12685=CARTESIAN_POINT('',(0.0,2.59999999999999,1.8));
#12686=VECTOR('',#15457,1.0);
#12687=COLOUR_RGB('',0.313725501298904,0.313725501298904,0.313725501298904);
#12688=CARTESIAN_POINT('',(0.0,0.2,0.200000000000003));
#12689=VECTOR('',#15458,1.0);
#12690=COLOUR_RGB('',0.313725501298904,0.313725501298904,0.313725501298904);
#12691=CARTESIAN_POINT('',(0.0,0.2,1.8));
#12692=VECTOR('',#15459,1.0);
#12693=COLOUR_RGB('',0.313725501298904,0.313725501298904,0.313725501298904);
#12694=COLOUR_RGB('',0.313725501298904,0.313725501298904,0.313725501298904);
#12695=CARTESIAN_POINT('',(0.899999999999999,2.40871205009159,1.8));
#12696=CARTESIAN_POINT('',(0.899999999999999,2.40871205009159,1.8));
#12697=VECTOR('',#15460,1.0);
#12698=AXIS2_PLACEMENT_3D('',#15461,#15462,#15463);
#12699=CARTESIAN_POINT('',(0.899999999999999,0.0,1.8));
#12700=VECTOR('',#15464,1.0);
#12701=CARTESIAN_POINT('',(2.2000000000001,0.391287949908401,1.8));
#12702=VECTOR('',#15465,1.0);
#12703=CARTESIAN_POINT('',(2.2000000000001,2.40871205009159,1.8));
#12704=AXIS2_PLACEMENT_3D('',#15466,#15467,#15468);
#12705=CARTESIAN_POINT('',(2.2000000000001,2.79999999999999,1.8));
#12706=VECTOR('',#15469,1.0);
#12707=COLOUR_RGB('',0.313725501298904,0.313725501298904,0.313725501298904);
#12708=CARTESIAN_POINT('',(0.899999999999999,2.40871205009159,2.0));
#12709=CARTESIAN_POINT('',(0.899999999999999,2.40871205009159,2.0));
#12710=VECTOR('',#15470,1.0);
#12711=AXIS2_PLACEMENT_3D('',#15471,#15472,#15473);
#12712=COLOUR_RGB('',0.313725501298904,0.313725501298904,0.313725501298904);
#12713=CARTESIAN_POINT('',(0.899999999999899,-6.13860164424137,2.0));
#12714=VECTOR('',#15474,1.0);
#12715=COLOUR_RGB('',0.313725501298904,0.313725501298904,0.313725501298904);
#12716=CARTESIAN_POINT('',(2.2000000000001,2.40871205009159,2.0));
#12717=CARTESIAN_POINT('',(2.2000000000001,-6.13860164424137,2.0));
#12718=VECTOR('',#15475,1.0);
#12719=AXIS2_PLACEMENT_3D('',#15476,#15477,#15478);
#12720=CARTESIAN_POINT('',(2.1999999999999,-6.13860164424137,2.0));
#12721=VECTOR('',#15479,1.0);
#12722=CARTESIAN_POINT('',(3.2,2.79999999999999,2.0));
#12723=VECTOR('',#15480,1.0);
#12724=COLOUR_RGB('',0.313725501298904,0.313725501298904,0.313725501298904);
#12725=CARTESIAN_POINT('',(3.2,2.79999999999999,0.0));
#12726=VECTOR('',#15481,1.0);
#12727=CARTESIAN_POINT('',(3.2,0.2,0.200000000000003));
#12728=CARTESIAN_POINT('',(3.2,0.2,1.8));
#12729=CARTESIAN_POINT('',(3.2,0.2,0.0));
#12730=VECTOR('',#15482,1.0);
#12731=CARTESIAN_POINT('',(3.2,2.59999999999999,1.8));
#12732=CARTESIAN_POINT('',(3.2,0.2,1.8));
#12733=VECTOR('',#15483,1.0);
#12734=CARTESIAN_POINT('',(3.2,2.59999999999999,0.200000000000003));
#12735=CARTESIAN_POINT('',(3.2,2.59999999999999,0.0));
#12736=VECTOR('',#15484,1.0);
#12737=CARTESIAN_POINT('',(3.2,0.2,0.200000000000003));
#12738=VECTOR('',#15485,1.0);
#12739=COLOUR_RGB('',0.313725501298904,0.313725501298904,0.313725501298904);
#12740=CARTESIAN_POINT('',(3.4,0.2,1.8));
#12741=CARTESIAN_POINT('',(-11.5971953775145,0.2,1.8));
#12742=VECTOR('',#15486,1.0);
#12743=CARTESIAN_POINT('',(3.4,2.59999999999999,1.8));
#12744=CARTESIAN_POINT('',(3.4,2.59999999999999,1.8));
#12745=VECTOR('',#15487,1.0);
#12746=CARTESIAN_POINT('',(-11.5971953775145,2.59999999999999,1.8));
#12747=VECTOR('',#15488,1.0);
#12748=COLOUR_RGB('',0.313725501298904,0.313725501298904,0.313725501298904);
#12749=CARTESIAN_POINT('',(3.4,0.2,0.200000000000003));
#12750=CARTESIAN_POINT('',(-11.5971953775145,0.2,0.200000000000003));
#12751=VECTOR('',#15489,1.0);
#12752=CARTESIAN_POINT('',(3.4,0.2,0.0));
#12753=VECTOR('',#15490,1.0);
#12754=COLOUR_RGB('',0.313725501298904,0.313725501298904,0.313725501298904);
#12755=CARTESIAN_POINT('',(3.4,0.0,0.0));
#12756=CARTESIAN_POINT('',(3.4,0.0,2.0));
#12757=CARTESIAN_POINT('',(3.4,0.0,0.0));
#12758=VECTOR('',#15491,1.0);
#12759=CARTESIAN_POINT('',(3.4,2.79999999999999,2.0));
#12760=CARTESIAN_POINT('',(3.4,0.0,2.0));
#12761=VECTOR('',#15492,1.0);
#12762=CARTESIAN_POINT('',(3.4,2.79999999999999,0.0));
#12763=CARTESIAN_POINT('',(3.4,2.79999999999999,0.0));
#12764=VECTOR('',#15493,1.0);
#12765=CARTESIAN_POINT('',(3.4,0.0,0.0));
#12766=VECTOR('',#15494,1.0);
#12767=CARTESIAN_POINT('',(3.4,2.59999999999999,0.200000000000003));
#12768=CARTESIAN_POINT('',(3.4,2.59999999999999,0.200000000000003));
#12769=VECTOR('',#15495,1.0);
#12770=CARTESIAN_POINT('',(3.4,2.59999999999999,0.0));
#12771=VECTOR('',#15496,1.0);
#12772=COLOUR_RGB('',0.313725501298904,0.313725501298904,0.313725501298904);
#12773=COLOUR_RGB('',0.313725501298904,0.313725501298904,0.313725501298904);
#12774=CARTESIAN_POINT('',(2.2000000000001,0.391287949908401,0.0));
#12775=CARTESIAN_POINT('',(2.2000000000001,0.391287949908401,0.0));
#12776=VECTOR('',#15497,1.0);
#12777=CARTESIAN_POINT('',(2.1999999999999,-6.13860164424137,0.0));
#12778=VECTOR('',#15498,1.0);
#12779=COLOUR_RGB('',0.313725501298904,0.313725501298904,0.313725501298904);
#12780=CARTESIAN_POINT('',(5.7000000000001,2.79999999999999,1.8));
#12781=CARTESIAN_POINT('',(4.4,2.79999999999999,1.8));
#12782=CARTESIAN_POINT('',(-11.5971953775145,2.79999999999999,1.8));
#12783=VECTOR('',#15499,1.0);
#12784=CARTESIAN_POINT('',(4.4,2.40871205009159,1.8));
#12785=CARTESIAN_POINT('',(4.4,2.40871205009159,1.8));
#12786=VECTOR('',#15500,1.0);
#12787=AXIS2_PLACEMENT_3D('',#15501,#15502,#15503);
#12788=CARTESIAN_POINT('',(4.4,0.0,1.8));
#12789=CARTESIAN_POINT('',(4.4,0.0,1.8));
#12790=VECTOR('',#15504,1.0);
#12791=CARTESIAN_POINT('',(5.7,0.0,1.8));
#12792=CARTESIAN_POINT('',(-11.5971953775145,0.0,1.8));
#12793=VECTOR('',#15505,1.0);
#12794=CARTESIAN_POINT('',(5.7000000000001,0.391287949908401,1.8));
#12795=VECTOR('',#15506,1.0);
#12796=CARTESIAN_POINT('',(5.7000000000001,2.40871205009159,1.8));
#12797=AXIS2_PLACEMENT_3D('',#15507,#15508,#15509);
#12798=CARTESIAN_POINT('',(5.7000000000001,2.79999999999999,1.8));
#12799=VECTOR('',#15510,1.0);
#12800=CARTESIAN_POINT('',(4.55,1.4,1.8));
#12801=CARTESIAN_POINT('',(5.55,1.4,1.8));
#12802=AXIS2_PLACEMENT_3D('',#15511,#15512,#15513);
#12803=AXIS2_PLACEMENT_3D('',#15514,#15515,#15516);
#12804=COLOUR_RGB('',0.313725501298904,0.313725501298904,0.313725501298904);
#12805=CARTESIAN_POINT('',(4.4,0.0,2.0));
#12806=CARTESIAN_POINT('',(4.3999999999999,-6.13860164424137,2.0));
#12807=VECTOR('',#15517,1.0);
#12808=CARTESIAN_POINT('',(4.4,0.0,2.0));
#12809=VECTOR('',#15518,1.0);
#12810=COLOUR_RGB('',0.313725501298904,0.313725501298904,0.313725501298904);
#12811=CARTESIAN_POINT('',(4.4,2.40871205009159,2.0));
#12812=CARTESIAN_POINT('',(4.4,2.40871205009159,2.0));
#12813=VECTOR('',#15519,1.0);
#12814=AXIS2_PLACEMENT_3D('',#15520,#15521,#15522);
#12815=COLOUR_RGB('',0.313725501298904,0.313725501298904,0.313725501298904);
#12816=CARTESIAN_POINT('',(4.4,2.79999999999999,2.0));
#12817=CARTESIAN_POINT('',(4.4,-6.13860164424137,2.0));
#12818=VECTOR('',#15523,1.0);
#12819=CARTESIAN_POINT('',(4.4,2.79999999999999,2.0));
#12820=VECTOR('',#15524,1.0);
#12821=COLOUR_RGB('',0.313725501298904,0.313725501298904,0.313725501298904);
#12822=CARTESIAN_POINT('',(0.899999999999999,2.79999999999999,2.0));
#12823=VECTOR('',#15525,1.0);
#12824=CARTESIAN_POINT('',(2.2,0.0,2.0));
#12825=VECTOR('',#15526,1.0);
#12826=COLOUR_RGB('',0.313725501298904,0.313725501298904,0.313725501298904);
#12827=CARTESIAN_POINT('',(4.55,1.4,0.200000000000003));
#12828=CARTESIAN_POINT('',(4.55,1.4,0.0));
#12829=VECTOR('',#15527,1.0);
#12830=CARTESIAN_POINT('',(5.55,1.4,0.200000000000003));
#12831=AXIS2_PLACEMENT_3D('',#15528,#15529,#15530);
#12832=CARTESIAN_POINT('',(5.55,1.4,0.0));
#12833=VECTOR('',#15531,1.0);
#12834=COLOUR_RGB('',0.313725501298904,0.313725501298904,0.313725501298904);
#12835=CARTESIAN_POINT('',(5.7000000000001,2.79999999999999,0.200000000000003));
#12836=CARTESIAN_POINT('',(4.4,2.79999999999999,0.200000000000003));
#12837=CARTESIAN_POINT('',(-11.5971953775145,2.79999999999999,0.200000000000003));
#12838=VECTOR('',#15532,1.0);
#12839=CARTESIAN_POINT('',(4.4,2.79999999999999,0.0));
#12840=CARTESIAN_POINT('',(4.4,2.79999999999999,0.0));
#12841=VECTOR('',#15533,1.0);
#12842=CARTESIAN_POINT('',(0.899999999999999,2.79999999999999,0.0));
#12843=VECTOR('',#15534,1.0);
#12844=CARTESIAN_POINT('',(5.7000000000001,2.79999999999999,2.0));
#12845=CARTESIAN_POINT('',(5.7000000000001,2.79999999999999,2.0));
#12846=VECTOR('',#15535,1.0);
#12847=CARTESIAN_POINT('',(6.7,2.79999999999999,2.0));
#12848=CARTESIAN_POINT('',(0.899999999999999,2.79999999999999,2.0));
#12849=VECTOR('',#15536,1.0);
#12850=CARTESIAN_POINT('',(6.7,2.79999999999999,0.0));
#12851=CARTESIAN_POINT('',(6.7,2.79999999999999,0.0));
#12852=VECTOR('',#15537,1.0);
#12853=CARTESIAN_POINT('',(5.7000000000001,2.79999999999999,0.0));
#12854=CARTESIAN_POINT('',(0.899999999999999,2.79999999999999,0.0));
#12855=VECTOR('',#15538,1.0);
#12856=CARTESIAN_POINT('',(5.7000000000001,2.79999999999999,0.0));
#12857=VECTOR('',#15539,1.0);
#12858=COLOUR_RGB('',0.313725501298904,0.313725501298904,0.313725501298904);
#12859=CARTESIAN_POINT('',(2.2000000000001,-6.13860164424137,0.0));
#12860=VECTOR('',#15540,1.0);
#12861=COLOUR_RGB('',0.313725501298904,0.313725501298904,0.313725501298904);
#12862=AXIS2_PLACEMENT_3D('',#15541,#15542,#15543);
#12863=COLOUR_RGB('',0.313725501298904,0.313725501298904,0.313725501298904);
#12864=CARTESIAN_POINT('',(4.4,0.391287949908401,0.0));
#12865=AXIS2_PLACEMENT_3D('',#15544,#15545,#15546);
#12866=CARTESIAN_POINT('',(4.4,0.0,0.0));
#12867=CARTESIAN_POINT('',(4.3999999999999,-6.13860164424137,0.0));
#12868=VECTOR('',#15547,1.0);
#12869=CARTESIAN_POINT('',(2.2,0.0,0.0));
#12870=VECTOR('',#15548,1.0);
#12871=CARTESIAN_POINT('',(4.4,-6.13860164424137,0.0));
#12872=VECTOR('',#15549,1.0);
#12873=COLOUR_RGB('',0.313725501298904,0.313725501298904,0.313725501298904);
#12874=CARTESIAN_POINT('',(4.4,0.391287949908401,0.200000000000003));
#12875=CARTESIAN_POINT('',(4.4,0.391287949908401,0.0));
#12876=VECTOR('',#15550,1.0);
#12877=CARTESIAN_POINT('',(4.4,0.0,0.200000000000003));
#12878=CARTESIAN_POINT('',(4.4,0.0,0.200000000000003));
#12879=VECTOR('',#15551,1.0);
#12880=CARTESIAN_POINT('',(4.4,0.0,0.0));
#12881=VECTOR('',#15552,1.0);
#12882=COLOUR_RGB('',0.313725501298904,0.313725501298904,0.313725501298904);
#12883=CARTESIAN_POINT('',(4.4,2.40871205009159,0.200000000000003));
#12884=VECTOR('',#15553,1.0);
#12885=COLOUR_RGB('',0.313725501298904,0.313725501298904,0.313725501298904);
#12886=AXIS2_PLACEMENT_3D('',#15554,#15555,#15556);
#12887=COLOUR_RGB('',0.313725501298904,0.313725501298904,0.313725501298904);
#12888=CARTESIAN_POINT('',(5.7,0.0,0.200000000000003));
#12889=CARTESIAN_POINT('',(-11.5971953775145,0.0,0.200000000000003));
#12890=VECTOR('',#15557,1.0);
#12891=CARTESIAN_POINT('',(5.7,0.0,0.0));
#12892=CARTESIAN_POINT('',(5.7,0.0,0.0));
#12893=VECTOR('',#15558,1.0);
#12894=CARTESIAN_POINT('',(6.7,0.0,0.0));
#12895=CARTESIAN_POINT('',(2.2,0.0,0.0));
#12896=VECTOR('',#15559,1.0);
#12897=CARTESIAN_POINT('',(6.7,0.0,2.0));
#12898=CARTESIAN_POINT('',(6.7,0.0,0.0));
#12899=VECTOR('',#15560,1.0);
#12900=CARTESIAN_POINT('',(5.7,0.0,2.0));
#12901=CARTESIAN_POINT('',(2.2,0.0,2.0));
#12902=VECTOR('',#15561,1.0);
#12903=CARTESIAN_POINT('',(5.7,0.0,2.0));
#12904=VECTOR('',#15562,1.0);
#12905=COLOUR_RGB('',0.313725501298904,0.313725501298904,0.313725501298904);
#12906=CARTESIAN_POINT('',(2.2000000000001,2.40871205009159,2.0));
#12907=VECTOR('',#15563,1.0);
#12908=COLOUR_RGB('',0.313725501298904,0.313725501298904,0.313725501298904);
#12909=CARTESIAN_POINT('',(5.7000000000001,2.79999999999999,0.200000000000003));
#12910=VECTOR('',#15564,1.0);
#12911=CARTESIAN_POINT('',(5.7000000000001,0.391287949908401,0.200000000000003));
#12912=AXIS2_PLACEMENT_3D('',#15565,#15566,#15567);
#12913=CARTESIAN_POINT('',(5.7000000000001,0.391287949908401,0.200000000000003));
#12914=VECTOR('',#15568,1.0);
#12915=AXIS2_PLACEMENT_3D('',#15569,#15570,#15571);
#12916=COLOUR_RGB('',0.313725501298904,0.313725501298904,0.313725501298904);
#12917=CARTESIAN_POINT('',(-11.5971953775145,2.59999999999999,0.200000000000003));
#12918=VECTOR('',#15572,1.0);
#12919=COLOUR_RGB('',0.313725501298904,0.313725501298904,0.313725501298904);
#12920=COLOUR_RGB('',0.313725501298904,0.313725501298904,0.313725501298904);
#12921=COLOUR_RGB('',0.313725501298904,0.313725501298904,0.313725501298904);
#12922=COLOUR_RGB('',0.313725501298904,0.313725501298904,0.313725501298904);
#12923=CARTESIAN_POINT('',(5.7000000000001,2.40871205009159,2.0));
#12924=AXIS2_PLACEMENT_3D('',#15573,#15574,#15575);
#12925=CARTESIAN_POINT('',(5.7000000000001,2.40871205009159,2.0));
#12926=VECTOR('',#15576,1.0);
#12927=COLOUR_RGB('',0.313725501298904,0.313725501298904,0.313725501298904);
#12928=CARTESIAN_POINT('',(5.7000000000001,0.391287949908401,0.0));
#12929=CARTESIAN_POINT('',(5.7000000000001,0.391287949908401,0.0));
#12930=VECTOR('',#15577,1.0);
#12931=CARTESIAN_POINT('',(5.6999999999999,-6.13860164424137,0.0));
#12932=VECTOR('',#15578,1.0);
#12933=COLOUR_RGB('',0.313725501298904,0.313725501298904,0.313725501298904);
#12934=CARTESIAN_POINT('',(6.7,0.2,0.0));
#12935=VECTOR('',#15579,1.0);
#12936=AXIS2_PLACEMENT_3D('',#15580,#15581,#15582);
#12937=CARTESIAN_POINT('',(5.7000000000001,-6.13860164424137,0.0));
#12938=VECTOR('',#15583,1.0);
#12939=COLOUR_RGB('',0.313725501298904,0.313725501298904,0.313725501298904);
#12940=CARTESIAN_POINT('',(6.7,0.2,2.0));
#12941=VECTOR('',#15584,1.0);
#12942=CARTESIAN_POINT('',(6.7,0.2,0.200000000000003));
#12943=CARTESIAN_POINT('',(6.7,0.2,1.8));
#12944=CARTESIAN_POINT('',(6.7,0.2,0.0));
#12945=VECTOR('',#15585,1.0);
#12946=CARTESIAN_POINT('',(6.7,2.59999999999999,1.8));
#12947=CARTESIAN_POINT('',(6.7,0.2,1.8));
#12948=VECTOR('',#15586,1.0);
#12949=CARTESIAN_POINT('',(6.7,2.59999999999999,0.200000000000003));
#12950=CARTESIAN_POINT('',(6.7,2.59999999999999,0.0));
#12951=VECTOR('',#15587,1.0);
#12952=CARTESIAN_POINT('',(6.7,0.2,0.200000000000003));
#12953=VECTOR('',#15588,1.0);
#12954=COLOUR_RGB('',0.313725501298904,0.313725501298904,0.313725501298904);
#12955=CARTESIAN_POINT('',(6.9,0.2,1.8));
#12956=CARTESIAN_POINT('',(-11.5971953775145,0.2,1.8));
#12957=VECTOR('',#15589,1.0);
#12958=CARTESIAN_POINT('',(6.9,2.59999999999999,1.8));
#12959=CARTESIAN_POINT('',(6.9,2.59999999999999,1.8));
#12960=VECTOR('',#15590,1.0);
#12961=CARTESIAN_POINT('',(-11.5971953775145,2.59999999999999,1.8));
#12962=VECTOR('',#15591,1.0);
#12963=COLOUR_RGB('',0.313725501298904,0.313725501298904,0.313725501298904);
#12964=CARTESIAN_POINT('',(6.9,0.2,0.200000000000003));
#12965=CARTESIAN_POINT('',(-11.5971953775145,0.2,0.200000000000003));
#12966=VECTOR('',#15592,1.0);
#12967=CARTESIAN_POINT('',(6.9,0.2,0.0));
#12968=VECTOR('',#15593,1.0);
#12969=COLOUR_RGB('',0.313725501298904,0.313725501298904,0.313725501298904);
#12970=CARTESIAN_POINT('',(6.9,2.59999999999999,0.200000000000003));
#12971=CARTESIAN_POINT('',(-11.5971953775145,2.59999999999999,0.200000000000003));
#12972=VECTOR('',#15594,1.0);
#12973=CARTESIAN_POINT('',(6.9,2.59999999999999,0.200000000000003));
#12974=VECTOR('',#15595,1.0);
#12975=COLOUR_RGB('',0.313725501298904,0.313725501298904,0.313725501298904);
#12976=CARTESIAN_POINT('',(6.9,2.79999999999999,0.0));
#12977=CARTESIAN_POINT('',(6.9,2.79999999999999,2.0));
#12978=CARTESIAN_POINT('',(6.9,2.79999999999999,0.0));
#12979=VECTOR('',#15596,1.0);
#12980=CARTESIAN_POINT('',(6.9,0.0,0.0));
#12981=CARTESIAN_POINT('',(6.9,-6.13860164424137,0.0));
#12982=VECTOR('',#15597,1.0);
#12983=CARTESIAN_POINT('',(6.9,0.0,2.0));
#12984=CARTESIAN_POINT('',(6.9,0.0,0.0));
#12985=VECTOR('',#15598,1.0);
#12986=CARTESIAN_POINT('',(6.9,-6.13860164424137,2.0));
#12987=VECTOR('',#15599,1.0);
#12988=CARTESIAN_POINT('',(6.9,2.59999999999999,0.0));
#12989=VECTOR('',#15600,1.0);
#12990=COLOUR_RGB('',0.313725501298904,0.313725501298904,0.313725501298904);
#12991=COLOUR_RGB('',0.313725501298904,0.313725501298904,0.313725501298904);
#12992=CARTESIAN_POINT('',(11.4,2.40871205009159,2.0));
#12993=CARTESIAN_POINT('',(11.4,2.79999999999999,2.0));
#12994=CARTESIAN_POINT('',(11.4,-6.13860164424137,2.0));
#12995=VECTOR('',#15601,1.0);
#12996=CARTESIAN_POINT('',(11.4,2.40871205009159,1.8));
#12997=CARTESIAN_POINT('',(11.4,2.40871205009159,2.0));
#12998=VECTOR('',#15602,1.0);
#12999=CARTESIAN_POINT('',(11.4,2.79999999999999,1.8));
#13000=CARTESIAN_POINT('',(11.4,2.40871205009159,1.8));
#13001=VECTOR('',#15603,1.0);
#13002=CARTESIAN_POINT('',(11.4,2.79999999999999,2.0));
#13003=VECTOR('',#15604,1.0);
#13004=COLOUR_RGB('',0.313725501298904,0.313725501298904,0.313725501298904);
#13005=CARTESIAN_POINT('',(11.4,0.39128794990836,0.0));
#13006=CARTESIAN_POINT('',(11.4,0.391287949908401,0.200000000000003));
#13007=CARTESIAN_POINT('',(11.4,0.391287949908401,0.0));
#13008=VECTOR('',#15605,1.0);
#13009=CARTESIAN_POINT('',(11.4,0.0,0.200000000000003));
#13010=CARTESIAN_POINT('',(11.4,0.0,0.200000000000003));
#13011=VECTOR('',#15606,1.0);
#13012=CARTESIAN_POINT('',(11.4,0.0,0.0));
#13013=CARTESIAN_POINT('',(11.4,0.0,0.0));
#13014=VECTOR('',#15607,1.0);
#13015=CARTESIAN_POINT('',(11.4,-6.13860164424137,0.0));
#13016=VECTOR('',#15608,1.0);
#13017=COLOUR_RGB('',0.313725501298904,0.313725501298904,0.313725501298904);
#13018=CARTESIAN_POINT('',(11.4,2.79999999999999,0.0));
#13019=CARTESIAN_POINT('',(11.4,2.79999999999999,0.200000000000003));
#13020=CARTESIAN_POINT('',(11.4,2.79999999999999,0.0));
#13021=VECTOR('',#15609,1.0);
#13022=CARTESIAN_POINT('',(11.4,2.40871205009159,0.200000000000003));
#13023=VECTOR('',#15610,1.0);
#13024=CARTESIAN_POINT('',(11.4,-6.13860164424137,0.0));
#13025=VECTOR('',#15611,1.0);
#13026=COLOUR_RGB('',0.313725501298904,0.313725501298904,0.313725501298904);
#13027=AXIS2_PLACEMENT_3D('',#15612,#15613,#15614);
#13028=AXIS2_PLACEMENT_3D('',#15615,#15616,#15617);
#13029=COLOUR_RGB('',0.313725501298904,0.313725501298904,0.313725501298904);
#13030=CARTESIAN_POINT('',(10.4,0.0,0.0));
#13031=CARTESIAN_POINT('',(5.7,0.0,0.0));
#13032=VECTOR('',#15618,1.0);
#13033=CARTESIAN_POINT('',(10.4,2.79999999999999,0.0));
#13034=CARTESIAN_POINT('',(10.4,-6.13860164424137,0.0));
#13035=VECTOR('',#15619,1.0);
#13036=CARTESIAN_POINT('',(4.4,2.79999999999999,0.0));
#13037=VECTOR('',#15620,1.0);
#13038=COLOUR_RGB('',0.313725501298904,0.313725501298904,0.313725501298904);
#13039=CARTESIAN_POINT('',(7.9,0.0,2.0));
#13040=CARTESIAN_POINT('',(7.9,-6.13860164424137,2.0));
#13041=VECTOR('',#15621,1.0);
#13042=CARTESIAN_POINT('',(7.9,0.0,1.8));
#13043=CARTESIAN_POINT('',(7.9,0.0,2.0));
#13044=VECTOR('',#15622,1.0);
#13045=CARTESIAN_POINT('',(7.9,0.0,1.8));
#13046=VECTOR('',#15623,1.0);
#13047=COLOUR_RGB('',0.313725501298904,0.313725501298904,0.313725501298904);
#13048=CARTESIAN_POINT('',(7.9,2.40871205009159,2.0));
#13049=AXIS2_PLACEMENT_3D('',#15624,#15625,#15626);
#13050=CARTESIAN_POINT('',(7.9,2.79999999999999,2.0));
#13051=CARTESIAN_POINT('',(7.9,-6.13860164424137,2.0));
#13052=VECTOR('',#15627,1.0);
#13053=CARTESIAN_POINT('',(0.899999999999999,2.79999999999999,2.0));
#13054=VECTOR('',#15628,1.0);
#13055=CARTESIAN_POINT('',(2.2,0.0,2.0));
#13056=VECTOR('',#15629,1.0);
#13057=COLOUR_RGB('',0.313725501298904,0.313725501298904,0.313725501298904);
#13058=CARTESIAN_POINT('',(7.9,2.40871205009159,1.8));
#13059=AXIS2_PLACEMENT_3D('',#15630,#15631,#15632);
#13060=CARTESIAN_POINT('',(7.9,2.40871205009159,2.0));
#13061=VECTOR('',#15633,1.0);
#13062=COLOUR_RGB('',0.313725501298904,0.313725501298904,0.313725501298904);
#13063=CARTESIAN_POINT('',(7.9,2.79999999999999,1.8));
#13064=CARTESIAN_POINT('',(7.9,2.40871205009159,1.8));
#13065=VECTOR('',#15634,1.0);
#13066=CARTESIAN_POINT('',(7.9,2.79999999999999,2.0));
#13067=VECTOR('',#15635,1.0);
#13068=COLOUR_RGB('',0.313725501298904,0.313725501298904,0.313725501298904);
#13069=CARTESIAN_POINT('',(7.9,2.79999999999999,0.0));
#13070=CARTESIAN_POINT('',(7.9,2.79999999999999,0.200000000000003));
#13071=CARTESIAN_POINT('',(7.9,2.79999999999999,0.0));
#13072=VECTOR('',#15636,1.0);
#13073=CARTESIAN_POINT('',(7.9,2.40871205009159,0.200000000000003));
#13074=VECTOR('',#15637,1.0);
#13075=CARTESIAN_POINT('',(7.9,-6.13860164424137,0.0));
#13076=VECTOR('',#15638,1.0);
#13077=COLOUR_RGB('',0.313725501298904,0.313725501298904,0.313725501298904);
#13078=CARTESIAN_POINT('',(7.9,0.0,0.0));
#13079=CARTESIAN_POINT('',(7.9,0.39128794990836,0.0));
#13080=CARTESIAN_POINT('',(7.9,-6.13860164424137,0.0));
#13081=VECTOR('',#15639,1.0);
#13082=CARTESIAN_POINT('',(2.2,0.0,0.0));
#13083=VECTOR('',#15640,1.0);
#13084=CARTESIAN_POINT('',(0.899999999999999,2.79999999999999,0.0));
#13085=VECTOR('',#15641,1.0);
#13086=AXIS2_PLACEMENT_3D('',#15642,#15643,#15644);
#13087=COLOUR_RGB('',0.313725501298904,0.313725501298904,0.313725501298904);
#13088=CARTESIAN_POINT('',(7.9,0.391287949908401,0.200000000000003));
#13089=AXIS2_PLACEMENT_3D('',#15645,#15646,#15647);
#13090=CARTESIAN_POINT('',(7.9,0.391287949908401,0.0));
#13091=VECTOR('',#15648,1.0);
#13092=COLOUR_RGB('',0.313725501298904,0.313725501298904,0.313725501298904);
#13093=CARTESIAN_POINT('',(7.9,0.0,0.200000000000003));
#13094=CARTESIAN_POINT('',(7.9,0.0,0.200000000000003));
#13095=VECTOR('',#15649,1.0);
#13096=CARTESIAN_POINT('',(7.9,0.0,0.0));
#13097=VECTOR('',#15650,1.0);
#13098=COLOUR_RGB('',0.313725501298904,0.313725501298904,0.313725501298904);
#13099=CARTESIAN_POINT('',(5.7000000000001,-6.13860164424137,2.0));
#13100=VECTOR('',#15651,1.0);
#13101=COLOUR_RGB('',0.313725501298904,0.313725501298904,0.313725501298904);
#13102=CARTESIAN_POINT('',(5.6999999999999,-6.13860164424137,2.0));
#13103=VECTOR('',#15652,1.0);
#13104=COLOUR_RGB('',0.313725501298904,0.313725501298904,0.313725501298904);
#13105=COLOUR_RGB('',0.313725501298904,0.313725501298904,0.313725501298904);
#13106=COLOUR_RGB('',0.313725501298904,0.313725501298904,0.313725501298904);
#13107=COLOUR_RGB('',0.313725501298904,0.313725501298904,0.313725501298904);
#13108=CARTESIAN_POINT('',(9.2000000000001,2.79999999999999,0.200000000000003));
#13109=CARTESIAN_POINT('',(-8.0971953775145,2.79999999999999,0.200000000000003));
#13110=VECTOR('',#15653,1.0);
#13111=CARTESIAN_POINT('',(9.2000000000001,2.79999999999999,0.200000000000003));
#13112=VECTOR('',#15654,1.0);
#13113=CARTESIAN_POINT('',(9.2000000000001,0.391287949908401,0.200000000000003));
#13114=AXIS2_PLACEMENT_3D('',#15655,#15656,#15657);
#13115=CARTESIAN_POINT('',(9.2,0.0,0.200000000000003));
#13116=CARTESIAN_POINT('',(9.2000000000001,0.391287949908401,0.200000000000003));
#13117=VECTOR('',#15658,1.0);
#13118=CARTESIAN_POINT('',(-8.0971953775145,0.0,0.200000000000003));
#13119=VECTOR('',#15659,1.0);
#13120=CARTESIAN_POINT('',(9.05,1.4,0.200000000000003));
#13121=CARTESIAN_POINT('',(8.05,1.4,0.200000000000003));
#13122=AXIS2_PLACEMENT_3D('',#15660,#15661,#15662);
#13123=AXIS2_PLACEMENT_3D('',#15663,#15664,#15665);
#13124=COLOUR_RGB('',0.313725501298904,0.313725501298904,0.313725501298904);
#13125=CARTESIAN_POINT('',(9.2000000000001,2.79999999999999,1.8));
#13126=CARTESIAN_POINT('',(-8.0971953775145,2.79999999999999,1.8));
#13127=VECTOR('',#15666,1.0);
#13128=CARTESIAN_POINT('',(9.2,0.0,1.8));
#13129=CARTESIAN_POINT('',(-8.0971953775145,0.0,1.8));
#13130=VECTOR('',#15667,1.0);
#13131=CARTESIAN_POINT('',(9.2000000000001,0.391287949908401,1.8));
#13132=VECTOR('',#15668,1.0);
#13133=CARTESIAN_POINT('',(9.2000000000001,2.40871205009159,1.8));
#13134=AXIS2_PLACEMENT_3D('',#15669,#15670,#15671);
#13135=CARTESIAN_POINT('',(9.2000000000001,2.79999999999999,1.8));
#13136=VECTOR('',#15672,1.0);
#13137=CARTESIAN_POINT('',(9.05,1.4,1.8));
#13138=CARTESIAN_POINT('',(8.05,1.4,1.8));
#13139=AXIS2_PLACEMENT_3D('',#15673,#15674,#15675);
#13140=AXIS2_PLACEMENT_3D('',#15676,#15677,#15678);
#13141=COLOUR_RGB('',0.313725501298904,0.313725501298904,0.313725501298904);
#13142=CARTESIAN_POINT('',(9.05,1.4,0.0));
#13143=VECTOR('',#15679,1.0);
#13144=CARTESIAN_POINT('',(8.05,1.4,0.0));
#13145=VECTOR('',#15680,1.0);
#13146=COLOUR_RGB('',0.313725501298904,0.313725501298904,0.313725501298904);
#13147=CARTESIAN_POINT('',(9.2,0.0,0.0));
#13148=CARTESIAN_POINT('',(9.2,0.0,0.0));
#13149=VECTOR('',#15681,1.0);
#13150=CARTESIAN_POINT('',(10.2,0.0,0.0));
#13151=CARTESIAN_POINT('',(5.7,0.0,0.0));
#13152=VECTOR('',#15682,1.0);
#13153=CARTESIAN_POINT('',(10.2,0.0,2.0));
#13154=CARTESIAN_POINT('',(10.2,0.0,0.0));
#13155=VECTOR('',#15683,1.0);
#13156=CARTESIAN_POINT('',(9.2,0.0,2.0));
#13157=CARTESIAN_POINT('',(5.7,0.0,2.0));
#13158=VECTOR('',#15684,1.0);
#13159=CARTESIAN_POINT('',(9.2,0.0,2.0));
#13160=VECTOR('',#15685,1.0);
#13161=COLOUR_RGB('',0.313725501298904,0.313725501298904,0.313725501298904);
#13162=CARTESIAN_POINT('',(9.2000000000001,2.79999999999999,2.0));
#13163=CARTESIAN_POINT('',(9.2000000000001,2.40871205009159,2.0));
#13164=CARTESIAN_POINT('',(9.2000000000001,-6.13860164424137,2.0));
#13165=VECTOR('',#15686,1.0);
#13166=CARTESIAN_POINT('',(9.2000000000001,2.79999999999999,2.0));
#13167=VECTOR('',#15687,1.0);
#13168=CARTESIAN_POINT('',(9.2000000000001,2.40871205009159,2.0));
#13169=VECTOR('',#15688,1.0);
#13170=COLOUR_RGB('',0.313725501298904,0.313725501298904,0.313725501298904);
#13171=CARTESIAN_POINT('',(10.2,2.79999999999999,2.0));
#13172=CARTESIAN_POINT('',(4.4,2.79999999999999,2.0));
#13173=VECTOR('',#15689,1.0);
#13174=AXIS2_PLACEMENT_3D('',#15690,#15691,#15692);
#13175=CARTESIAN_POINT('',(9.1999999999999,-6.13860164424137,2.0));
#13176=VECTOR('',#15693,1.0);
#13177=CARTESIAN_POINT('',(10.2,0.2,2.0));
#13178=VECTOR('',#15694,1.0);
#13179=COLOUR_RGB('',0.313725501298904,0.313725501298904,0.313725501298904);
#13180=COLOUR_RGB('',0.313725501298904,0.313725501298904,0.313725501298904);
#13181=COLOUR_RGB('',0.313725501298904,0.313725501298904,0.313725501298904);
#13182=CARTESIAN_POINT('',(9.2000000000001,0.391287949908401,0.0));
#13183=CARTESIAN_POINT('',(9.2000000000001,0.391287949908401,0.0));
#13184=VECTOR('',#15695,1.0);
#13185=CARTESIAN_POINT('',(9.1999999999999,-6.13860164424137,0.0));
#13186=VECTOR('',#15696,1.0);
#13187=COLOUR_RGB('',0.313725501298904,0.313725501298904,0.313725501298904);
#13188=AXIS2_PLACEMENT_3D('',#15697,#15698,#15699);
#13189=COLOUR_RGB('',0.313725501298904,0.313725501298904,0.313725501298904);
#13190=CARTESIAN_POINT('',(9.2000000000001,2.79999999999999,0.0));
#13191=CARTESIAN_POINT('',(9.2000000000001,2.79999999999999,0.0));
#13192=VECTOR('',#15700,1.0);
#13193=CARTESIAN_POINT('',(9.2000000000001,-6.13860164424137,0.0));
#13194=VECTOR('',#15701,1.0);
#13195=COLOUR_RGB('',0.313725501298904,0.313725501298904,0.313725501298904);
#13196=CARTESIAN_POINT('',(10.2,2.79999999999999,0.0));
#13197=CARTESIAN_POINT('',(4.4,2.79999999999999,0.0));
#13198=VECTOR('',#15702,1.0);
#13199=CARTESIAN_POINT('',(10.2,2.79999999999999,0.0));
#13200=VECTOR('',#15703,1.0);
#13201=COLOUR_RGB('',0.313725501298904,0.313725501298904,0.313725501298904);
#13202=CARTESIAN_POINT('',(10.2,0.2,0.0));
#13203=VECTOR('',#15704,1.0);
#13204=COLOUR_RGB('',0.313725501298904,0.313725501298904,0.313725501298904);
#13205=CARTESIAN_POINT('',(10.2,0.2,0.200000000000003));
#13206=CARTESIAN_POINT('',(10.2,0.2,1.8));
#13207=CARTESIAN_POINT('',(10.2,0.2,0.0));
#13208=VECTOR('',#15705,1.0);
#13209=CARTESIAN_POINT('',(10.2,2.59999999999999,1.8));
#13210=CARTESIAN_POINT('',(10.2,0.2,1.8));
#13211=VECTOR('',#15706,1.0);
#13212=CARTESIAN_POINT('',(10.2,2.59999999999999,0.200000000000003));
#13213=CARTESIAN_POINT('',(10.2,2.59999999999999,0.0));
#13214=VECTOR('',#15707,1.0);
#13215=CARTESIAN_POINT('',(10.2,0.2,0.200000000000003));
#13216=VECTOR('',#15708,1.0);
#13217=COLOUR_RGB('',0.313725501298904,0.313725501298904,0.313725501298904);
#13218=CARTESIAN_POINT('',(10.4,0.2,1.8));
#13219=CARTESIAN_POINT('',(-8.0971953775145,0.2,1.8));
#13220=VECTOR('',#15709,1.0);
#13221=CARTESIAN_POINT('',(10.4,2.59999999999999,1.8));
#13222=CARTESIAN_POINT('',(10.4,2.59999999999999,1.8));
#13223=VECTOR('',#15710,1.0);
#13224=CARTESIAN_POINT('',(-8.0971953775145,2.59999999999999,1.8));
#13225=VECTOR('',#15711,1.0);
#13226=COLOUR_RGB('',0.313725501298904,0.313725501298904,0.313725501298904);
#13227=CARTESIAN_POINT('',(10.4,0.2,0.200000000000003));
#13228=CARTESIAN_POINT('',(-8.0971953775145,0.2,0.200000000000003));
#13229=VECTOR('',#15712,1.0);
#13230=CARTESIAN_POINT('',(10.4,0.2,0.0));
#13231=VECTOR('',#15713,1.0);
#13232=COLOUR_RGB('',0.313725501298904,0.313725501298904,0.313725501298904);
#13233=CARTESIAN_POINT('',(10.4,2.59999999999999,0.200000000000003));
#13234=CARTESIAN_POINT('',(-8.0971953775145,2.59999999999999,0.200000000000003));
#13235=VECTOR('',#15714,1.0);
#13236=CARTESIAN_POINT('',(10.4,2.59999999999999,0.200000000000003));
#13237=VECTOR('',#15715,1.0);
#13238=COLOUR_RGB('',0.313725501298904,0.313725501298904,0.313725501298904);
#13239=CARTESIAN_POINT('',(10.4,2.79999999999999,2.0));
#13240=CARTESIAN_POINT('',(10.4,2.79999999999999,0.0));
#13241=VECTOR('',#15716,1.0);
#13242=CARTESIAN_POINT('',(10.4,0.0,2.0));
#13243=CARTESIAN_POINT('',(10.4,0.0,0.0));
#13244=VECTOR('',#15717,1.0);
#13245=CARTESIAN_POINT('',(10.4,-6.13860164424137,2.0));
#13246=VECTOR('',#15718,1.0);
#13247=CARTESIAN_POINT('',(10.4,2.59999999999999,0.0));
#13248=VECTOR('',#15719,1.0);
#13249=COLOUR_RGB('',0.313725501298904,0.313725501298904,0.313725501298904);
#13250=COLOUR_RGB('',0.313725501298904,0.313725501298904,0.313725501298904);
#13251=CARTESIAN_POINT('',(13.7,0.0,0.0));
#13252=CARTESIAN_POINT('',(13.7,2.79999999999999,0.0));
#13253=CARTESIAN_POINT('',(13.7,-6.13860164424137,0.0));
#13254=VECTOR('',#15720,1.0);
#13255=CARTESIAN_POINT('',(12.7,0.0,0.0));
#13256=CARTESIAN_POINT('',(5.7,0.0,0.0));
#13257=VECTOR('',#15721,1.0);
#13258=CARTESIAN_POINT('',(12.7,0.391287949908401,0.0));
#13259=CARTESIAN_POINT('',(12.7,-6.13860164424137,0.0));
#13260=VECTOR('',#15722,1.0);
#13261=AXIS2_PLACEMENT_3D('',#15723,#15724,#15725);
#13262=CARTESIAN_POINT('',(12.7,2.79999999999999,0.0));
#13263=CARTESIAN_POINT('',(12.7,-6.13860164424137,0.0));
#13264=VECTOR('',#15726,1.0);
#13265=CARTESIAN_POINT('',(4.4,2.79999999999999,0.0));
#13266=VECTOR('',#15727,1.0);
#13267=COLOUR_RGB('',0.313725501298904,0.313725501298904,0.313725501298904);
#13268=CARTESIAN_POINT('',(12.7,0.0,0.200000000000003));
#13269=CARTESIAN_POINT('',(-8.0971953775145,0.0,0.200000000000003));
#13270=VECTOR('',#15728,1.0);
#13271=CARTESIAN_POINT('',(12.7,0.0,0.0));
#13272=VECTOR('',#15729,1.0);
#13273=CARTESIAN_POINT('',(13.7,0.0,2.0));
#13274=CARTESIAN_POINT('',(13.7,0.0,0.0));
#13275=VECTOR('',#15730,1.0);
#13276=CARTESIAN_POINT('',(12.7,0.0,2.0));
#13277=CARTESIAN_POINT('',(5.7,0.0,2.0));
#13278=VECTOR('',#15731,1.0);
#13279=CARTESIAN_POINT('',(12.7,0.0,1.8));
#13280=CARTESIAN_POINT('',(12.7,0.0,2.0));
#13281=VECTOR('',#15732,1.0);
#13282=CARTESIAN_POINT('',(11.4,0.0,1.8));
#13283=CARTESIAN_POINT('',(-8.0971953775145,0.0,1.8));
#13284=VECTOR('',#15733,1.0);
#13285=CARTESIAN_POINT('',(11.4,0.0,2.0));
#13286=CARTESIAN_POINT('',(11.4,0.0,2.0));
#13287=VECTOR('',#15734,1.0);
#13288=CARTESIAN_POINT('',(5.7,0.0,2.0));
#13289=VECTOR('',#15735,1.0);
#13290=COLOUR_RGB('',0.313725501298904,0.313725501298904,0.313725501298904);
#13291=CARTESIAN_POINT('',(16.2000000000001,2.40871205009159,2.0));
#13292=AXIS2_PLACEMENT_3D('',#15736,#15737,#15738);
#13293=CARTESIAN_POINT('',(16.2000000000001,2.40871205009159,1.8));
#13294=CARTESIAN_POINT('',(16.2000000000001,2.40871205009159,2.0));
#13295=VECTOR('',#15739,1.0);
#13296=AXIS2_PLACEMENT_3D('',#15740,#15741,#15742);
#13297=COLOUR_RGB('',0.313725501298904,0.313725501298904,0.313725501298904);
#13298=CARTESIAN_POINT('',(12.55,1.4,1.8));
#13299=CARTESIAN_POINT('',(11.55,1.4,1.8));
#13300=AXIS2_PLACEMENT_3D('',#15743,#15744,#15745);
#13301=CARTESIAN_POINT('',(12.55,1.4,0.200000000000003));
#13302=CARTESIAN_POINT('',(12.55,1.4,0.0));
#13303=VECTOR('',#15746,1.0);
#13304=CARTESIAN_POINT('',(11.55,1.4,0.200000000000003));
#13305=AXIS2_PLACEMENT_3D('',#15747,#15748,#15749);
#13306=CARTESIAN_POINT('',(11.55,1.4,0.0));
#13307=VECTOR('',#15750,1.0);
#13308=COLOUR_RGB('',0.313725501298904,0.313725501298904,0.313725501298904);
#13309=CARTESIAN_POINT('',(12.7,2.79999999999999,1.8));
#13310=CARTESIAN_POINT('',(-8.0971953775145,2.79999999999999,1.8));
#13311=VECTOR('',#15751,1.0);
#13312=AXIS2_PLACEMENT_3D('',#15752,#15753,#15754);
#13313=CARTESIAN_POINT('',(11.4,0.0,1.8));
#13314=VECTOR('',#15755,1.0);
#13315=CARTESIAN_POINT('',(12.7,0.391287949908401,1.8));
#13316=VECTOR('',#15756,1.0);
#13317=CARTESIAN_POINT('',(12.7,2.40871205009159,1.8));
#13318=AXIS2_PLACEMENT_3D('',#15757,#15758,#15759);
#13319=CARTESIAN_POINT('',(12.7,2.79999999999999,1.8));
#13320=VECTOR('',#15760,1.0);
#13321=AXIS2_PLACEMENT_3D('',#15761,#15762,#15763);
#13322=COLOUR_RGB('',0.313725501298904,0.313725501298904,0.313725501298904);
#13323=CARTESIAN_POINT('',(11.4,-6.13860164424137,2.0));
#13324=VECTOR('',#15764,1.0);
#13325=COLOUR_RGB('',0.313725501298904,0.313725501298904,0.313725501298904);
#13326=AXIS2_PLACEMENT_3D('',#15765,#15766,#15767);
#13327=CARTESIAN_POINT('',(4.4,2.79999999999999,2.0));
#13328=VECTOR('',#15768,1.0);
#13329=COLOUR_RGB('',0.313725501298904,0.313725501298904,0.313725501298904);
#13330=COLOUR_RGB('',0.313725501298904,0.313725501298904,0.313725501298904);
#13331=CARTESIAN_POINT('',(12.7,2.79999999999999,0.200000000000003));
#13332=CARTESIAN_POINT('',(-8.0971953775145,2.79999999999999,0.200000000000003));
#13333=VECTOR('',#15769,1.0);
#13334=CARTESIAN_POINT('',(12.7,2.79999999999999,0.200000000000003));
#13335=VECTOR('',#15770,1.0);
#13336=CARTESIAN_POINT('',(12.7,0.391287949908401,0.200000000000003));
#13337=AXIS2_PLACEMENT_3D('',#15771,#15772,#15773);
#13338=CARTESIAN_POINT('',(12.7,0.391287949908401,0.200000000000003));
#13339=VECTOR('',#15774,1.0);
#13340=AXIS2_PLACEMENT_3D('',#15775,#15776,#15777);
#13341=COLOUR_RGB('',0.313725501298904,0.313725501298904,0.313725501298904);
#13342=CARTESIAN_POINT('',(13.9,2.59999999999999,0.200000000000003));
#13343=CARTESIAN_POINT('',(13.7,2.59999999999999,0.200000000000003));
#13344=CARTESIAN_POINT('',(-8.0971953775145,2.59999999999999,0.200000000000003));
#13345=VECTOR('',#15778,1.0);
#13346=CARTESIAN_POINT('',(13.7,2.59999999999999,1.8));
#13347=CARTESIAN_POINT('',(13.7,2.59999999999999,0.0));
#13348=VECTOR('',#15779,1.0);
#13349=CARTESIAN_POINT('',(13.9,2.59999999999999,1.8));
#13350=CARTESIAN_POINT('',(-8.0971953775145,2.59999999999999,1.8));
#13351=VECTOR('',#15780,1.0);
#13352=CARTESIAN_POINT('',(13.9,2.59999999999999,0.0));
#13353=VECTOR('',#15781,1.0);
#13354=COLOUR_RGB('',0.313725501298904,0.313725501298904,0.313725501298904);
#13355=CARTESIAN_POINT('',(12.7,2.79999999999999,2.0));
#13356=CARTESIAN_POINT('',(13.7,2.79999999999999,2.0));
#13357=CARTESIAN_POINT('',(4.4,2.79999999999999,2.0));
#13358=VECTOR('',#15782,1.0);
#13359=CARTESIAN_POINT('',(12.7,2.40871205009159,2.0));
#13360=CARTESIAN_POINT('',(12.7,-6.13860164424137,2.0));
#13361=VECTOR('',#15783,1.0);
#13362=AXIS2_PLACEMENT_3D('',#15784,#15785,#15786);
#13363=CARTESIAN_POINT('',(12.7,-6.13860164424137,2.0));
#13364=VECTOR('',#15787,1.0);
#13365=CARTESIAN_POINT('',(13.7,-6.13860164424137,2.0));
#13366=VECTOR('',#15788,1.0);
#13367=COLOUR_RGB('',0.313725501298904,0.313725501298904,0.313725501298904);
#13368=COLOUR_RGB('',0.313725501298904,0.313725501298904,0.313725501298904);
#13369=CARTESIAN_POINT('',(12.7,2.79999999999999,2.0));
#13370=VECTOR('',#15789,1.0);
#13371=CARTESIAN_POINT('',(12.7,2.40871205009159,2.0));
#13372=VECTOR('',#15790,1.0);
#13373=COLOUR_RGB('',0.313725501298904,0.313725501298904,0.313725501298904);
#13374=COLOUR_RGB('',0.313725501298904,0.313725501298904,0.313725501298904);
#13375=CARTESIAN_POINT('',(16.2000000000001,2.79999999999999,2.0));
#13376=CARTESIAN_POINT('',(16.2000000000001,-6.13860164424137,2.0));
#13377=VECTOR('',#15791,1.0);
#13378=CARTESIAN_POINT('',(16.2000000000001,2.79999999999999,1.8));
#13379=CARTESIAN_POINT('',(16.2000000000001,2.79999999999999,2.0));
#13380=VECTOR('',#15792,1.0);
#13381=CARTESIAN_POINT('',(16.2000000000001,2.79999999999999,1.8));
#13382=VECTOR('',#15793,1.0);
#13383=COLOUR_RGB('',0.313725501298904,0.313725501298904,0.313725501298904);
#13384=CARTESIAN_POINT('',(12.7,0.391287949908401,0.0));
#13385=VECTOR('',#15794,1.0);
#13386=COLOUR_RGB('',0.313725501298904,0.313725501298904,0.313725501298904);
#13387=CARTESIAN_POINT('',(12.7,2.79999999999999,0.0));
#13388=VECTOR('',#15795,1.0);
#13389=COLOUR_RGB('',0.313725501298904,0.313725501298904,0.313725501298904);
#13390=COLOUR_RGB('',0.313725501298904,0.313725501298904,0.313725501298904);
#13391=CARTESIAN_POINT('',(16.2,0.0,2.0));
#13392=CARTESIAN_POINT('',(16.1999999999999,-6.13860164424137,2.0));
#13393=VECTOR('',#15796,1.0);
#13394=CARTESIAN_POINT('',(16.2,0.0,1.8));
#13395=CARTESIAN_POINT('',(16.2000000000001,0.391287949908401,1.8));
#13396=VECTOR('',#15797,1.0);
#13397=CARTESIAN_POINT('',(16.2,0.0,2.0));
#13398=VECTOR('',#15798,1.0);
#13399=COLOUR_RGB('',0.313725501298904,0.313725501298904,0.313725501298904);
#13400=CARTESIAN_POINT('',(13.7,2.79999999999999,0.0));
#13401=VECTOR('',#15799,1.0);
#13402=COLOUR_RGB('',0.313725501298904,0.313725501298904,0.313725501298904);
#13403=CARTESIAN_POINT('',(13.7,0.2,0.200000000000003));
#13404=CARTESIAN_POINT('',(13.7,0.2,1.8));
#13405=CARTESIAN_POINT('',(13.7,0.2,0.0));
#13406=VECTOR('',#15800,1.0);
#13407=CARTESIAN_POINT('',(13.7,0.2,1.8));
#13408=VECTOR('',#15801,1.0);
#13409=CARTESIAN_POINT('',(13.7,0.2,0.200000000000003));
#13410=VECTOR('',#15802,1.0);
#13411=COLOUR_RGB('',0.313725501298904,0.313725501298904,0.313725501298904);
#13412=CARTESIAN_POINT('',(13.9,0.2,1.8));
#13413=CARTESIAN_POINT('',(-8.0971953775145,0.2,1.8));
#13414=VECTOR('',#15803,1.0);
#13415=CARTESIAN_POINT('',(13.9,2.59999999999999,1.8));
#13416=VECTOR('',#15804,1.0);
#13417=COLOUR_RGB('',0.313725501298904,0.313725501298904,0.313725501298904);
#13418=CARTESIAN_POINT('',(13.9,0.2,0.200000000000003));
#13419=CARTESIAN_POINT('',(-8.0971953775145,0.2,0.200000000000003));
#13420=VECTOR('',#15805,1.0);
#13421=CARTESIAN_POINT('',(13.9,0.2,0.0));
#13422=VECTOR('',#15806,1.0);
#13423=COLOUR_RGB('',0.313725501298904,0.313725501298904,0.313725501298904);
#13424=CARTESIAN_POINT('',(13.9,2.59999999999999,0.200000000000003));
#13425=VECTOR('',#15807,1.0);
#13426=COLOUR_RGB('',0.313725501298904,0.313725501298904,0.313725501298904);
#13427=CARTESIAN_POINT('',(13.9,0.0,0.0));
#13428=CARTESIAN_POINT('',(13.9,0.0,2.0));
#13429=CARTESIAN_POINT('',(13.9,0.0,0.0));
#13430=VECTOR('',#15808,1.0);
#13431=CARTESIAN_POINT('',(13.9,2.79999999999999,2.0));
#13432=CARTESIAN_POINT('',(13.9,0.0,2.0));
#13433=VECTOR('',#15809,1.0);
#13434=CARTESIAN_POINT('',(13.9,2.79999999999999,0.0));
#13435=CARTESIAN_POINT('',(13.9,2.79999999999999,0.0));
#13436=VECTOR('',#15810,1.0);
#13437=CARTESIAN_POINT('',(13.9,0.0,0.0));
#13438=VECTOR('',#15811,1.0);
#13439=COLOUR_RGB('',0.313725501298904,0.313725501298904,0.313725501298904);
#13440=CARTESIAN_POINT('',(17.2,2.79999999999999,2.0));
#13441=CARTESIAN_POINT('',(14.9,2.79999999999999,2.0));
#13442=VECTOR('',#15812,1.0);
#13443=CARTESIAN_POINT('',(17.2,0.0,2.0));
#13444=CARTESIAN_POINT('',(16.2,0.0,2.0));
#13445=VECTOR('',#15813,1.0);
#13446=CARTESIAN_POINT('',(17.2,2.79999999999999,2.0));
#13447=VECTOR('',#15814,1.0);
#13448=COLOUR_RGB('',0.313725501298904,0.313725501298904,0.313725501298904);
#13449=CARTESIAN_POINT('',(17.2,0.0,0.0));
#13450=CARTESIAN_POINT('',(17.2,0.0,0.0));
#13451=VECTOR('',#15815,1.0);
#13452=CARTESIAN_POINT('',(17.2,2.79999999999999,0.0));
#13453=CARTESIAN_POINT('',(17.2,2.79999999999999,0.0));
#13454=VECTOR('',#15816,1.0);
#13455=CARTESIAN_POINT('',(17.2,2.79999999999999,0.0));
#13456=VECTOR('',#15817,1.0);
#13457=CARTESIAN_POINT('',(17.2,0.2,0.200000000000003));
#13458=CARTESIAN_POINT('',(17.2,0.2,1.8));
#13459=CARTESIAN_POINT('',(17.2,0.2,0.0));
#13460=VECTOR('',#15818,1.0);
#13461=CARTESIAN_POINT('',(17.2,2.59999999999999,1.8));
#13462=CARTESIAN_POINT('',(17.2,0.2,1.8));
#13463=VECTOR('',#15819,1.0);
#13464=CARTESIAN_POINT('',(17.2,2.59999999999999,0.200000000000003));
#13465=CARTESIAN_POINT('',(17.2,2.59999999999999,0.0));
#13466=VECTOR('',#15820,1.0);
#13467=CARTESIAN_POINT('',(17.2,0.2,0.200000000000003));
#13468=VECTOR('',#15821,1.0);
#13469=COLOUR_RGB('',0.313725501298904,0.313725501298904,0.313725501298904);
#13470=CARTESIAN_POINT('',(17.4,0.2,1.8));
#13471=CARTESIAN_POINT('',(2.4028046224855,0.2,1.8));
#13472=VECTOR('',#15822,1.0);
#13473=CARTESIAN_POINT('',(17.4,2.59999999999999,1.8));
#13474=CARTESIAN_POINT('',(17.4,2.59999999999999,1.8));
#13475=VECTOR('',#15823,1.0);
#13476=CARTESIAN_POINT('',(2.4028046224855,2.59999999999999,1.8));
#13477=VECTOR('',#15824,1.0);
#13478=COLOUR_RGB('',0.313725501298904,0.313725501298904,0.313725501298904);
#13479=CARTESIAN_POINT('',(17.4,0.2,0.200000000000003));
#13480=CARTESIAN_POINT('',(2.4028046224855,0.2,0.200000000000003));
#13481=VECTOR('',#15825,1.0);
#13482=CARTESIAN_POINT('',(17.4,0.2,0.0));
#13483=VECTOR('',#15826,1.0);
#13484=COLOUR_RGB('',0.313725501298904,0.313725501298904,0.313725501298904);
#13485=CARTESIAN_POINT('',(17.4,0.0,0.0));
#13486=CARTESIAN_POINT('',(17.4,0.0,2.0));
#13487=CARTESIAN_POINT('',(17.4,0.0,0.0));
#13488=VECTOR('',#15827,1.0);
#13489=CARTESIAN_POINT('',(17.4,2.79999999999999,2.0));
#13490=CARTESIAN_POINT('',(17.4,0.0,2.0));
#13491=VECTOR('',#15828,1.0);
#13492=CARTESIAN_POINT('',(17.4,2.79999999999999,0.0));
#13493=CARTESIAN_POINT('',(17.4,2.79999999999999,0.0));
#13494=VECTOR('',#15829,1.0);
#13495=CARTESIAN_POINT('',(17.4,0.0,0.0));
#13496=VECTOR('',#15830,1.0);
#13497=CARTESIAN_POINT('',(17.4,2.59999999999999,0.200000000000003));
#13498=CARTESIAN_POINT('',(17.4,2.59999999999999,0.200000000000003));
#13499=VECTOR('',#15831,1.0);
#13500=CARTESIAN_POINT('',(17.4,2.59999999999999,0.0));
#13501=VECTOR('',#15832,1.0);
#13502=COLOUR_RGB('',0.313725501298904,0.313725501298904,0.313725501298904);
#13503=CARTESIAN_POINT('',(19.7000000000001,2.79999999999999,2.0));
#13504=CARTESIAN_POINT('',(20.7,2.79999999999999,2.0));
#13505=CARTESIAN_POINT('',(14.9,2.79999999999999,2.0));
#13506=VECTOR('',#15833,1.0);
#13507=CARTESIAN_POINT('',(19.7000000000001,2.40871205009159,2.0));
#13508=CARTESIAN_POINT('',(19.7000000000001,-6.13860164424137,2.0));
#13509=VECTOR('',#15834,1.0);
#13510=AXIS2_PLACEMENT_3D('',#15835,#15836,#15837);
#13511=CARTESIAN_POINT('',(19.7,0.0,2.0));
#13512=CARTESIAN_POINT('',(19.6999999999999,-6.13860164424137,2.0));
#13513=VECTOR('',#15838,1.0);
#13514=CARTESIAN_POINT('',(20.7,0.0,2.0));
#13515=CARTESIAN_POINT('',(16.2,0.0,2.0));
#13516=VECTOR('',#15839,1.0);
#13517=CARTESIAN_POINT('',(20.7,0.2,2.0));
#13518=VECTOR('',#15840,1.0);
#13519=COLOUR_RGB('',0.313725501298904,0.313725501298904,0.313725501298904);
#13520=CARTESIAN_POINT('',(19.7,0.0,1.8));
#13521=CARTESIAN_POINT('',(19.7000000000001,0.391287949908401,1.8));
#13522=VECTOR('',#15841,1.0);
#13523=CARTESIAN_POINT('',(19.7,0.0,2.0));
#13524=VECTOR('',#15842,1.0);
#13525=COLOUR_RGB('',0.313725501298904,0.313725501298904,0.313725501298904);
#13526=CARTESIAN_POINT('',(19.7000000000001,2.79999999999999,1.8));
#13527=CARTESIAN_POINT('',(18.4,2.79999999999999,1.8));
#13528=CARTESIAN_POINT('',(2.4028046224855,2.79999999999999,1.8));
#13529=VECTOR('',#15843,1.0);
#13530=CARTESIAN_POINT('',(18.4,2.40871205009159,1.8));
#13531=CARTESIAN_POINT('',(18.4,2.40871205009159,1.8));
#13532=VECTOR('',#15844,1.0);
#13533=AXIS2_PLACEMENT_3D('',#15845,#15846,#15847);
#13534=CARTESIAN_POINT('',(18.4,0.0,1.8));
#13535=CARTESIAN_POINT('',(18.4,0.0,1.8));
#13536=VECTOR('',#15848,1.0);
#13537=CARTESIAN_POINT('',(2.4028046224855,0.0,1.8));
#13538=VECTOR('',#15849,1.0);
#13539=CARTESIAN_POINT('',(19.7000000000001,2.40871205009159,1.8));
#13540=AXIS2_PLACEMENT_3D('',#15850,#15851,#15852);
#13541=CARTESIAN_POINT('',(19.7000000000001,2.79999999999999,1.8));
#13542=VECTOR('',#15853,1.0);
#13543=CARTESIAN_POINT('',(19.55,1.4,1.8));
#13544=CARTESIAN_POINT('',(18.55,1.4,1.8));
#13545=AXIS2_PLACEMENT_3D('',#15854,#15855,#15856);
#13546=AXIS2_PLACEMENT_3D('',#15857,#15858,#15859);
#13547=COLOUR_RGB('',0.313725501298904,0.313725501298904,0.313725501298904);
#13548=CARTESIAN_POINT('',(18.4,0.0,2.0));
#13549=CARTESIAN_POINT('',(18.3999999999999,-6.13860164424137,2.0));
#13550=VECTOR('',#15860,1.0);
#13551=CARTESIAN_POINT('',(18.4,0.0,2.0));
#13552=VECTOR('',#15861,1.0);
#13553=COLOUR_RGB('',0.313725501298904,0.313725501298904,0.313725501298904);
#13554=CARTESIAN_POINT('',(18.4,2.40871205009159,2.0));
#13555=CARTESIAN_POINT('',(18.4,2.40871205009159,2.0));
#13556=VECTOR('',#15862,1.0);
#13557=AXIS2_PLACEMENT_3D('',#15863,#15864,#15865);
#13558=COLOUR_RGB('',0.313725501298904,0.313725501298904,0.313725501298904);
#13559=CARTESIAN_POINT('',(18.4,2.79999999999999,2.0));
#13560=CARTESIAN_POINT('',(18.4,-6.13860164424137,2.0));
#13561=VECTOR('',#15866,1.0);
#13562=CARTESIAN_POINT('',(18.4,2.79999999999999,2.0));
#13563=VECTOR('',#15867,1.0);
#13564=COLOUR_RGB('',0.313725501298904,0.313725501298904,0.313725501298904);
#13565=CARTESIAN_POINT('',(14.9,2.79999999999999,2.0));
#13566=VECTOR('',#15868,1.0);
#13567=CARTESIAN_POINT('',(16.2,0.0,2.0));
#13568=VECTOR('',#15869,1.0);
#13569=COLOUR_RGB('',0.313725501298904,0.313725501298904,0.313725501298904);
#13570=CARTESIAN_POINT('',(19.55,1.4,0.200000000000003));
#13571=CARTESIAN_POINT('',(19.55,1.4,0.0));
#13572=VECTOR('',#15870,1.0);
#13573=CARTESIAN_POINT('',(18.55,1.4,0.200000000000003));
#13574=AXIS2_PLACEMENT_3D('',#15871,#15872,#15873);
#13575=CARTESIAN_POINT('',(18.55,1.4,0.0));
#13576=VECTOR('',#15874,1.0);
#13577=COLOUR_RGB('',0.313725501298904,0.313725501298904,0.313725501298904);
#13578=CARTESIAN_POINT('',(19.7000000000001,2.79999999999999,0.200000000000003));
#13579=CARTESIAN_POINT('',(19.7000000000001,2.79999999999999,0.200000000000003));
#13580=VECTOR('',#15875,1.0);
#13581=CARTESIAN_POINT('',(19.7000000000001,0.391287949908401,0.200000000000003));
#13582=AXIS2_PLACEMENT_3D('',#15876,#15877,#15878);
#13583=CARTESIAN_POINT('',(19.7,0.0,0.200000000000003));
#13584=CARTESIAN_POINT('',(19.7000000000001,0.391287949908401,0.200000000000003));
#13585=VECTOR('',#15879,1.0);
#13586=CARTESIAN_POINT('',(18.4,0.0,0.200000000000003));
#13587=CARTESIAN_POINT('',(2.4028046224855,0.0,0.200000000000003));
#13588=VECTOR('',#15880,1.0);
#13589=CARTESIAN_POINT('',(18.4,0.391287949908401,0.200000000000003));
#13590=CARTESIAN_POINT('',(18.4,0.0,0.200000000000003));
#13591=VECTOR('',#15881,1.0);
#13592=AXIS2_PLACEMENT_3D('',#15882,#15883,#15884);
#13593=CARTESIAN_POINT('',(18.4,2.79999999999999,0.200000000000003));
#13594=CARTESIAN_POINT('',(18.4,2.40871205009159,0.200000000000003));
#13595=VECTOR('',#15885,1.0);
#13596=CARTESIAN_POINT('',(2.4028046224855,2.79999999999999,0.200000000000003));
#13597=VECTOR('',#15886,1.0);
#13598=AXIS2_PLACEMENT_3D('',#15887,#15888,#15889);
#13599=COLOUR_RGB('',0.313725501298904,0.313725501298904,0.313725501298904);
#13600=CARTESIAN_POINT('',(20.7,2.79999999999999,0.0));
#13601=CARTESIAN_POINT('',(20.7,0.0,0.0));
#13602=CARTESIAN_POINT('',(20.7,0.2,0.0));
#13603=VECTOR('',#15890,1.0);
#13604=CARTESIAN_POINT('',(19.7,0.0,0.0));
#13605=CARTESIAN_POINT('',(16.2,0.0,0.0));
#13606=VECTOR('',#15891,1.0);
#13607=CARTESIAN_POINT('',(19.7000000000001,0.391287949908401,0.0));
#13608=CARTESIAN_POINT('',(19.6999999999999,-6.13860164424137,0.0));
#13609=VECTOR('',#15892,1.0);
#13610=AXIS2_PLACEMENT_3D('',#15893,#15894,#15895);
#13611=CARTESIAN_POINT('',(19.7000000000001,2.79999999999999,0.0));
#13612=CARTESIAN_POINT('',(19.7000000000001,-6.13860164424137,0.0));
#13613=VECTOR('',#15896,1.0);
#13614=CARTESIAN_POINT('',(14.9,2.79999999999999,0.0));
#13615=VECTOR('',#15897,1.0);
#13616=COLOUR_RGB('',0.313725501298904,0.313725501298904,0.313725501298904);
#13617=CARTESIAN_POINT('',(19.7000000000001,2.79999999999999,0.0));
#13618=VECTOR('',#15898,1.0);
#13619=CARTESIAN_POINT('',(18.4,2.79999999999999,0.0));
#13620=CARTESIAN_POINT('',(18.4,2.79999999999999,0.0));
#13621=VECTOR('',#15899,1.0);
#13622=CARTESIAN_POINT('',(14.9,2.79999999999999,0.0));
#13623=VECTOR('',#15900,1.0);
#13624=CARTESIAN_POINT('',(19.7000000000001,2.79999999999999,2.0));
#13625=VECTOR('',#15901,1.0);
#13626=CARTESIAN_POINT('',(20.7,2.79999999999999,0.0));
#13627=VECTOR('',#15902,1.0);
#13628=COLOUR_RGB('',0.313725501298904,0.313725501298904,0.313725501298904);
#13629=CARTESIAN_POINT('',(18.4,0.391287949908401,0.0));
#13630=AXIS2_PLACEMENT_3D('',#15903,#15904,#15905);
#13631=CARTESIAN_POINT('',(18.4,0.0,0.0));
#13632=CARTESIAN_POINT('',(18.3999999999999,-6.13860164424137,0.0));
#13633=VECTOR('',#15906,1.0);
#13634=CARTESIAN_POINT('',(16.2,0.0,0.0));
#13635=VECTOR('',#15907,1.0);
#13636=CARTESIAN_POINT('',(18.4,-6.13860164424137,0.0));
#13637=VECTOR('',#15908,1.0);
#13638=COLOUR_RGB('',0.313725501298904,0.313725501298904,0.313725501298904);
#13639=CARTESIAN_POINT('',(18.4,0.391287949908401,0.0));
#13640=VECTOR('',#15909,1.0);
#13641=CARTESIAN_POINT('',(18.4,0.0,0.0));
#13642=VECTOR('',#15910,1.0);
#13643=COLOUR_RGB('',0.313725501298904,0.313725501298904,0.313725501298904);
#13644=COLOUR_RGB('',0.313725501298904,0.313725501298904,0.313725501298904);
#13645=COLOUR_RGB('',0.313725501298904,0.313725501298904,0.313725501298904);
#13646=CARTESIAN_POINT('',(20.7,0.0,0.0));
#13647=VECTOR('',#15911,1.0);
#13648=CARTESIAN_POINT('',(20.7,0.2,0.200000000000003));
#13649=CARTESIAN_POINT('',(20.7,0.2,1.8));
#13650=CARTESIAN_POINT('',(20.7,0.2,0.0));
#13651=VECTOR('',#15912,1.0);
#13652=CARTESIAN_POINT('',(20.7,2.59999999999999,1.8));
#13653=CARTESIAN_POINT('',(20.7,0.2,1.8));
#13654=VECTOR('',#15913,1.0);
#13655=CARTESIAN_POINT('',(20.7,2.59999999999999,0.200000000000003));
#13656=CARTESIAN_POINT('',(20.7,2.59999999999999,0.0));
#13657=VECTOR('',#15914,1.0);
#13658=CARTESIAN_POINT('',(20.7,0.2,0.200000000000003));
#13659=VECTOR('',#15915,1.0);
#13660=COLOUR_RGB('',0.313725501298904,0.313725501298904,0.313725501298904);
#13661=CARTESIAN_POINT('',(20.9,0.2,1.8));
#13662=CARTESIAN_POINT('',(2.4028046224855,0.2,1.8));
#13663=VECTOR('',#15916,1.0);
#13664=CARTESIAN_POINT('',(20.9,2.59999999999999,1.8));
#13665=CARTESIAN_POINT('',(20.9,2.59999999999999,1.8));
#13666=VECTOR('',#15917,1.0);
#13667=CARTESIAN_POINT('',(2.4028046224855,2.59999999999999,1.8));
#13668=VECTOR('',#15918,1.0);
#13669=COLOUR_RGB('',0.313725501298904,0.313725501298904,0.313725501298904);
#13670=CARTESIAN_POINT('',(20.9,0.2,0.200000000000003));
#13671=CARTESIAN_POINT('',(2.4028046224855,0.2,0.200000000000003));
#13672=VECTOR('',#15919,1.0);
#13673=CARTESIAN_POINT('',(20.9,0.2,0.0));
#13674=VECTOR('',#15920,1.0);
#13675=COLOUR_RGB('',0.313725501298904,0.313725501298904,0.313725501298904);
#13676=CARTESIAN_POINT('',(20.9,2.59999999999999,0.200000000000003));
#13677=CARTESIAN_POINT('',(2.4028046224855,2.59999999999999,0.200000000000003));
#13678=VECTOR('',#15921,1.0);
#13679=CARTESIAN_POINT('',(20.9,2.59999999999999,0.200000000000003));
#13680=VECTOR('',#15922,1.0);
#13681=COLOUR_RGB('',0.313725501298904,0.313725501298904,0.313725501298904);
#13682=CARTESIAN_POINT('',(20.9,2.79999999999999,0.0));
#13683=CARTESIAN_POINT('',(20.9,2.79999999999999,2.0));
#13684=CARTESIAN_POINT('',(20.9,2.79999999999999,0.0));
#13685=VECTOR('',#15923,1.0);
#13686=CARTESIAN_POINT('',(20.9,0.0,0.0));
#13687=CARTESIAN_POINT('',(20.9,-6.13860164424137,0.0));
#13688=VECTOR('',#15924,1.0);
#13689=CARTESIAN_POINT('',(20.9,0.0,2.0));
#13690=CARTESIAN_POINT('',(20.9,0.0,0.0));
#13691=VECTOR('',#15925,1.0);
#13692=CARTESIAN_POINT('',(20.9,-6.13860164424137,2.0));
#13693=VECTOR('',#15926,1.0);
#13694=CARTESIAN_POINT('',(20.9,2.59999999999999,0.0));
#13695=VECTOR('',#15927,1.0);
#13696=COLOUR_RGB('',0.313725501298904,0.313725501298904,0.313725501298904);
#13697=COLOUR_RGB('',0.313725501298904,0.313725501298904,0.313725501298904);
#13698=CARTESIAN_POINT('',(24.2,0.0,0.0));
#13699=CARTESIAN_POINT('',(24.2,0.0,2.0));
#13700=CARTESIAN_POINT('',(24.2,0.0,0.0));
#13701=VECTOR('',#15928,1.0);
#13702=CARTESIAN_POINT('',(24.2,2.79999999999999,0.0));
#13703=CARTESIAN_POINT('',(24.2,-6.13860164424137,0.0));
#13704=VECTOR('',#15929,1.0);
#13705=CARTESIAN_POINT('',(24.2,2.79999999999999,2.0));
#13706=CARTESIAN_POINT('',(24.2,2.79999999999999,0.0));
#13707=VECTOR('',#15930,1.0);
#13708=CARTESIAN_POINT('',(24.2,-6.13860164424137,2.0));
#13709=VECTOR('',#15931,1.0);
#13710=CARTESIAN_POINT('',(24.2,0.2,1.8));
#13711=CARTESIAN_POINT('',(24.2,0.2,0.200000000000003));
#13712=CARTESIAN_POINT('',(24.2,0.2,0.0));
#13713=VECTOR('',#15932,1.0);
#13714=CARTESIAN_POINT('',(24.2,2.59999999999999,1.8));
#13715=CARTESIAN_POINT('',(24.2000000000004,-6.13860164424137,1.8));
#13716=VECTOR('',#15933,1.0);
#13717=CARTESIAN_POINT('',(24.2,2.59999999999999,0.200000000000003));
#13718=CARTESIAN_POINT('',(24.1999999999999,2.59999999999999,0.0));
#13719=VECTOR('',#15934,1.0);
#13720=CARTESIAN_POINT('',(24.2,-6.13860164424137,0.200000000000003));
#13721=VECTOR('',#15935,1.0);
#13722=COLOUR_RGB('',0.313725501298904,0.313725501298904,0.313725501298904);
#13723=CARTESIAN_POINT('',(24.4,0.0,0.0));
#13724=CARTESIAN_POINT('',(24.4,0.0,2.0));
#13725=CARTESIAN_POINT('',(24.4,0.0,0.0));
#13726=VECTOR('',#15936,1.0);
#13727=CARTESIAN_POINT('',(24.4,2.79999999999999,2.0));
#13728=CARTESIAN_POINT('',(24.4,-6.13860164424137,2.0));
#13729=VECTOR('',#15937,1.0);
#13730=CARTESIAN_POINT('',(24.4,2.79999999999999,0.0));
#13731=CARTESIAN_POINT('',(24.4,2.79999999999999,0.0));
#13732=VECTOR('',#15938,1.0);
#13733=CARTESIAN_POINT('',(24.4,-6.13860164424137,0.0));
#13734=VECTOR('',#15939,1.0);
#13735=CARTESIAN_POINT('',(24.4,0.2,1.8));
#13736=CARTESIAN_POINT('',(24.4,0.2,0.200000000000003));
#13737=CARTESIAN_POINT('',(24.4,0.2,0.0));
#13738=VECTOR('',#15940,1.0);
#13739=CARTESIAN_POINT('',(24.4,2.59999999999999,0.200000000000003));
#13740=CARTESIAN_POINT('',(24.4,-6.13860164424137,0.200000000000003));
#13741=VECTOR('',#15941,1.0);
#13742=CARTESIAN_POINT('',(24.4,2.59999999999999,1.8));
#13743=CARTESIAN_POINT('',(24.4,2.59999999999999,0.0));
#13744=VECTOR('',#15942,1.0);
#13745=CARTESIAN_POINT('',(24.4,-6.13860164424137,1.8));
#13746=VECTOR('',#15943,1.0);
#13747=COLOUR_RGB('',0.313725501298904,0.313725501298904,0.313725501298904);
#13748=CARTESIAN_POINT('',(25.4,2.79999999999999,2.0));
#13749=CARTESIAN_POINT('',(25.4,2.40871205009159,2.0));
#13750=CARTESIAN_POINT('',(25.4,-6.13860164424137,2.0));
#13751=VECTOR('',#15944,1.0);
#13752=CARTESIAN_POINT('',(-8.0971953775145,2.79999999999999,2.0));
#13753=VECTOR('',#15945,1.0);
#13754=CARTESIAN_POINT('',(25.4,0.0,2.0));
#13755=CARTESIAN_POINT('',(-8.0971953775145,0.0,2.0));
#13756=VECTOR('',#15946,1.0);
#13757=CARTESIAN_POINT('',(25.3999999999999,-6.13860164424137,2.0));
#13758=VECTOR('',#15947,1.0);
#13759=AXIS2_PLACEMENT_3D('',#15948,#15949,#15950);
#13760=COLOUR_RGB('',0.313725501298904,0.313725501298904,0.313725501298904);
#13761=CARTESIAN_POINT('',(25.4,2.40871205009159,1.8));
#13762=AXIS2_PLACEMENT_3D('',#15951,#15952,#15953);
#13763=CARTESIAN_POINT('',(25.4,2.40871205009159,2.0));
#13764=VECTOR('',#15954,1.0);
#13765=COLOUR_RGB('',0.313725501298904,0.313725501298904,0.313725501298904);
#13766=CARTESIAN_POINT('',(25.4,0.0,1.8));
#13767=CARTESIAN_POINT('',(25.4,0.0,0.0));
#13768=VECTOR('',#15955,1.0);
#13769=CARTESIAN_POINT('',(25.4,-6.13860164424137,1.8));
#13770=VECTOR('',#15956,1.0);
#13771=COLOUR_RGB('',0.313725501298904,0.313725501298904,0.313725501298904);
#13772=CARTESIAN_POINT('',(25.4,2.79999999999999,1.8));
#13773=CARTESIAN_POINT('',(25.4,-6.13860164424137,1.8));
#13774=VECTOR('',#15957,1.0);
#13775=CARTESIAN_POINT('',(25.4,2.79999999999999,0.0));
#13776=VECTOR('',#15958,1.0);
#13777=COLOUR_RGB('',0.313725501298904,0.313725501298904,0.313725501298904);
#13778=CARTESIAN_POINT('',(25.4,0.0,0.0));
#13779=CARTESIAN_POINT('',(-8.0971953775145,0.0,0.0));
#13780=VECTOR('',#15959,1.0);
#13781=CARTESIAN_POINT('',(25.4,0.0,0.200000000000003));
#13782=CARTESIAN_POINT('',(25.4,0.0,0.0));
#13783=VECTOR('',#15960,1.0);
#13784=CARTESIAN_POINT('',(26.7,0.0,0.200000000000003));
#13785=CARTESIAN_POINT('',(9.4028046224855,0.0,0.200000000000003));
#13786=VECTOR('',#15961,1.0);
#13787=CARTESIAN_POINT('',(26.7,0.0,0.0));
#13788=CARTESIAN_POINT('',(26.7,0.0,0.0));
#13789=VECTOR('',#15962,1.0);
#13790=CARTESIAN_POINT('',(27.7,0.0,0.0));
#13791=CARTESIAN_POINT('',(23.2,0.0,0.0));
#13792=VECTOR('',#15963,1.0);
#13793=CARTESIAN_POINT('',(27.7,0.0,2.0));
#13794=CARTESIAN_POINT('',(27.7,0.0,0.0));
#13795=VECTOR('',#15964,1.0);
#13796=CARTESIAN_POINT('',(26.7,0.0,2.0));
#13797=CARTESIAN_POINT('',(23.2,0.0,2.0));
#13798=VECTOR('',#15965,1.0);
#13799=CARTESIAN_POINT('',(26.7,0.0,1.8));
#13800=CARTESIAN_POINT('',(26.7,0.0,2.0));
#13801=VECTOR('',#15966,1.0);
#13802=CARTESIAN_POINT('',(9.4028046224855,0.0,1.8));
#13803=VECTOR('',#15967,1.0);
#13804=COLOUR_RGB('',0.313725501298904,0.313725501298904,0.313725501298904);
#13805=CARTESIAN_POINT('',(25.4,0.39128794990839,0.200000000000003));
#13806=CARTESIAN_POINT('',(25.4,0.39128794990839,0.0));
#13807=CARTESIAN_POINT('',(25.4,0.391287949908401,0.0));
#13808=VECTOR('',#15968,1.0);
#13809=CARTESIAN_POINT('',(25.4,-6.13860164424137,0.200000000000003));
#13810=VECTOR('',#15969,1.0);
#13811=CARTESIAN_POINT('',(25.4,-6.13860164424137,0.0));
#13812=VECTOR('',#15970,1.0);
#13813=COLOUR_RGB('',0.313725501298904,0.313725501298904,0.313725501298904);
#13814=AXIS2_PLACEMENT_3D('',#15971,#15972,#15973);
#13815=AXIS2_PLACEMENT_3D('',#15974,#15975,#15976);
#13816=COLOUR_RGB('',0.313725501298904,0.313725501298904,0.313725501298904);
#13817=CARTESIAN_POINT('',(25.4,2.79999999999999,0.200000000000003));
#13818=CARTESIAN_POINT('',(25.4,2.79999999999999,0.0));
#13819=CARTESIAN_POINT('',(25.4,2.79999999999999,0.0));
#13820=VECTOR('',#15977,1.0);
#13821=CARTESIAN_POINT('',(25.4,-6.13860164424137,0.200000000000003));
#13822=VECTOR('',#15978,1.0);
#13823=CARTESIAN_POINT('',(25.4,-6.13860164424137,0.0));
#13824=VECTOR('',#15979,1.0);
#13825=COLOUR_RGB('',0.313725501298904,0.313725501298904,0.313725501298904);
#13826=CARTESIAN_POINT('',(26.7,0.391287949908401,1.8));
#13827=VECTOR('',#15980,1.0);
#13828=CARTESIAN_POINT('',(26.7,2.40871205009159,1.8));
#13829=AXIS2_PLACEMENT_3D('',#15981,#15982,#15983);
#13830=CARTESIAN_POINT('',(26.7,2.79999999999999,1.8));
#13831=CARTESIAN_POINT('',(26.7,2.79999999999999,1.8));
#13832=VECTOR('',#15984,1.0);
#13833=CARTESIAN_POINT('',(9.4028046224855,2.79999999999999,1.8));
#13834=VECTOR('',#15985,1.0);
#13835=CARTESIAN_POINT('',(25.55,1.4,1.8));
#13836=CARTESIAN_POINT('',(26.55,1.4,1.8));
#13837=AXIS2_PLACEMENT_3D('',#15986,#15987,#15988);
#13838=AXIS2_PLACEMENT_3D('',#15989,#15990,#15991);
#13839=COLOUR_RGB('',0.313725501298904,0.313725501298904,0.313725501298904);
#13840=CARTESIAN_POINT('',(25.55,1.4,0.200000000000003));
#13841=CARTESIAN_POINT('',(25.55,1.4,0.0));
#13842=VECTOR('',#15992,1.0);
#13843=CARTESIAN_POINT('',(26.55,1.4,0.200000000000003));
#13844=AXIS2_PLACEMENT_3D('',#15993,#15994,#15995);
#13845=CARTESIAN_POINT('',(26.55,1.4,0.0));
#13846=VECTOR('',#15996,1.0);
#13847=COLOUR_RGB('',0.313725501298904,0.313725501298904,0.313725501298904);
#13848=CARTESIAN_POINT('',(26.7,2.79999999999999,0.200000000000003));
#13849=CARTESIAN_POINT('',(9.4028046224855,2.79999999999999,0.200000000000003));
#13850=VECTOR('',#15997,1.0);
#13851=CARTESIAN_POINT('',(26.7,2.79999999999999,0.200000000000003));
#13852=VECTOR('',#15998,1.0);
#13853=CARTESIAN_POINT('',(26.7,0.391287949908401,0.200000000000003));
#13854=AXIS2_PLACEMENT_3D('',#15999,#16000,#16001);
#13855=CARTESIAN_POINT('',(26.7,0.391287949908401,0.200000000000003));
#13856=VECTOR('',#16002,1.0);
#13857=AXIS2_PLACEMENT_3D('',#16003,#16004,#16005);
#13858=COLOUR_RGB('',0.313725501298904,0.313725501298904,0.313725501298904);
#13859=CARTESIAN_POINT('',(27.7,2.79999999999999,0.0));
#13860=CARTESIAN_POINT('',(27.7,0.2,0.0));
#13861=VECTOR('',#16006,1.0);
#13862=CARTESIAN_POINT('',(26.7,0.391287949908401,0.0));
#13863=CARTESIAN_POINT('',(26.6999999999999,-6.13860164424137,0.0));
#13864=VECTOR('',#16007,1.0);
#13865=AXIS2_PLACEMENT_3D('',#16008,#16009,#16010);
#13866=CARTESIAN_POINT('',(26.7,2.79999999999999,0.0));
#13867=CARTESIAN_POINT('',(26.7,-6.13860164424137,0.0));
#13868=VECTOR('',#16011,1.0);
#13869=CARTESIAN_POINT('',(21.9,2.79999999999999,0.0));
#13870=VECTOR('',#16012,1.0);
#13871=COLOUR_RGB('',0.313725501298904,0.313725501298904,0.313725501298904);
#13872=CARTESIAN_POINT('',(-8.0971953775145,2.79999999999999,0.0));
#13873=VECTOR('',#16013,1.0);
#13874=CARTESIAN_POINT('',(26.7,2.79999999999999,2.0));
#13875=CARTESIAN_POINT('',(26.7,2.79999999999999,2.0));
#13876=VECTOR('',#16014,1.0);
#13877=CARTESIAN_POINT('',(27.7,2.79999999999999,2.0));
#13878=CARTESIAN_POINT('',(21.9,2.79999999999999,2.0));
#13879=VECTOR('',#16015,1.0);
#13880=CARTESIAN_POINT('',(27.7,2.79999999999999,0.0));
#13881=VECTOR('',#16016,1.0);
#13882=CARTESIAN_POINT('',(26.7,2.79999999999999,0.0));
#13883=VECTOR('',#16017,1.0);
#13884=COLOUR_RGB('',0.313725501298904,0.313725501298904,0.313725501298904);
#13885=COLOUR_RGB('',0.313725501298904,0.313725501298904,0.313725501298904);
#13886=CARTESIAN_POINT('',(27.7,0.2,2.0));
#13887=VECTOR('',#16018,1.0);
#13888=CARTESIAN_POINT('',(27.7,0.2,0.200000000000003));
#13889=CARTESIAN_POINT('',(27.7,0.2,1.8));
#13890=CARTESIAN_POINT('',(27.7,0.2,0.0));
#13891=VECTOR('',#16019,1.0);
#13892=CARTESIAN_POINT('',(27.7,2.59999999999999,1.8));
#13893=CARTESIAN_POINT('',(27.7,0.2,1.8));
#13894=VECTOR('',#16020,1.0);
#13895=CARTESIAN_POINT('',(27.7,2.59999999999999,0.200000000000003));
#13896=CARTESIAN_POINT('',(27.7,2.59999999999999,0.0));
#13897=VECTOR('',#16021,1.0);
#13898=CARTESIAN_POINT('',(27.7,0.2,0.200000000000003));
#13899=VECTOR('',#16022,1.0);
#13900=COLOUR_RGB('',0.313725501298904,0.313725501298904,0.313725501298904);
#13901=CARTESIAN_POINT('',(27.9,0.2,1.8));
#13902=CARTESIAN_POINT('',(9.4028046224855,0.2,1.8));
#13903=VECTOR('',#16023,1.0);
#13904=CARTESIAN_POINT('',(27.9,2.59999999999999,1.8));
#13905=CARTESIAN_POINT('',(27.9,2.59999999999999,1.8));
#13906=VECTOR('',#16024,1.0);
#13907=CARTESIAN_POINT('',(9.4028046224855,2.59999999999999,1.8));
#13908=VECTOR('',#16025,1.0);
#13909=COLOUR_RGB('',0.313725501298904,0.313725501298904,0.313725501298904);
#13910=CARTESIAN_POINT('',(27.9,0.2,0.200000000000003));
#13911=CARTESIAN_POINT('',(9.4028046224855,0.2,0.200000000000003));
#13912=VECTOR('',#16026,1.0);
#13913=CARTESIAN_POINT('',(27.9,0.2,0.0));
#13914=VECTOR('',#16027,1.0);
#13915=COLOUR_RGB('',0.313725501298904,0.313725501298904,0.313725501298904);
#13916=CARTESIAN_POINT('',(27.9,2.59999999999999,0.200000000000003));
#13917=CARTESIAN_POINT('',(9.4028046224855,2.59999999999999,0.200000000000003));
#13918=VECTOR('',#16028,1.0);
#13919=CARTESIAN_POINT('',(27.9,2.59999999999999,0.200000000000003));
#13920=VECTOR('',#16029,1.0);
#13921=COLOUR_RGB('',0.313725501298904,0.313725501298904,0.313725501298904);
#13922=CARTESIAN_POINT('',(27.9,2.79999999999999,0.0));
#13923=CARTESIAN_POINT('',(27.9,2.79999999999999,2.0));
#13924=CARTESIAN_POINT('',(27.9,2.79999999999999,0.0));
#13925=VECTOR('',#16030,1.0);
#13926=CARTESIAN_POINT('',(27.9,0.0,0.0));
#13927=CARTESIAN_POINT('',(27.9,-6.13860164424137,0.0));
#13928=VECTOR('',#16031,1.0);
#13929=CARTESIAN_POINT('',(27.9,0.0,2.0));
#13930=CARTESIAN_POINT('',(27.9,0.0,0.0));
#13931=VECTOR('',#16032,1.0);
#13932=CARTESIAN_POINT('',(27.9,-6.13860164424137,2.0));
#13933=VECTOR('',#16033,1.0);
#13934=CARTESIAN_POINT('',(27.9,2.59999999999999,0.0));
#13935=VECTOR('',#16034,1.0);
#13936=COLOUR_RGB('',0.313725501298904,0.313725501298904,0.313725501298904);
#13937=COLOUR_RGB('',0.313725501298904,0.313725501298904,0.313725501298904);
#13938=CARTESIAN_POINT('',(30.2,2.79999999999999,2.0));
#13939=CARTESIAN_POINT('',(31.2,2.79999999999999,2.0));
#13940=CARTESIAN_POINT('',(21.9,2.79999999999999,2.0));
#13941=VECTOR('',#16035,1.0);
#13942=CARTESIAN_POINT('',(30.2,2.40871205009159,2.0));
#13943=CARTESIAN_POINT('',(30.2,-6.13860164424137,2.0));
#13944=VECTOR('',#16036,1.0);
#13945=AXIS2_PLACEMENT_3D('',#16037,#16038,#16039);
#13946=CARTESIAN_POINT('',(30.2,0.0,2.0));
#13947=CARTESIAN_POINT('',(30.2,-6.13860164424137,2.0));
#13948=VECTOR('',#16040,1.0);
#13949=CARTESIAN_POINT('',(31.2,0.0,2.0));
#13950=CARTESIAN_POINT('',(23.2,0.0,2.0));
#13951=VECTOR('',#16041,1.0);
#13952=CARTESIAN_POINT('',(31.2,-6.13860164424137,2.0));
#13953=VECTOR('',#16042,1.0);
#13954=COLOUR_RGB('',0.313725501298904,0.313725501298904,0.313725501298904);
#13955=CARTESIAN_POINT('',(30.2,0.0,1.8));
#13956=CARTESIAN_POINT('',(30.2,0.391287949908401,1.8));
#13957=VECTOR('',#16043,1.0);
#13958=CARTESIAN_POINT('',(30.2,0.0,2.0));
#13959=VECTOR('',#16044,1.0);
#13960=COLOUR_RGB('',0.313725501298904,0.313725501298904,0.313725501298904);
#13961=CARTESIAN_POINT('',(30.2,2.79999999999999,1.8));
#13962=CARTESIAN_POINT('',(28.9,2.79999999999999,1.8));
#13963=CARTESIAN_POINT('',(9.4028046224855,2.79999999999999,1.8));
#13964=VECTOR('',#16045,1.0);
#13965=CARTESIAN_POINT('',(28.9,2.40871205009159,1.8));
#13966=CARTESIAN_POINT('',(28.9,2.40871205009159,1.8));
#13967=VECTOR('',#16046,1.0);
#13968=AXIS2_PLACEMENT_3D('',#16047,#16048,#16049);
#13969=CARTESIAN_POINT('',(28.9,0.0,1.8));
#13970=CARTESIAN_POINT('',(28.9,0.0,1.8));
#13971=VECTOR('',#16050,1.0);
#13972=CARTESIAN_POINT('',(9.4028046224855,0.0,1.8));
#13973=VECTOR('',#16051,1.0);
#13974=CARTESIAN_POINT('',(30.2,2.40871205009159,1.8));
#13975=AXIS2_PLACEMENT_3D('',#16052,#16053,#16054);
#13976=CARTESIAN_POINT('',(30.2,2.79999999999999,1.8));
#13977=VECTOR('',#16055,1.0);
#13978=CARTESIAN_POINT('',(30.05,1.4,1.8));
#13979=CARTESIAN_POINT('',(29.05,1.4,1.8));
#13980=AXIS2_PLACEMENT_3D('',#16056,#16057,#16058);
#13981=AXIS2_PLACEMENT_3D('',#16059,#16060,#16061);
#13982=COLOUR_RGB('',0.313725501298904,0.313725501298904,0.313725501298904);
#13983=CARTESIAN_POINT('',(28.9,0.0,2.0));
#13984=CARTESIAN_POINT('',(28.9,-6.13860164424137,2.0));
#13985=VECTOR('',#16062,1.0);
#13986=CARTESIAN_POINT('',(28.9,0.0,2.0));
#13987=VECTOR('',#16063,1.0);
#13988=COLOUR_RGB('',0.313725501298904,0.313725501298904,0.313725501298904);
#13989=CARTESIAN_POINT('',(28.9,2.40871205009159,2.0));
#13990=AXIS2_PLACEMENT_3D('',#16064,#16065,#16066);
#13991=CARTESIAN_POINT('',(28.9,2.79999999999999,2.0));
#13992=CARTESIAN_POINT('',(28.9,-6.13860164424137,2.0));
#13993=VECTOR('',#16067,1.0);
#13994=CARTESIAN_POINT('',(21.9,2.79999999999999,2.0));
#13995=VECTOR('',#16068,1.0);
#13996=CARTESIAN_POINT('',(23.2,0.0,2.0));
#13997=VECTOR('',#16069,1.0);
#13998=COLOUR_RGB('',0.313725501298904,0.313725501298904,0.313725501298904);
#13999=CARTESIAN_POINT('',(28.9,2.40871205009159,2.0));
#14000=VECTOR('',#16070,1.0);
#14001=CARTESIAN_POINT('',(28.9,2.79999999999999,2.0));
#14002=VECTOR('',#16071,1.0);
#14003=COLOUR_RGB('',0.313725501298904,0.313725501298904,0.313725501298904);
#14004=COLOUR_RGB('',0.313725501298904,0.313725501298904,0.313725501298904);
#14005=CARTESIAN_POINT('',(30.05,1.4,0.200000000000003));
#14006=CARTESIAN_POINT('',(30.05,1.4,0.0));
#14007=VECTOR('',#16072,1.0);
#14008=CARTESIAN_POINT('',(29.05,1.4,0.200000000000003));
#14009=AXIS2_PLACEMENT_3D('',#16073,#16074,#16075);
#14010=CARTESIAN_POINT('',(29.05,1.4,0.0));
#14011=VECTOR('',#16076,1.0);
#14012=COLOUR_RGB('',0.313725501298904,0.313725501298904,0.313725501298904);
#14013=CARTESIAN_POINT('',(30.2,2.79999999999999,0.200000000000003));
#14014=CARTESIAN_POINT('',(30.2,2.79999999999999,0.200000000000003));
#14015=VECTOR('',#16077,1.0);
#14016=CARTESIAN_POINT('',(30.2,0.391287949908401,0.200000000000003));
#14017=AXIS2_PLACEMENT_3D('',#16078,#16079,#16080);
#14018=CARTESIAN_POINT('',(30.2,0.0,0.200000000000003));
#14019=CARTESIAN_POINT('',(30.2,0.391287949908401,0.200000000000003));
#14020=VECTOR('',#16081,1.0);
#14021=CARTESIAN_POINT('',(28.9,0.0,0.200000000000003));
#14022=CARTESIAN_POINT('',(9.4028046224855,0.0,0.200000000000003));
#14023=VECTOR('',#16082,1.0);
#14024=CARTESIAN_POINT('',(28.9,0.391287949908401,0.200000000000003));
#14025=CARTESIAN_POINT('',(28.9,0.0,0.200000000000003));
#14026=VECTOR('',#16083,1.0);
#14027=AXIS2_PLACEMENT_3D('',#16084,#16085,#16086);
#14028=CARTESIAN_POINT('',(28.9,2.79999999999999,0.200000000000003));
#14029=CARTESIAN_POINT('',(28.9,2.40871205009159,0.200000000000003));
#14030=VECTOR('',#16087,1.0);
#14031=CARTESIAN_POINT('',(9.4028046224855,2.79999999999999,0.200000000000003));
#14032=VECTOR('',#16088,1.0);
#14033=AXIS2_PLACEMENT_3D('',#16089,#16090,#16091);
#14034=COLOUR_RGB('',0.313725501298904,0.313725501298904,0.313725501298904);
#14035=CARTESIAN_POINT('',(28.9,0.0,0.0));
#14036=CARTESIAN_POINT('',(23.2,0.0,0.0));
#14037=VECTOR('',#16092,1.0);
#14038=CARTESIAN_POINT('',(28.9,0.0,0.0));
#14039=VECTOR('',#16093,1.0);
#14040=CARTESIAN_POINT('',(30.2,0.0,0.0));
#14041=CARTESIAN_POINT('',(30.2,0.0,0.0));
#14042=VECTOR('',#16094,1.0);
#14043=CARTESIAN_POINT('',(31.2,0.0,0.0));
#14044=CARTESIAN_POINT('',(23.2,0.0,0.0));
#14045=VECTOR('',#16095,1.0);
#14046=CARTESIAN_POINT('',(31.2,0.0,0.0));
#14047=VECTOR('',#16096,1.0);
#14048=COLOUR_RGB('',0.313725501298904,0.313725501298904,0.313725501298904);
#14049=CARTESIAN_POINT('',(28.9,2.79999999999999,0.0));
#14050=CARTESIAN_POINT('',(28.9,2.79999999999999,0.0));
#14051=VECTOR('',#16097,1.0);
#14052=CARTESIAN_POINT('',(28.9,-6.13860164424137,0.0));
#14053=VECTOR('',#16098,1.0);
#14054=COLOUR_RGB('',0.313725501298904,0.313725501298904,0.313725501298904);
#14055=CARTESIAN_POINT('',(28.9,0.39128794990836,0.0));
#14056=CARTESIAN_POINT('',(28.9,-6.13860164424137,0.0));
#14057=VECTOR('',#16099,1.0);
#14058=CARTESIAN_POINT('',(21.9,2.79999999999999,0.0));
#14059=VECTOR('',#16100,1.0);
#14060=AXIS2_PLACEMENT_3D('',#16101,#16102,#16103);
#14061=COLOUR_RGB('',0.313725501298904,0.313725501298904,0.313725501298904);
#14062=CARTESIAN_POINT('',(28.9,0.391287949908401,0.0));
#14063=VECTOR('',#16104,1.0);
#14064=COLOUR_RGB('',0.313725501298904,0.313725501298904,0.313725501298904);
#14065=COLOUR_RGB('',0.313725501298904,0.313725501298904,0.313725501298904);
#14066=CARTESIAN_POINT('',(30.2,0.391287949908401,0.0));
#14067=CARTESIAN_POINT('',(30.2,0.391287949908401,0.0));
#14068=VECTOR('',#16105,1.0);
#14069=CARTESIAN_POINT('',(30.2,-6.13860164424137,0.0));
#14070=VECTOR('',#16106,1.0);
#14071=COLOUR_RGB('',0.313725501298904,0.313725501298904,0.313725501298904);
#14072=AXIS2_PLACEMENT_3D('',#16107,#16108,#16109);
#14073=COLOUR_RGB('',0.313725501298904,0.313725501298904,0.313725501298904);
#14074=CARTESIAN_POINT('',(30.2,2.79999999999999,0.0));
#14075=CARTESIAN_POINT('',(30.2,2.79999999999999,0.0));
#14076=VECTOR('',#16110,1.0);
#14077=CARTESIAN_POINT('',(30.2,-6.13860164424137,0.0));
#14078=VECTOR('',#16111,1.0);
#14079=COLOUR_RGB('',0.313725501298904,0.313725501298904,0.313725501298904);
#14080=CARTESIAN_POINT('',(30.2,2.79999999999999,2.0));
#14081=VECTOR('',#16112,1.0);
#14082=CARTESIAN_POINT('',(30.2,2.40871205009159,2.0));
#14083=VECTOR('',#16113,1.0);
#14084=COLOUR_RGB('',0.313725501298904,0.313725501298904,0.313725501298904);
#14085=COLOUR_RGB('',0.313725501298904,0.313725501298904,0.313725501298904);
#14086=CARTESIAN_POINT('',(31.2,2.79999999999999,0.0));
#14087=CARTESIAN_POINT('',(21.9,2.79999999999999,0.0));
#14088=VECTOR('',#16114,1.0);
#14089=CARTESIAN_POINT('',(31.2,2.79999999999999,0.0));
#14090=VECTOR('',#16115,1.0);
#14091=COLOUR_RGB('',0.313725501298904,0.313725501298904,0.313725501298904);
#14092=CARTESIAN_POINT('',(31.2,-6.13860164424137,0.0));
#14093=VECTOR('',#16116,1.0);
#14094=CARTESIAN_POINT('',(31.2,0.2,0.200000000000003));
#14095=CARTESIAN_POINT('',(31.2,0.2,1.8));
#14096=CARTESIAN_POINT('',(31.2,0.2,0.0));
#14097=VECTOR('',#16117,1.0);
#14098=CARTESIAN_POINT('',(31.2,2.59999999999999,1.8));
#14099=CARTESIAN_POINT('',(31.2,0.2,1.8));
#14100=VECTOR('',#16118,1.0);
#14101=CARTESIAN_POINT('',(31.2,2.59999999999999,0.200000000000003));
#14102=CARTESIAN_POINT('',(31.2,2.59999999999999,0.0));
#14103=VECTOR('',#16119,1.0);
#14104=CARTESIAN_POINT('',(31.2,0.2,0.200000000000003));
#14105=VECTOR('',#16120,1.0);
#14106=COLOUR_RGB('',0.313725501298904,0.313725501298904,0.313725501298904);
#14107=CARTESIAN_POINT('',(31.4,0.2,1.8));
#14108=CARTESIAN_POINT('',(9.4028046224855,0.2,1.8));
#14109=VECTOR('',#16121,1.0);
#14110=CARTESIAN_POINT('',(31.4,2.59999999999999,1.8));
#14111=CARTESIAN_POINT('',(31.4,2.59999999999999,1.8));
#14112=VECTOR('',#16122,1.0);
#14113=CARTESIAN_POINT('',(9.4028046224855,2.59999999999999,1.8));
#14114=VECTOR('',#16123,1.0);
#14115=COLOUR_RGB('',0.313725501298904,0.313725501298904,0.313725501298904);
#14116=CARTESIAN_POINT('',(31.4,0.2,0.200000000000003));
#14117=CARTESIAN_POINT('',(9.4028046224855,0.2,0.200000000000003));
#14118=VECTOR('',#16124,1.0);
#14119=CARTESIAN_POINT('',(31.4,0.2,0.0));
#14120=VECTOR('',#16125,1.0);
#14121=COLOUR_RGB('',0.313725501298904,0.313725501298904,0.313725501298904);
#14122=CARTESIAN_POINT('',(31.4,2.59999999999999,0.200000000000003));
#14123=CARTESIAN_POINT('',(9.4028046224855,2.59999999999999,0.200000000000003));
#14124=VECTOR('',#16126,1.0);
#14125=CARTESIAN_POINT('',(31.4,2.59999999999999,0.200000000000003));
#14126=VECTOR('',#16127,1.0);
#14127=COLOUR_RGB('',0.313725501298904,0.313725501298904,0.313725501298904);
#14128=CARTESIAN_POINT('',(31.4,0.0,0.0));
#14129=CARTESIAN_POINT('',(31.4,0.0,2.0));
#14130=CARTESIAN_POINT('',(31.4,0.0,0.0));
#14131=VECTOR('',#16128,1.0);
#14132=CARTESIAN_POINT('',(31.4,2.79999999999999,2.0));
#14133=CARTESIAN_POINT('',(31.4,0.0,2.0));
#14134=VECTOR('',#16129,1.0);
#14135=CARTESIAN_POINT('',(31.4,2.79999999999999,0.0));
#14136=CARTESIAN_POINT('',(31.4,2.79999999999999,0.0));
#14137=VECTOR('',#16130,1.0);
#14138=CARTESIAN_POINT('',(31.4,0.0,0.0));
#14139=VECTOR('',#16131,1.0);
#14140=CARTESIAN_POINT('',(31.4,2.59999999999999,0.0));
#14141=VECTOR('',#16132,1.0);
#14142=COLOUR_RGB('',0.313725501298904,0.313725501298904,0.313725501298904);
#14143=CARTESIAN_POINT('',(32.4,0.0,0.200000000000003));
#14144=CARTESIAN_POINT('',(33.7,0.0,0.200000000000003));
#14145=CARTESIAN_POINT('',(9.4028046224855,0.0,0.200000000000003));
#14146=VECTOR('',#16133,1.0);
#14147=CARTESIAN_POINT('',(32.4,0.391287949908401,0.200000000000003));
#14148=CARTESIAN_POINT('',(32.4,0.0,0.200000000000003));
#14149=VECTOR('',#16134,1.0);
#14150=AXIS2_PLACEMENT_3D('',#16135,#16136,#16137);
#14151=CARTESIAN_POINT('',(32.4,2.79999999999999,0.200000000000003));
#14152=CARTESIAN_POINT('',(32.4,2.40871205009159,0.200000000000003));
#14153=VECTOR('',#16138,1.0);
#14154=CARTESIAN_POINT('',(33.7,2.79999999999999,0.200000000000003));
#14155=CARTESIAN_POINT('',(9.4028046224855,2.79999999999999,0.200000000000003));
#14156=VECTOR('',#16139,1.0);
#14157=CARTESIAN_POINT('',(33.7,2.79999999999999,0.200000000000003));
#14158=VECTOR('',#16140,1.0);
#14159=CARTESIAN_POINT('',(33.7,0.391287949908401,0.200000000000003));
#14160=AXIS2_PLACEMENT_3D('',#16141,#16142,#16143);
#14161=CARTESIAN_POINT('',(33.7,0.391287949908401,0.200000000000003));
#14162=VECTOR('',#16144,1.0);
#14163=CARTESIAN_POINT('',(33.55,1.4,0.200000000000003));
#14164=CARTESIAN_POINT('',(32.55,1.4,0.200000000000003));
#14165=AXIS2_PLACEMENT_3D('',#16145,#16146,#16147);
#14166=AXIS2_PLACEMENT_3D('',#16148,#16149,#16150);
#14167=COLOUR_RGB('',0.313725501298904,0.313725501298904,0.313725501298904);
#14168=CARTESIAN_POINT('',(32.55,1.4,1.8));
#14169=CARTESIAN_POINT('',(32.55,1.4,0.0));
#14170=VECTOR('',#16151,1.0);
#14171=CARTESIAN_POINT('',(33.55,1.4,1.8));
#14172=AXIS2_PLACEMENT_3D('',#16152,#16153,#16154);
#14173=CARTESIAN_POINT('',(33.55,1.4,0.0));
#14174=VECTOR('',#16155,1.0);
#14175=COLOUR_RGB('',0.313725501298904,0.313725501298904,0.313725501298904);
#14176=CARTESIAN_POINT('',(33.7,2.79999999999999,1.8));
#14177=CARTESIAN_POINT('',(32.4,2.79999999999999,1.8));
#14178=CARTESIAN_POINT('',(9.4028046224855,2.79999999999999,1.8));
#14179=VECTOR('',#16156,1.0);
#14180=CARTESIAN_POINT('',(32.4,2.40871205009159,1.8));
#14181=CARTESIAN_POINT('',(32.4,2.40871205009159,1.8));
#14182=VECTOR('',#16157,1.0);
#14183=AXIS2_PLACEMENT_3D('',#16158,#16159,#16160);
#14184=CARTESIAN_POINT('',(32.4,0.0,1.8));
#14185=CARTESIAN_POINT('',(32.4,0.0,1.8));
#14186=VECTOR('',#16161,1.0);
#14187=CARTESIAN_POINT('',(33.7,0.0,1.8));
#14188=CARTESIAN_POINT('',(9.4028046224855,0.0,1.8));
#14189=VECTOR('',#16162,1.0);
#14190=CARTESIAN_POINT('',(33.7,0.391287949908401,1.8));
#14191=VECTOR('',#16163,1.0);
#14192=CARTESIAN_POINT('',(33.7,2.40871205009159,1.8));
#14193=AXIS2_PLACEMENT_3D('',#16164,#16165,#16166);
#14194=CARTESIAN_POINT('',(33.7,2.79999999999999,1.8));
#14195=VECTOR('',#16167,1.0);
#14196=AXIS2_PLACEMENT_3D('',#16168,#16169,#16170);
#14197=COLOUR_RGB('',0.313725501298904,0.313725501298904,0.313725501298904);
#14198=CARTESIAN_POINT('',(34.6,0.0,2.0));
#14199=CARTESIAN_POINT('',(33.7,0.0,2.0));
#14200=CARTESIAN_POINT('',(23.2,0.0,2.0));
#14201=VECTOR('',#16171,1.0);
#14202=CARTESIAN_POINT('',(34.6,2.79999999999999,2.0));
#14203=CARTESIAN_POINT('',(34.6,0.0,2.0));
#14204=VECTOR('',#16172,1.0);
#14205=CARTESIAN_POINT('',(33.7,2.79999999999999,2.0));
#14206=CARTESIAN_POINT('',(21.9,2.79999999999999,2.0));
#14207=VECTOR('',#16173,1.0);
#14208=CARTESIAN_POINT('',(33.7,2.40871205009159,2.0));
#14209=CARTESIAN_POINT('',(33.7,-6.13860164424137,2.0));
#14210=VECTOR('',#16174,1.0);
#14211=AXIS2_PLACEMENT_3D('',#16175,#16176,#16177);
#14212=CARTESIAN_POINT('',(33.7,-6.13860164424137,2.0));
#14213=VECTOR('',#16178,1.0);
#14214=COLOUR_RGB('',0.313725501298904,0.313725501298904,0.313725501298904);
#14215=CARTESIAN_POINT('',(32.4,2.79999999999999,0.0));
#14216=CARTESIAN_POINT('',(32.4,2.79999999999999,0.0));
#14217=VECTOR('',#16179,1.0);
#14218=CARTESIAN_POINT('',(21.9,2.79999999999999,0.0));
#14219=VECTOR('',#16180,1.0);
#14220=CARTESIAN_POINT('',(32.4,2.79999999999999,2.0));
#14221=CARTESIAN_POINT('',(21.9,2.79999999999999,2.0));
#14222=VECTOR('',#16181,1.0);
#14223=CARTESIAN_POINT('',(32.4,2.79999999999999,2.0));
#14224=VECTOR('',#16182,1.0);
#14225=CARTESIAN_POINT('',(33.7,2.79999999999999,2.0));
#14226=VECTOR('',#16183,1.0);
#14227=CARTESIAN_POINT('',(34.6,2.79999999999999,0.0));
#14228=CARTESIAN_POINT('',(34.6,2.79999999999999,0.0));
#14229=VECTOR('',#16184,1.0);
#14230=CARTESIAN_POINT('',(33.7,2.79999999999999,0.0));
#14231=CARTESIAN_POINT('',(21.9,2.79999999999999,0.0));
#14232=VECTOR('',#16185,1.0);
#14233=CARTESIAN_POINT('',(33.7,2.79999999999999,0.0));
#14234=VECTOR('',#16186,1.0);
#14235=COLOUR_RGB('',0.313725501298904,0.313725501298904,0.313725501298904);
#14236=CARTESIAN_POINT('',(32.4,0.391287949908401,0.0));
#14237=CARTESIAN_POINT('',(32.4,0.391287949908401,0.0));
#14238=VECTOR('',#16187,1.0);
#14239=CARTESIAN_POINT('',(32.4,0.0,0.0));
#14240=CARTESIAN_POINT('',(32.4,0.0,0.0));
#14241=VECTOR('',#16188,1.0);
#14242=CARTESIAN_POINT('',(32.4,-6.13860164424137,0.0));
#14243=VECTOR('',#16189,1.0);
#14244=COLOUR_RGB('',0.313725501298904,0.313725501298904,0.313725501298904);
#14245=AXIS2_PLACEMENT_3D('',#16190,#16191,#16192);
#14246=CARTESIAN_POINT('',(23.2,0.0,0.0));
#14247=VECTOR('',#16193,1.0);
#14248=CARTESIAN_POINT('',(32.4,-6.13860164424137,0.0));
#14249=VECTOR('',#16194,1.0);
#14250=COLOUR_RGB('',0.313725501298904,0.313725501298904,0.313725501298904);
#14251=CARTESIAN_POINT('',(33.7,0.0,0.0));
#14252=CARTESIAN_POINT('',(33.7,0.0,0.0));
#14253=VECTOR('',#16195,1.0);
#14254=CARTESIAN_POINT('',(34.6,0.0,0.0));
#14255=CARTESIAN_POINT('',(23.2,0.0,0.0));
#14256=VECTOR('',#16196,1.0);
#14257=CARTESIAN_POINT('',(34.6,0.0,0.0));
#14258=VECTOR('',#16197,1.0);
#14259=CARTESIAN_POINT('',(33.7,0.0,2.0));
#14260=VECTOR('',#16198,1.0);
#14261=CARTESIAN_POINT('',(32.4,0.0,2.0));
#14262=CARTESIAN_POINT('',(32.4,0.0,2.0));
#14263=VECTOR('',#16199,1.0);
#14264=CARTESIAN_POINT('',(23.2,0.0,2.0));
#14265=VECTOR('',#16200,1.0);
#14266=COLOUR_RGB('',0.313725501298904,0.313725501298904,0.313725501298904);
#14267=CARTESIAN_POINT('',(34.6,0.0,0.0));
#14268=VECTOR('',#16201,1.0);
#14269=CARTESIAN_POINT('',(34.6,0.2,0.200000000000003));
#14270=CARTESIAN_POINT('',(34.6,2.59999999999999,0.200000000000003));
#14271=CARTESIAN_POINT('',(34.6,-6.13860164424137,0.200000000000003));
#14272=VECTOR('',#16202,1.0);
#14273=CARTESIAN_POINT('',(34.6,0.2,1.8));
#14274=CARTESIAN_POINT('',(34.6,0.2,0.0));
#14275=VECTOR('',#16203,1.0);
#14276=CARTESIAN_POINT('',(34.6,2.59999999999999,1.8));
#14277=CARTESIAN_POINT('',(34.6,-6.13860164424137,1.8));
#14278=VECTOR('',#16204,1.0);
#14279=CARTESIAN_POINT('',(34.6,2.59999999999999,0.0));
#14280=VECTOR('',#16205,1.0);
#14281=COLOUR_RGB('',0.313725501298904,0.313725501298904,0.313725501298904);
#14282=CARTESIAN_POINT('',(34.7,2.59999999999999,0.200000000000003));
#14283=CARTESIAN_POINT('',(34.7,0.2,0.200000000000003));
#14284=CARTESIAN_POINT('',(34.7,2.59999999999999,0.200000000000003));
#14285=VECTOR('',#16206,1.0);
#14286=CARTESIAN_POINT('',(34.7,2.59999999999999,1.8));
#14287=CARTESIAN_POINT('',(34.7,2.59999999999999,1.8));
#14288=VECTOR('',#16207,1.0);
#14289=CARTESIAN_POINT('',(34.7,0.2,1.8));
#14290=CARTESIAN_POINT('',(34.7,0.2,1.8));
#14291=VECTOR('',#16208,1.0);
#14292=CARTESIAN_POINT('',(34.7,0.2,0.200000000000003));
#14293=VECTOR('',#16209,1.0);
#14294=COLOUR_RGB('',0.313725501298904,0.313725501298904,0.313725501298904);
#14295=CARTESIAN_POINT('',(34.6,2.59999999999999,1.8));
#14296=VECTOR('',#16210,1.0);
#14297=CARTESIAN_POINT('',(34.6,2.59999999999999,0.200000000000003));
#14298=VECTOR('',#16211,1.0);
#14299=COLOUR_RGB('',0.313725501298904,0.313725501298904,0.313725501298904);
#14300=CARTESIAN_POINT('',(34.6,0.2,1.8));
#14301=VECTOR('',#16212,1.0);
#14302=COLOUR_RGB('',0.313725501298904,0.313725501298904,0.313725501298904);
#14303=CARTESIAN_POINT('',(34.6,0.2,0.200000000000003));
#14304=VECTOR('',#16213,1.0);
#14305=COLOUR_RGB('',0.313725501298904,0.313725501298904,0.313725501298904);
#14306=COLOUR_RGB('',0.313725501298904,0.313725501298904,0.313725501298904);
#14307=COLOUR_RGB('',0.313725501298904,0.313725501298904,0.313725501298904);
#14308=CARTESIAN_POINT('',(33.7,2.40871205009159,2.0));
#14309=VECTOR('',#16214,1.0);
#14310=COLOUR_RGB('',0.313725501298904,0.313725501298904,0.313725501298904);
#14311=COLOUR_RGB('',0.313725501298904,0.313725501298904,0.313725501298904);
#14312=CARTESIAN_POINT('',(32.4,2.40871205009159,2.0));
#14313=CARTESIAN_POINT('',(32.4,2.40871205009159,2.0));
#14314=VECTOR('',#16215,1.0);
#14315=AXIS2_PLACEMENT_3D('',#16216,#16217,#16218);
#14316=COLOUR_RGB('',0.313725501298904,0.313725501298904,0.313725501298904);
#14317=CARTESIAN_POINT('',(32.4,-6.13860164424137,2.0));
#14318=VECTOR('',#16219,1.0);
#14319=COLOUR_RGB('',0.313725501298904,0.313725501298904,0.313725501298904);
#14320=CARTESIAN_POINT('',(32.4,-6.13860164424137,2.0));
#14321=VECTOR('',#16220,1.0);
#14322=COLOUR_RGB('',0.313725501298904,0.313725501298904,0.313725501298904);
#14323=COLOUR_RGB('',0.313725501298904,0.313725501298904,0.313725501298904);
#14324=COLOUR_RGB('',0.313725501298904,0.313725501298904,0.313725501298904);
#14325=COLOUR_RGB('',0.313725501298904,0.313725501298904,0.313725501298904);
#14326=CARTESIAN_POINT('',(33.7,0.391287949908401,0.0));
#14327=CARTESIAN_POINT('',(33.7,0.391287949908401,0.0));
#14328=VECTOR('',#16221,1.0);
#14329=CARTESIAN_POINT('',(33.7,-6.13860164424137,0.0));
#14330=VECTOR('',#16222,1.0);
#14331=COLOUR_RGB('',0.313725501298904,0.313725501298904,0.313725501298904);
#14332=AXIS2_PLACEMENT_3D('',#16223,#16224,#16225);
#14333=CARTESIAN_POINT('',(33.7,-6.13860164424137,0.0));
#14334=VECTOR('',#16226,1.0);
#14335=COLOUR_RGB('',0.313725501298904,0.313725501298904,0.313725501298904);
#14336=COLOUR_RGB('',0.313725501298904,0.313725501298904,0.313725501298904);
#14337=COLOUR_RGB('',0.313725501298904,0.313725501298904,0.313725501298904);
#14338=COLOUR_RGB('',0.313725501298904,0.313725501298904,0.313725501298904);
#14339=COLOUR_RGB('',0.313725501298904,0.313725501298904,0.313725501298904);
#14340=CARTESIAN_POINT('',(26.7,0.391287949908401,0.0));
#14341=VECTOR('',#16227,1.0);
#14342=COLOUR_RGB('',0.313725501298904,0.313725501298904,0.313725501298904);
#14343=COLOUR_RGB('',0.313725501298904,0.313725501298904,0.313725501298904);
#14344=COLOUR_RGB('',0.313725501298904,0.313725501298904,0.313725501298904);
#14345=CARTESIAN_POINT('',(26.7,2.40871205009159,2.0));
#14346=CARTESIAN_POINT('',(26.7,-6.13860164424137,2.0));
#14347=VECTOR('',#16228,1.0);
#14348=AXIS2_PLACEMENT_3D('',#16229,#16230,#16231);
#14349=CARTESIAN_POINT('',(26.6999999999999,-6.13860164424137,2.0));
#14350=VECTOR('',#16232,1.0);
#14351=COLOUR_RGB('',0.313725501298904,0.313725501298904,0.313725501298904);
#14352=COLOUR_RGB('',0.313725501298904,0.313725501298904,0.313725501298904);
#14353=CARTESIAN_POINT('',(26.7,2.40871205009159,2.0));
#14354=VECTOR('',#16233,1.0);
#14355=COLOUR_RGB('',0.313725501298904,0.313725501298904,0.313725501298904);
#14356=COLOUR_RGB('',0.313725501298904,0.313725501298904,0.313725501298904);
#14357=CARTESIAN_POINT('',(-8.0971953775145,0.2,0.200000000000003));
#14358=VECTOR('',#16234,1.0);
#14359=CARTESIAN_POINT('',(-8.0971953775145,0.2,1.8));
#14360=VECTOR('',#16235,1.0);
#14361=COLOUR_RGB('',0.313725501298904,0.313725501298904,0.313725501298904);
#14362=CARTESIAN_POINT('',(-8.0971953775145,2.59999999999999,0.200000000000003));
#14363=VECTOR('',#16236,1.0);
#14364=COLOUR_RGB('',0.313725501298904,0.313725501298904,0.313725501298904);
#14365=CARTESIAN_POINT('',(-8.0971953775145,2.59999999999999,1.8));
#14366=VECTOR('',#16237,1.0);
#14367=COLOUR_RGB('',0.313725501298904,0.313725501298904,0.313725501298904);
#14368=COLOUR_RGB('',0.313725501298904,0.313725501298904,0.313725501298904);
#14369=CARTESIAN_POINT('',(23.2,0.0,0.0));
#14370=CARTESIAN_POINT('',(-8.0971953775145,0.0,0.0));
#14371=VECTOR('',#16238,1.0);
#14372=CARTESIAN_POINT('',(23.2,0.391287949908401,0.0));
#14373=CARTESIAN_POINT('',(23.2,-6.13860164424137,0.0));
#14374=VECTOR('',#16239,1.0);
#14375=AXIS2_PLACEMENT_3D('',#16240,#16241,#16242);
#14376=CARTESIAN_POINT('',(23.2,2.79999999999999,0.0));
#14377=CARTESIAN_POINT('',(23.2,-6.13860164424137,0.0));
#14378=VECTOR('',#16243,1.0);
#14379=CARTESIAN_POINT('',(-8.0971953775145,2.79999999999999,0.0));
#14380=VECTOR('',#16244,1.0);
#14381=COLOUR_RGB('',0.313725501298904,0.313725501298904,0.313725501298904);
#14382=CARTESIAN_POINT('',(23.2,2.79999999999999,0.200000000000003));
#14383=CARTESIAN_POINT('',(23.2,-6.13860164424137,0.200000000000003));
#14384=VECTOR('',#16245,1.0);
#14385=CARTESIAN_POINT('',(23.2,2.79999999999999,0.0));
#14386=VECTOR('',#16246,1.0);
#14387=COLOUR_RGB('',0.313725501298904,0.313725501298904,0.313725501298904);
#14388=CARTESIAN_POINT('',(21.9,2.79999999999999,0.200000000000003));
#14389=CARTESIAN_POINT('',(2.4028046224855,2.79999999999999,0.200000000000003));
#14390=VECTOR('',#16247,1.0);
#14391=CARTESIAN_POINT('',(23.2,0.391287949908401,0.200000000000003));
#14392=AXIS2_PLACEMENT_3D('',#16248,#16249,#16250);
#14393=CARTESIAN_POINT('',(23.2,0.0,0.200000000000003));
#14394=CARTESIAN_POINT('',(23.2,-6.13860164424137,0.200000000000003));
#14395=VECTOR('',#16251,1.0);
#14396=CARTESIAN_POINT('',(21.9,0.0,0.200000000000003));
#14397=CARTESIAN_POINT('',(2.4028046224855,0.0,0.200000000000003));
#14398=VECTOR('',#16252,1.0);
#14399=CARTESIAN_POINT('',(21.9,0.391287949908401,0.200000000000003));
#14400=CARTESIAN_POINT('',(21.9,0.0,0.200000000000003));
#14401=VECTOR('',#16253,1.0);
#14402=AXIS2_PLACEMENT_3D('',#16254,#16255,#16256);
#14403=CARTESIAN_POINT('',(21.9,2.40871205009159,0.200000000000003));
#14404=VECTOR('',#16257,1.0);
#14405=CARTESIAN_POINT('',(22.05,1.4,0.200000000000003));
#14406=CARTESIAN_POINT('',(23.05,1.4,0.200000000000003));
#14407=AXIS2_PLACEMENT_3D('',#16258,#16259,#16260);
#14408=AXIS2_PLACEMENT_3D('',#16261,#16262,#16263);
#14409=COLOUR_RGB('',0.313725501298904,0.313725501298904,0.313725501298904);
#14410=CARTESIAN_POINT('',(23.2,0.0,0.0));
#14411=VECTOR('',#16264,1.0);
#14412=CARTESIAN_POINT('',(23.2,0.39128794990841,0.0));
#14413=VECTOR('',#16265,1.0);
#14414=COLOUR_RGB('',0.313725501298904,0.313725501298904,0.313725501298904);
#14415=COLOUR_RGB('',0.313725501298904,0.313725501298904,0.313725501298904);
#14416=CARTESIAN_POINT('',(21.9,0.0,0.0));
#14417=CARTESIAN_POINT('',(16.2,0.0,0.0));
#14418=VECTOR('',#16266,1.0);
#14419=CARTESIAN_POINT('',(21.9,0.0,0.0));
#14420=VECTOR('',#16267,1.0);
#14421=CARTESIAN_POINT('',(23.2,0.0,2.0));
#14422=CARTESIAN_POINT('',(-8.0971953775145,0.0,2.0));
#14423=VECTOR('',#16268,1.0);
#14424=CARTESIAN_POINT('',(23.2,0.0,1.8));
#14425=CARTESIAN_POINT('',(23.2,0.0,0.0));
#14426=VECTOR('',#16269,1.0);
#14427=CARTESIAN_POINT('',(21.9,0.0,1.8));
#14428=CARTESIAN_POINT('',(2.4028046224855,0.0,1.8));
#14429=VECTOR('',#16270,1.0);
#14430=CARTESIAN_POINT('',(21.9,0.0,2.0));
#14431=CARTESIAN_POINT('',(21.9,0.0,2.0));
#14432=VECTOR('',#16271,1.0);
#14433=CARTESIAN_POINT('',(16.2,0.0,2.0));
#14434=VECTOR('',#16272,1.0);
#14435=COLOUR_RGB('',0.313725501298904,0.313725501298904,0.313725501298904);
#14436=CARTESIAN_POINT('',(21.9,2.79999999999999,0.0));
#14437=CARTESIAN_POINT('',(21.9,2.79999999999999,0.0));
#14438=VECTOR('',#16273,1.0);
#14439=CARTESIAN_POINT('',(21.9,-6.13860164424137,0.0));
#14440=VECTOR('',#16274,1.0);
#14441=COLOUR_RGB('',0.313725501298904,0.313725501298904,0.313725501298904);
#14442=CARTESIAN_POINT('',(21.9,0.39128794990836,0.0));
#14443=CARTESIAN_POINT('',(21.9,-6.13860164424137,0.0));
#14444=VECTOR('',#16275,1.0);
#14445=CARTESIAN_POINT('',(14.9,2.79999999999999,0.0));
#14446=VECTOR('',#16276,1.0);
#14447=AXIS2_PLACEMENT_3D('',#16277,#16278,#16279);
#14448=COLOUR_RGB('',0.313725501298904,0.313725501298904,0.313725501298904);
#14449=CARTESIAN_POINT('',(21.9,0.391287949908401,0.0));
#14450=VECTOR('',#16280,1.0);
#14451=COLOUR_RGB('',0.313725501298904,0.313725501298904,0.313725501298904);
#14452=COLOUR_RGB('',0.313725501298904,0.313725501298904,0.313725501298904);
#14453=CARTESIAN_POINT('',(21.9,2.79999999999999,2.0));
#14454=CARTESIAN_POINT('',(14.9,2.79999999999999,2.0));
#14455=VECTOR('',#16281,1.0);
#14456=CARTESIAN_POINT('',(21.9,2.79999999999999,1.8));
#14457=CARTESIAN_POINT('',(21.9,2.79999999999999,2.0));
#14458=VECTOR('',#16282,1.0);
#14459=CARTESIAN_POINT('',(23.2,2.79999999999999,1.8));
#14460=CARTESIAN_POINT('',(2.4028046224855,2.79999999999999,1.8));
#14461=VECTOR('',#16283,1.0);
#14462=CARTESIAN_POINT('',(23.2,2.79999999999999,2.0));
#14463=CARTESIAN_POINT('',(23.2,2.79999999999999,0.0));
#14464=VECTOR('',#16284,1.0);
#14465=CARTESIAN_POINT('',(-8.0971953775145,2.79999999999999,2.0));
#14466=VECTOR('',#16285,1.0);
#14467=COLOUR_RGB('',0.313725501298904,0.313725501298904,0.313725501298904);
#14468=CARTESIAN_POINT('',(21.9,2.40871205009159,2.0));
#14469=AXIS2_PLACEMENT_3D('',#16286,#16287,#16288);
#14470=CARTESIAN_POINT('',(21.9,-6.13860164424137,2.0));
#14471=VECTOR('',#16289,1.0);
#14472=CARTESIAN_POINT('',(21.9,-6.13860164424137,2.0));
#14473=VECTOR('',#16290,1.0);
#14474=COLOUR_RGB('',0.313725501298904,0.313725501298904,0.313725501298904);
#14475=CARTESIAN_POINT('',(21.9,0.0,1.8));
#14476=VECTOR('',#16291,1.0);
#14477=COLOUR_RGB('',0.313725501298904,0.313725501298904,0.313725501298904);
#14478=CARTESIAN_POINT('',(21.9,2.40871205009159,1.8));
#14479=CARTESIAN_POINT('',(21.9,2.40871205009159,2.0));
#14480=VECTOR('',#16292,1.0);
#14481=CARTESIAN_POINT('',(21.9,2.40871205009159,1.8));
#14482=VECTOR('',#16293,1.0);
#14483=COLOUR_RGB('',0.313725501298904,0.313725501298904,0.313725501298904);
#14484=AXIS2_PLACEMENT_3D('',#16294,#16295,#16296);
#14485=COLOUR_RGB('',0.313725501298904,0.313725501298904,0.313725501298904);
#14486=CARTESIAN_POINT('',(23.2,-6.13860164424137,1.8));
#14487=VECTOR('',#16297,1.0);
#14488=CARTESIAN_POINT('',(23.2,2.40871205009159,1.8));
#14489=AXIS2_PLACEMENT_3D('',#16298,#16299,#16300);
#14490=CARTESIAN_POINT('',(23.2,-6.13860164424137,1.8));
#14491=VECTOR('',#16301,1.0);
#14492=CARTESIAN_POINT('',(23.05,1.4,1.8));
#14493=CARTESIAN_POINT('',(22.05,1.4,1.8));
#14494=AXIS2_PLACEMENT_3D('',#16302,#16303,#16304);
#14495=AXIS2_PLACEMENT_3D('',#16305,#16306,#16307);
#14496=COLOUR_RGB('',0.313725501298904,0.313725501298904,0.313725501298904);
#14497=CARTESIAN_POINT('',(23.05,1.4,0.0));
#14498=VECTOR('',#16308,1.0);
#14499=CARTESIAN_POINT('',(22.05,1.4,0.0));
#14500=VECTOR('',#16309,1.0);
#14501=COLOUR_RGB('',0.313725501298904,0.313725501298904,0.313725501298904);
#14502=CARTESIAN_POINT('',(23.2,2.40871205009159,2.0));
#14503=CARTESIAN_POINT('',(23.2,-6.13860164424137,2.0));
#14504=VECTOR('',#16310,1.0);
#14505=AXIS2_PLACEMENT_3D('',#16311,#16312,#16313);
#14506=CARTESIAN_POINT('',(23.1999999999999,-6.13860164424137,2.0));
#14507=VECTOR('',#16314,1.0);
#14508=COLOUR_RGB('',0.313725501298904,0.313725501298904,0.313725501298904);
#14509=COLOUR_RGB('',0.313725501298904,0.313725501298904,0.313725501298904);
#14510=CARTESIAN_POINT('',(23.2,2.40871205009159,2.0));
#14511=VECTOR('',#16315,1.0);
#14512=COLOUR_RGB('',0.313725501298904,0.313725501298904,0.313725501298904);
#14513=COLOUR_RGB('',0.313725501298904,0.313725501298904,0.313725501298904);
#14514=CARTESIAN_POINT('',(19.7,0.0,0.0));
#14515=VECTOR('',#16316,1.0);
#14516=CARTESIAN_POINT('',(19.7000000000001,0.391287949908401,0.0));
#14517=VECTOR('',#16317,1.0);
#14518=COLOUR_RGB('',0.313725501298904,0.313725501298904,0.313725501298904);
#14519=COLOUR_RGB('',0.313725501298904,0.313725501298904,0.313725501298904);
#14520=COLOUR_RGB('',0.313725501298904,0.313725501298904,0.313725501298904);
#14521=CARTESIAN_POINT('',(19.7000000000001,2.40871205009159,2.0));
#14522=VECTOR('',#16318,1.0);
#14523=COLOUR_RGB('',0.313725501298904,0.313725501298904,0.313725501298904);
#14524=COLOUR_RGB('',0.313725501298904,0.313725501298904,0.313725501298904);
#14525=COLOUR_RGB('',0.313725501298904,0.313725501298904,0.313725501298904);
#14526=CARTESIAN_POINT('',(2.4028046224855,2.59999999999999,0.200000000000003));
#14527=VECTOR('',#16319,1.0);
#14528=COLOUR_RGB('',0.313725501298904,0.313725501298904,0.313725501298904);
#14529=COLOUR_RGB('',0.313725501298904,0.313725501298904,0.313725501298904);
#14530=CARTESIAN_POINT('',(14.9,0.0,0.200000000000003));
#14531=CARTESIAN_POINT('',(16.2,0.0,0.200000000000003));
#14532=CARTESIAN_POINT('',(-8.0971953775145,0.0,0.200000000000003));
#14533=VECTOR('',#16320,1.0);
#14534=CARTESIAN_POINT('',(14.9,0.391287949908401,0.200000000000003));
#14535=CARTESIAN_POINT('',(14.9,0.0,0.200000000000003));
#14536=VECTOR('',#16321,1.0);
#14537=AXIS2_PLACEMENT_3D('',#16322,#16323,#16324);
#14538=CARTESIAN_POINT('',(14.9,2.79999999999999,0.200000000000003));
#14539=CARTESIAN_POINT('',(14.9,2.40871205009159,0.200000000000003));
#14540=VECTOR('',#16325,1.0);
#14541=CARTESIAN_POINT('',(16.2000000000001,2.79999999999999,0.200000000000003));
#14542=CARTESIAN_POINT('',(-8.0971953775145,2.79999999999999,0.200000000000003));
#14543=VECTOR('',#16326,1.0);
#14544=CARTESIAN_POINT('',(16.2000000000001,2.79999999999999,0.200000000000003));
#14545=VECTOR('',#16327,1.0);
#14546=CARTESIAN_POINT('',(16.2000000000001,0.391287949908401,0.200000000000003));
#14547=AXIS2_PLACEMENT_3D('',#16328,#16329,#16330);
#14548=CARTESIAN_POINT('',(16.2000000000001,0.391287949908401,0.200000000000003));
#14549=VECTOR('',#16331,1.0);
#14550=CARTESIAN_POINT('',(15.05,1.4,0.200000000000003));
#14551=CARTESIAN_POINT('',(16.05,1.4,0.200000000000003));
#14552=AXIS2_PLACEMENT_3D('',#16332,#16333,#16334);
#14553=AXIS2_PLACEMENT_3D('',#16335,#16336,#16337);
#14554=COLOUR_RGB('',0.313725501298904,0.313725501298904,0.313725501298904);
#14555=CARTESIAN_POINT('',(14.9,2.79999999999999,0.0));
#14556=CARTESIAN_POINT('',(14.9,2.79999999999999,0.0));
#14557=VECTOR('',#16338,1.0);
#14558=CARTESIAN_POINT('',(4.4,2.79999999999999,0.0));
#14559=VECTOR('',#16339,1.0);
#14560=CARTESIAN_POINT('',(14.9,2.79999999999999,2.0));
#14561=CARTESIAN_POINT('',(4.4,2.79999999999999,2.0));
#14562=VECTOR('',#16340,1.0);
#14563=CARTESIAN_POINT('',(14.9,2.79999999999999,1.8));
#14564=CARTESIAN_POINT('',(14.9,2.79999999999999,2.0));
#14565=VECTOR('',#16341,1.0);
#14566=CARTESIAN_POINT('',(-8.0971953775145,2.79999999999999,1.8));
#14567=VECTOR('',#16342,1.0);
#14568=CARTESIAN_POINT('',(16.2000000000001,2.79999999999999,0.0));
#14569=CARTESIAN_POINT('',(14.9,2.79999999999999,0.0));
#14570=VECTOR('',#16343,1.0);
#14571=CARTESIAN_POINT('',(16.2000000000001,2.79999999999999,0.0));
#14572=VECTOR('',#16344,1.0);
#14573=COLOUR_RGB('',0.313725501298904,0.313725501298904,0.313725501298904);
#14574=CARTESIAN_POINT('',(14.9,2.40871205009159,1.8));
#14575=CARTESIAN_POINT('',(14.9,2.40871205009159,1.8));
#14576=VECTOR('',#16345,1.0);
#14577=AXIS2_PLACEMENT_3D('',#16346,#16347,#16348);
#14578=CARTESIAN_POINT('',(14.9,0.0,1.8));
#14579=CARTESIAN_POINT('',(14.9,0.0,1.8));
#14580=VECTOR('',#16349,1.0);
#14581=CARTESIAN_POINT('',(-8.0971953775145,0.0,1.8));
#14582=VECTOR('',#16350,1.0);
#14583=CARTESIAN_POINT('',(16.05,1.4,1.8));
#14584=CARTESIAN_POINT('',(15.55,0.9,1.8));
#14585=AXIS2_PLACEMENT_3D('',#16351,#16352,#16353);
#14586=CARTESIAN_POINT('',(15.05,1.4,1.8));
#14587=AXIS2_PLACEMENT_3D('',#16354,#16355,#16356);
#14588=AXIS2_PLACEMENT_3D('',#16357,#16358,#16359);
#14589=COLOUR_RGB('',0.313725501298904,0.313725501298904,0.313725501298904);
#14590=CARTESIAN_POINT('',(16.05,1.4,0.0));
#14591=VECTOR('',#16360,1.0);
#14592=CARTESIAN_POINT('',(15.05,1.4,0.0));
#14593=VECTOR('',#16361,1.0);
#14594=COLOUR_RGB('',0.313725501298904,0.313725501298904,0.313725501298904);
#14595=CARTESIAN_POINT('',(14.9,0.0,2.0));
#14596=CARTESIAN_POINT('',(14.9,-6.13860164424137,2.0));
#14597=VECTOR('',#16362,1.0);
#14598=CARTESIAN_POINT('',(14.9,0.0,2.0));
#14599=VECTOR('',#16363,1.0);
#14600=COLOUR_RGB('',0.313725501298904,0.313725501298904,0.313725501298904);
#14601=CARTESIAN_POINT('',(14.9,2.40871205009159,2.0));
#14602=CARTESIAN_POINT('',(14.9,-6.13860164424137,2.0));
#14603=VECTOR('',#16364,1.0);
#14604=CARTESIAN_POINT('',(5.7,0.0,2.0));
#14605=VECTOR('',#16365,1.0);
#14606=AXIS2_PLACEMENT_3D('',#16366,#16367,#16368);
#14607=COLOUR_RGB('',0.313725501298904,0.313725501298904,0.313725501298904);
#14608=CARTESIAN_POINT('',(14.9,2.40871205009159,2.0));
#14609=VECTOR('',#16369,1.0);
#14610=COLOUR_RGB('',0.313725501298904,0.313725501298904,0.313725501298904);
#14611=COLOUR_RGB('',0.313725501298904,0.313725501298904,0.313725501298904);
#14612=CARTESIAN_POINT('',(14.9,0.0,0.0));
#14613=CARTESIAN_POINT('',(5.7,0.0,0.0));
#14614=VECTOR('',#16370,1.0);
#14615=CARTESIAN_POINT('',(14.9,0.0,0.0));
#14616=VECTOR('',#16371,1.0);
#14617=CARTESIAN_POINT('',(16.2,0.0,0.0));
#14618=CARTESIAN_POINT('',(16.2,0.0,0.0));
#14619=VECTOR('',#16372,1.0);
#14620=CARTESIAN_POINT('',(16.2,0.0,0.0));
#14621=VECTOR('',#16373,1.0);
#14622=COLOUR_RGB('',0.313725501298904,0.313725501298904,0.313725501298904);
#14623=CARTESIAN_POINT('',(14.9,0.391287949908401,0.0));
#14624=AXIS2_PLACEMENT_3D('',#16374,#16375,#16376);
#14625=CARTESIAN_POINT('',(14.9,-6.13860164424137,0.0));
#14626=VECTOR('',#16377,1.0);
#14627=CARTESIAN_POINT('',(14.9,-6.13860164424137,0.0));
#14628=VECTOR('',#16378,1.0);
#14629=COLOUR_RGB('',0.313725501298904,0.313725501298904,0.313725501298904);
#14630=CARTESIAN_POINT('',(14.9,0.391287949908401,0.0));
#14631=VECTOR('',#16379,1.0);
#14632=COLOUR_RGB('',0.313725501298904,0.313725501298904,0.313725501298904);
#14633=COLOUR_RGB('',0.313725501298904,0.313725501298904,0.313725501298904);
#14634=COLOUR_RGB('',0.313725501298904,0.313725501298904,0.313725501298904);
#14635=CARTESIAN_POINT('',(16.2000000000001,0.391287949908401,0.0));
#14636=CARTESIAN_POINT('',(16.2000000000001,0.391287949908401,0.0));
#14637=VECTOR('',#16380,1.0);
#14638=CARTESIAN_POINT('',(16.1999999999999,-6.13860164424137,0.0));
#14639=VECTOR('',#16381,1.0);
#14640=COLOUR_RGB('',0.313725501298904,0.313725501298904,0.313725501298904);
#14641=AXIS2_PLACEMENT_3D('',#16382,#16383,#16384);
#14642=CARTESIAN_POINT('',(16.2000000000001,-6.13860164424137,0.0));
#14643=VECTOR('',#16385,1.0);
#14644=COLOUR_RGB('',0.313725501298904,0.313725501298904,0.313725501298904);
#14645=COLOUR_RGB('',0.313725501298904,0.313725501298904,0.313725501298904);
#14646=COLOUR_RGB('',0.313725501298904,0.313725501298904,0.313725501298904);
#14647=COLOUR_RGB('',0.313725501298904,0.313725501298904,0.313725501298904);
#14648=COLOUR_RGB('',0.313725501298904,0.313725501298904,0.313725501298904);
#14649=COLOUR_RGB('',0.313725501298904,0.313725501298904,0.313725501298904);
#14650=COLOUR_RGB('',0.313725501298904,0.313725501298904,0.313725501298904);
#14651=COLOUR_RGB('',0.313725501298904,0.313725501298904,0.313725501298904);
#14652=COLOUR_RGB('',0.313725501298904,0.313725501298904,0.313725501298904);
#14653=COLOUR_RGB('',0.313725501298904,0.313725501298904,0.313725501298904);
#14654=COLOUR_RGB('',0.313725501298904,0.313725501298904,0.313725501298904);
#14655=COLOUR_RGB('',0.313725501298904,0.313725501298904,0.313725501298904);
#14656=CARTESIAN_POINT('',(0.900000000000297,-6.13860164424137,0.0));
#14657=VECTOR('',#16386,1.0);
#14658=COLOUR_RGB('',0.313725501298904,0.313725501298904,0.313725501298904);
#14659=COLOUR_RGB('',0.313725501298904,0.313725501298904,0.313725501298904);
#14660=CARTESIAN_POINT('',(0.900000000000297,-6.13860164424137,2.0));
#14661=VECTOR('',#16387,1.0);
#14662=COLOUR_RGB('',0.313725501298904,0.313725501298904,0.313725501298904);
#14663=COLOUR_RGB('',0.313725501298904,0.313725501298904,0.313725501298904);
#14664=COLOUR_RGB('',0.627451002597809,0.129411771893501,0.156862750649452);
#14665=CARTESIAN_POINT('',(0.950000000000003,1.4,-0.5));
#14666=CARTESIAN_POINT('',(2.15,1.4,-0.5));
#14667=AXIS2_PLACEMENT_3D('',#16388,#16389,#16390);
#14668=CARTESIAN_POINT('',(0.950000000000003,1.4,0.0));
#14669=CARTESIAN_POINT('',(0.950000000000003,1.4,0.0));
#14670=VECTOR('',#16391,1.0);
#14671=CARTESIAN_POINT('',(2.15,1.4,0.0));
#14672=AXIS2_PLACEMENT_3D('',#16392,#16393,#16394);
#14673=CARTESIAN_POINT('',(2.15,1.4,0.0));
#14674=VECTOR('',#16395,1.0);
#14675=COLOUR_RGB('',0.627451002597809,0.129411771893501,0.156862750649452);
#14676=AXIS2_PLACEMENT_3D('',#16396,#16397,#16398);
#14677=AXIS2_PLACEMENT_3D('',#16399,#16400,#16401);
#14678=COLOUR_RGB('',0.627451002597809,0.129411771893501,0.156862750649452);
#14679=COLOUR_RGB('',0.627451002597809,0.129411771893501,0.156862750649452);
#14680=COLOUR_RGB('',0.313725501298904,0.313725501298904,0.313725501298904);
#14681=COLOUR_RGB('',0.823529481887817,0.823529481887817,0.784313797950745);
#14682=CARTESIAN_POINT('',(4.55,1.39999999999999,8.2339745962156));
#14683=CARTESIAN_POINT('',(5.55,1.39999999999999,8.2339745962156));
#14684=AXIS2_PLACEMENT_3D('',#16402,#16403,#16404);
#14685=CARTESIAN_POINT('',(5.05,1.39999999999999,9.1));
#14686=AXIS2_PLACEMENT_3D('',#16405,#16406,#16407);
#14687=AXIS2_PLACEMENT_3D('',#16408,#16409,#16410);
#14688=COLOUR_RGB('',0.823529481887817,0.823529481887817,0.784313797950745);
#14689=CARTESIAN_POINT('',(4.55,1.39999999999999,-3.0339745962156));
#14690=CARTESIAN_POINT('',(5.55,1.39999999999999,-3.0339745962156));
#14691=AXIS2_PLACEMENT_3D('',#16411,#16412,#16413);
#14692=CARTESIAN_POINT('',(5.05,1.39999999999999,-3.9));
#14693=AXIS2_PLACEMENT_3D('',#16414,#16415,#16416);
#14694=AXIS2_PLACEMENT_3D('',#16417,#16418,#16419);
#14695=COLOUR_RGB('',0.823529481887817,0.823529481887817,0.784313797950745);
#14696=CARTESIAN_POINT('',(5.55,1.39999999999999,1.13301270189221));
#14697=VECTOR('',#16420,1.0);
#14698=CARTESIAN_POINT('',(4.55,1.39999999999999,1.13301270189221));
#14699=VECTOR('',#16421,1.0);
#14700=COLOUR_RGB('',0.823529481887817,0.823529481887817,0.784313797950745);
#14701=AXIS2_PLACEMENT_3D('',#16422,#16423,#16424);
#14702=AXIS2_PLACEMENT_3D('',#16425,#16426,#16427);
#14703=COLOUR_RGB('',0.823529481887817,0.823529481887817,0.784313797950745);
#14704=COLOUR_RGB('',0.823529481887817,0.823529481887817,0.784313797950745);
#14705=COLOUR_RGB('',0.313725501298904,0.313725501298904,0.313725501298904);
#14706=COLOUR_RGB('',0.823529481887817,0.823529481887817,0.784313797950745);
#14707=CARTESIAN_POINT('',(1.05,1.39999999999999,8.2339745962156));
#14708=CARTESIAN_POINT('',(2.05,1.39999999999999,8.2339745962156));
#14709=AXIS2_PLACEMENT_3D('',#16428,#16429,#16430);
#14710=CARTESIAN_POINT('',(1.55,1.39999999999999,9.1));
#14711=AXIS2_PLACEMENT_3D('',#16431,#16432,#16433);
#14712=AXIS2_PLACEMENT_3D('',#16434,#16435,#16436);
#14713=COLOUR_RGB('',0.823529481887817,0.823529481887817,0.784313797950745);
#14714=CARTESIAN_POINT('',(1.05,1.39999999999999,-3.0339745962156));
#14715=CARTESIAN_POINT('',(2.05,1.39999999999999,-3.0339745962156));
#14716=AXIS2_PLACEMENT_3D('',#16437,#16438,#16439);
#14717=CARTESIAN_POINT('',(1.55,1.39999999999999,-3.9));
#14718=AXIS2_PLACEMENT_3D('',#16440,#16441,#16442);
#14719=AXIS2_PLACEMENT_3D('',#16443,#16444,#16445);
#14720=COLOUR_RGB('',0.823529481887817,0.823529481887817,0.784313797950745);
#14721=CARTESIAN_POINT('',(2.05,1.39999999999999,1.13301270189221));
#14722=VECTOR('',#16446,1.0);
#14723=CARTESIAN_POINT('',(1.05,1.39999999999999,1.13301270189221));
#14724=VECTOR('',#16447,1.0);
#14725=COLOUR_RGB('',0.823529481887817,0.823529481887817,0.784313797950745);
#14726=AXIS2_PLACEMENT_3D('',#16448,#16449,#16450);
#14727=AXIS2_PLACEMENT_3D('',#16451,#16452,#16453);
#14728=COLOUR_RGB('',0.823529481887817,0.823529481887817,0.784313797950745);
#14729=COLOUR_RGB('',0.823529481887817,0.823529481887817,0.784313797950745);
#14730=COLOUR_RGB('',0.313725501298904,0.313725501298904,0.313725501298904);
#14731=COLOUR_RGB('',0.823529481887817,0.823529481887817,0.784313797950745);
#14732=CARTESIAN_POINT('',(29.05,1.39999999999999,8.2339745962156));
#14733=CARTESIAN_POINT('',(30.05,1.39999999999999,8.2339745962156));
#14734=AXIS2_PLACEMENT_3D('',#16454,#16455,#16456);
#14735=CARTESIAN_POINT('',(29.55,1.39999999999999,9.1));
#14736=AXIS2_PLACEMENT_3D('',#16457,#16458,#16459);
#14737=AXIS2_PLACEMENT_3D('',#16460,#16461,#16462);
#14738=COLOUR_RGB('',0.823529481887817,0.823529481887817,0.784313797950745);
#14739=CARTESIAN_POINT('',(29.05,1.39999999999999,-3.0339745962156));
#14740=CARTESIAN_POINT('',(30.05,1.39999999999999,-3.0339745962156));
#14741=AXIS2_PLACEMENT_3D('',#16463,#16464,#16465);
#14742=CARTESIAN_POINT('',(29.55,1.39999999999999,-3.9));
#14743=AXIS2_PLACEMENT_3D('',#16466,#16467,#16468);
#14744=AXIS2_PLACEMENT_3D('',#16469,#16470,#16471);
#14745=COLOUR_RGB('',0.823529481887817,0.823529481887817,0.784313797950745);
#14746=CARTESIAN_POINT('',(30.05,1.39999999999999,1.13301270189221));
#14747=VECTOR('',#16472,1.0);
#14748=CARTESIAN_POINT('',(29.05,1.39999999999999,1.13301270189221));
#14749=VECTOR('',#16473,1.0);
#14750=COLOUR_RGB('',0.823529481887817,0.823529481887817,0.784313797950745);
#14751=AXIS2_PLACEMENT_3D('',#16474,#16475,#16476);
#14752=AXIS2_PLACEMENT_3D('',#16477,#16478,#16479);
#14753=COLOUR_RGB('',0.823529481887817,0.823529481887817,0.784313797950745);
#14754=COLOUR_RGB('',0.823529481887817,0.823529481887817,0.784313797950745);
#14755=COLOUR_RGB('',0.313725501298904,0.313725501298904,0.313725501298904);
#14756=COLOUR_RGB('',0.627451002597809,0.129411771893501,0.156862750649452);
#14757=CARTESIAN_POINT('',(4.45,1.4,-0.5));
#14758=CARTESIAN_POINT('',(5.65,1.4,-0.5));
#14759=AXIS2_PLACEMENT_3D('',#16480,#16481,#16482);
#14760=CARTESIAN_POINT('',(4.45,1.4,0.0));
#14761=CARTESIAN_POINT('',(4.45,1.4,0.0));
#14762=VECTOR('',#16483,1.0);
#14763=CARTESIAN_POINT('',(5.65,1.4,0.0));
#14764=AXIS2_PLACEMENT_3D('',#16484,#16485,#16486);
#14765=CARTESIAN_POINT('',(5.65,1.4,0.0));
#14766=VECTOR('',#16487,1.0);
#14767=COLOUR_RGB('',0.627451002597809,0.129411771893501,0.156862750649452);
#14768=AXIS2_PLACEMENT_3D('',#16488,#16489,#16490);
#14769=AXIS2_PLACEMENT_3D('',#16491,#16492,#16493);
#14770=COLOUR_RGB('',0.627451002597809,0.129411771893501,0.156862750649452);
#14771=COLOUR_RGB('',0.627451002597809,0.129411771893501,0.156862750649452);
#14772=COLOUR_RGB('',0.313725501298904,0.313725501298904,0.313725501298904);
#14773=COLOUR_RGB('',0.627451002597809,0.129411771893501,0.156862750649452);
#14774=CARTESIAN_POINT('',(25.45,1.4,-0.5));
#14775=CARTESIAN_POINT('',(26.65,1.4,-0.5));
#14776=AXIS2_PLACEMENT_3D('',#16494,#16495,#16496);
#14777=CARTESIAN_POINT('',(25.45,1.4,0.0));
#14778=CARTESIAN_POINT('',(25.45,1.4,0.0));
#14779=VECTOR('',#16497,1.0);
#14780=CARTESIAN_POINT('',(26.65,1.4,0.0));
#14781=AXIS2_PLACEMENT_3D('',#16498,#16499,#16500);
#14782=CARTESIAN_POINT('',(26.65,1.4,0.0));
#14783=VECTOR('',#16501,1.0);
#14784=COLOUR_RGB('',0.627451002597809,0.129411771893501,0.156862750649452);
#14785=AXIS2_PLACEMENT_3D('',#16502,#16503,#16504);
#14786=AXIS2_PLACEMENT_3D('',#16505,#16506,#16507);
#14787=COLOUR_RGB('',0.627451002597809,0.129411771893501,0.156862750649452);
#14788=COLOUR_RGB('',0.627451002597809,0.129411771893501,0.156862750649452);
#14789=COLOUR_RGB('',0.313725501298904,0.313725501298904,0.313725501298904);
#14790=COLOUR_RGB('',0.627451002597809,0.129411771893501,0.156862750649452);
#14791=CARTESIAN_POINT('',(28.95,1.4,-0.5));
#14792=CARTESIAN_POINT('',(30.15,1.4,-0.5));
#14793=AXIS2_PLACEMENT_3D('',#16508,#16509,#16510);
#14794=CARTESIAN_POINT('',(28.95,1.4,0.0));
#14795=CARTESIAN_POINT('',(28.95,1.4,0.0));
#14796=VECTOR('',#16511,1.0);
#14797=CARTESIAN_POINT('',(30.15,1.4,0.0));
#14798=AXIS2_PLACEMENT_3D('',#16512,#16513,#16514);
#14799=CARTESIAN_POINT('',(30.15,1.4,0.0));
#14800=VECTOR('',#16515,1.0);
#14801=COLOUR_RGB('',0.627451002597809,0.129411771893501,0.156862750649452);
#14802=AXIS2_PLACEMENT_3D('',#16516,#16517,#16518);
#14803=AXIS2_PLACEMENT_3D('',#16519,#16520,#16521);
#14804=COLOUR_RGB('',0.627451002597809,0.129411771893501,0.156862750649452);
#14805=COLOUR_RGB('',0.627451002597809,0.129411771893501,0.156862750649452);
#14806=COLOUR_RGB('',0.313725501298904,0.313725501298904,0.313725501298904);
#14807=CARTESIAN_POINT('',(33.05,1.39999999999999,8.2339745962156));
#14808=DIRECTION('',(0.0,0.0,-1.0));
#14809=DIRECTION('',(1.0,0.0,0.0));
#14810=CARTESIAN_POINT('',(33.8247967278116,1.39999999999999,8.0753206314411));
#14811=DIRECTION('',(0.0,1.0,0.0));
#14812=DIRECTION('',(0.0,0.0,1.0));
#14813=CARTESIAN_POINT('',(32.2752032721884,1.39999999999999,8.0753206314411));
#14814=DIRECTION('',(0.0,-1.0,0.0));
#14815=DIRECTION('',(0.0,0.0,1.0));
#14816=CARTESIAN_POINT('',(33.05,1.39999999999999,-3.0339745962156));
#14817=DIRECTION('',(0.0,0.0,-1.0));
#14818=DIRECTION('',(1.0,0.0,0.0));
#14819=CARTESIAN_POINT('',(32.2752032721884,1.39999999999999,-2.8753206314411));
#14820=DIRECTION('',(0.0,-1.0,0.0));
#14821=DIRECTION('',(0.0,0.0,1.0));
#14822=CARTESIAN_POINT('',(33.8247967278116,1.39999999999999,-2.8753206314411));
#14823=DIRECTION('',(0.0,1.0,0.0));
#14824=DIRECTION('',(0.0,0.0,1.0));
#14825=DIRECTION('',(0.0,0.0,-1.0));
#14826=DIRECTION('',(0.0,0.0,-1.0));
#14827=CARTESIAN_POINT('',(33.05,1.39999999999999,8.2339745962156));
#14828=DIRECTION('',(0.0,0.0,-1.0));
#14829=DIRECTION('',(1.0,0.0,0.0));
#14830=CARTESIAN_POINT('',(33.05,1.39999999999999,-3.0339745962156));
#14831=DIRECTION('',(0.0,0.0,-1.0));
#14832=DIRECTION('',(1.0,0.0,0.0));
#14833=CARTESIAN_POINT('',(33.05,1.4,-0.5));
#14834=DIRECTION('',(0.0,0.0,-1.0));
#14835=DIRECTION('',(1.0,0.0,0.0));
#14836=DIRECTION('',(0.0,0.0,-1.0));
#14837=CARTESIAN_POINT('',(33.05,1.4,0.0));
#14838=DIRECTION('',(0.0,0.0,-1.0));
#14839=DIRECTION('',(1.0,0.0,0.0));
#14840=DIRECTION('',(0.0,0.0,-1.0));
#14841=CARTESIAN_POINT('',(33.05,1.4,0.0));
#14842=DIRECTION('',(0.0,0.0,-1.0));
#14843=DIRECTION('',(1.0,0.0,0.0));
#14844=CARTESIAN_POINT('',(33.05,1.4,-0.5));
#14845=DIRECTION('',(0.0,0.0,-1.0));
#14846=DIRECTION('',(1.0,0.0,0.0));
#14847=CARTESIAN_POINT('',(22.55,1.4,-0.5));
#14848=DIRECTION('',(0.0,0.0,-1.0));
#14849=DIRECTION('',(1.0,0.0,0.0));
#14850=DIRECTION('',(0.0,0.0,-1.0));
#14851=CARTESIAN_POINT('',(22.55,1.4,0.0));
#14852=DIRECTION('',(0.0,0.0,-1.0));
#14853=DIRECTION('',(1.0,0.0,0.0));
#14854=DIRECTION('',(0.0,0.0,-1.0));
#14855=CARTESIAN_POINT('',(22.55,1.4,0.0));
#14856=DIRECTION('',(0.0,0.0,-1.0));
#14857=DIRECTION('',(1.0,0.0,0.0));
#14858=CARTESIAN_POINT('',(22.55,1.4,-0.5));
#14859=DIRECTION('',(0.0,0.0,-1.0));
#14860=DIRECTION('',(1.0,0.0,0.0));
#14861=CARTESIAN_POINT('',(19.05,1.4,-0.5));
#14862=DIRECTION('',(0.0,0.0,-1.0));
#14863=DIRECTION('',(1.0,0.0,0.0));
#14864=DIRECTION('',(0.0,0.0,-1.0));
#14865=CARTESIAN_POINT('',(19.05,1.4,0.0));
#14866=DIRECTION('',(0.0,0.0,-1.0));
#14867=DIRECTION('',(1.0,0.0,0.0));
#14868=DIRECTION('',(0.0,0.0,-1.0));
#14869=CARTESIAN_POINT('',(19.05,1.4,0.0));
#14870=DIRECTION('',(0.0,0.0,-1.0));
#14871=DIRECTION('',(1.0,0.0,0.0));
#14872=CARTESIAN_POINT('',(19.05,1.4,-0.5));
#14873=DIRECTION('',(0.0,0.0,-1.0));
#14874=DIRECTION('',(1.0,0.0,0.0));
#14875=CARTESIAN_POINT('',(15.55,1.4,-0.5));
#14876=DIRECTION('',(0.0,0.0,-1.0));
#14877=DIRECTION('',(1.0,0.0,0.0));
#14878=DIRECTION('',(0.0,0.0,-1.0));
#14879=CARTESIAN_POINT('',(15.55,1.4,0.0));
#14880=DIRECTION('',(0.0,0.0,-1.0));
#14881=DIRECTION('',(1.0,0.0,0.0));
#14882=DIRECTION('',(0.0,0.0,-1.0));
#14883=CARTESIAN_POINT('',(15.55,1.4,0.0));
#14884=DIRECTION('',(0.0,0.0,-1.0));
#14885=DIRECTION('',(1.0,0.0,0.0));
#14886=CARTESIAN_POINT('',(15.55,1.4,-0.5));
#14887=DIRECTION('',(0.0,0.0,-1.0));
#14888=DIRECTION('',(1.0,0.0,0.0));
#14889=CARTESIAN_POINT('',(12.05,1.4,-0.5));
#14890=DIRECTION('',(0.0,0.0,-1.0));
#14891=DIRECTION('',(1.0,0.0,0.0));
#14892=DIRECTION('',(0.0,0.0,-1.0));
#14893=CARTESIAN_POINT('',(12.05,1.4,0.0));
#14894=DIRECTION('',(0.0,0.0,-1.0));
#14895=DIRECTION('',(1.0,0.0,0.0));
#14896=DIRECTION('',(0.0,0.0,-1.0));
#14897=CARTESIAN_POINT('',(12.05,1.4,0.0));
#14898=DIRECTION('',(0.0,0.0,-1.0));
#14899=DIRECTION('',(1.0,0.0,0.0));
#14900=CARTESIAN_POINT('',(12.05,1.4,-0.5));
#14901=DIRECTION('',(0.0,0.0,-1.0));
#14902=DIRECTION('',(1.0,0.0,0.0));
#14903=CARTESIAN_POINT('',(8.55,1.4,-0.5));
#14904=DIRECTION('',(0.0,0.0,-1.0));
#14905=DIRECTION('',(1.0,0.0,0.0));
#14906=DIRECTION('',(0.0,0.0,-1.0));
#14907=CARTESIAN_POINT('',(8.55,1.4,0.0));
#14908=DIRECTION('',(0.0,0.0,-1.0));
#14909=DIRECTION('',(1.0,0.0,0.0));
#14910=DIRECTION('',(0.0,0.0,-1.0));
#14911=CARTESIAN_POINT('',(8.55,1.4,0.0));
#14912=DIRECTION('',(0.0,0.0,-1.0));
#14913=DIRECTION('',(1.0,0.0,0.0));
#14914=CARTESIAN_POINT('',(8.55,1.4,-0.5));
#14915=DIRECTION('',(0.0,0.0,-1.0));
#14916=DIRECTION('',(1.0,0.0,0.0));
#14917=CARTESIAN_POINT('',(26.05,1.39999999999999,8.2339745962156));
#14918=DIRECTION('',(0.0,0.0,-1.0));
#14919=DIRECTION('',(1.0,0.0,0.0));
#14920=CARTESIAN_POINT('',(26.8247967278116,1.39999999999999,8.0753206314411));
#14921=DIRECTION('',(0.0,1.0,0.0));
#14922=DIRECTION('',(0.0,0.0,1.0));
#14923=CARTESIAN_POINT('',(25.2752032721884,1.39999999999999,8.0753206314411));
#14924=DIRECTION('',(0.0,-1.0,0.0));
#14925=DIRECTION('',(0.0,0.0,1.0));
#14926=CARTESIAN_POINT('',(26.05,1.39999999999999,-3.0339745962156));
#14927=DIRECTION('',(0.0,0.0,-1.0));
#14928=DIRECTION('',(1.0,0.0,0.0));
#14929=CARTESIAN_POINT('',(25.2752032721884,1.39999999999999,-2.8753206314411));
#14930=DIRECTION('',(0.0,-1.0,0.0));
#14931=DIRECTION('',(0.0,0.0,1.0));
#14932=CARTESIAN_POINT('',(26.8247967278116,1.39999999999999,-2.8753206314411));
#14933=DIRECTION('',(0.0,1.0,0.0));
#14934=DIRECTION('',(0.0,0.0,1.0));
#14935=DIRECTION('',(0.0,0.0,-1.0));
#14936=DIRECTION('',(0.0,0.0,-1.0));
#14937=CARTESIAN_POINT('',(26.05,1.39999999999999,8.2339745962156));
#14938=DIRECTION('',(0.0,0.0,-1.0));
#14939=DIRECTION('',(1.0,0.0,0.0));
#14940=CARTESIAN_POINT('',(26.05,1.39999999999999,-3.0339745962156));
#14941=DIRECTION('',(0.0,0.0,-1.0));
#14942=DIRECTION('',(1.0,0.0,0.0));
#14943=CARTESIAN_POINT('',(22.55,1.39999999999999,8.2339745962156));
#14944=DIRECTION('',(0.0,0.0,-1.0));
#14945=DIRECTION('',(1.0,0.0,0.0));
#14946=CARTESIAN_POINT('',(23.3247967278116,1.39999999999999,8.0753206314411));
#14947=DIRECTION('',(0.0,1.0,0.0));
#14948=DIRECTION('',(0.0,0.0,1.0));
#14949=CARTESIAN_POINT('',(21.7752032721884,1.39999999999999,8.0753206314411));
#14950=DIRECTION('',(0.0,-1.0,0.0));
#14951=DIRECTION('',(0.0,0.0,1.0));
#14952=CARTESIAN_POINT('',(22.55,1.39999999999999,-3.0339745962156));
#14953=DIRECTION('',(0.0,0.0,-1.0));
#14954=DIRECTION('',(1.0,0.0,0.0));
#14955=CARTESIAN_POINT('',(21.7752032721884,1.39999999999999,-2.8753206314411));
#14956=DIRECTION('',(0.0,-1.0,0.0));
#14957=DIRECTION('',(0.0,0.0,1.0));
#14958=CARTESIAN_POINT('',(23.3247967278116,1.39999999999999,-2.8753206314411));
#14959=DIRECTION('',(0.0,1.0,0.0));
#14960=DIRECTION('',(0.0,0.0,1.0));
#14961=DIRECTION('',(0.0,0.0,-1.0));
#14962=DIRECTION('',(0.0,0.0,-1.0));
#14963=CARTESIAN_POINT('',(22.55,1.39999999999999,8.2339745962156));
#14964=DIRECTION('',(0.0,0.0,-1.0));
#14965=DIRECTION('',(1.0,0.0,0.0));
#14966=CARTESIAN_POINT('',(22.55,1.39999999999999,-3.0339745962156));
#14967=DIRECTION('',(0.0,0.0,-1.0));
#14968=DIRECTION('',(1.0,0.0,0.0));
#14969=CARTESIAN_POINT('',(19.05,1.39999999999999,8.2339745962156));
#14970=DIRECTION('',(0.0,0.0,-1.0));
#14971=DIRECTION('',(1.0,0.0,0.0));
#14972=CARTESIAN_POINT('',(19.8247967278116,1.39999999999999,8.0753206314411));
#14973=DIRECTION('',(0.0,1.0,0.0));
#14974=DIRECTION('',(0.0,0.0,1.0));
#14975=CARTESIAN_POINT('',(18.2752032721884,1.39999999999999,8.0753206314411));
#14976=DIRECTION('',(0.0,-1.0,0.0));
#14977=DIRECTION('',(0.0,0.0,1.0));
#14978=CARTESIAN_POINT('',(19.05,1.39999999999999,-3.0339745962156));
#14979=DIRECTION('',(0.0,0.0,-1.0));
#14980=DIRECTION('',(1.0,0.0,0.0));
#14981=CARTESIAN_POINT('',(18.2752032721884,1.39999999999999,-2.8753206314411));
#14982=DIRECTION('',(0.0,-1.0,0.0));
#14983=DIRECTION('',(0.0,0.0,1.0));
#14984=CARTESIAN_POINT('',(19.8247967278116,1.39999999999999,-2.8753206314411));
#14985=DIRECTION('',(0.0,1.0,0.0));
#14986=DIRECTION('',(0.0,0.0,1.0));
#14987=DIRECTION('',(0.0,0.0,-1.0));
#14988=DIRECTION('',(0.0,0.0,-1.0));
#14989=CARTESIAN_POINT('',(19.05,1.39999999999999,8.2339745962156));
#14990=DIRECTION('',(0.0,0.0,-1.0));
#14991=DIRECTION('',(1.0,0.0,0.0));
#14992=CARTESIAN_POINT('',(19.05,1.39999999999999,-3.0339745962156));
#14993=DIRECTION('',(0.0,0.0,-1.0));
#14994=DIRECTION('',(1.0,0.0,0.0));
#14995=CARTESIAN_POINT('',(15.55,1.39999999999999,8.2339745962156));
#14996=DIRECTION('',(0.0,0.0,-1.0));
#14997=DIRECTION('',(1.0,0.0,0.0));
#14998=CARTESIAN_POINT('',(16.3247967278116,1.39999999999999,8.0753206314411));
#14999=DIRECTION('',(0.0,1.0,0.0));
#15000=DIRECTION('',(0.0,0.0,1.0));
#15001=CARTESIAN_POINT('',(14.7752032721884,1.39999999999999,8.0753206314411));
#15002=DIRECTION('',(0.0,-1.0,0.0));
#15003=DIRECTION('',(0.0,0.0,1.0));
#15004=CARTESIAN_POINT('',(15.55,1.39999999999999,-3.0339745962156));
#15005=DIRECTION('',(0.0,0.0,-1.0));
#15006=DIRECTION('',(1.0,0.0,0.0));
#15007=CARTESIAN_POINT('',(14.7752032721884,1.39999999999999,-2.8753206314411));
#15008=DIRECTION('',(0.0,-1.0,0.0));
#15009=DIRECTION('',(0.0,0.0,1.0));
#15010=CARTESIAN_POINT('',(16.3247967278116,1.39999999999999,-2.8753206314411));
#15011=DIRECTION('',(0.0,1.0,0.0));
#15012=DIRECTION('',(0.0,0.0,1.0));
#15013=DIRECTION('',(0.0,0.0,-1.0));
#15014=DIRECTION('',(0.0,0.0,-1.0));
#15015=CARTESIAN_POINT('',(15.55,1.39999999999999,8.2339745962156));
#15016=DIRECTION('',(0.0,0.0,-1.0));
#15017=DIRECTION('',(1.0,0.0,0.0));
#15018=CARTESIAN_POINT('',(15.55,1.39999999999999,-3.0339745962156));
#15019=DIRECTION('',(0.0,0.0,-1.0));
#15020=DIRECTION('',(1.0,0.0,0.0));
#15021=CARTESIAN_POINT('',(12.05,1.39999999999999,8.2339745962156));
#15022=DIRECTION('',(0.0,0.0,-1.0));
#15023=DIRECTION('',(1.0,0.0,0.0));
#15024=CARTESIAN_POINT('',(12.8247967278116,1.39999999999999,8.0753206314411));
#15025=DIRECTION('',(0.0,1.0,0.0));
#15026=DIRECTION('',(0.0,0.0,1.0));
#15027=CARTESIAN_POINT('',(11.2752032721884,1.39999999999999,8.0753206314411));
#15028=DIRECTION('',(0.0,-1.0,0.0));
#15029=DIRECTION('',(0.0,0.0,1.0));
#15030=CARTESIAN_POINT('',(12.05,1.39999999999999,-3.0339745962156));
#15031=DIRECTION('',(0.0,0.0,-1.0));
#15032=DIRECTION('',(1.0,0.0,0.0));
#15033=CARTESIAN_POINT('',(11.2752032721884,1.39999999999999,-2.8753206314411));
#15034=DIRECTION('',(0.0,-1.0,0.0));
#15035=DIRECTION('',(0.0,0.0,1.0));
#15036=CARTESIAN_POINT('',(12.8247967278116,1.39999999999999,-2.8753206314411));
#15037=DIRECTION('',(0.0,1.0,0.0));
#15038=DIRECTION('',(0.0,0.0,1.0));
#15039=DIRECTION('',(0.0,0.0,-1.0));
#15040=DIRECTION('',(0.0,0.0,-1.0));
#15041=CARTESIAN_POINT('',(12.05,1.39999999999999,8.2339745962156));
#15042=DIRECTION('',(0.0,0.0,-1.0));
#15043=DIRECTION('',(1.0,0.0,0.0));
#15044=CARTESIAN_POINT('',(12.05,1.39999999999999,-3.0339745962156));
#15045=DIRECTION('',(0.0,0.0,-1.0));
#15046=DIRECTION('',(1.0,0.0,0.0));
#15047=CARTESIAN_POINT('',(8.55,1.39999999999999,8.2339745962156));
#15048=DIRECTION('',(0.0,0.0,-1.0));
#15049=DIRECTION('',(1.0,0.0,0.0));
#15050=CARTESIAN_POINT('',(9.3247967278116,1.39999999999999,8.0753206314411));
#15051=DIRECTION('',(0.0,1.0,0.0));
#15052=DIRECTION('',(0.0,0.0,1.0));
#15053=CARTESIAN_POINT('',(7.7752032721884,1.39999999999999,8.0753206314411));
#15054=DIRECTION('',(0.0,-1.0,0.0));
#15055=DIRECTION('',(0.0,0.0,1.0));
#15056=CARTESIAN_POINT('',(8.55,1.39999999999999,-3.0339745962156));
#15057=DIRECTION('',(0.0,0.0,-1.0));
#15058=DIRECTION('',(1.0,0.0,0.0));
#15059=CARTESIAN_POINT('',(7.7752032721884,1.39999999999999,-2.8753206314411));
#15060=DIRECTION('',(0.0,-1.0,0.0));
#15061=DIRECTION('',(0.0,0.0,1.0));
#15062=CARTESIAN_POINT('',(9.3247967278116,1.39999999999999,-2.8753206314411));
#15063=DIRECTION('',(0.0,1.0,0.0));
#15064=DIRECTION('',(0.0,0.0,1.0));
#15065=DIRECTION('',(0.0,0.0,-1.0));
#15066=DIRECTION('',(0.0,0.0,-1.0));
#15067=CARTESIAN_POINT('',(8.55,1.39999999999999,8.2339745962156));
#15068=DIRECTION('',(0.0,0.0,-1.0));
#15069=DIRECTION('',(1.0,0.0,0.0));
#15070=CARTESIAN_POINT('',(8.55,1.39999999999999,-3.0339745962156));
#15071=DIRECTION('',(0.0,0.0,-1.0));
#15072=DIRECTION('',(1.0,0.0,0.0));
#15073=DIRECTION('',(0.0,-0.0,-1.0));
#15074=CARTESIAN_POINT('',(15.55,1.4,0.200000000000003));
#15075=DIRECTION('',(0.0,0.0,-1.0));
#15076=DIRECTION('',(-1.0,0.0,0.0));
#15077=DIRECTION('',(0.0,0.0,1.0));
#15078=CARTESIAN_POINT('',(15.55,1.4,0.0));
#15079=DIRECTION('',(0.0,0.0,-1.0));
#15080=DIRECTION('',(-1.0,0.0,0.0));
#15081=DIRECTION('',(0.0,-0.0,1.0));
#15082=CARTESIAN_POINT('',(15.55,1.4,0.0));
#15083=DIRECTION('',(0.0,0.0,-1.0));
#15084=DIRECTION('',(-1.0,0.0,0.0));
#15085=DIRECTION('',(0.0,0.0,1.0));
#15086=CARTESIAN_POINT('',(15.55,1.4,0.200000000000003));
#15087=DIRECTION('',(0.0,0.0,-1.0));
#15088=DIRECTION('',(-1.0,0.0,0.0));
#15089=DIRECTION('',(0.0,0.0,-1.0));
#15090=CARTESIAN_POINT('',(15.55,1.4,2.0));
#15091=DIRECTION('',(0.0,0.0,-1.0));
#15092=DIRECTION('',(-1.0,0.0,0.0));
#15093=DIRECTION('',(0.0,0.0,-1.0));
#15094=CARTESIAN_POINT('',(15.55,1.4,1.8));
#15095=DIRECTION('',(0.0,0.0,-1.0));
#15096=DIRECTION('',(-1.0,0.0,0.0));
#15097=DIRECTION('',(0.0,0.0,1.0));
#15098=CARTESIAN_POINT('',(19.05,1.4,1.8));
#15099=DIRECTION('',(0.0,0.0,-1.0));
#15100=DIRECTION('',(-1.0,0.0,0.0));
#15101=DIRECTION('',(0.0,0.0,-1.0));
#15102=CARTESIAN_POINT('',(19.05,1.4,2.0));
#15103=DIRECTION('',(0.0,0.0,-1.0));
#15104=DIRECTION('',(-1.0,0.0,0.0));
#15105=DIRECTION('',(0.0,-0.0,-1.0));
#15106=CARTESIAN_POINT('',(19.05,1.4,0.200000000000003));
#15107=DIRECTION('',(0.0,0.0,-1.0));
#15108=DIRECTION('',(-1.0,0.0,0.0));
#15109=DIRECTION('',(0.0,0.0,1.0));
#15110=CARTESIAN_POINT('',(19.05,1.4,0.0));
#15111=DIRECTION('',(0.0,0.0,-1.0));
#15112=DIRECTION('',(-1.0,0.0,0.0));
#15113=DIRECTION('',(0.0,0.0,1.0));
#15114=CARTESIAN_POINT('',(22.55,1.4,1.8));
#15115=DIRECTION('',(0.0,0.0,-1.0));
#15116=DIRECTION('',(-1.0,0.0,0.0));
#15117=DIRECTION('',(0.0,0.0,1.0));
#15118=CARTESIAN_POINT('',(22.55,1.4,2.0));
#15119=DIRECTION('',(0.0,0.0,-1.0));
#15120=DIRECTION('',(-1.0,0.0,0.0));
#15121=DIRECTION('',(0.0,0.0,-1.0));
#15122=CARTESIAN_POINT('',(22.55,1.4,2.0));
#15123=DIRECTION('',(0.0,0.0,-1.0));
#15124=DIRECTION('',(-1.0,0.0,0.0));
#15125=DIRECTION('',(0.0,0.0,-1.0));
#15126=CARTESIAN_POINT('',(22.55,1.4,1.8));
#15127=DIRECTION('',(0.0,0.0,-1.0));
#15128=DIRECTION('',(-1.0,0.0,0.0));
#15129=DIRECTION('',(0.0,-0.0,1.0));
#15130=CARTESIAN_POINT('',(22.55,1.4,0.0));
#15131=DIRECTION('',(0.0,0.0,-1.0));
#15132=DIRECTION('',(-1.0,0.0,0.0));
#15133=DIRECTION('',(0.0,0.0,1.0));
#15134=CARTESIAN_POINT('',(22.55,1.4,0.200000000000003));
#15135=DIRECTION('',(0.0,0.0,-1.0));
#15136=DIRECTION('',(-1.0,0.0,0.0));
#15137=DIRECTION('',(0.0,-0.0,-1.0));
#15138=CARTESIAN_POINT('',(22.55,1.4,0.200000000000003));
#15139=DIRECTION('',(0.0,0.0,-1.0));
#15140=DIRECTION('',(-1.0,0.0,0.0));
#15141=DIRECTION('',(0.0,0.0,-1.0));
#15142=CARTESIAN_POINT('',(22.55,1.4,0.0));
#15143=DIRECTION('',(0.0,0.0,-1.0));
#15144=DIRECTION('',(-1.0,0.0,0.0));
#15145=DIRECTION('',(0.0,0.0,1.0));
#15146=CARTESIAN_POINT('',(26.05,1.4,1.8));
#15147=DIRECTION('',(0.0,0.0,-1.0));
#15148=DIRECTION('',(-1.0,0.0,0.0));
#15149=DIRECTION('',(0.0,0.0,-1.0));
#15150=CARTESIAN_POINT('',(26.05,1.4,2.0));
#15151=DIRECTION('',(0.0,0.0,-1.0));
#15152=DIRECTION('',(-1.0,0.0,0.0));
#15153=DIRECTION('',(0.0,-0.0,-1.0));
#15154=CARTESIAN_POINT('',(26.05,1.4,0.200000000000003));
#15155=DIRECTION('',(0.0,0.0,-1.0));
#15156=DIRECTION('',(-1.0,0.0,0.0));
#15157=DIRECTION('',(0.0,0.0,1.0));
#15158=CARTESIAN_POINT('',(26.05,1.4,0.0));
#15159=DIRECTION('',(0.0,0.0,-1.0));
#15160=DIRECTION('',(-1.0,0.0,0.0));
#15161=DIRECTION('',(0.0,-0.0,-1.0));
#15162=CARTESIAN_POINT('',(33.05,1.4,0.200000000000003));
#15163=DIRECTION('',(0.0,0.0,-1.0));
#15164=DIRECTION('',(-1.0,0.0,0.0));
#15165=DIRECTION('',(0.0,0.0,1.0));
#15166=CARTESIAN_POINT('',(33.05,1.4,0.0));
#15167=DIRECTION('',(0.0,0.0,-1.0));
#15168=DIRECTION('',(-1.0,0.0,0.0));
#15169=DIRECTION('',(0.0,-0.0,1.0));
#15170=CARTESIAN_POINT('',(33.05,1.4,0.0));
#15171=DIRECTION('',(0.0,0.0,-1.0));
#15172=DIRECTION('',(-1.0,0.0,0.0));
#15173=DIRECTION('',(0.0,0.0,1.0));
#15174=CARTESIAN_POINT('',(33.05,1.4,0.200000000000003));
#15175=DIRECTION('',(0.0,0.0,-1.0));
#15176=DIRECTION('',(-1.0,0.0,0.0));
#15177=DIRECTION('',(0.0,0.0,-1.0));
#15178=CARTESIAN_POINT('',(33.05,1.4,2.0));
#15179=DIRECTION('',(0.0,0.0,-1.0));
#15180=DIRECTION('',(-1.0,0.0,0.0));
#15181=DIRECTION('',(0.0,0.0,-1.0));
#15182=CARTESIAN_POINT('',(33.05,1.4,1.8));
#15183=DIRECTION('',(0.0,0.0,-1.0));
#15184=DIRECTION('',(-1.0,0.0,0.0));
#15185=DIRECTION('',(0.0,0.0,1.0));
#15186=CARTESIAN_POINT('',(33.05,1.4,1.8));
#15187=DIRECTION('',(0.0,0.0,-1.0));
#15188=DIRECTION('',(-1.0,0.0,0.0));
#15189=DIRECTION('',(0.0,0.0,-1.0));
#15190=CARTESIAN_POINT('',(33.05,1.4,2.0));
#15191=DIRECTION('',(0.0,0.0,-1.0));
#15192=DIRECTION('',(-1.0,0.0,0.0));
#15193=DIRECTION('',(0.0,0.0,1.0));
#15194=CARTESIAN_POINT('',(29.55,1.4,1.8));
#15195=DIRECTION('',(0.0,0.0,-1.0));
#15196=DIRECTION('',(-1.0,0.0,0.0));
#15197=DIRECTION('',(0.0,0.0,-1.0));
#15198=CARTESIAN_POINT('',(29.55,1.4,2.0));
#15199=DIRECTION('',(0.0,0.0,-1.0));
#15200=DIRECTION('',(-1.0,0.0,0.0));
#15201=DIRECTION('',(0.0,-0.0,-1.0));
#15202=CARTESIAN_POINT('',(29.55,1.4,0.200000000000003));
#15203=DIRECTION('',(0.0,0.0,-1.0));
#15204=DIRECTION('',(-1.0,0.0,0.0));
#15205=DIRECTION('',(0.0,0.0,1.0));
#15206=CARTESIAN_POINT('',(29.55,1.4,0.0));
#15207=DIRECTION('',(0.0,0.0,-1.0));
#15208=DIRECTION('',(-1.0,0.0,0.0));
#15209=DIRECTION('',(0.0,-0.0,1.0));
#15210=CARTESIAN_POINT('',(29.55,1.4,0.0));
#15211=DIRECTION('',(0.0,0.0,-1.0));
#15212=DIRECTION('',(-1.0,0.0,0.0));
#15213=DIRECTION('',(0.0,0.0,1.0));
#15214=CARTESIAN_POINT('',(29.55,1.4,0.200000000000003));
#15215=DIRECTION('',(0.0,0.0,-1.0));
#15216=DIRECTION('',(-1.0,0.0,0.0));
#15217=DIRECTION('',(0.0,0.0,-1.0));
#15218=CARTESIAN_POINT('',(29.55,1.4,2.0));
#15219=DIRECTION('',(0.0,0.0,-1.0));
#15220=DIRECTION('',(-1.0,0.0,0.0));
#15221=DIRECTION('',(0.0,0.0,-1.0));
#15222=CARTESIAN_POINT('',(29.55,1.4,1.8));
#15223=DIRECTION('',(0.0,0.0,-1.0));
#15224=DIRECTION('',(-1.0,0.0,0.0));
#15225=DIRECTION('',(0.0,-0.0,1.0));
#15226=CARTESIAN_POINT('',(26.05,1.4,0.0));
#15227=DIRECTION('',(0.0,0.0,-1.0));
#15228=DIRECTION('',(-1.0,0.0,0.0));
#15229=DIRECTION('',(0.0,0.0,-1.0));
#15230=CARTESIAN_POINT('',(26.05,1.4,0.200000000000003));
#15231=DIRECTION('',(0.0,0.0,-1.0));
#15232=DIRECTION('',(-1.0,0.0,0.0));
#15233=DIRECTION('',(0.0,0.0,-1.0));
#15234=CARTESIAN_POINT('',(26.05,1.4,2.0));
#15235=DIRECTION('',(0.0,0.0,-1.0));
#15236=DIRECTION('',(-1.0,0.0,0.0));
#15237=DIRECTION('',(0.0,0.0,1.0));
#15238=CARTESIAN_POINT('',(26.05,1.4,1.8));
#15239=DIRECTION('',(0.0,0.0,-1.0));
#15240=DIRECTION('',(-1.0,0.0,0.0));
#15241=DIRECTION('',(0.0,-0.0,1.0));
#15242=CARTESIAN_POINT('',(19.05,1.4,0.0));
#15243=DIRECTION('',(0.0,0.0,-1.0));
#15244=DIRECTION('',(-1.0,0.0,0.0));
#15245=DIRECTION('',(0.0,0.0,1.0));
#15246=CARTESIAN_POINT('',(19.05,1.4,0.200000000000003));
#15247=DIRECTION('',(0.0,0.0,-1.0));
#15248=DIRECTION('',(-1.0,0.0,0.0));
#15249=DIRECTION('',(0.0,0.0,-1.0));
#15250=CARTESIAN_POINT('',(19.05,1.4,2.0));
#15251=DIRECTION('',(0.0,0.0,-1.0));
#15252=DIRECTION('',(-1.0,0.0,0.0));
#15253=DIRECTION('',(0.0,0.0,-1.0));
#15254=CARTESIAN_POINT('',(19.05,1.4,1.8));
#15255=DIRECTION('',(0.0,0.0,-1.0));
#15256=DIRECTION('',(-1.0,0.0,0.0));
#15257=DIRECTION('',(0.0,-0.0,-1.0));
#15258=CARTESIAN_POINT('',(12.05,1.4,0.200000000000003));
#15259=DIRECTION('',(0.0,0.0,-1.0));
#15260=DIRECTION('',(-1.0,0.0,0.0));
#15261=DIRECTION('',(0.0,0.0,1.0));
#15262=CARTESIAN_POINT('',(12.05,1.4,0.0));
#15263=DIRECTION('',(0.0,0.0,-1.0));
#15264=DIRECTION('',(-1.0,0.0,0.0));
#15265=DIRECTION('',(0.0,0.0,1.0));
#15266=CARTESIAN_POINT('',(12.05,1.4,1.8));
#15267=DIRECTION('',(0.0,0.0,-1.0));
#15268=DIRECTION('',(-1.0,0.0,0.0));
#15269=DIRECTION('',(0.0,0.0,-1.0));
#15270=CARTESIAN_POINT('',(12.05,1.4,2.0));
#15271=DIRECTION('',(0.0,0.0,-1.0));
#15272=DIRECTION('',(-1.0,0.0,0.0));
#15273=DIRECTION('',(0.0,0.0,-1.0));
#15274=CARTESIAN_POINT('',(12.05,1.4,2.0));
#15275=DIRECTION('',(0.0,0.0,-1.0));
#15276=DIRECTION('',(-1.0,0.0,0.0));
#15277=DIRECTION('',(0.0,0.0,-1.0));
#15278=CARTESIAN_POINT('',(12.05,1.4,1.8));
#15279=DIRECTION('',(0.0,0.0,-1.0));
#15280=DIRECTION('',(-1.0,0.0,0.0));
#15281=DIRECTION('',(0.0,0.0,1.0));
#15282=CARTESIAN_POINT('',(15.55,1.4,1.8));
#15283=DIRECTION('',(0.0,0.0,-1.0));
#15284=DIRECTION('',(-1.0,0.0,0.0));
#15285=DIRECTION('',(0.0,0.0,-1.0));
#15286=CARTESIAN_POINT('',(15.55,1.4,2.0));
#15287=DIRECTION('',(0.0,0.0,-1.0));
#15288=DIRECTION('',(-1.0,0.0,0.0));
#15289=DIRECTION('',(0.0,-0.0,-1.0));
#15290=CARTESIAN_POINT('',(8.55,1.4,0.200000000000003));
#15291=DIRECTION('',(0.0,0.0,-1.0));
#15292=DIRECTION('',(-1.0,0.0,0.0));
#15293=DIRECTION('',(0.0,0.0,1.0));
#15294=CARTESIAN_POINT('',(8.55,1.4,0.0));
#15295=DIRECTION('',(0.0,0.0,-1.0));
#15296=DIRECTION('',(-1.0,0.0,0.0));
#15297=DIRECTION('',(0.0,0.0,1.0));
#15298=CARTESIAN_POINT('',(8.55,1.4,1.8));
#15299=DIRECTION('',(0.0,0.0,-1.0));
#15300=DIRECTION('',(-1.0,0.0,0.0));
#15301=DIRECTION('',(0.0,0.0,-1.0));
#15302=CARTESIAN_POINT('',(8.55,1.4,2.0));
#15303=DIRECTION('',(0.0,0.0,-1.0));
#15304=DIRECTION('',(-1.0,0.0,0.0));
#15305=DIRECTION('',(0.0,-0.0,-1.0));
#15306=CARTESIAN_POINT('',(5.05,1.4,0.200000000000003));
#15307=DIRECTION('',(0.0,0.0,-1.0));
#15308=DIRECTION('',(-1.0,0.0,0.0));
#15309=DIRECTION('',(0.0,0.0,1.0));
#15310=CARTESIAN_POINT('',(5.05,1.4,0.0));
#15311=DIRECTION('',(0.0,0.0,-1.0));
#15312=DIRECTION('',(-1.0,0.0,0.0));
#15313=DIRECTION('',(0.0,-0.0,1.0));
#15314=CARTESIAN_POINT('',(8.55,1.4,0.0));
#15315=DIRECTION('',(0.0,0.0,-1.0));
#15316=DIRECTION('',(-1.0,0.0,0.0));
#15317=DIRECTION('',(0.0,0.0,1.0));
#15318=CARTESIAN_POINT('',(8.55,1.4,0.200000000000003));
#15319=DIRECTION('',(0.0,0.0,-1.0));
#15320=DIRECTION('',(-1.0,0.0,0.0));
#15321=DIRECTION('',(0.0,0.0,-1.0));
#15322=CARTESIAN_POINT('',(8.55,1.4,2.0));
#15323=DIRECTION('',(0.0,0.0,-1.0));
#15324=DIRECTION('',(-1.0,0.0,0.0));
#15325=DIRECTION('',(0.0,0.0,-1.0));
#15326=CARTESIAN_POINT('',(8.55,1.4,1.8));
#15327=DIRECTION('',(0.0,0.0,-1.0));
#15328=DIRECTION('',(-1.0,0.0,0.0));
#15329=DIRECTION('',(0.0,-0.0,1.0));
#15330=CARTESIAN_POINT('',(12.05,1.4,0.0));
#15331=DIRECTION('',(0.0,0.0,-1.0));
#15332=DIRECTION('',(-1.0,0.0,0.0));
#15333=DIRECTION('',(0.0,0.0,1.0));
#15334=CARTESIAN_POINT('',(12.05,1.4,0.200000000000003));
#15335=DIRECTION('',(0.0,0.0,-1.0));
#15336=DIRECTION('',(-1.0,0.0,0.0));
#15337=DIRECTION('',(0.0,0.0,1.0));
#15338=CARTESIAN_POINT('',(5.05,1.4,1.8));
#15339=DIRECTION('',(0.0,0.0,-1.0));
#15340=DIRECTION('',(-1.0,0.0,0.0));
#15341=DIRECTION('',(0.0,0.0,-1.0));
#15342=CARTESIAN_POINT('',(5.05,1.4,2.0));
#15343=DIRECTION('',(0.0,0.0,-1.0));
#15344=DIRECTION('',(-1.0,0.0,0.0));
#15345=DIRECTION('',(0.0,0.0,1.0));
#15346=CARTESIAN_POINT('',(1.55,1.4,1.8));
#15347=DIRECTION('',(0.0,0.0,-1.0));
#15348=DIRECTION('',(-1.0,0.0,0.0));
#15349=DIRECTION('',(0.0,0.0,-1.0));
#15350=CARTESIAN_POINT('',(1.55,1.4,2.0));
#15351=DIRECTION('',(0.0,0.0,-1.0));
#15352=DIRECTION('',(-1.0,0.0,0.0));
#15353=DIRECTION('',(0.0,-0.0,1.0));
#15354=CARTESIAN_POINT('',(5.05,1.4,0.0));
#15355=DIRECTION('',(0.0,0.0,-1.0));
#15356=DIRECTION('',(-1.0,0.0,0.0));
#15357=DIRECTION('',(0.0,0.0,1.0));
#15358=CARTESIAN_POINT('',(5.05,1.4,0.200000000000003));
#15359=DIRECTION('',(0.0,0.0,-1.0));
#15360=DIRECTION('',(-1.0,0.0,0.0));
#15361=DIRECTION('',(0.0,-0.0,-1.0));
#15362=CARTESIAN_POINT('',(1.55,1.4,0.200000000000003));
#15363=DIRECTION('',(0.0,0.0,-1.0));
#15364=DIRECTION('',(-1.0,0.0,0.0));
#15365=DIRECTION('',(0.0,0.0,1.0));
#15366=CARTESIAN_POINT('',(1.55,1.4,0.0));
#15367=DIRECTION('',(0.0,0.0,-1.0));
#15368=DIRECTION('',(-1.0,0.0,0.0));
#15369=DIRECTION('',(0.0,0.0,-1.0));
#15370=CARTESIAN_POINT('',(5.05,1.4,2.0));
#15371=DIRECTION('',(0.0,0.0,-1.0));
#15372=DIRECTION('',(-1.0,0.0,0.0));
#15373=DIRECTION('',(0.0,0.0,-1.0));
#15374=CARTESIAN_POINT('',(5.05,1.4,1.8));
#15375=DIRECTION('',(0.0,0.0,-1.0));
#15376=DIRECTION('',(-1.0,0.0,0.0));
#15377=DIRECTION('',(0.0,0.0,-1.0));
#15378=CARTESIAN_POINT('',(1.55,1.4,2.0));
#15379=DIRECTION('',(0.0,0.0,-1.0));
#15380=DIRECTION('',(-1.0,0.0,0.0));
#15381=DIRECTION('',(0.0,0.0,-1.0));
#15382=CARTESIAN_POINT('',(1.55,1.4,1.8));
#15383=DIRECTION('',(0.0,0.0,-1.0));
#15384=DIRECTION('',(-1.0,0.0,0.0));
#15385=DIRECTION('',(0.0,-0.0,1.0));
#15386=CARTESIAN_POINT('',(1.55,1.4,0.0));
#15387=DIRECTION('',(0.0,0.0,-1.0));
#15388=DIRECTION('',(-1.0,0.0,0.0));
#15389=DIRECTION('',(0.0,0.0,1.0));
#15390=CARTESIAN_POINT('',(1.55,1.4,0.200000000000003));
#15391=DIRECTION('',(0.0,0.0,-1.0));
#15392=DIRECTION('',(-1.0,0.0,0.0));
#15393=CARTESIAN_POINT('',(1.55,1.4,1.8));
#15394=DIRECTION('',(0.0,0.0,-1.0));
#15395=DIRECTION('',(-1.0,0.0,0.0));
#15396=DIRECTION('',(0.0,0.0,-1.0));
#15397=CARTESIAN_POINT('',(1.55,1.4,0.200000000000003));
#15398=DIRECTION('',(0.0,0.0,-1.0));
#15399=DIRECTION('',(-1.0,0.0,0.0));
#15400=DIRECTION('',(0.0,0.0,-1.0));
#15401=DIRECTION('',(1.0,0.0,0.0));
#15402=DIRECTION('',(2.72386129930569E-14,1.0,0.0));
#15403=CARTESIAN_POINT('',(1.55,1.4,0.200000000000003));
#15404=DIRECTION('',(0.0,0.0,-1.0));
#15405=DIRECTION('',(-1.0,0.0,0.0));
#15406=DIRECTION('',(-2.7238612993057E-14,1.0,0.0));
#15407=DIRECTION('',(-1.0,0.0,0.0));
#15408=DIRECTION('',(0.0,-1.0,0.0));
#15409=CARTESIAN_POINT('',(1.55,1.4,0.200000000000003));
#15410=DIRECTION('',(0.0,0.0,-1.0));
#15411=DIRECTION('',(-1.0,0.0,0.0));
#15412=DIRECTION('',(-2.72386129930563E-14,-1.0,-0.0));
#15413=CARTESIAN_POINT('',(1.55,1.4,0.200000000000003));
#15414=DIRECTION('',(0.0,0.0,-1.0));
#15415=DIRECTION('',(-1.0,0.0,0.0));
#15416=CARTESIAN_POINT('',(1.55,1.4,1.8));
#15417=DIRECTION('',(0.0,0.0,-1.0));
#15418=DIRECTION('',(-1.0,0.0,0.0));
#15419=DIRECTION('',(0.0,0.0,1.0));
#15420=DIRECTION('',(1.0,0.0,0.0));
#15421=DIRECTION('',(0.0,0.0,1.0));
#15422=DIRECTION('',(1.0,0.0,0.0));
#15423=DIRECTION('',(0.0,0.0,-1.0));
#15424=DIRECTION('',(-1.0,0.0,0.0));
#15425=DIRECTION('',(0.0,0.0,1.0));
#15426=DIRECTION('',(1.0,0.0,0.0));
#15427=DIRECTION('',(0.0,0.0,1.0));
#15428=DIRECTION('',(1.0,0.0,0.0));
#15429=DIRECTION('',(0.0,0.0,-1.0));
#15430=DIRECTION('',(0.0,0.0,1.0));
#15431=DIRECTION('',(0.0,0.0,-1.0));
#15432=DIRECTION('',(2.72386129930569E-14,1.0,0.0));
#15433=CARTESIAN_POINT('',(1.55,1.4,0.0));
#15434=DIRECTION('',(0.0,0.0,-1.0));
#15435=DIRECTION('',(-1.0,0.0,0.0));
#15436=DIRECTION('',(-1.0,0.0,0.0));
#15437=DIRECTION('',(0.0,0.0,1.0));
#15438=DIRECTION('',(-1.0,0.0,0.0));
#15439=DIRECTION('',(0.0,0.0,1.0));
#15440=DIRECTION('',(-1.0,0.0,0.0));
#15441=DIRECTION('',(0.0,0.0,-1.0));
#15442=DIRECTION('',(1.0,0.0,0.0));
#15443=DIRECTION('',(0.0,0.0,1.0));
#15444=DIRECTION('',(-1.0,0.0,0.0));
#15445=DIRECTION('',(0.0,0.0,1.0));
#15446=DIRECTION('',(0.0,-1.0,0.0));
#15447=DIRECTION('',(0.0,-1.0,0.0));
#15448=DIRECTION('',(0.0,1.0,0.0));
#15449=DIRECTION('',(0.0,0.0,1.0));
#15450=DIRECTION('',(0.0,-1.0,0.0));
#15451=DIRECTION('',(0.0,0.0,-1.0));
#15452=DIRECTION('',(0.0,1.0,0.0));
#15453=DIRECTION('',(0.0,0.0,-1.0));
#15454=DIRECTION('',(0.0,-1.0,0.0));
#15455=DIRECTION('',(0.0,0.0,1.0));
#15456=DIRECTION('',(-1.0,0.0,0.0));
#15457=DIRECTION('',(-1.0,0.0,0.0));
#15458=DIRECTION('',(-1.0,0.0,0.0));
#15459=DIRECTION('',(-1.0,0.0,0.0));
#15460=DIRECTION('',(-2.7238612993057E-14,1.0,0.0));
#15461=CARTESIAN_POINT('',(1.55,1.4,1.8));
#15462=DIRECTION('',(0.0,0.0,-1.0));
#15463=DIRECTION('',(-1.0,0.0,0.0));
#15464=DIRECTION('',(2.72386129930569E-14,1.0,0.0));
#15465=DIRECTION('',(-2.72386129930563E-14,-1.0,-0.0));
#15466=CARTESIAN_POINT('',(1.55,1.4,1.8));
#15467=DIRECTION('',(0.0,0.0,-1.0));
#15468=DIRECTION('',(-1.0,0.0,0.0));
#15469=DIRECTION('',(0.0,-1.0,0.0));
#15470=DIRECTION('',(0.0,0.0,-1.0));
#15471=CARTESIAN_POINT('',(1.55,1.4,2.0));
#15472=DIRECTION('',(0.0,0.0,-1.0));
#15473=DIRECTION('',(-1.0,0.0,0.0));
#15474=DIRECTION('',(2.72386129930569E-14,1.0,0.0));
#15475=DIRECTION('',(0.0,-1.0,0.0));
#15476=CARTESIAN_POINT('',(1.55,1.4,2.0));
#15477=DIRECTION('',(0.0,0.0,-1.0));
#15478=DIRECTION('',(-1.0,0.0,0.0));
#15479=DIRECTION('',(-2.72386129930563E-14,-1.0,-0.0));
#15480=DIRECTION('',(0.0,-1.0,0.0));
#15481=DIRECTION('',(0.0,-1.0,0.0));
#15482=DIRECTION('',(0.0,0.0,1.0));
#15483=DIRECTION('',(0.0,1.0,0.0));
#15484=DIRECTION('',(0.0,0.0,1.0));
#15485=DIRECTION('',(0.0,1.0,0.0));
#15486=DIRECTION('',(1.0,0.0,0.0));
#15487=DIRECTION('',(0.0,-1.0,0.0));
#15488=DIRECTION('',(-1.0,0.0,0.0));
#15489=DIRECTION('',(1.0,0.0,0.0));
#15490=DIRECTION('',(0.0,0.0,1.0));
#15491=DIRECTION('',(0.0,0.0,1.0));
#15492=DIRECTION('',(0.0,1.0,0.0));
#15493=DIRECTION('',(0.0,0.0,1.0));
#15494=DIRECTION('',(0.0,1.0,0.0));
#15495=DIRECTION('',(0.0,-1.0,0.0));
#15496=DIRECTION('',(0.0,0.0,1.0));
#15497=DIRECTION('',(0.0,0.0,1.0));
#15498=DIRECTION('',(-2.72386129930563E-14,-1.0,-0.0));
#15499=DIRECTION('',(-1.0,0.0,0.0));
#15500=DIRECTION('',(0.0,1.0,0.0));
#15501=CARTESIAN_POINT('',(5.05,1.4,1.8));
#15502=DIRECTION('',(0.0,0.0,-1.0));
#15503=DIRECTION('',(-1.0,0.0,0.0));
#15504=DIRECTION('',(2.72386129930569E-14,1.0,0.0));
#15505=DIRECTION('',(1.0,0.0,0.0));
#15506=DIRECTION('',(-1.81590753287042E-14,-1.0,-0.0));
#15507=CARTESIAN_POINT('',(5.05,1.4,1.8));
#15508=DIRECTION('',(0.0,0.0,-1.0));
#15509=DIRECTION('',(-1.0,0.0,0.0));
#15510=DIRECTION('',(0.0,-1.0,0.0));
#15511=CARTESIAN_POINT('',(5.05,1.4,1.8));
#15512=DIRECTION('',(0.0,0.0,-1.0));
#15513=DIRECTION('',(-1.0,0.0,0.0));
#15514=CARTESIAN_POINT('',(5.05,1.4,1.8));
#15515=DIRECTION('',(0.0,0.0,-1.0));
#15516=DIRECTION('',(-1.0,0.0,0.0));
#15517=DIRECTION('',(2.72386129930569E-14,1.0,0.0));
#15518=DIRECTION('',(0.0,0.0,1.0));
#15519=DIRECTION('',(0.0,0.0,-1.0));
#15520=CARTESIAN_POINT('',(5.05,1.4,2.0));
#15521=DIRECTION('',(0.0,0.0,-1.0));
#15522=DIRECTION('',(-1.0,0.0,0.0));
#15523=DIRECTION('',(0.0,1.0,0.0));
#15524=DIRECTION('',(0.0,0.0,-1.0));
#15525=DIRECTION('',(1.0,0.0,0.0));
#15526=DIRECTION('',(-1.0,0.0,0.0));
#15527=DIRECTION('',(0.0,0.0,-1.0));
#15528=CARTESIAN_POINT('',(5.05,1.4,0.200000000000003));
#15529=DIRECTION('',(0.0,0.0,-1.0));
#15530=DIRECTION('',(-1.0,0.0,0.0));
#15531=DIRECTION('',(0.0,0.0,-1.0));
#15532=DIRECTION('',(-1.0,0.0,0.0));
#15533=DIRECTION('',(0.0,0.0,1.0));
#15534=DIRECTION('',(1.0,0.0,0.0));
#15535=DIRECTION('',(0.0,0.0,1.0));
#15536=DIRECTION('',(1.0,0.0,0.0));
#15537=DIRECTION('',(0.0,0.0,1.0));
#15538=DIRECTION('',(1.0,0.0,0.0));
#15539=DIRECTION('',(0.0,0.0,-1.0));
#15540=DIRECTION('',(0.0,-1.0,0.0));
#15541=CARTESIAN_POINT('',(1.55,1.4,0.0));
#15542=DIRECTION('',(0.0,0.0,-1.0));
#15543=DIRECTION('',(-1.0,0.0,0.0));
#15544=CARTESIAN_POINT('',(5.05,1.4,0.0));
#15545=DIRECTION('',(0.0,0.0,-1.0));
#15546=DIRECTION('',(-1.0,0.0,0.0));
#15547=DIRECTION('',(2.72386129930569E-14,1.0,0.0));
#15548=DIRECTION('',(-1.0,0.0,0.0));
#15549=DIRECTION('',(0.0,1.0,0.0));
#15550=DIRECTION('',(0.0,0.0,1.0));
#15551=DIRECTION('',(2.72386129930569E-14,1.0,0.0));
#15552=DIRECTION('',(0.0,0.0,-1.0));
#15553=DIRECTION('',(0.0,1.0,0.0));
#15554=CARTESIAN_POINT('',(5.05,1.4,0.200000000000003));
#15555=DIRECTION('',(0.0,0.0,-1.0));
#15556=DIRECTION('',(-1.0,0.0,0.0));
#15557=DIRECTION('',(1.0,0.0,0.0));
#15558=DIRECTION('',(0.0,0.0,1.0));
#15559=DIRECTION('',(-1.0,0.0,0.0));
#15560=DIRECTION('',(0.0,0.0,1.0));
#15561=DIRECTION('',(-1.0,0.0,0.0));
#15562=DIRECTION('',(0.0,0.0,-1.0));
#15563=DIRECTION('',(0.0,0.0,-1.0));
#15564=DIRECTION('',(0.0,-1.0,0.0));
#15565=CARTESIAN_POINT('',(5.05,1.4,0.200000000000003));
#15566=DIRECTION('',(0.0,0.0,-1.0));
#15567=DIRECTION('',(-1.0,0.0,0.0));
#15568=DIRECTION('',(-1.81590753287042E-14,-1.0,-0.0));
#15569=CARTESIAN_POINT('',(5.05,1.4,0.200000000000003));
#15570=DIRECTION('',(0.0,0.0,-1.0));
#15571=DIRECTION('',(-1.0,0.0,0.0));
#15572=DIRECTION('',(-1.0,0.0,0.0));
#15573=CARTESIAN_POINT('',(5.05,1.4,2.0));
#15574=DIRECTION('',(0.0,0.0,-1.0));
#15575=DIRECTION('',(-1.0,0.0,0.0));
#15576=DIRECTION('',(0.0,0.0,-1.0));
#15577=DIRECTION('',(0.0,0.0,1.0));
#15578=DIRECTION('',(-1.81590753287042E-14,-1.0,-0.0));
#15579=DIRECTION('',(0.0,-1.0,0.0));
#15580=CARTESIAN_POINT('',(5.05,1.4,0.0));
#15581=DIRECTION('',(0.0,0.0,-1.0));
#15582=DIRECTION('',(-1.0,0.0,0.0));
#15583=DIRECTION('',(0.0,-1.0,0.0));
#15584=DIRECTION('',(0.0,-1.0,0.0));
#15585=DIRECTION('',(0.0,0.0,1.0));
#15586=DIRECTION('',(0.0,1.0,0.0));
#15587=DIRECTION('',(0.0,0.0,1.0));
#15588=DIRECTION('',(0.0,1.0,0.0));
#15589=DIRECTION('',(1.0,0.0,0.0));
#15590=DIRECTION('',(0.0,-1.0,0.0));
#15591=DIRECTION('',(-1.0,0.0,0.0));
#15592=DIRECTION('',(1.0,0.0,0.0));
#15593=DIRECTION('',(0.0,0.0,1.0));
#15594=DIRECTION('',(-1.0,0.0,0.0));
#15595=DIRECTION('',(0.0,-1.0,0.0));
#15596=DIRECTION('',(0.0,0.0,1.0));
#15597=DIRECTION('',(0.0,-1.0,0.0));
#15598=DIRECTION('',(0.0,0.0,1.0));
#15599=DIRECTION('',(0.0,-1.0,0.0));
#15600=DIRECTION('',(0.0,0.0,1.0));
#15601=DIRECTION('',(0.0,1.0,0.0));
#15602=DIRECTION('',(0.0,0.0,-1.0));
#15603=DIRECTION('',(0.0,1.0,0.0));
#15604=DIRECTION('',(0.0,0.0,-1.0));
#15605=DIRECTION('',(0.0,0.0,1.0));
#15606=DIRECTION('',(0.0,1.0,0.0));
#15607=DIRECTION('',(0.0,0.0,-1.0));
#15608=DIRECTION('',(0.0,1.0,0.0));
#15609=DIRECTION('',(0.0,0.0,1.0));
#15610=DIRECTION('',(0.0,1.0,0.0));
#15611=DIRECTION('',(0.0,1.0,0.0));
#15612=CARTESIAN_POINT('',(12.05,1.4,0.200000000000003));
#15613=DIRECTION('',(0.0,0.0,-1.0));
#15614=DIRECTION('',(-1.0,0.0,0.0));
#15615=CARTESIAN_POINT('',(12.05,1.4,0.0));
#15616=DIRECTION('',(0.0,0.0,-1.0));
#15617=DIRECTION('',(-1.0,0.0,0.0));
#15618=DIRECTION('',(-1.0,0.0,0.0));
#15619=DIRECTION('',(0.0,-1.0,0.0));
#15620=DIRECTION('',(1.0,0.0,0.0));
#15621=DIRECTION('',(0.0,1.0,0.0));
#15622=DIRECTION('',(0.0,0.0,1.0));
#15623=DIRECTION('',(0.0,1.0,0.0));
#15624=CARTESIAN_POINT('',(8.55,1.4,2.0));
#15625=DIRECTION('',(0.0,0.0,-1.0));
#15626=DIRECTION('',(-1.0,0.0,0.0));
#15627=DIRECTION('',(0.0,1.0,0.0));
#15628=DIRECTION('',(1.0,0.0,0.0));
#15629=DIRECTION('',(-1.0,0.0,0.0));
#15630=CARTESIAN_POINT('',(8.55,1.4,1.8));
#15631=DIRECTION('',(0.0,0.0,-1.0));
#15632=DIRECTION('',(-1.0,0.0,0.0));
#15633=DIRECTION('',(0.0,0.0,-1.0));
#15634=DIRECTION('',(0.0,1.0,0.0));
#15635=DIRECTION('',(0.0,0.0,-1.0));
#15636=DIRECTION('',(0.0,0.0,1.0));
#15637=DIRECTION('',(0.0,1.0,0.0));
#15638=DIRECTION('',(0.0,1.0,0.0));
#15639=DIRECTION('',(0.0,1.0,0.0));
#15640=DIRECTION('',(-1.0,0.0,0.0));
#15641=DIRECTION('',(1.0,0.0,0.0));
#15642=CARTESIAN_POINT('',(8.55,1.4,0.0));
#15643=DIRECTION('',(0.0,0.0,-1.0));
#15644=DIRECTION('',(-1.0,0.0,0.0));
#15645=CARTESIAN_POINT('',(8.55,1.4,0.200000000000003));
#15646=DIRECTION('',(0.0,0.0,-1.0));
#15647=DIRECTION('',(-1.0,0.0,0.0));
#15648=DIRECTION('',(0.0,0.0,1.0));
#15649=DIRECTION('',(0.0,1.0,0.0));
#15650=DIRECTION('',(0.0,0.0,-1.0));
#15651=DIRECTION('',(0.0,-1.0,0.0));
#15652=DIRECTION('',(-1.81590753287042E-14,-1.0,-0.0));
#15653=DIRECTION('',(-1.0,0.0,0.0));
#15654=DIRECTION('',(0.0,-1.0,0.0));
#15655=CARTESIAN_POINT('',(8.55,1.4,0.200000000000003));
#15656=DIRECTION('',(0.0,0.0,-1.0));
#15657=DIRECTION('',(-1.0,0.0,0.0));
#15658=DIRECTION('',(-1.81590753287042E-14,-1.0,-0.0));
#15659=DIRECTION('',(1.0,0.0,0.0));
#15660=CARTESIAN_POINT('',(8.55,1.4,0.200000000000003));
#15661=DIRECTION('',(0.0,0.0,-1.0));
#15662=DIRECTION('',(-1.0,0.0,0.0));
#15663=CARTESIAN_POINT('',(8.55,1.4,0.200000000000003));
#15664=DIRECTION('',(0.0,0.0,-1.0));
#15665=DIRECTION('',(-1.0,0.0,0.0));
#15666=DIRECTION('',(-1.0,0.0,0.0));
#15667=DIRECTION('',(1.0,0.0,0.0));
#15668=DIRECTION('',(-1.81590753287042E-14,-1.0,-0.0));
#15669=CARTESIAN_POINT('',(8.55,1.4,1.8));
#15670=DIRECTION('',(0.0,0.0,-1.0));
#15671=DIRECTION('',(-1.0,0.0,0.0));
#15672=DIRECTION('',(0.0,-1.0,0.0));
#15673=CARTESIAN_POINT('',(8.55,1.4,1.8));
#15674=DIRECTION('',(0.0,0.0,-1.0));
#15675=DIRECTION('',(-1.0,0.0,0.0));
#15676=CARTESIAN_POINT('',(8.55,1.4,1.8));
#15677=DIRECTION('',(0.0,0.0,-1.0));
#15678=DIRECTION('',(-1.0,0.0,0.0));
#15679=DIRECTION('',(0.0,0.0,-1.0));
#15680=DIRECTION('',(0.0,0.0,-1.0));
#15681=DIRECTION('',(0.0,0.0,1.0));
#15682=DIRECTION('',(-1.0,0.0,0.0));
#15683=DIRECTION('',(0.0,0.0,1.0));
#15684=DIRECTION('',(-1.0,0.0,0.0));
#15685=DIRECTION('',(0.0,0.0,-1.0));
#15686=DIRECTION('',(0.0,-1.0,0.0));
#15687=DIRECTION('',(0.0,0.0,1.0));
#15688=DIRECTION('',(0.0,0.0,-1.0));
#15689=DIRECTION('',(1.0,0.0,0.0));
#15690=CARTESIAN_POINT('',(8.55,1.4,2.0));
#15691=DIRECTION('',(0.0,0.0,-1.0));
#15692=DIRECTION('',(-1.0,0.0,0.0));
#15693=DIRECTION('',(-1.81590753287042E-14,-1.0,-0.0));
#15694=DIRECTION('',(0.0,-1.0,0.0));
#15695=DIRECTION('',(0.0,0.0,1.0));
#15696=DIRECTION('',(-1.81590753287042E-14,-1.0,-0.0));
#15697=CARTESIAN_POINT('',(8.55,1.4,0.0));
#15698=DIRECTION('',(0.0,0.0,-1.0));
#15699=DIRECTION('',(-1.0,0.0,0.0));
#15700=DIRECTION('',(0.0,0.0,-1.0));
#15701=DIRECTION('',(0.0,-1.0,0.0));
#15702=DIRECTION('',(1.0,0.0,0.0));
#15703=DIRECTION('',(0.0,0.0,1.0));
#15704=DIRECTION('',(0.0,-1.0,0.0));
#15705=DIRECTION('',(0.0,0.0,1.0));
#15706=DIRECTION('',(0.0,1.0,0.0));
#15707=DIRECTION('',(0.0,0.0,1.0));
#15708=DIRECTION('',(0.0,1.0,0.0));
#15709=DIRECTION('',(1.0,0.0,0.0));
#15710=DIRECTION('',(0.0,-1.0,0.0));
#15711=DIRECTION('',(-1.0,0.0,0.0));
#15712=DIRECTION('',(1.0,0.0,0.0));
#15713=DIRECTION('',(0.0,0.0,1.0));
#15714=DIRECTION('',(-1.0,0.0,0.0));
#15715=DIRECTION('',(0.0,-1.0,0.0));
#15716=DIRECTION('',(0.0,0.0,1.0));
#15717=DIRECTION('',(0.0,0.0,1.0));
#15718=DIRECTION('',(0.0,-1.0,0.0));
#15719=DIRECTION('',(0.0,0.0,1.0));
#15720=DIRECTION('',(0.0,1.0,0.0));
#15721=DIRECTION('',(-1.0,0.0,0.0));
#15722=DIRECTION('',(0.0,-1.0,0.0));
#15723=CARTESIAN_POINT('',(12.05,1.4,0.0));
#15724=DIRECTION('',(0.0,0.0,-1.0));
#15725=DIRECTION('',(-1.0,0.0,0.0));
#15726=DIRECTION('',(0.0,-1.0,0.0));
#15727=DIRECTION('',(1.0,0.0,0.0));
#15728=DIRECTION('',(1.0,0.0,0.0));
#15729=DIRECTION('',(0.0,0.0,1.0));
#15730=DIRECTION('',(0.0,0.0,1.0));
#15731=DIRECTION('',(-1.0,0.0,0.0));
#15732=DIRECTION('',(0.0,0.0,-1.0));
#15733=DIRECTION('',(1.0,0.0,0.0));
#15734=DIRECTION('',(0.0,0.0,1.0));
#15735=DIRECTION('',(-1.0,0.0,0.0));
#15736=CARTESIAN_POINT('',(15.55,1.4,2.0));
#15737=DIRECTION('',(0.0,0.0,-1.0));
#15738=DIRECTION('',(-1.0,0.0,0.0));
#15739=DIRECTION('',(0.0,0.0,-1.0));
#15740=CARTESIAN_POINT('',(15.55,1.4,1.8));
#15741=DIRECTION('',(0.0,0.0,-1.0));
#15742=DIRECTION('',(-1.0,0.0,0.0));
#15743=CARTESIAN_POINT('',(12.05,1.4,1.8));
#15744=DIRECTION('',(0.0,0.0,-1.0));
#15745=DIRECTION('',(-1.0,0.0,0.0));
#15746=DIRECTION('',(0.0,0.0,-1.0));
#15747=CARTESIAN_POINT('',(12.05,1.4,0.200000000000003));
#15748=DIRECTION('',(0.0,0.0,-1.0));
#15749=DIRECTION('',(-1.0,0.0,0.0));
#15750=DIRECTION('',(0.0,0.0,-1.0));
#15751=DIRECTION('',(-1.0,0.0,0.0));
#15752=CARTESIAN_POINT('',(12.05,1.4,1.8));
#15753=DIRECTION('',(0.0,0.0,-1.0));
#15754=DIRECTION('',(-1.0,0.0,0.0));
#15755=DIRECTION('',(0.0,1.0,0.0));
#15756=DIRECTION('',(0.0,-1.0,0.0));
#15757=CARTESIAN_POINT('',(12.05,1.4,1.8));
#15758=DIRECTION('',(0.0,0.0,-1.0));
#15759=DIRECTION('',(-1.0,0.0,0.0));
#15760=DIRECTION('',(0.0,-1.0,0.0));
#15761=CARTESIAN_POINT('',(12.05,1.4,1.8));
#15762=DIRECTION('',(0.0,0.0,-1.0));
#15763=DIRECTION('',(-1.0,0.0,0.0));
#15764=DIRECTION('',(0.0,1.0,0.0));
#15765=CARTESIAN_POINT('',(12.05,1.4,2.0));
#15766=DIRECTION('',(0.0,0.0,-1.0));
#15767=DIRECTION('',(-1.0,0.0,0.0));
#15768=DIRECTION('',(1.0,0.0,0.0));
#15769=DIRECTION('',(-1.0,0.0,0.0));
#15770=DIRECTION('',(0.0,-1.0,0.0));
#15771=CARTESIAN_POINT('',(12.05,1.4,0.200000000000003));
#15772=DIRECTION('',(0.0,0.0,-1.0));
#15773=DIRECTION('',(-1.0,0.0,0.0));
#15774=DIRECTION('',(0.0,-1.0,0.0));
#15775=CARTESIAN_POINT('',(12.05,1.4,0.200000000000003));
#15776=DIRECTION('',(0.0,0.0,-1.0));
#15777=DIRECTION('',(-1.0,0.0,0.0));
#15778=DIRECTION('',(-1.0,0.0,0.0));
#15779=DIRECTION('',(0.0,0.0,1.0));
#15780=DIRECTION('',(-1.0,0.0,0.0));
#15781=DIRECTION('',(0.0,0.0,1.0));
#15782=DIRECTION('',(1.0,0.0,0.0));
#15783=DIRECTION('',(0.0,-1.0,0.0));
#15784=CARTESIAN_POINT('',(12.05,1.4,2.0));
#15785=DIRECTION('',(0.0,0.0,-1.0));
#15786=DIRECTION('',(-1.0,0.0,0.0));
#15787=DIRECTION('',(0.0,-1.0,0.0));
#15788=DIRECTION('',(0.0,1.0,0.0));
#15789=DIRECTION('',(0.0,0.0,1.0));
#15790=DIRECTION('',(0.0,0.0,-1.0));
#15791=DIRECTION('',(0.0,-1.0,0.0));
#15792=DIRECTION('',(0.0,0.0,1.0));
#15793=DIRECTION('',(0.0,-1.0,0.0));
#15794=DIRECTION('',(0.0,0.0,1.0));
#15795=DIRECTION('',(0.0,0.0,-1.0));
#15796=DIRECTION('',(-2.72386129930563E-14,-1.0,-0.0));
#15797=DIRECTION('',(-2.72386129930563E-14,-1.0,-0.0));
#15798=DIRECTION('',(0.0,0.0,-1.0));
#15799=DIRECTION('',(0.0,0.0,1.0));
#15800=DIRECTION('',(0.0,0.0,1.0));
#15801=DIRECTION('',(0.0,1.0,0.0));
#15802=DIRECTION('',(0.0,1.0,0.0));
#15803=DIRECTION('',(1.0,0.0,0.0));
#15804=DIRECTION('',(0.0,-1.0,0.0));
#15805=DIRECTION('',(1.0,0.0,0.0));
#15806=DIRECTION('',(0.0,0.0,1.0));
#15807=DIRECTION('',(0.0,-1.0,0.0));
#15808=DIRECTION('',(0.0,0.0,1.0));
#15809=DIRECTION('',(0.0,1.0,0.0));
#15810=DIRECTION('',(0.0,0.0,1.0));
#15811=DIRECTION('',(0.0,1.0,0.0));
#15812=DIRECTION('',(1.0,0.0,0.0));
#15813=DIRECTION('',(-1.0,0.0,0.0));
#15814=DIRECTION('',(0.0,-1.0,0.0));
#15815=DIRECTION('',(0.0,0.0,1.0));
#15816=DIRECTION('',(0.0,-1.0,0.0));
#15817=DIRECTION('',(0.0,0.0,1.0));
#15818=DIRECTION('',(0.0,0.0,1.0));
#15819=DIRECTION('',(0.0,1.0,0.0));
#15820=DIRECTION('',(0.0,0.0,1.0));
#15821=DIRECTION('',(0.0,1.0,0.0));
#15822=DIRECTION('',(1.0,0.0,0.0));
#15823=DIRECTION('',(0.0,-1.0,0.0));
#15824=DIRECTION('',(-1.0,0.0,0.0));
#15825=DIRECTION('',(1.0,0.0,0.0));
#15826=DIRECTION('',(0.0,0.0,1.0));
#15827=DIRECTION('',(0.0,0.0,1.0));
#15828=DIRECTION('',(0.0,1.0,0.0));
#15829=DIRECTION('',(0.0,0.0,1.0));
#15830=DIRECTION('',(0.0,1.0,0.0));
#15831=DIRECTION('',(0.0,-1.0,0.0));
#15832=DIRECTION('',(0.0,0.0,1.0));
#15833=DIRECTION('',(1.0,0.0,0.0));
#15834=DIRECTION('',(0.0,-1.0,0.0));
#15835=CARTESIAN_POINT('',(19.05,1.4,2.0));
#15836=DIRECTION('',(0.0,0.0,-1.0));
#15837=DIRECTION('',(-1.0,0.0,0.0));
#15838=DIRECTION('',(-1.81590753287042E-14,-1.0,-0.0));
#15839=DIRECTION('',(-1.0,0.0,0.0));
#15840=DIRECTION('',(0.0,-1.0,0.0));
#15841=DIRECTION('',(-1.81590753287042E-14,-1.0,-0.0));
#15842=DIRECTION('',(0.0,0.0,-1.0));
#15843=DIRECTION('',(-1.0,0.0,0.0));
#15844=DIRECTION('',(0.0,1.0,0.0));
#15845=CARTESIAN_POINT('',(19.05,1.4,1.8));
#15846=DIRECTION('',(0.0,0.0,-1.0));
#15847=DIRECTION('',(-1.0,0.0,0.0));
#15848=DIRECTION('',(2.72386129930569E-14,1.0,0.0));
#15849=DIRECTION('',(1.0,0.0,0.0));
#15850=CARTESIAN_POINT('',(19.05,1.4,1.8));
#15851=DIRECTION('',(0.0,0.0,-1.0));
#15852=DIRECTION('',(-1.0,0.0,0.0));
#15853=DIRECTION('',(0.0,-1.0,0.0));
#15854=CARTESIAN_POINT('',(19.05,1.4,1.8));
#15855=DIRECTION('',(0.0,0.0,-1.0));
#15856=DIRECTION('',(-1.0,0.0,0.0));
#15857=CARTESIAN_POINT('',(19.05,1.4,1.8));
#15858=DIRECTION('',(0.0,0.0,-1.0));
#15859=DIRECTION('',(-1.0,0.0,0.0));
#15860=DIRECTION('',(2.72386129930569E-14,1.0,0.0));
#15861=DIRECTION('',(0.0,0.0,1.0));
#15862=DIRECTION('',(0.0,0.0,-1.0));
#15863=CARTESIAN_POINT('',(19.05,1.4,2.0));
#15864=DIRECTION('',(0.0,0.0,-1.0));
#15865=DIRECTION('',(-1.0,0.0,0.0));
#15866=DIRECTION('',(0.0,1.0,0.0));
#15867=DIRECTION('',(0.0,0.0,-1.0));
#15868=DIRECTION('',(1.0,0.0,0.0));
#15869=DIRECTION('',(-1.0,0.0,0.0));
#15870=DIRECTION('',(0.0,0.0,-1.0));
#15871=CARTESIAN_POINT('',(19.05,1.4,0.200000000000003));
#15872=DIRECTION('',(0.0,0.0,-1.0));
#15873=DIRECTION('',(-1.0,0.0,0.0));
#15874=DIRECTION('',(0.0,0.0,-1.0));
#15875=DIRECTION('',(0.0,-1.0,0.0));
#15876=CARTESIAN_POINT('',(19.05,1.4,0.200000000000003));
#15877=DIRECTION('',(0.0,0.0,-1.0));
#15878=DIRECTION('',(-1.0,0.0,0.0));
#15879=DIRECTION('',(-1.81590753287042E-14,-1.0,-0.0));
#15880=DIRECTION('',(1.0,0.0,0.0));
#15881=DIRECTION('',(2.72386129930569E-14,1.0,0.0));
#15882=CARTESIAN_POINT('',(19.05,1.4,0.200000000000003));
#15883=DIRECTION('',(0.0,0.0,-1.0));
#15884=DIRECTION('',(-1.0,0.0,0.0));
#15885=DIRECTION('',(0.0,1.0,0.0));
#15886=DIRECTION('',(-1.0,0.0,0.0));
#15887=CARTESIAN_POINT('',(19.05,1.4,0.200000000000003));
#15888=DIRECTION('',(0.0,0.0,-1.0));
#15889=DIRECTION('',(-1.0,0.0,0.0));
#15890=DIRECTION('',(0.0,-1.0,0.0));
#15891=DIRECTION('',(-1.0,0.0,0.0));
#15892=DIRECTION('',(-1.81590753287042E-14,-1.0,-0.0));
#15893=CARTESIAN_POINT('',(19.05,1.4,0.0));
#15894=DIRECTION('',(0.0,0.0,-1.0));
#15895=DIRECTION('',(-1.0,0.0,0.0));
#15896=DIRECTION('',(0.0,-1.0,0.0));
#15897=DIRECTION('',(1.0,0.0,0.0));
#15898=DIRECTION('',(0.0,0.0,-1.0));
#15899=DIRECTION('',(0.0,0.0,1.0));
#15900=DIRECTION('',(1.0,0.0,0.0));
#15901=DIRECTION('',(0.0,0.0,1.0));
#15902=DIRECTION('',(0.0,0.0,1.0));
#15903=CARTESIAN_POINT('',(19.05,1.4,0.0));
#15904=DIRECTION('',(0.0,0.0,-1.0));
#15905=DIRECTION('',(-1.0,0.0,0.0));
#15906=DIRECTION('',(2.72386129930569E-14,1.0,0.0));
#15907=DIRECTION('',(-1.0,0.0,0.0));
#15908=DIRECTION('',(0.0,1.0,0.0));
#15909=DIRECTION('',(0.0,0.0,1.0));
#15910=DIRECTION('',(0.0,0.0,-1.0));
#15911=DIRECTION('',(0.0,0.0,1.0));
#15912=DIRECTION('',(0.0,0.0,1.0));
#15913=DIRECTION('',(0.0,1.0,0.0));
#15914=DIRECTION('',(0.0,0.0,1.0));
#15915=DIRECTION('',(0.0,1.0,0.0));
#15916=DIRECTION('',(1.0,0.0,0.0));
#15917=DIRECTION('',(0.0,-1.0,0.0));
#15918=DIRECTION('',(-1.0,0.0,0.0));
#15919=DIRECTION('',(1.0,0.0,0.0));
#15920=DIRECTION('',(0.0,0.0,1.0));
#15921=DIRECTION('',(-1.0,0.0,0.0));
#15922=DIRECTION('',(0.0,-1.0,0.0));
#15923=DIRECTION('',(0.0,0.0,1.0));
#15924=DIRECTION('',(0.0,-1.0,0.0));
#15925=DIRECTION('',(0.0,0.0,1.0));
#15926=DIRECTION('',(0.0,-1.0,0.0));
#15927=DIRECTION('',(0.0,0.0,1.0));
#15928=DIRECTION('',(0.0,0.0,1.0));
#15929=DIRECTION('',(0.0,-1.0,0.0));
#15930=DIRECTION('',(0.0,0.0,-1.0));
#15931=DIRECTION('',(0.0,-1.0,0.0));
#15932=DIRECTION('',(0.0,0.0,-1.0));
#15933=DIRECTION('',(-5.32907051820082E-14,1.0,0.0));
#15934=DIRECTION('',(0.0,0.0,1.0));
#15935=DIRECTION('',(0.0,-1.0,0.0));
#15936=DIRECTION('',(0.0,0.0,1.0));
#15937=DIRECTION('',(0.0,-1.0,0.0));
#15938=DIRECTION('',(0.0,0.0,-1.0));
#15939=DIRECTION('',(0.0,-1.0,0.0));
#15940=DIRECTION('',(0.0,0.0,-1.0));
#15941=DIRECTION('',(0.0,1.0,0.0));
#15942=DIRECTION('',(0.0,0.0,1.0));
#15943=DIRECTION('',(0.0,1.0,0.0));
#15944=DIRECTION('',(0.0,-1.0,0.0));
#15945=DIRECTION('',(1.0,0.0,0.0));
#15946=DIRECTION('',(-1.0,0.0,0.0));
#15947=DIRECTION('',(-2.72386129930569E-14,-1.0,-0.0));
#15948=CARTESIAN_POINT('',(26.05,1.4,2.0));
#15949=DIRECTION('',(0.0,0.0,-1.0));
#15950=DIRECTION('',(-1.0,0.0,0.0));
#15951=CARTESIAN_POINT('',(26.05,1.4,1.8));
#15952=DIRECTION('',(0.0,0.0,-1.0));
#15953=DIRECTION('',(-1.0,0.0,0.0));
#15954=DIRECTION('',(0.0,0.0,1.0));
#15955=DIRECTION('',(0.0,0.0,-1.0));
#15956=DIRECTION('',(0.0,1.0,0.0));
#15957=DIRECTION('',(0.0,1.0,0.0));
#15958=DIRECTION('',(0.0,0.0,1.0));
#15959=DIRECTION('',(1.0,0.0,0.0));
#15960=DIRECTION('',(0.0,0.0,1.0));
#15961=DIRECTION('',(1.0,0.0,0.0));
#15962=DIRECTION('',(0.0,0.0,1.0));
#15963=DIRECTION('',(-1.0,0.0,0.0));
#15964=DIRECTION('',(0.0,0.0,1.0));
#15965=DIRECTION('',(-1.0,0.0,0.0));
#15966=DIRECTION('',(0.0,0.0,-1.0));
#15967=DIRECTION('',(1.0,0.0,0.0));
#15968=DIRECTION('',(0.0,0.0,-1.0));
#15969=DIRECTION('',(0.0,-1.0,0.0));
#15970=DIRECTION('',(0.0,-1.0,0.0));
#15971=CARTESIAN_POINT('',(26.05,1.4,0.200000000000003));
#15972=DIRECTION('',(0.0,0.0,-1.0));
#15973=DIRECTION('',(-1.0,0.0,0.0));
#15974=CARTESIAN_POINT('',(26.05,1.4,0.0));
#15975=DIRECTION('',(0.0,0.0,-1.0));
#15976=DIRECTION('',(-1.0,0.0,0.0));
#15977=DIRECTION('',(0.0,0.0,-1.0));
#15978=DIRECTION('',(0.0,-1.0,0.0));
#15979=DIRECTION('',(0.0,-1.0,0.0));
#15980=DIRECTION('',(-1.81590753287042E-14,-1.0,-0.0));
#15981=CARTESIAN_POINT('',(26.05,1.4,1.8));
#15982=DIRECTION('',(0.0,0.0,-1.0));
#15983=DIRECTION('',(-1.0,0.0,0.0));
#15984=DIRECTION('',(0.0,-1.0,0.0));
#15985=DIRECTION('',(-1.0,0.0,0.0));
#15986=CARTESIAN_POINT('',(26.05,1.4,1.8));
#15987=DIRECTION('',(0.0,0.0,-1.0));
#15988=DIRECTION('',(-1.0,0.0,0.0));
#15989=CARTESIAN_POINT('',(26.05,1.4,1.8));
#15990=DIRECTION('',(0.0,0.0,-1.0));
#15991=DIRECTION('',(-1.0,0.0,0.0));
#15992=DIRECTION('',(0.0,0.0,-1.0));
#15993=CARTESIAN_POINT('',(26.05,1.4,0.200000000000003));
#15994=DIRECTION('',(0.0,0.0,-1.0));
#15995=DIRECTION('',(-1.0,0.0,0.0));
#15996=DIRECTION('',(0.0,0.0,-1.0));
#15997=DIRECTION('',(-1.0,0.0,0.0));
#15998=DIRECTION('',(0.0,-1.0,0.0));
#15999=CARTESIAN_POINT('',(26.05,1.4,0.200000000000003));
#16000=DIRECTION('',(0.0,0.0,-1.0));
#16001=DIRECTION('',(-1.0,0.0,0.0));
#16002=DIRECTION('',(-1.81590753287042E-14,-1.0,-0.0));
#16003=CARTESIAN_POINT('',(26.05,1.4,0.200000000000003));
#16004=DIRECTION('',(0.0,0.0,-1.0));
#16005=DIRECTION('',(-1.0,0.0,0.0));
#16006=DIRECTION('',(0.0,-1.0,0.0));
#16007=DIRECTION('',(-1.81590753287042E-14,-1.0,-0.0));
#16008=CARTESIAN_POINT('',(26.05,1.4,0.0));
#16009=DIRECTION('',(0.0,0.0,-1.0));
#16010=DIRECTION('',(-1.0,0.0,0.0));
#16011=DIRECTION('',(0.0,-1.0,0.0));
#16012=DIRECTION('',(1.0,0.0,0.0));
#16013=DIRECTION('',(1.0,0.0,0.0));
#16014=DIRECTION('',(0.0,0.0,1.0));
#16015=DIRECTION('',(1.0,0.0,0.0));
#16016=DIRECTION('',(0.0,0.0,1.0));
#16017=DIRECTION('',(0.0,0.0,-1.0));
#16018=DIRECTION('',(0.0,-1.0,0.0));
#16019=DIRECTION('',(0.0,0.0,1.0));
#16020=DIRECTION('',(0.0,1.0,0.0));
#16021=DIRECTION('',(0.0,0.0,1.0));
#16022=DIRECTION('',(0.0,1.0,0.0));
#16023=DIRECTION('',(1.0,0.0,0.0));
#16024=DIRECTION('',(0.0,-1.0,0.0));
#16025=DIRECTION('',(-1.0,0.0,0.0));
#16026=DIRECTION('',(1.0,0.0,0.0));
#16027=DIRECTION('',(0.0,0.0,1.0));
#16028=DIRECTION('',(-1.0,0.0,0.0));
#16029=DIRECTION('',(0.0,-1.0,0.0));
#16030=DIRECTION('',(0.0,0.0,1.0));
#16031=DIRECTION('',(0.0,-1.0,0.0));
#16032=DIRECTION('',(0.0,0.0,1.0));
#16033=DIRECTION('',(0.0,-1.0,0.0));
#16034=DIRECTION('',(0.0,0.0,1.0));
#16035=DIRECTION('',(1.0,0.0,0.0));
#16036=DIRECTION('',(0.0,-1.0,0.0));
#16037=CARTESIAN_POINT('',(29.55,1.4,2.0));
#16038=DIRECTION('',(0.0,0.0,-1.0));
#16039=DIRECTION('',(-1.0,0.0,0.0));
#16040=DIRECTION('',(0.0,-1.0,0.0));
#16041=DIRECTION('',(-1.0,0.0,0.0));
#16042=DIRECTION('',(0.0,1.0,0.0));
#16043=DIRECTION('',(0.0,-1.0,0.0));
#16044=DIRECTION('',(0.0,0.0,-1.0));
#16045=DIRECTION('',(-1.0,0.0,0.0));
#16046=DIRECTION('',(0.0,1.0,0.0));
#16047=CARTESIAN_POINT('',(29.55,1.4,1.8));
#16048=DIRECTION('',(0.0,0.0,-1.0));
#16049=DIRECTION('',(-1.0,0.0,0.0));
#16050=DIRECTION('',(0.0,1.0,0.0));
#16051=DIRECTION('',(1.0,0.0,0.0));
#16052=CARTESIAN_POINT('',(29.55,1.4,1.8));
#16053=DIRECTION('',(0.0,0.0,-1.0));
#16054=DIRECTION('',(-1.0,0.0,0.0));
#16055=DIRECTION('',(0.0,-1.0,0.0));
#16056=CARTESIAN_POINT('',(29.55,1.4,1.8));
#16057=DIRECTION('',(0.0,0.0,-1.0));
#16058=DIRECTION('',(-1.0,0.0,0.0));
#16059=CARTESIAN_POINT('',(29.55,1.4,1.8));
#16060=DIRECTION('',(0.0,0.0,-1.0));
#16061=DIRECTION('',(-1.0,0.0,0.0));
#16062=DIRECTION('',(0.0,1.0,0.0));
#16063=DIRECTION('',(0.0,0.0,1.0));
#16064=CARTESIAN_POINT('',(29.55,1.4,2.0));
#16065=DIRECTION('',(0.0,0.0,-1.0));
#16066=DIRECTION('',(-1.0,0.0,0.0));
#16067=DIRECTION('',(0.0,1.0,0.0));
#16068=DIRECTION('',(1.0,0.0,0.0));
#16069=DIRECTION('',(-1.0,0.0,0.0));
#16070=DIRECTION('',(0.0,0.0,-1.0));
#16071=DIRECTION('',(0.0,0.0,-1.0));
#16072=DIRECTION('',(0.0,0.0,-1.0));
#16073=CARTESIAN_POINT('',(29.55,1.4,0.200000000000003));
#16074=DIRECTION('',(0.0,0.0,-1.0));
#16075=DIRECTION('',(-1.0,0.0,0.0));
#16076=DIRECTION('',(0.0,0.0,-1.0));
#16077=DIRECTION('',(0.0,-1.0,0.0));
#16078=CARTESIAN_POINT('',(29.55,1.4,0.200000000000003));
#16079=DIRECTION('',(0.0,0.0,-1.0));
#16080=DIRECTION('',(-1.0,0.0,0.0));
#16081=DIRECTION('',(0.0,-1.0,0.0));
#16082=DIRECTION('',(1.0,0.0,0.0));
#16083=DIRECTION('',(0.0,1.0,0.0));
#16084=CARTESIAN_POINT('',(29.55,1.4,0.200000000000003));
#16085=DIRECTION('',(0.0,0.0,-1.0));
#16086=DIRECTION('',(-1.0,0.0,0.0));
#16087=DIRECTION('',(0.0,1.0,0.0));
#16088=DIRECTION('',(-1.0,0.0,0.0));
#16089=CARTESIAN_POINT('',(29.55,1.4,0.200000000000003));
#16090=DIRECTION('',(0.0,0.0,-1.0));
#16091=DIRECTION('',(-1.0,0.0,0.0));
#16092=DIRECTION('',(-1.0,0.0,0.0));
#16093=DIRECTION('',(0.0,0.0,-1.0));
#16094=DIRECTION('',(0.0,0.0,1.0));
#16095=DIRECTION('',(-1.0,0.0,0.0));
#16096=DIRECTION('',(0.0,0.0,1.0));
#16097=DIRECTION('',(0.0,0.0,1.0));
#16098=DIRECTION('',(0.0,1.0,0.0));
#16099=DIRECTION('',(0.0,1.0,0.0));
#16100=DIRECTION('',(1.0,0.0,0.0));
#16101=CARTESIAN_POINT('',(29.55,1.4,0.0));
#16102=DIRECTION('',(0.0,0.0,-1.0));
#16103=DIRECTION('',(-1.0,0.0,0.0));
#16104=DIRECTION('',(0.0,0.0,1.0));
#16105=DIRECTION('',(0.0,0.0,1.0));
#16106=DIRECTION('',(0.0,-1.0,0.0));
#16107=CARTESIAN_POINT('',(29.55,1.4,0.0));
#16108=DIRECTION('',(0.0,0.0,-1.0));
#16109=DIRECTION('',(-1.0,0.0,0.0));
#16110=DIRECTION('',(0.0,0.0,-1.0));
#16111=DIRECTION('',(0.0,-1.0,0.0));
#16112=DIRECTION('',(0.0,0.0,1.0));
#16113=DIRECTION('',(0.0,0.0,-1.0));
#16114=DIRECTION('',(1.0,0.0,0.0));
#16115=DIRECTION('',(0.0,0.0,1.0));
#16116=DIRECTION('',(0.0,1.0,0.0));
#16117=DIRECTION('',(0.0,0.0,1.0));
#16118=DIRECTION('',(0.0,1.0,0.0));
#16119=DIRECTION('',(0.0,0.0,1.0));
#16120=DIRECTION('',(0.0,1.0,0.0));
#16121=DIRECTION('',(1.0,0.0,0.0));
#16122=DIRECTION('',(0.0,-1.0,0.0));
#16123=DIRECTION('',(-1.0,0.0,0.0));
#16124=DIRECTION('',(1.0,0.0,0.0));
#16125=DIRECTION('',(0.0,0.0,1.0));
#16126=DIRECTION('',(-1.0,0.0,0.0));
#16127=DIRECTION('',(0.0,-1.0,0.0));
#16128=DIRECTION('',(0.0,0.0,1.0));
#16129=DIRECTION('',(0.0,1.0,0.0));
#16130=DIRECTION('',(0.0,0.0,1.0));
#16131=DIRECTION('',(0.0,1.0,0.0));
#16132=DIRECTION('',(0.0,0.0,1.0));
#16133=DIRECTION('',(1.0,0.0,0.0));
#16134=DIRECTION('',(0.0,1.0,0.0));
#16135=CARTESIAN_POINT('',(33.05,1.4,0.200000000000003));
#16136=DIRECTION('',(0.0,0.0,-1.0));
#16137=DIRECTION('',(-1.0,0.0,0.0));
#16138=DIRECTION('',(0.0,1.0,0.0));
#16139=DIRECTION('',(-1.0,0.0,0.0));
#16140=DIRECTION('',(0.0,-1.0,0.0));
#16141=CARTESIAN_POINT('',(33.05,1.4,0.200000000000003));
#16142=DIRECTION('',(0.0,0.0,-1.0));
#16143=DIRECTION('',(-1.0,0.0,0.0));
#16144=DIRECTION('',(0.0,-1.0,0.0));
#16145=CARTESIAN_POINT('',(33.05,1.4,0.200000000000003));
#16146=DIRECTION('',(0.0,0.0,-1.0));
#16147=DIRECTION('',(-1.0,0.0,0.0));
#16148=CARTESIAN_POINT('',(33.05,1.4,0.200000000000003));
#16149=DIRECTION('',(0.0,0.0,-1.0));
#16150=DIRECTION('',(-1.0,0.0,0.0));
#16151=DIRECTION('',(0.0,0.0,-1.0));
#16152=CARTESIAN_POINT('',(33.05,1.4,1.8));
#16153=DIRECTION('',(0.0,0.0,-1.0));
#16154=DIRECTION('',(-1.0,0.0,0.0));
#16155=DIRECTION('',(0.0,0.0,-1.0));
#16156=DIRECTION('',(-1.0,0.0,0.0));
#16157=DIRECTION('',(0.0,1.0,0.0));
#16158=CARTESIAN_POINT('',(33.05,1.4,1.8));
#16159=DIRECTION('',(0.0,0.0,-1.0));
#16160=DIRECTION('',(-1.0,0.0,0.0));
#16161=DIRECTION('',(0.0,1.0,0.0));
#16162=DIRECTION('',(1.0,0.0,0.0));
#16163=DIRECTION('',(0.0,-1.0,0.0));
#16164=CARTESIAN_POINT('',(33.05,1.4,1.8));
#16165=DIRECTION('',(0.0,0.0,-1.0));
#16166=DIRECTION('',(-1.0,0.0,0.0));
#16167=DIRECTION('',(0.0,-1.0,0.0));
#16168=CARTESIAN_POINT('',(33.05,1.4,1.8));
#16169=DIRECTION('',(0.0,0.0,-1.0));
#16170=DIRECTION('',(-1.0,0.0,0.0));
#16171=DIRECTION('',(-1.0,0.0,0.0));
#16172=DIRECTION('',(0.0,1.0,0.0));
#16173=DIRECTION('',(1.0,0.0,0.0));
#16174=DIRECTION('',(0.0,-1.0,0.0));
#16175=CARTESIAN_POINT('',(33.05,1.4,2.0));
#16176=DIRECTION('',(0.0,0.0,-1.0));
#16177=DIRECTION('',(-1.0,0.0,0.0));
#16178=DIRECTION('',(0.0,-1.0,0.0));
#16179=DIRECTION('',(0.0,0.0,1.0));
#16180=DIRECTION('',(1.0,0.0,0.0));
#16181=DIRECTION('',(1.0,0.0,0.0));
#16182=DIRECTION('',(0.0,0.0,-1.0));
#16183=DIRECTION('',(0.0,0.0,1.0));
#16184=DIRECTION('',(0.0,0.0,1.0));
#16185=DIRECTION('',(1.0,0.0,0.0));
#16186=DIRECTION('',(0.0,0.0,-1.0));
#16187=DIRECTION('',(0.0,0.0,1.0));
#16188=DIRECTION('',(0.0,0.0,-1.0));
#16189=DIRECTION('',(0.0,1.0,0.0));
#16190=CARTESIAN_POINT('',(33.05,1.4,0.0));
#16191=DIRECTION('',(0.0,0.0,-1.0));
#16192=DIRECTION('',(-1.0,0.0,0.0));
#16193=DIRECTION('',(-1.0,0.0,0.0));
#16194=DIRECTION('',(0.0,1.0,0.0));
#16195=DIRECTION('',(0.0,0.0,1.0));
#16196=DIRECTION('',(-1.0,0.0,0.0));
#16197=DIRECTION('',(0.0,0.0,1.0));
#16198=DIRECTION('',(0.0,0.0,-1.0));
#16199=DIRECTION('',(0.0,0.0,1.0));
#16200=DIRECTION('',(-1.0,0.0,0.0));
#16201=DIRECTION('',(0.0,1.0,0.0));
#16202=DIRECTION('',(0.0,1.0,0.0));
#16203=DIRECTION('',(0.0,0.0,-1.0));
#16204=DIRECTION('',(0.0,-1.0,0.0));
#16205=DIRECTION('',(0.0,0.0,1.0));
#16206=DIRECTION('',(0.0,-1.0,0.0));
#16207=DIRECTION('',(0.0,0.0,-1.0));
#16208=DIRECTION('',(0.0,1.0,0.0));
#16209=DIRECTION('',(0.0,0.0,1.0));
#16210=DIRECTION('',(1.0,0.0,0.0));
#16211=DIRECTION('',(1.0,0.0,0.0));
#16212=DIRECTION('',(1.0,0.0,0.0));
#16213=DIRECTION('',(1.0,0.0,0.0));
#16214=DIRECTION('',(0.0,0.0,-1.0));
#16215=DIRECTION('',(0.0,0.0,-1.0));
#16216=CARTESIAN_POINT('',(33.05,1.4,2.0));
#16217=DIRECTION('',(0.0,0.0,-1.0));
#16218=DIRECTION('',(-1.0,0.0,0.0));
#16219=DIRECTION('',(0.0,1.0,0.0));
#16220=DIRECTION('',(0.0,1.0,0.0));
#16221=DIRECTION('',(0.0,0.0,1.0));
#16222=DIRECTION('',(0.0,-1.0,0.0));
#16223=CARTESIAN_POINT('',(33.05,1.4,0.0));
#16224=DIRECTION('',(0.0,0.0,-1.0));
#16225=DIRECTION('',(-1.0,0.0,0.0));
#16226=DIRECTION('',(0.0,-1.0,0.0));
#16227=DIRECTION('',(0.0,0.0,1.0));
#16228=DIRECTION('',(0.0,-1.0,0.0));
#16229=CARTESIAN_POINT('',(26.05,1.4,2.0));
#16230=DIRECTION('',(0.0,0.0,-1.0));
#16231=DIRECTION('',(-1.0,0.0,0.0));
#16232=DIRECTION('',(-1.81590753287042E-14,-1.0,-0.0));
#16233=DIRECTION('',(0.0,0.0,-1.0));
#16234=DIRECTION('',(-1.0,0.0,0.0));
#16235=DIRECTION('',(1.0,0.0,0.0));
#16236=DIRECTION('',(1.0,0.0,0.0));
#16237=DIRECTION('',(-1.0,0.0,0.0));
#16238=DIRECTION('',(1.0,0.0,0.0));
#16239=DIRECTION('',(0.0,1.0,0.0));
#16240=CARTESIAN_POINT('',(22.55,1.4,0.0));
#16241=DIRECTION('',(0.0,0.0,-1.0));
#16242=DIRECTION('',(-1.0,0.0,0.0));
#16243=DIRECTION('',(0.0,1.0,0.0));
#16244=DIRECTION('',(-1.0,0.0,0.0));
#16245=DIRECTION('',(0.0,1.0,0.0));
#16246=DIRECTION('',(0.0,0.0,1.0));
#16247=DIRECTION('',(-1.0,0.0,0.0));
#16248=CARTESIAN_POINT('',(22.55,1.4,0.200000000000003));
#16249=DIRECTION('',(0.0,0.0,-1.0));
#16250=DIRECTION('',(-1.0,0.0,0.0));
#16251=DIRECTION('',(0.0,1.0,0.0));
#16252=DIRECTION('',(1.0,0.0,0.0));
#16253=DIRECTION('',(0.0,1.0,0.0));
#16254=CARTESIAN_POINT('',(22.55,1.4,0.200000000000003));
#16255=DIRECTION('',(0.0,0.0,-1.0));
#16256=DIRECTION('',(-1.0,0.0,0.0));
#16257=DIRECTION('',(0.0,1.0,0.0));
#16258=CARTESIAN_POINT('',(22.55,1.4,0.200000000000003));
#16259=DIRECTION('',(0.0,0.0,-1.0));
#16260=DIRECTION('',(-1.0,0.0,0.0));
#16261=CARTESIAN_POINT('',(22.55,1.4,0.200000000000003));
#16262=DIRECTION('',(0.0,0.0,-1.0));
#16263=DIRECTION('',(-1.0,0.0,0.0));
#16264=DIRECTION('',(0.0,0.0,-1.0));
#16265=DIRECTION('',(0.0,0.0,-1.0));
#16266=DIRECTION('',(-1.0,0.0,0.0));
#16267=DIRECTION('',(0.0,0.0,-1.0));
#16268=DIRECTION('',(1.0,0.0,0.0));
#16269=DIRECTION('',(0.0,0.0,-1.0));
#16270=DIRECTION('',(1.0,0.0,0.0));
#16271=DIRECTION('',(0.0,0.0,1.0));
#16272=DIRECTION('',(-1.0,0.0,0.0));
#16273=DIRECTION('',(0.0,0.0,1.0));
#16274=DIRECTION('',(0.0,1.0,0.0));
#16275=DIRECTION('',(0.0,1.0,0.0));
#16276=DIRECTION('',(1.0,0.0,0.0));
#16277=CARTESIAN_POINT('',(22.55,1.4,0.0));
#16278=DIRECTION('',(0.0,0.0,-1.0));
#16279=DIRECTION('',(-1.0,0.0,0.0));
#16280=DIRECTION('',(0.0,0.0,1.0));
#16281=DIRECTION('',(1.0,0.0,0.0));
#16282=DIRECTION('',(0.0,0.0,-1.0));
#16283=DIRECTION('',(-1.0,0.0,0.0));
#16284=DIRECTION('',(0.0,0.0,-1.0));
#16285=DIRECTION('',(1.0,0.0,0.0));
#16286=CARTESIAN_POINT('',(22.55,1.4,2.0));
#16287=DIRECTION('',(0.0,0.0,-1.0));
#16288=DIRECTION('',(-1.0,0.0,0.0));
#16289=DIRECTION('',(0.0,1.0,0.0));
#16290=DIRECTION('',(0.0,1.0,0.0));
#16291=DIRECTION('',(0.0,1.0,0.0));
#16292=DIRECTION('',(0.0,0.0,-1.0));
#16293=DIRECTION('',(0.0,1.0,0.0));
#16294=CARTESIAN_POINT('',(22.55,1.4,1.8));
#16295=DIRECTION('',(0.0,0.0,-1.0));
#16296=DIRECTION('',(-1.0,0.0,0.0));
#16297=DIRECTION('',(0.0,-1.0,0.0));
#16298=CARTESIAN_POINT('',(22.55,1.4,1.8));
#16299=DIRECTION('',(0.0,0.0,-1.0));
#16300=DIRECTION('',(-1.0,0.0,0.0));
#16301=DIRECTION('',(0.0,-1.0,0.0));
#16302=CARTESIAN_POINT('',(22.55,1.4,1.8));
#16303=DIRECTION('',(0.0,0.0,-1.0));
#16304=DIRECTION('',(-1.0,0.0,0.0));
#16305=CARTESIAN_POINT('',(22.55,1.4,1.8));
#16306=DIRECTION('',(0.0,0.0,-1.0));
#16307=DIRECTION('',(-1.0,0.0,0.0));
#16308=DIRECTION('',(0.0,0.0,-1.0));
#16309=DIRECTION('',(0.0,0.0,-1.0));
#16310=DIRECTION('',(0.0,-1.0,0.0));
#16311=CARTESIAN_POINT('',(22.55,1.4,2.0));
#16312=DIRECTION('',(0.0,0.0,-1.0));
#16313=DIRECTION('',(-1.0,0.0,0.0));
#16314=DIRECTION('',(2.72386129930563E-14,1.0,0.0));
#16315=DIRECTION('',(0.0,0.0,1.0));
#16316=DIRECTION('',(0.0,0.0,1.0));
#16317=DIRECTION('',(0.0,0.0,1.0));
#16318=DIRECTION('',(0.0,0.0,-1.0));
#16319=DIRECTION('',(-1.0,0.0,0.0));
#16320=DIRECTION('',(1.0,0.0,0.0));
#16321=DIRECTION('',(0.0,1.0,0.0));
#16322=CARTESIAN_POINT('',(15.55,1.4,0.200000000000003));
#16323=DIRECTION('',(0.0,0.0,-1.0));
#16324=DIRECTION('',(-1.0,0.0,0.0));
#16325=DIRECTION('',(0.0,1.0,0.0));
#16326=DIRECTION('',(-1.0,0.0,0.0));
#16327=DIRECTION('',(0.0,-1.0,0.0));
#16328=CARTESIAN_POINT('',(15.55,1.4,0.200000000000003));
#16329=DIRECTION('',(0.0,0.0,-1.0));
#16330=DIRECTION('',(-1.0,0.0,0.0));
#16331=DIRECTION('',(-2.72386129930563E-14,-1.0,-0.0));
#16332=CARTESIAN_POINT('',(15.55,1.4,0.200000000000003));
#16333=DIRECTION('',(0.0,0.0,-1.0));
#16334=DIRECTION('',(-1.0,0.0,0.0));
#16335=CARTESIAN_POINT('',(15.55,1.4,0.200000000000003));
#16336=DIRECTION('',(0.0,0.0,-1.0));
#16337=DIRECTION('',(-1.0,0.0,0.0));
#16338=DIRECTION('',(0.0,0.0,1.0));
#16339=DIRECTION('',(1.0,0.0,0.0));
#16340=DIRECTION('',(1.0,0.0,0.0));
#16341=DIRECTION('',(0.0,0.0,-1.0));
#16342=DIRECTION('',(-1.0,0.0,0.0));
#16343=DIRECTION('',(1.0,0.0,0.0));
#16344=DIRECTION('',(0.0,0.0,-1.0));
#16345=DIRECTION('',(0.0,1.0,0.0));
#16346=CARTESIAN_POINT('',(15.55,1.4,1.8));
#16347=DIRECTION('',(0.0,0.0,-1.0));
#16348=DIRECTION('',(-1.0,0.0,0.0));
#16349=DIRECTION('',(0.0,1.0,0.0));
#16350=DIRECTION('',(1.0,0.0,0.0));
#16351=CARTESIAN_POINT('',(15.55,1.4,1.8));
#16352=DIRECTION('',(0.0,0.0,-1.0));
#16353=DIRECTION('',(-1.0,0.0,0.0));
#16354=CARTESIAN_POINT('',(15.55,1.4,1.8));
#16355=DIRECTION('',(0.0,0.0,-1.0));
#16356=DIRECTION('',(-1.0,0.0,0.0));
#16357=CARTESIAN_POINT('',(15.55,1.4,1.8));
#16358=DIRECTION('',(0.0,0.0,-1.0));
#16359=DIRECTION('',(-1.0,0.0,0.0));
#16360=DIRECTION('',(0.0,0.0,-1.0));
#16361=DIRECTION('',(0.0,0.0,-1.0));
#16362=DIRECTION('',(0.0,1.0,0.0));
#16363=DIRECTION('',(0.0,0.0,1.0));
#16364=DIRECTION('',(0.0,1.0,0.0));
#16365=DIRECTION('',(-1.0,0.0,0.0));
#16366=CARTESIAN_POINT('',(15.55,1.4,2.0));
#16367=DIRECTION('',(0.0,0.0,-1.0));
#16368=DIRECTION('',(-1.0,0.0,0.0));
#16369=DIRECTION('',(0.0,0.0,-1.0));
#16370=DIRECTION('',(-1.0,0.0,0.0));
#16371=DIRECTION('',(0.0,0.0,-1.0));
#16372=DIRECTION('',(0.0,0.0,1.0));
#16373=DIRECTION('',(-1.0,0.0,0.0));
#16374=CARTESIAN_POINT('',(15.55,1.4,0.0));
#16375=DIRECTION('',(0.0,0.0,-1.0));
#16376=DIRECTION('',(-1.0,0.0,0.0));
#16377=DIRECTION('',(0.0,1.0,0.0));
#16378=DIRECTION('',(0.0,1.0,0.0));
#16379=DIRECTION('',(0.0,0.0,1.0));
#16380=DIRECTION('',(0.0,0.0,1.0));
#16381=DIRECTION('',(-2.72386129930563E-14,-1.0,-0.0));
#16382=CARTESIAN_POINT('',(15.55,1.4,0.0));
#16383=DIRECTION('',(0.0,0.0,-1.0));
#16384=DIRECTION('',(-1.0,0.0,0.0));
#16385=DIRECTION('',(0.0,-1.0,0.0));
#16386=DIRECTION('',(-2.7238612993057E-14,1.0,0.0));
#16387=DIRECTION('',(-2.7238612993057E-14,1.0,0.0));
#16388=CARTESIAN_POINT('',(1.55,1.4,-0.5));
#16389=DIRECTION('',(0.0,0.0,-1.0));
#16390=DIRECTION('',(1.0,0.0,0.0));
#16391=DIRECTION('',(0.0,0.0,-1.0));
#16392=CARTESIAN_POINT('',(1.55,1.4,0.0));
#16393=DIRECTION('',(0.0,0.0,-1.0));
#16394=DIRECTION('',(1.0,0.0,0.0));
#16395=DIRECTION('',(0.0,0.0,-1.0));
#16396=CARTESIAN_POINT('',(1.55,1.4,0.0));
#16397=DIRECTION('',(0.0,0.0,-1.0));
#16398=DIRECTION('',(1.0,0.0,0.0));
#16399=CARTESIAN_POINT('',(1.55,1.4,-0.5));
#16400=DIRECTION('',(0.0,0.0,-1.0));
#16401=DIRECTION('',(1.0,0.0,0.0));
#16402=CARTESIAN_POINT('',(5.05,1.39999999999999,8.2339745962156));
#16403=DIRECTION('',(0.0,0.0,-1.0));
#16404=DIRECTION('',(1.0,0.0,0.0));
#16405=CARTESIAN_POINT('',(5.8247967278116,1.39999999999999,8.0753206314411));
#16406=DIRECTION('',(0.0,1.0,0.0));
#16407=DIRECTION('',(0.0,0.0,1.0));
#16408=CARTESIAN_POINT('',(4.2752032721884,1.39999999999999,8.0753206314411));
#16409=DIRECTION('',(0.0,-1.0,0.0));
#16410=DIRECTION('',(0.0,0.0,1.0));
#16411=CARTESIAN_POINT('',(5.05,1.39999999999999,-3.0339745962156));
#16412=DIRECTION('',(0.0,0.0,-1.0));
#16413=DIRECTION('',(1.0,0.0,0.0));
#16414=CARTESIAN_POINT('',(4.2752032721884,1.39999999999999,-2.8753206314411));
#16415=DIRECTION('',(0.0,-1.0,0.0));
#16416=DIRECTION('',(0.0,0.0,1.0));
#16417=CARTESIAN_POINT('',(5.8247967278116,1.39999999999999,-2.8753206314411));
#16418=DIRECTION('',(0.0,1.0,0.0));
#16419=DIRECTION('',(0.0,0.0,1.0));
#16420=DIRECTION('',(0.0,0.0,-1.0));
#16421=DIRECTION('',(0.0,0.0,-1.0));
#16422=CARTESIAN_POINT('',(5.05,1.39999999999999,8.2339745962156));
#16423=DIRECTION('',(0.0,0.0,-1.0));
#16424=DIRECTION('',(1.0,0.0,0.0));
#16425=CARTESIAN_POINT('',(5.05,1.39999999999999,-3.0339745962156));
#16426=DIRECTION('',(0.0,0.0,-1.0));
#16427=DIRECTION('',(1.0,0.0,0.0));
#16428=CARTESIAN_POINT('',(1.55,1.39999999999999,8.2339745962156));
#16429=DIRECTION('',(0.0,0.0,-1.0));
#16430=DIRECTION('',(1.0,0.0,0.0));
#16431=CARTESIAN_POINT('',(2.3247967278116,1.39999999999999,8.0753206314411));
#16432=DIRECTION('',(0.0,1.0,0.0));
#16433=DIRECTION('',(0.0,0.0,1.0));
#16434=CARTESIAN_POINT('',(0.775203272188399,1.39999999999999,8.0753206314411));
#16435=DIRECTION('',(0.0,-1.0,0.0));
#16436=DIRECTION('',(0.0,0.0,1.0));
#16437=CARTESIAN_POINT('',(1.55,1.39999999999999,-3.0339745962156));
#16438=DIRECTION('',(0.0,0.0,-1.0));
#16439=DIRECTION('',(1.0,0.0,0.0));
#16440=CARTESIAN_POINT('',(0.775203272188399,1.39999999999999,-2.8753206314411));
#16441=DIRECTION('',(0.0,-1.0,0.0));
#16442=DIRECTION('',(0.0,0.0,1.0));
#16443=CARTESIAN_POINT('',(2.3247967278116,1.39999999999999,-2.8753206314411));
#16444=DIRECTION('',(0.0,1.0,0.0));
#16445=DIRECTION('',(0.0,0.0,1.0));
#16446=DIRECTION('',(0.0,0.0,-1.0));
#16447=DIRECTION('',(0.0,0.0,-1.0));
#16448=CARTESIAN_POINT('',(1.55,1.39999999999999,8.2339745962156));
#16449=DIRECTION('',(0.0,0.0,-1.0));
#16450=DIRECTION('',(1.0,0.0,0.0));
#16451=CARTESIAN_POINT('',(1.55,1.39999999999999,-3.0339745962156));
#16452=DIRECTION('',(0.0,0.0,-1.0));
#16453=DIRECTION('',(1.0,0.0,0.0));
#16454=CARTESIAN_POINT('',(29.55,1.39999999999999,8.2339745962156));
#16455=DIRECTION('',(0.0,0.0,-1.0));
#16456=DIRECTION('',(1.0,0.0,0.0));
#16457=CARTESIAN_POINT('',(30.3247967278116,1.39999999999999,8.0753206314411));
#16458=DIRECTION('',(0.0,1.0,0.0));
#16459=DIRECTION('',(0.0,0.0,1.0));
#16460=CARTESIAN_POINT('',(28.7752032721884,1.39999999999999,8.0753206314411));
#16461=DIRECTION('',(0.0,-1.0,0.0));
#16462=DIRECTION('',(0.0,0.0,1.0));
#16463=CARTESIAN_POINT('',(29.55,1.39999999999999,-3.0339745962156));
#16464=DIRECTION('',(0.0,0.0,-1.0));
#16465=DIRECTION('',(1.0,0.0,0.0));
#16466=CARTESIAN_POINT('',(28.7752032721884,1.39999999999999,-2.8753206314411));
#16467=DIRECTION('',(0.0,-1.0,0.0));
#16468=DIRECTION('',(0.0,0.0,1.0));
#16469=CARTESIAN_POINT('',(30.3247967278116,1.39999999999999,-2.8753206314411));
#16470=DIRECTION('',(0.0,1.0,0.0));
#16471=DIRECTION('',(0.0,0.0,1.0));
#16472=DIRECTION('',(0.0,0.0,-1.0));
#16473=DIRECTION('',(0.0,0.0,-1.0));
#16474=CARTESIAN_POINT('',(29.55,1.39999999999999,8.2339745962156));
#16475=DIRECTION('',(0.0,0.0,-1.0));
#16476=DIRECTION('',(1.0,0.0,0.0));
#16477=CARTESIAN_POINT('',(29.55,1.39999999999999,-3.0339745962156));
#16478=DIRECTION('',(0.0,0.0,-1.0));
#16479=DIRECTION('',(1.0,0.0,0.0));
#16480=CARTESIAN_POINT('',(5.05,1.4,-0.5));
#16481=DIRECTION('',(0.0,0.0,-1.0));
#16482=DIRECTION('',(1.0,0.0,0.0));
#16483=DIRECTION('',(0.0,0.0,-1.0));
#16484=CARTESIAN_POINT('',(5.05,1.4,0.0));
#16485=DIRECTION('',(0.0,0.0,-1.0));
#16486=DIRECTION('',(1.0,0.0,0.0));
#16487=DIRECTION('',(0.0,0.0,-1.0));
#16488=CARTESIAN_POINT('',(5.05,1.4,0.0));
#16489=DIRECTION('',(0.0,0.0,-1.0));
#16490=DIRECTION('',(1.0,0.0,0.0));
#16491=CARTESIAN_POINT('',(5.05,1.4,-0.5));
#16492=DIRECTION('',(0.0,0.0,-1.0));
#16493=DIRECTION('',(1.0,0.0,0.0));
#16494=CARTESIAN_POINT('',(26.05,1.4,-0.5));
#16495=DIRECTION('',(0.0,0.0,-1.0));
#16496=DIRECTION('',(1.0,0.0,0.0));
#16497=DIRECTION('',(0.0,0.0,-1.0));
#16498=CARTESIAN_POINT('',(26.05,1.4,0.0));
#16499=DIRECTION('',(0.0,0.0,-1.0));
#16500=DIRECTION('',(1.0,0.0,0.0));
#16501=DIRECTION('',(0.0,0.0,-1.0));
#16502=CARTESIAN_POINT('',(26.05,1.4,0.0));
#16503=DIRECTION('',(0.0,0.0,-1.0));
#16504=DIRECTION('',(1.0,0.0,0.0));
#16505=CARTESIAN_POINT('',(26.05,1.4,-0.5));
#16506=DIRECTION('',(0.0,0.0,-1.0));
#16507=DIRECTION('',(1.0,0.0,0.0));
#16508=CARTESIAN_POINT('',(29.55,1.4,-0.5));
#16509=DIRECTION('',(0.0,0.0,-1.0));
#16510=DIRECTION('',(1.0,0.0,0.0));
#16511=DIRECTION('',(0.0,0.0,-1.0));
#16512=CARTESIAN_POINT('',(29.55,1.4,0.0));
#16513=DIRECTION('',(0.0,0.0,-1.0));
#16514=DIRECTION('',(1.0,0.0,0.0));
#16515=DIRECTION('',(0.0,0.0,-1.0));
#16516=CARTESIAN_POINT('',(29.55,1.4,0.0));
#16517=DIRECTION('',(0.0,0.0,-1.0));
#16518=DIRECTION('',(1.0,0.0,0.0));
#16519=CARTESIAN_POINT('',(29.55,1.4,-0.5));
#16520=DIRECTION('',(0.0,0.0,-1.0));
#16521=DIRECTION('',(1.0,0.0,0.0));
#16522=PRESENTATION_LAYER_ASSIGNMENT('','',(#511,#513,#515,#517,#519,#521,#523,#525,#527,#529,#531,#533,#535,#537,#539,#541,#543,#545,#547,#549,#551,#553,#555,#557,#559,#561,#563,#565,#567,#569,#571,#573,#575,#577,#579,#581,#583,#585,#587,#589,#591,#593,#595,#597,#599,#601,#603,#605,#607,#609,#611,#613,#615,#617,#619,#621,#623,#625,#627,#629,#631,#633,#635,#637,#639,#641,#643,#645,#647,#649,#651,#653,#655,#657,#659,#661,#663,#665,#667,#669,#671,#673,#675,#677,#679,#681,#683,#685,#687,#689,#691,#693,#695,#697,#699,#701,#703,#705,#707,#709,#711,#713,#715,#717,#719,#721,#723,#725,#727,#729,#731,#733,#735,#737,#739,#741,#743,#745,#747,#749,#751,#753,#755,#757,#759,#761,#763,#765,#767,#769,#771,#773,#775,#777,#779,#781,#783,#785,#787,#789,#791,#793,#795,#797,#799,#801,#803,#805,#807,#809,#811,#813,#815,#817,#819,#821,#823,#825,#827,#829,#831,#833,#835,#837,#839,#841,#843,#845,#847,#849,#851,#853,#855,#857,#859,#861,#863,#865,#867,#869,#871,#873,#875,#877,#879,#881,#883,#885,#887,#889,#891,#893,#895,#897,#899,#901,#903,#905,#907,#909,#911,#913,#915,#917,#919,#921,#923,#925,#927,#929,#931,#933,#935,#937,#939,#941,#943,#945,#947,#949,#951,#953,#955,#957,#959,#961,#963,#965,#967,#969,#971,#973,#975,#977,#979,#981,#983,#985,#987,#989,#991,#993,#995,#997,#999,#1001,#1003,#1005,#1007,#1009,#1011,#1013,#1015,#1017,#1019,#1021,#1023,#1025,#1027,#1029,#1031,#1033,#1035,#1037,#1039,#1041,#1043,#1045,#1047,#1049,#1051,#1053,#1055,#1057,#1059,#1061,#1063,#1065,#1067,#1069,#1071,#1073,#1075,#1077,#1079,#1081,#1083,#1085,#1087,#1089,#1091,#1093,#1095,#1097,#1099,#1101,#1103,#1105,#1107,#1109,#1111,#1113,#1115,#1117,#1119,#1121,#1123,#1125,#1127,#1129,#1131,#1133,#1135,#1137,#1139,#1141,#1143,#1145,#1147,#1149,#1151,#1153,#1155,#1157,#1159,#1161,#1163,#1165,#1167,#1169,#1171,#1173,#1175,#1177,#1179,#1181,#1183,#1185,#1187,#1189,#1191,#1193,#1195,#1197,#1199,#1201,#1203,#1205,#1207,#1209,#1211,#1213,#1215,#1217,#1219,#1221,#1223,#1225,#1227,#1229,#1231,#1233,#1235,#1237,#1239,#1241,#1243,#1245,#1247,#1249,#1251,#1253,#1255,#1257,#1259,#1261,#1263,#1265,#1267,#1269,#1271,#1273,#1275,#1277,#1279,#1281,#1283,#1285,#1287,#1289,#1291,#1293,#1295,#1297,#1299,#1301,#1303,#1305,#1307,#1309,#1311,#1313,#1315,#1317,#1319,#1321,#1323,#1325,#1327,#1329,#1331,#1333,#1335,#1337,#1339,#1341,#1343,#1345,#1347,#1349,#1351,#1353,#1355,#1357,#1359,#1361,#1363,#1365,#1367,#1369,#1371,#1373,#1375,#1377,#1379,#1381,#1383,#1385,#1387,#1389,#1391,#1393,#1395,#1397,#1399,#1401,#1403,#8078,#8079,#8080,#8082,#8083,#8084,#8086,#8087,#8089,#8090,#8095,#8096,#8097,#8098,#8100,#8101,#8106,#8107,#8108,#8109,#8111,#8112,#8117,#8118,#8119,#8120,#8122,#8123,#8128,#8129,#8130,#8131,#8133,#8134,#8139,#8140,#8141,#8142,#8144,#8145,#8150,#8151,#8152,#8153,#8155,#8156,#8161,#8162,#8163,#8165,#8166,#8167,#8169,#8170,#8172,#8173,#8178,#8179,#8180,#8182,#8183,#8184,#8186,#8187,#8189,#8190,#8195,#8196,#8197,#8199,#8200,#8201,#8203,#8204,#8206,#8207,#8212,#8213,#8214,#8216,#8217,#8218,#8220,#8221,#8223,#8224,#8229,#8230,#8231,#8233,#8234,#8235,#8237,#8238,#8240,#8241,#8246,#8247,#8248,#8250,#8251,#8252,#8254,#8255,#8257,#8258,#8264,#8265,#8266,#8269,#8270,#8271,#8274,#8275,#8276,#8279,#8280,#8281,#8284,#8285,#8286,#8289,#8290,#8291,#8294,#8295,#8296,#8299,#8300,#8301,#8304,#8305,#8306,#8309,#8310,#8311,#8314,#8315,#8316,#8319,#8320,#8321,#8324,#8325,#8326,#8329,#8330,#8331,#8334,#8335,#8336,#8339,#8340,#8341,#8344,#8345,#8346,#8349,#8350,#8351,#8354,#8355,#8356,#8359,#8360,#8361,#8364,#8365,#8366,#8369,#8370,#8371,#8374,#8375,#8376,#8379,#8380,#8381,#8384,#8385,#8386,#8389,#8390,#8391,#8394,#8395,#8396,#8399,#8400,#8401,#8404,#8405,#8406,#8409,#8410,#8411,#8414,#8415,#8416,#8419,#8420,#8421,#8424,#8425,#8426,#8429,#8430,#8431,#8434,#8435,#8436,#8439,#8440,#8441,#8444,#8445,#8446,#8449,#8450,#8451,#8454,#8455,#8456,#8459,#8460,#8461,#8463,#8464,#8465,#8466,#8468,#8469,#8470,#8471,#8472,#8473,#8474,#8475,#8476,#8478,#8480,#8481,#8482,#8483,#8484,#8485,#8486,#8487,#8488,#8489,#8490,#8492,#8493,#8494,#8496,#8498,#8499,#8500,#8501,#8502,#8503,#8504,#8505,#8506,#8507,#8509,#8510,#8511,#8512,#8513,#8514,#8516,#8517,#8518,#8519,#8521,#8522,#8524,#8526,#8529,#8530,#8531,#8532,#8533,#8534,#8536,#8537,#8539,#8541,#8542,#8543,#8544,#8546,#8547,#8548,#8549,#8550,#8552,#8553,#8554,#8556,#8557,#8559,#8560,#8561,#8562,#8563,#8564,#8567,#8568,#8570,#8571,#8572,#8573,#8574,#8575,#8576,#8577,#8578,#8579,#8581,#8582,#8584,#8585,#8587,#8588,#8590,#8591,#8593,#8594,#8595,#8597,#8598,#8599,#8600,#8601,#8602,#8603,#8604,#8606,#8608,#8610,#8611,#8612,#8613,#8615,#8616,#8617,#8619,#8621,#8623,#8624,#8625,#8626,#8627,#8628,#8630,#8632,#8633,#8634,#8635,#8637,#8642,#8643,#8645,#8646,#8648,#8649,#8650,#8652,#8653,#8654,#8655,#8656,#8658,#8659,#8660,#8662,#8663,#8665,#8666,#8668,#8669,#8670,#8671,#8672,#8675,#8676,#8677,#8678,#8680,#8681,#8682,#8683,#8685,#8686,#8687,#8689,#8690,#8692,#8693,#8694,#8696,#8697,#8698,#8700,#8701,#8702,#8703,#8705,#8706,#8708,#8709,#8711,#8712,#8713,#8715,#8716,#8717,#8718,#8720,#8721,#8723,#8724,#8726,#8728,#8733,#8734,#8735,#8736,#8737,#8738,#8739,#8741,#8742,#8743,#8744,#8745,#8746,#8747,#8749,#8750,#8752,#8753,#8754,#8755,#8756,#8758,#8759,#8760,#8762,#8763,#8764,#8765,#8769,#8770,#8772,#8774,#8775,#8777,#8778,#8780,#8782,#8783,#8784,#8785,#8787,#8788,#8789,#8791,#8792,#8794,#8795,#8797,#8798,#8799,#8800,#8803,#8804,#8805,#8806,#8807,#8808,#8810,#8811,#8812,#8813,#8814,#8815,#8816,#8817,#8819,#8820,#8821,#8823,#8824,#8825,#8826,#8828,#8829,#8830,#8831,#8832,#8833,#8834,#8836,#8838,#8839,#8842,#8843,#8844,#8845,#8846,#8848,#8849,#8850,#8851,#8853,#8854,#8855,#8856,#8857,#8860,#8861,#8864,#8865,#8866,#8868,#8870,#8873,#8874,#8875,#8877,#8879,#8880,#8881,#8883,#8884,#8886,#8887,#8889,#8891,#8892,#8893,#8894,#8896,#8897,#8898,#8900,#8901,#8902,#8903,#8904,#8905,#8906,#8908,#8909,#8910,#8912,#8913,#8915,#8916,#8917,#8918,#8919,#8920,#8922,#8923,#8924,#8925,#8926,#8927,#8929,#8930,#8932,#8933,#8934,#8935,#8936,#8937,#8938,#8939,#8940,#8942,#8943,#8945,#8946,#8948,#8949,#8951,#8952,#8954,#8955,#8956,#8958,#8959,#8960,#8961,#8962,#8963,#8964,#8965,#8966,#8968,#8969,#8970,#8971,#8972,#8973,#8975,#8976,#8977,#8978,#8979,#8981,#8982,#8983,#8984,#8986,#8987,#8991,#8992,#8993,#8994,#8995,#8997,#8998,#8999,#9001,#9002,#9004,#9005,#9007,#9008,#9009,#9010,#9011,#9014,#9015,#9016,#9017,#9018,#9019,#9020,#9021,#9023,#9024,#9025,#9026,#9027,#9028,#9029,#9030,#9032,#9033,#9034,#9035,#9036,#9038,#9039,#9041,#9042,#9044,#9045,#9047,#9048,#9049,#9050,#9051,#9052,#9053,#9054,#9055,#9057,#9058,#9059,#9061,#9062,#9064,#9065,#9066,#9068,#9069,#9070,#9071,#9072,#9073,#9075,#9076,#9077,#9079,#9080,#9081,#9082,#9083,#9085,#9086,#9087,#9088,#9089,#9091,#9092,#9093,#9094,#9095,#9098,#9099,#9100,#9101,#9102,#9104,#9105,#9106,#9108,#9109,#9111,#9112,#9114,#9115,#9116,#9117,#9118,#9121,#9122,#9123,#9124,#9125,#9126,#9128,#9129,#9131,#9132,#9133,#9134,#9135,#9136,#9137,#9138,#9139,#9141,#9142,#9144,#9145,#9146,#9147,#9149,#9150,#9153,#9154,#9155,#9157,#9158,#9159,#9160,#9161,#9162,#9163,#9164,#9165,#9167,#9168,#9169,#9170,#9171,#9173,#9174,#9176,#9177,#9178,#9180,#9183,#9184,#9186,#9188,#9189,#9191,#9192,#9195,#9196,#9198,#9199,#9200,#9201,#9202,#9204,#9205,#9206,#9208,#9209,#9211,#9212,#9214,#9215,#9216,#9217,#9218,#9220,#9221,#9222,#9223,#9224,#9225,#9226,#9227,#9228,#9229,#9231,#9232,#9233,#9235,#9236,#9237,#9238,#9239,#9240,#9241,#9242,#9243,#9245,#9246,#9247,#9248,#9249,#9250,#9252,#9253,#9254,#9255,#9256,#9257,#9258,#9259,#9261,#9262,#9263,#9265,#9266,#9267,#9269,#9270,#9271,#9272,#9273,#9274,#9276,#9277,#9278,#9279,#9280,#9282,#9283,#9284,#9285,#9287,#9288,#9290,#9292,#9296,#9299,#9300,#9302,#9304,#9309,#9310,#9312,#9313,#9319,#9323,#9324,#9325,#9328,#9331,#9332,#9334,#9336,#9339,#9340,#9341,#9342,#9343,#9345,#9346,#9348,#9349,#9350,#9351,#9352,#9353,#9354,#9355,#9356,#9358,#9359,#9362,#9363,#9364,#9365,#9366,#9367,#9368,#9370,#9371,#9373,#9374,#9375,#9377,#9380,#9381,#9382,#9383,#9384,#9386,#9387,#9388,#9390,#9392,#9393,#9395,#9397,#9398,#9399,#9400,#9401,#9403,#9404,#9406,#9407,#9408,#9411,#9414,#9415,#9419,#9423,#9426,#9427,#9428,#9429,#9430,#9431,#9432,#9433,#9434,#9435,#9437,#9438,#9439,#9440,#9441,#9442,#9443,#9445,#9446,#9447,#9448,#9449,#9450,#9451,#9453,#9454,#9456,#9457,#9459,#9460,#9461,#9463,#9466,#9467,#9468,#9469,#9471,#9472,#9473,#9475,#9479,#9480,#9482,#9483,#9496,#9499,#9503,#9504,#9505,#9506,#9508,#9509,#9514,#9515,#9516,#9518,#9519,#9520,#9522,#9523,#9525,#9526,#9531,#9532,#9533,#9535,#9536,#9537,#9539,#9540,#9542,#9543,#9548,#9549,#9550,#9552,#9553,#9554,#9556,#9557,#9559,#9560,#9565,#9566,#9567,#9568,#9570,#9571,#9576,#9577,#9578,#9579,#9581,#9582,#9587,#9588,#9589,#9590,#9592,#9593,#9598,#9599,#9601,#9605,#9606,#9608,#9621,#9622,#9624,#9626,#9636,#9637,#9639,#9641,#9651,#9652,#9654,#9656,#9666,#9667,#9669,#9671,#9681,#9682,#9684,#9686,#9696,#9697,#9699,#9701,#9711,#9712,#9714,#9718,#9719,#9721,#9734,#9735,#9737,#9741,#9742,#9744,#9757,#9758,#9760,#9764,#9765,#9767,#9780,#9781,#9783,#9787,#9788,#9790,#9803,#9804,#9806,#9810,#9811,#9813,#9826,#9827,#9829,#9833,#9834,#9836,#9852,#9854,#9861,#9863,#9870,#9872,#9879,#9881,#9888,#9890,#9897,#9899,#9906,#9908,#9915,#9917,#9924,#9926,#9933,#9935,#9942,#9944,#9951,#9953,#9960,#9962,#9969,#9971,#9978,#9980,#9987,#9989,#9996,#9998,#10005,#10007,#10014,#10016,#10023,#10025,#10032,#10034,#10041,#10043,#10050,#10052,#10059,#10061,#10068,#10070,#10077,#10079,#10086,#10088,#10095,#10097,#10104,#10106,#10113,#10115,#10122,#10124,#10131,#10133,#10140,#10142,#10149,#10151,#10158,#10160,#10167,#10169,#10176,#10178,#10185,#10187,#10194,#10196,#10203,#10205,#10209,#10210,#10212,#10214,#10218,#10219,#10221,#10224,#10226,#10229,#10236,#10238,#10240,#10242,#10244,#10246,#10248,#10250,#10252,#10254,#10258,#10260,#10266,#10268,#10270,#10272,#10274,#10276,#10278,#10280,#10282,#10288,#10289,#10291,#10293,#10297,#10298,#10300,#10302,#10314,#10319,#10323,#10329,#10336,#10337,#10339,#10341,#10345,#10347,#10351,#10355,#10356,#10358,#10360,#10363,#10368,#10372,#10373,#10375,#10378,#10380,#10383,#10386,#10387,#10391,#10395,#10399,#10406,#10408,#10412,#10413,#10415,#10418,#10420,#10422,#10424,#10432,#10434,#10439,#10441,#10449,#10451,#10453,#10455,#10457,#10464,#10474,#10478,#10487,#10488,#10490,#10492,#10496,#10498,#10502,#10506,#10510,#10511,#10513,#10515,#10521,#10522,#10524,#10526,#10530,#10531,#10533,#10535,#10539,#10540,#10548,#10550,#10554,#10556,#10560,#10562,#10567,#10571,#10575,#10576,#10581,#10582,#10588,#10592,#10603,#10606,#10608,#10611,#10612,#10616,#10618,#10621,#10624,#10625,#10632,#10634,#10636,#10638,#10642,#10643,#10648,#10656,#10662,#10666,#10672,#10673,#10675,#10677,#10681,#10683,#10687,#10691,#10695,#10697,#10703,#10704,#10706,#10708,#10711,#10715,#10718,#10720,#10722,#10724,#10726,#10730,#10732,#10736,#10737,#10739,#10741,#10745,#10750,#10761,#10764,#10769,#10770,#10772,#10774,#10778,#10779,#10781,#10792,#10794,#10803,#10805,#10811,#10812,#10817,#10821,#10827,#10828,#10830,#10832,#10836,#10838,#10842,#10844,#10847,#10848,#10850,#10852,#10856,#10858,#10862,#10866,#10867,#10869,#10871,#10874,#10878,#10879,#10881,#10884,#10886,#10890,#10894,#10895,#10897,#10900,#10903,#10906,#10907,#10911,#10915,#10919,#10926,#10928,#10932,#10934,#10936,#10938,#10940,#10943,#10948,#10949,#10951,#10953,#10956,#10961,#10967,#10969,#10980,#10981,#10983,#10985,#10989,#10991,#10995,#10999,#11003,#11004,#11006,#11008,#11014,#11015,#11017,#11019,#11022,#11023,#11025,#11027,#11031,#11032,#11034,#11036,#11039,#11040,#11042,#11044,#11048,#11049,#11052,#11057,#11061,#11065,#11069,#11071,#11073,#11075,#11077,#11079,#11081,#11083,#11087,#11088,#11096,#11097,#11103,#11105,#11108,#11109,#11113,#11115,#11119,#11122,#11127,#11129,#11132,#11137,#11139,#11146,#11147,#11149,#11151,#11155,#11157,#11161,#11165,#11169,#11170,#11172,#11174,#11180,#11181,#11183,#11186,#11188,#11192,#11196,#11197,#11199,#11202,#11205,#11208,#11209,#11213,#11217,#11219,#11228,#11230,#11234,#11236,#11238,#11240,#11242,#11245,#11250,#11253,#11255,#11259,#11263,#11271,#11277,#11285,#11290,#11291,#11293,#11295,#11299,#11301,#11305,#11309,#11313,#11314,#11316,#11318,#11323,#11324,#11326,#11329,#11331,#11334,#11337,#11338,#11342,#11344,#11348,#11349,#11351,#11354,#11356,#11359,#11364,#11365,#11367,#11369,#11371,#11376,#11379,#11383,#11385,#11389,#11391,#11399,#11401,#11405,#11410,#11411,#11413,#11415,#11419,#11420,#11422,#11424,#11440,#11451,#11466,#11483,#11485,#11488,#11492,#11496,#11498,#11500,#11502,#11504,#11508,#11509,#11517,#11520,#11522,#11524,#11526,#11530,#11534,#11542,#11544,#11546,#11548,#11552,#11559,#11566,#11569,#11570,#11577,#11598,#11599,#11601,#11604,#11606,#11609,#11612,#11613,#11617,#11620,#11622,#11625,#11629,#11632,#11635,#11636,#11638,#11645,#11649,#11657,#11660,#11664,#11673,#11698,#11699,#11701,#11703,#11713,#11714,#11716,#11720,#11721,#11723,#11736,#11737,#11739,#11743,#11744,#11746,#11759,#11760,#11762,#11766,#11767,#11769,#11782,#11783,#11785,#11787,#11797,#11798,#11800,#11802,#11812,#11813,#11815,#11817));
ENDSEC;
END-ISO-10303-21;
