ISO-10303-21;
HEADER;
FILE_DESCRIPTION (( 'STEP AP214' ),
    '1' );
FILE_NAME ('NPTC191LFBN-RC.STEP',
    '2024-10-30T12:18:00',
    ( '' ),
    ( '' ),
    'SwSTEP 2.0',
    'SolidWorks 2021',
    '' );
FILE_SCHEMA (( 'AUTOMOTIVE_DESIGN' ));
ENDSEC;

DATA;
#1 = ITEM_DEFINED_TRANSFORMATION ( 'NONE', 'NONE', #3412,  #4858 ) ;
#2 = PLANE ( 'NONE',  #2395 ) ;
#3 = CARTESIAN_POINT ( 'NONE',  ( -11.43000000000000504, 0.5080000000000000071, 0.7528818102449925664 ) ) ;
#4 = CARTESIAN_POINT ( 'NONE',  ( 16.50999999999999801, 8.509000000000000341, 0.8254999999999976801 ) ) ;
#5 = EDGE_LOOP ( 'NONE', ( #11199, #9370, #2072, #7545 ) ) ;
#6 = EDGE_CURVE ( 'NONE', #7657, #6175, #2266, .T. ) ;
#7 = CARTESIAN_POINT ( 'NONE',  ( 6.349999999999997868, 0.5080000000000002292, -0.7528818102449945648 ) ) ;
#8 = DIRECTION ( 'NONE',  ( 0.000000000000000000, -1.000000000000000000, -1.733406087350420004E-16 ) ) ;
#9 = VECTOR ( 'NONE', #8152, 1000.000000000000000 ) ;
#10 = ORIENTED_EDGE ( 'NONE', *, *, #3161, .T. ) ;
#11 = CARTESIAN_POINT ( 'NONE',  ( -23.24100000000000321, 8.064500000000000668, 0.3809999999999958975 ) ) ;
#12 = EDGE_LOOP ( 'NONE', ( #5993, #5159, #3737, #1699, #466, #931, #3645, #5692 ) ) ;
#13 = ORIENTED_EDGE ( 'NONE', *, *, #6161, .T. ) ;
#14 = DIRECTION ( 'NONE',  ( -1.000000000000000000, 0.000000000000000000, 0.000000000000000000 ) ) ;
#15 = LINE ( 'NONE', #9571, #460 ) ;
#16 = CARTESIAN_POINT ( 'NONE',  ( 19.93900000000000006, 8.064500000000000668, 0.3809999999999960085 ) ) ;
#17 = PLANE ( 'NONE',  #7413 ) ;
#18 = ORIENTED_EDGE ( 'NONE', *, *, #9817, .F. ) ;
#19 = DIRECTION ( 'NONE',  ( 1.000000000000000000, 0.000000000000000000, -0.000000000000000000 ) ) ;
#20 = FACE_OUTER_BOUND ( 'NONE', #9539, .T. ) ;
#21 = VERTEX_POINT ( 'NONE', #9218 ) ;
#22 = CARTESIAN_POINT ( 'NONE',  ( 10.54099999999999504, 7.239000000000000767, 0.3809999999999958975 ) ) ;
#23 = ORIENTED_EDGE ( 'NONE', *, *, #2195, .F. ) ;
#24 = ORIENTED_EDGE ( 'NONE', *, *, #8739, .F. ) ;
#25 = EDGE_CURVE ( 'NONE', #5415, #6571, #4148, .T. ) ;
#26 = CARTESIAN_POINT ( 'NONE',  ( 7.238999999999995438, 7.239000000000000767, -0.3810000000000028919 ) ) ;
#27 = ORIENTED_EDGE ( 'NONE', *, *, #1309, .F. ) ;
#28 = EDGE_CURVE ( 'NONE', #9736, #1132, #6082, .T. ) ;
#29 = CARTESIAN_POINT ( 'NONE',  ( -2.921000000000003372, 7.239000000000000767, 0.3809999999999958975 ) ) ;
#30 = FACE_OUTER_BOUND ( 'NONE', #3238, .T. ) ;
#31 = ADVANCED_FACE ( 'NONE', ( #6994 ), #2604, .F. ) ;
#32 = DIRECTION ( 'NONE',  ( 0.000000000000000000, 2.449293598294710852E-16, -1.000000000000000000 ) ) ;
#33 = CARTESIAN_POINT ( 'NONE',  ( -6.350000000000004974, 3.110602869834277161E-16, -1.270000000000001128 ) ) ;
#34 = ORIENTED_EDGE ( 'NONE', *, *, #7449, .T. ) ;
#35 = VECTOR ( 'NONE', #10787, 1000.000000000000000 ) ;
#36 = EDGE_CURVE ( 'NONE', #3305, #9297, #894, .T. ) ;
#37 = PLANE ( 'NONE',  #6132 ) ;
#38 = ORIENTED_EDGE ( 'NONE', *, *, #10957, .T. ) ;
#39 = LINE ( 'NONE', #3978, #7218 ) ;
#40 = DIRECTION ( 'NONE',  ( 0.000000000000000000, 1.440069553722777130E-16, -1.000000000000000000 ) ) ;
#41 = FACE_OUTER_BOUND ( 'NONE', #1936, .T. ) ;
#42 = CARTESIAN_POINT ( 'NONE',  ( 19.04999999999999716, 0.000000000000000000, 1.269999999999998908 ) ) ;
#43 = EDGE_CURVE ( 'NONE', #9283, #6461, #9443, .T. ) ;
#44 = VECTOR ( 'NONE', #3109, 1000.000000000000000 ) ;
#45 = DIRECTION ( 'NONE',  ( 0.7071067811865475727, -0.7071067811865475727, 0.000000000000000000 ) ) ;
#46 = CARTESIAN_POINT ( 'NONE',  ( 20.70099999999999696, 7.239000000000000767, 0.3809999999999958975 ) ) ;
#47 = ORIENTED_EDGE ( 'NONE', *, *, #3641, .T. ) ;
#48 = AXIS2_PLACEMENT_3D ( 'NONE', #7759, #3422, #6096 ) ;
#49 = EDGE_CURVE ( 'NONE', #136, #7967, #11213, .T. ) ;
#50 = EDGE_CURVE ( 'NONE', #6371, #6142, #56, .T. ) ;
#51 = PLANE ( 'NONE',  #799 ) ;
#52 = CARTESIAN_POINT ( 'NONE',  ( -2.159000000000004693, 7.239000000000000767, 0.3809999999999958975 ) ) ;
#53 = VECTOR ( 'NONE', #1647, 1000.000000000000000 ) ;
#54 = ORIENTED_EDGE ( 'NONE', *, *, #7578, .T. ) ;
#55 = ADVANCED_FACE ( 'NONE', ( #1857 ), #10290, .F. ) ;
#56 = LINE ( 'NONE', #949, #5509 ) ;
#57 = VECTOR ( 'NONE', #10654, 1000.000000000000000 ) ;
#58 = DIRECTION ( 'NONE',  ( 0.000000000000000000, 2.548365665731588345E-16, -1.000000000000000000 ) ) ;
#59 = DIRECTION ( 'NONE',  ( 0.000000000000000000, 1.000000000000000000, 0.000000000000000000 ) ) ;
#60 = DIRECTION ( 'NONE',  ( 0.000000000000000000, -0.7071067811865484609, 0.7071067811865465735 ) ) ;
#61 = VECTOR ( 'NONE', #2532, 1000.000000000000000 ) ;
#62 = PLANE ( 'NONE',  #161 ) ;
#63 = EDGE_LOOP ( 'NONE', ( #4115, #2956, #1799, #4178 ) ) ;
#64 = DIRECTION ( 'NONE',  ( 0.000000000000000000, 1.000000000000000000, 0.000000000000000000 ) ) ;
#65 = EDGE_CURVE ( 'NONE', #3890, #3804, #6136, .T. ) ;
#66 = VECTOR ( 'NONE', #5102, 1000.000000000000000 ) ;
#67 = CARTESIAN_POINT ( 'NONE',  ( -10.54100000000000392, 8.064500000000000668, 0.3809999999999958975 ) ) ;
#68 = ORIENTED_EDGE ( 'NONE', *, *, #2527, .F. ) ;
#69 = CARTESIAN_POINT ( 'NONE',  ( -19.05000000000000426, 3.110602869834277161E-16, -1.270000000000001128 ) ) ;
#70 = ORIENTED_EDGE ( 'NONE', *, *, #9704, .T. ) ;
#71 = VECTOR ( 'NONE', #10847, 1000.000000000000000 ) ;
#72 = ORIENTED_EDGE ( 'NONE', *, *, #9496, .T. ) ;
#73 = EDGE_CURVE ( 'NONE', #2618, #906, #7681, .T. ) ;
#74 = CARTESIAN_POINT ( 'NONE',  ( -4.699000000000005173, 8.064500000000000668, 0.3809999999999960085 ) ) ;
#75 = FACE_OUTER_BOUND ( 'NONE', #7485, .T. ) ;
#76 = VECTOR ( 'NONE', #213, 1000.000000000000000 ) ;
#77 = CARTESIAN_POINT ( 'NONE',  ( -6.350000000000004974, 8.509000000000000341, -1.270000000000001128 ) ) ;
#78 = DIRECTION ( 'NONE',  ( 0.000000000000000000, 1.000000000000000000, 0.000000000000000000 ) ) ;
#79 = CARTESIAN_POINT ( 'NONE',  ( 16.50999999999999801, 0.000000000000000000, 1.269999999999998908 ) ) ;
#80 = ORIENTED_EDGE ( 'NONE', *, *, #4837, .T. ) ;
#81 = DIRECTION ( 'NONE',  ( 0.000000000000000000, 0.2588190451025145222, -0.9659258262890699775 ) ) ;
#82 = PLANE ( 'NONE',  #6226 ) ;
#83 = AXIS2_PLACEMENT_3D ( 'NONE', #8489, #631, #4159 ) ;
#84 = EDGE_LOOP ( 'NONE', ( #649, #1889, #2913, #9567 ) ) ;
#85 = LINE ( 'NONE', #6278, #1695 ) ;
#86 = ORIENTED_EDGE ( 'NONE', *, *, #2256, .F. ) ;
#87 = AXIS2_PLACEMENT_3D ( 'NONE', #10899, #6569, #7542 ) ;
#88 = ORIENTED_EDGE ( 'NONE', *, *, #7970, .F. ) ;
#89 = AXIS2_PLACEMENT_3D ( 'NONE', #2320, #5043, #3401 ) ;
#90 = DIRECTION ( 'NONE',  ( 0.000000000000000000, 0.000000000000000000, 1.000000000000000000 ) ) ;
#91 = VECTOR ( 'NONE', #5176, 1000.000000000000000 ) ;
#92 = ORIENTED_EDGE ( 'NONE', *, *, #2832, .T. ) ;
#93 = LINE ( 'NONE', #4463, #3154 ) ;
#94 = DIRECTION ( 'NONE',  ( 0.000000000000000000, 1.000000000000000000, 0.000000000000000000 ) ) ;
#95 = DIRECTION ( 'NONE',  ( 0.000000000000000000, 1.440069553722777130E-16, -1.000000000000000000 ) ) ;
#96 = ORIENTED_EDGE ( 'NONE', *, *, #3518, .T. ) ;
#97 = LINE ( 'NONE', #821, #5588 ) ;
#98 = ORIENTED_EDGE ( 'NONE', *, *, #319, .F. ) ;
#99 = FACE_OUTER_BOUND ( 'NONE', #8824, .T. ) ;
#100 = LINE ( 'NONE', #4532, #7325 ) ;
#101 = LINE ( 'NONE', #3565, #7164 ) ;
#102 = LINE ( 'NONE', #164, #3227 ) ;
#103 = VECTOR ( 'NONE', #2433, 1000.000000000000000 ) ;
#104 = LINE ( 'NONE', #3567, #10087 ) ;
#105 = DIRECTION ( 'NONE',  ( 0.000000000000000000, -1.000000000000000000, 0.000000000000000000 ) ) ;
#106 = ORIENTED_EDGE ( 'NONE', *, *, #10248, .F. ) ;
#107 = CARTESIAN_POINT ( 'NONE',  ( -19.93900000000000361, 8.064500000000000668, 0.3809999999999960085 ) ) ;
#108 = CARTESIAN_POINT ( 'NONE',  ( -21.59000000000000341, 0.5080000000000000071, 0.7528818102449925664 ) ) ;
#109 = VECTOR ( 'NONE', #781, 1000.000000000000000 ) ;
#110 = ORIENTED_EDGE ( 'NONE', *, *, #7558, .T. ) ;
#111 = EDGE_CURVE ( 'NONE', #243, #9428, #8752, .T. ) ;
#112 = ADVANCED_FACE ( 'NONE', ( #3346 ), #6886, .F. ) ;
#113 = LINE ( 'NONE', #3575, #10433 ) ;
#114 = APPLICATION_PROTOCOL_DEFINITION ( 'draft international standard', 'automotive_design', 1998, #8508 ) ;
#115 = EDGE_CURVE ( 'NONE', #8360, #10260, #5968, .T. ) ;
#116 = DIRECTION ( 'NONE',  ( 0.000000000000000000, -1.440069553722777130E-16, 1.000000000000000000 ) ) ;
#117 = EDGE_CURVE ( 'NONE', #5183, #4013, #9493, .T. ) ;
#118 = DIRECTION ( 'NONE',  ( -0.5773502691896253980, 0.5773502691896253980, -0.5773502691896265082 ) ) ;
#119 =( LENGTH_UNIT ( ) NAMED_UNIT ( * ) SI_UNIT ( .MILLI., .METRE. ) );
#120 = DIRECTION ( 'NONE',  ( -1.000000000000000000, 0.000000000000000000, 0.000000000000000000 ) ) ;
#121 = ORIENTED_EDGE ( 'NONE', *, *, #3302, .F. ) ;
#122 = CARTESIAN_POINT ( 'NONE',  ( 21.58999999999999631, 2.177422008883992879E-16, -0.8890000000000013447 ) ) ;
#123 = VECTOR ( 'NONE', #2590, 1000.000000000000000 ) ;
#124 = DIRECTION ( 'NONE',  ( 0.000000000000000000, -0.9659258262890699775, -0.2588190451025145222 ) ) ;
#125 = VERTEX_POINT ( 'NONE', #9615 ) ;
#126 = CARTESIAN_POINT ( 'NONE',  ( -24.13000000000000611, 0.5080000000000000071, 0.7528818102449925664 ) ) ;
#127 = ORIENTED_EDGE ( 'NONE', *, *, #9725, .T. ) ;
#128 = VERTEX_POINT ( 'NONE', #8583 ) ;
#129 = PLANE ( 'NONE',  #48 ) ;
#130 = EDGE_CURVE ( 'NONE', #5455, #1610, #7908, .T. ) ;
#131 = LINE ( 'NONE', #10426, #6101 ) ;
#132 = VECTOR ( 'NONE', #8733, 1000.000000000000000 ) ;
#133 =( NAMED_UNIT ( * ) PLANE_ANGLE_UNIT ( ) SI_UNIT ( $, .RADIAN. ) );
#134 = CARTESIAN_POINT ( 'NONE',  ( -3.810000000000004494, 0.5080000000000000071, 0.7528818102449925664 ) ) ;
#135 = CARTESIAN_POINT ( 'NONE',  ( -14.41450000000000564, 8.509000000000000341, -0.8255000000000041194 ) ) ;
#136 = VERTEX_POINT ( 'NONE', #1682 ) ;
#137 = DIRECTION ( 'NONE',  ( 0.000000000000000000, 0.9659258262890699775, 0.2588190451025145222 ) ) ;
#138 = CARTESIAN_POINT ( 'NONE',  ( -23.68550000000000466, 8.509000000000000341, -0.8255000000000041194 ) ) ;
#139 = ORIENTED_EDGE ( 'NONE', *, *, #5096, .F. ) ;
#140 = EDGE_CURVE ( 'NONE', #9875, #6186, #113, .T. ) ;
#141 = ORIENTED_EDGE ( 'NONE', *, *, #7053, .F. ) ;
#142 = VECTOR ( 'NONE', #971, 1000.000000000000000 ) ;
#143 = ORIENTED_EDGE ( 'NONE', *, *, #7799, .F. ) ;
#144 = VECTOR ( 'NONE', #8275, 1000.000000000000000 ) ;
#145 = CARTESIAN_POINT ( 'NONE',  ( 24.12999999999999901, 3.110602869834277161E-16, -1.270000000000001128 ) ) ;
#146 = VECTOR ( 'NONE', #4041, 1000.000000000000000 ) ;
#147 = ORIENTED_EDGE ( 'NONE', *, *, #8870, .F. ) ;
#148 = DIRECTION ( 'NONE',  ( 0.000000000000000000, -1.000000000000000000, -2.548365665731588345E-16 ) ) ;
#149 = CARTESIAN_POINT ( 'NONE',  ( 3.809999999999997389, 3.110602869834277161E-16, -1.270000000000001128 ) ) ;
#150 = CARTESIAN_POINT ( 'NONE',  ( -3.810000000000004494, 2.177422008883992879E-16, -0.8890000000000013447 ) ) ;
#151 = LINE ( 'NONE', #7214, #1501 ) ;
#152 = ADVANCED_FACE ( 'NONE', ( #722 ), #2722, .F. ) ;
#153 = ORIENTED_EDGE ( 'NONE', *, *, #2341, .F. ) ;
#154 = VECTOR ( 'NONE', #2823, 1000.000000000000000 ) ;
#155 = FACE_OUTER_BOUND ( 'NONE', #6861, .T. ) ;
#156 = VERTEX_POINT ( 'NONE', #835 ) ;
#157 = APPLICATION_CONTEXT ( 'automotive_design' ) ;
#158 = PRODUCT_DEFINITION_FORMATION_WITH_SPECIFIED_SOURCE ( 'ANY', '', #3637, .NOT_KNOWN. ) ;
#159 = LINE ( 'NONE', #7161, #9194 ) ;
#160 = DIRECTION ( 'NONE',  ( 0.000000000000000000, -1.000000000000000000, 0.000000000000000000 ) ) ;
#161 = AXIS2_PLACEMENT_3D ( 'NONE', #6257, #1925, #5398 ) ;
#162 = ORIENTED_EDGE ( 'NONE', *, *, #325, .T. ) ;
#163 = DIRECTION ( 'NONE',  ( 0.000000000000000000, 0.000000000000000000, 1.000000000000000000 ) ) ;
#164 = CARTESIAN_POINT ( 'NONE',  ( -17.39900000000000446, 7.239000000000000767, 0.3809999999999958975 ) ) ;
#165 = LINE ( 'NONE', #6824, #2100 ) ;
#166 = DIRECTION ( 'NONE',  ( 0.5773502691896253980, 0.5773502691896253980, -0.5773502691896265082 ) ) ;
#167 = DIRECTION ( 'NONE',  ( 0.000000000000000000, 1.000000000000000000, -5.054934237236841843E-31 ) ) ;
#168 = PLANE ( 'NONE',  #4573 ) ;
#169 = EDGE_LOOP ( 'NONE', ( #5175, #1308, #6508, #8249 ) ) ;
#170 = DIRECTION ( 'NONE',  ( 0.000000000000000000, 0.9659258262890700886, -0.2588190451025140781 ) ) ;
#171 = CARTESIAN_POINT ( 'NONE',  ( -19.05000000000000426, 8.509000000000000341, 1.270000000000001128 ) ) ;
#172 = CARTESIAN_POINT ( 'NONE',  ( 13.96999999999999709, 2.177422008883992879E-16, -0.8890000000000013447 ) ) ;
#173 = CARTESIAN_POINT ( 'NONE',  ( 11.42999999999999616, 8.509000000000000341, 1.270000000000001128 ) ) ;
#174 = VERTEX_POINT ( 'NONE', #4317 ) ;
#176 = EDGE_CURVE ( 'NONE', #5256, #6736, #3404, .T. ) ;
#175 = CARTESIAN_POINT ( 'NONE',  ( -24.38400000000000745, 0.000000000000000000, 1.269999999999998908 ) ) ;
#177 = EDGE_CURVE ( 'NONE', #1811, #11106, #338, .T. ) ;
#178 = PLANE ( 'NONE',  #10803 ) ;
#179 = ORIENTED_EDGE ( 'NONE', *, *, #5096, .T. ) ;
#180 = CARTESIAN_POINT ( 'NONE',  ( 21.58999999999999631, 3.110602869834277161E-16, -1.270000000000001128 ) ) ;
#181 = EDGE_LOOP ( 'NONE', ( #8339, #7736, #5111, #6870 ) ) ;
#182 = EDGE_LOOP ( 'NONE', ( #10875, #10798, #3304, #5652 ) ) ;
#183 = LINE ( 'NONE', #6493, #11127 ) ;
#184 = CARTESIAN_POINT ( 'NONE',  ( 22.47899999999999920, 7.239000000000000767, -0.3810000000000028919 ) ) ;
#185 = FACE_OUTER_BOUND ( 'NONE', #2426, .T. ) ;
#186 = DIRECTION ( 'NONE',  ( -0.5773502691896253980, 0.5773502691896253980, -0.5773502691896265082 ) ) ;
#187 = SHAPE_REPRESENTATION ( 'Pin - Tin', ( #4858 ), #7421 ) ;
#188 = PLANE ( 'NONE',  #4318 ) ;
#189 = EDGE_LOOP ( 'NONE', ( #6056, #8760, #11167, #10013 ) ) ;
#190 = DIRECTION ( 'NONE',  ( 1.000000000000000000, 0.000000000000000000, 0.000000000000000000 ) ) ;
#191 = DIRECTION ( 'NONE',  ( -1.000000000000000000, 0.000000000000000000, 0.000000000000000000 ) ) ;
#192 = ORIENTED_EDGE ( 'NONE', *, *, #4746, .T. ) ;
#193 = DIRECTION ( 'NONE',  ( -0.000000000000000000, 1.000000000000000000, 2.449293598294710852E-16 ) ) ;
#194 = EDGE_CURVE ( 'NONE', #4681, #8764, #6310, .T. ) ;
#195 = ORIENTED_EDGE ( 'NONE', *, *, #5966, .T. ) ;
#196 = VERTEX_POINT ( 'NONE', #10694 ) ;
#197 = EDGE_LOOP ( 'NONE', ( #8416, #4623, #3043, #8845 ) ) ;
#198 = ADVANCED_FACE ( 'NONE', ( #8082 ), #10639, .F. ) ;
#199 = EDGE_CURVE ( 'NONE', #6186, #6746, #1009, .T. ) ;
#200 = CARTESIAN_POINT ( 'NONE',  ( 14.85899999999999643, 8.064500000000000668, 0.3809999999999960085 ) ) ;
#201 = ORIENTED_EDGE ( 'NONE', *, *, #1268, .T. ) ;
#202 = DIRECTION ( 'NONE',  ( -1.000000000000000000, -0.000000000000000000, -0.000000000000000000 ) ) ;
#203 = LINE ( 'NONE', #1047, #11125 ) ;
#204 = CARTESIAN_POINT ( 'NONE',  ( -0.1270000000000021112, 7.810500000000000220, -0.1270000000000024998 ) ) ;
#205 = DIRECTION ( 'NONE',  ( -0.000000000000000000, 1.000000000000000000, 1.440069553722777130E-16 ) ) ;
#206 = ORIENTED_EDGE ( 'NONE', *, *, #2957, .T. ) ;
#207 = DIRECTION ( 'NONE',  ( 0.9396926207859094271, -0.3420201433256660484, -0.000000000000000000 ) ) ;
#208 = EDGE_LOOP ( 'NONE', ( #8218, #6932, #7531, #1821 ) ) ;
#209 = VECTOR ( 'NONE', #10511, 1000.000000000000000 ) ;
#210 = ADVANCED_FACE ( 'NONE', ( #4652 ), #281, .F. ) ;
#211 = CARTESIAN_POINT ( 'NONE',  ( 11.42999999999999616, 2.177422008883992879E-16, -0.8890000000000013447 ) ) ;
#212 = CARTESIAN_POINT ( 'NONE',  ( -14.85900000000000531, 8.064500000000000668, 0.3809999999999958975 ) ) ;
#213 = DIRECTION ( 'NONE',  ( -1.000000000000000000, -0.000000000000000000, -0.000000000000000000 ) ) ;
#214 = LINE ( 'NONE', #5762, #3595 ) ;
#215 = CARTESIAN_POINT ( 'NONE',  ( 9.778999999999996362, 8.064500000000000668, 0.3809999999999960085 ) ) ;
#216 = CARTESIAN_POINT ( 'NONE',  ( -2.413000000000005585, 7.810500000000000220, -0.1270000000000024998 ) ) ;
#217 = CARTESIAN_POINT ( 'NONE',  ( 18.16099999999999781, 8.064500000000000668, 0.3809999999999958975 ) ) ;
#218 = DIRECTION ( 'NONE',  ( 0.000000000000000000, -1.000000000000000000, 0.000000000000000000 ) ) ;
#219 = ORIENTED_EDGE ( 'NONE', *, *, #5245, .T. ) ;
#220 = DIRECTION ( 'NONE',  ( -0.5773502691896253980, 0.5773502691896253980, -0.5773502691896265082 ) ) ;
#221 = CARTESIAN_POINT ( 'NONE',  ( 6.349999999999997868, 0.5080000000000000071, 0.7528818102449925664 ) ) ;
#222 = AXIS2_PLACEMENT_3D ( 'NONE', #10641, #2833, #10697 ) ;
#223 = VECTOR ( 'NONE', #9630, 1000.000000000000000 ) ;
#224 = LINE ( 'NONE', #8246, #9568 ) ;
#225 = CARTESIAN_POINT ( 'NONE',  ( 3.809999999999997389, 8.509000000000000341, -1.270000000000001128 ) ) ;
#226 = ORIENTED_EDGE ( 'NONE', *, *, #10408, .T. ) ;
#227 = CARTESIAN_POINT ( 'NONE',  ( 9.778999999999996362, 7.239000000000000767, 0.3809999999999958975 ) ) ;
#228 = CARTESIAN_POINT ( 'NONE',  ( 8.000999999999994117, 7.239000000000000767, 0.3809999999999958975 ) ) ;
#229 = ORIENTED_EDGE ( 'NONE', *, *, #9793, .F. ) ;
#230 = PLANE ( 'NONE',  #8184 ) ;
#231 = VECTOR ( 'NONE', #1217, 1000.000000000000000 ) ;
#232 = ORIENTED_EDGE ( 'NONE', *, *, #5199, .F. ) ;
#233 = ORIENTED_EDGE ( 'NONE', *, *, #9438, .T. ) ;
#234 = DIRECTION ( 'NONE',  ( 1.000000000000000000, 0.000000000000000000, 0.000000000000000000 ) ) ;
#235 = ADVANCED_FACE ( 'NONE', ( #8140 ), #7236, .F. ) ;
#236 = EDGE_CURVE ( 'NONE', #4708, #4049, #1169, .T. ) ;
#237 = VECTOR ( 'NONE', #8554, 1000.000000000000000 ) ;
#238 = CARTESIAN_POINT ( 'NONE',  ( -22.73300000000000765, 7.810500000000000220, -0.1270000000000024998 ) ) ;
#239 = DIRECTION ( 'NONE',  ( 0.000000000000000000, 0.9659258262890700886, -0.2588190451025140781 ) ) ;
#240 = CARTESIAN_POINT ( 'NONE',  ( 13.08099999999999596, 7.239000000000000767, -0.3810000000000028919 ) ) ;
#241 = VECTOR ( 'NONE', #7195, 1000.000000000000000 ) ;
#242 = FACE_OUTER_BOUND ( 'NONE', #9733, .T. ) ;
#243 = VERTEX_POINT ( 'NONE', #4487 ) ;
#244 = DIRECTION ( 'NONE',  ( 0.000000000000000000, -2.449293598294710852E-16, 1.000000000000000000 ) ) ;
#245 = FACE_OUTER_BOUND ( 'NONE', #10043, .T. ) ;
#246 = EDGE_LOOP ( 'NONE', ( #4445, #3947, #6148, #4636 ) ) ;
#247 = CARTESIAN_POINT ( 'NONE',  ( -24.13000000000000611, 2.177422008883992879E-16, -0.8890000000000013447 ) ) ;
#248 = EDGE_LOOP ( 'NONE', ( #4555, #3982, #9119, #7395 ) ) ;
#249 = AXIS2_PLACEMENT_3D ( 'NONE', #8426, #6728, #6783 ) ;
#250 = ORIENTED_EDGE ( 'NONE', *, *, #2075, .T. ) ;
#251 = ORIENTED_EDGE ( 'NONE', *, *, #5746, .T. ) ;
#252 = VECTOR ( 'NONE', #5035, 1000.000000000000114 ) ;
#253 = ADVANCED_FACE ( 'NONE', ( #7969 ), #5440, .F. ) ;
#254 = LINE ( 'NONE', #6112, #1568 ) ;
#255 = EDGE_CURVE ( 'NONE', #9297, #2376, #7114, .T. ) ;
#256 = VECTOR ( 'NONE', #2233, 1000.000000000000000 ) ;
#257 = EDGE_CURVE ( 'NONE', #10275, #2702, #6419, .T. ) ;
#258 = EDGE_LOOP ( 'NONE', ( #6841, #8403, #7084, #4927 ) ) ;
#259 = CARTESIAN_POINT ( 'NONE',  ( 24.12999999999999901, 8.509000000000000341, 1.270000000000001128 ) ) ;
#260 = DIRECTION ( 'NONE',  ( -1.000000000000000000, -0.000000000000000000, -0.000000000000000000 ) ) ;
#261 = AXIS2_PLACEMENT_3D ( 'NONE', #2474, #2528, #5078 ) ;
#262 = LINE ( 'NONE', #988, #8305 ) ;
#263 = CARTESIAN_POINT ( 'NONE',  ( -1.270000000000003793, 8.509000000000000341, -0.8255000000000041194 ) ) ;
#264 = ORIENTED_EDGE ( 'NONE', *, *, #4285, .T. ) ;
#265 = ORIENTED_EDGE ( 'NONE', *, *, #1236, .F. ) ;
#266 = AXIS2_PLACEMENT_3D ( 'NONE', #7751, #7587, #11223 ) ;
#267 = CARTESIAN_POINT ( 'NONE',  ( -7.239000000000006096, 7.239000000000000767, 0.3809999999999958975 ) ) ;
#268 = DIRECTION ( 'NONE',  ( 0.7071067811865475727, -0.7071067811865475727, 0.000000000000000000 ) ) ;
#269 = EDGE_CURVE ( 'NONE', #7042, #9677, #5390, .T. ) ;
#270 = CARTESIAN_POINT ( 'NONE',  ( -24.13000000000000611, 8.509000000000000341, -1.270000000000001128 ) ) ;
#271 = LINE ( 'NONE', #470, #7249 ) ;
#272 = AXIS2_PLACEMENT_3D ( 'NONE', #7847, #1006, #4480 ) ;
#273 = LINE ( 'NONE', #3672, #9195 ) ;
#274 = CARTESIAN_POINT ( 'NONE',  ( 5.460999999999996746, 7.239000000000000767, -0.3810000000000028919 ) ) ;
#275 = EDGE_CURVE ( 'NONE', #4897, #10364, #10581, .T. ) ;
#276 = VECTOR ( 'NONE', #7137, 1000.000000000000000 ) ;
#277 = LINE ( 'NONE', #1273, #10997 ) ;
#278 = EDGE_CURVE ( 'NONE', #10371, #4796, #1920, .T. ) ;
#279 = ORIENTED_EDGE ( 'NONE', *, *, #1677, .F. ) ;
#280 = CLOSED_SHELL ( 'NONE', ( #6998, #7219, #7575, #8917, #2518, #4073, #2690, #2004, #2691, #10816 ) ) ;
#281 = PLANE ( 'NONE',  #7096 ) ;
#282 = CARTESIAN_POINT ( 'NONE',  ( -8.890000000000005898, 3.110602869834277161E-16, -1.270000000000001128 ) ) ;
#283 = DIRECTION ( 'NONE',  ( -1.000000000000000000, -0.000000000000000000, -0.000000000000000000 ) ) ;
#284 = DIRECTION ( 'NONE',  ( 0.000000000000000000, 2.449293598294710852E-16, -1.000000000000000000 ) ) ;
#285 = ORIENTED_EDGE ( 'NONE', *, *, #3860, .F. ) ;
#286 = DIRECTION ( 'NONE',  ( 0.000000000000000000, -1.000000000000000000, 0.000000000000000000 ) ) ;
#287 = LINE ( 'NONE', #3582, #7188 ) ;
#288 = VERTEX_POINT ( 'NONE', #8922 ) ;
#289 = DIRECTION ( 'NONE',  ( 1.000000000000000000, 0.000000000000000000, -0.000000000000000000 ) ) ;
#290 = VERTEX_POINT ( 'NONE', #10751 ) ;
#291 = EDGE_LOOP ( 'NONE', ( #4198, #1523, #3084, #304 ) ) ;
#292 =( NAMED_UNIT ( * ) PLANE_ANGLE_UNIT ( ) SI_UNIT ( $, .RADIAN. ) );
#293 = DIRECTION ( 'NONE',  ( 0.000000000000000000, -0.000000000000000000, -1.000000000000000000 ) ) ;
#294 = FACE_OUTER_BOUND ( 'NONE', #8619, .T. ) ;
#295 = FACE_OUTER_BOUND ( 'NONE', #9811, .T. ) ;
#296 =( LENGTH_UNIT ( ) NAMED_UNIT ( * ) SI_UNIT ( .MILLI., .METRE. ) );
#297 = VECTOR ( 'NONE', #10991, 1000.000000000000000 ) ;
#298 = CARTESIAN_POINT ( 'NONE',  ( -5.461000000000003851, 8.064500000000000668, 0.3809999999999958975 ) ) ;
#299 = ORIENTED_EDGE ( 'NONE', *, *, #7173, .F. ) ;
#300 = FACE_OUTER_BOUND ( 'NONE', #1572, .T. ) ;
#301 = LINE ( 'NONE', #10549, #2222 ) ;
#302 = EDGE_LOOP ( 'NONE', ( #4066, #4384, #11130, #9585 ) ) ;
#303 = CARTESIAN_POINT ( 'NONE',  ( -6.350000000000004974, 0.000000000000000000, 0.000000000000000000 ) ) ;
#304 = ORIENTED_EDGE ( 'NONE', *, *, #1213, .T. ) ;
#305 = STYLED_ITEM ( 'NONE', ( #10811 ), #9368 ) ;
#306 = ORIENTED_EDGE ( 'NONE', *, *, #10974, .F. ) ;
#307 = VECTOR ( 'NONE', #9816, 1000.000000000000000 ) ;
#308 = ORIENTED_EDGE ( 'NONE', *, *, #4966, .F. ) ;
#309 = VECTOR ( 'NONE', #10619, 999.9999999999998863 ) ;
#310 = PLANE ( 'NONE',  #10293 ) ;
#311 = VECTOR ( 'NONE', #6653, 1000.000000000000000 ) ;
#312 = ORIENTED_EDGE ( 'NONE', *, *, #870, .F. ) ;
#313 = CARTESIAN_POINT ( 'NONE',  ( -24.38400000000000745, 0.5080000000000000071, 0.7528818102449925664 ) ) ;
#314 = LINE ( 'NONE', #6286, #1102 ) ;
#315 = VECTOR ( 'NONE', #6794, 1000.000000000000000 ) ;
#316 = VERTEX_POINT ( 'NONE', #2090 ) ;
#317 = CARTESIAN_POINT ( 'NONE',  ( -19.05000000000000426, 8.509000000000000341, 1.270000000000001128 ) ) ;
#318 = CARTESIAN_POINT ( 'NONE',  ( 13.96999999999999709, 0.000000000000000000, 1.269999999999998908 ) ) ;
#319 = EDGE_CURVE ( 'NONE', #10258, #6346, #3738, .T. ) ;
#321 = ORIENTED_EDGE ( 'NONE', *, *, #1719, .T. ) ;
#320 = EDGE_CURVE ( 'NONE', #10961, #4291, #7830, .T. ) ;
#322 = ADVANCED_FACE ( 'NONE', ( #10210 ), #3490, .F. ) ;
#323 = ORIENTED_EDGE ( 'NONE', *, *, #9006, .F. ) ;
#324 = VECTOR ( 'NONE', #7902, 1000.000000000000000 ) ;
#325 = EDGE_CURVE ( 'NONE', #4286, #10275, #8624, .T. ) ;
#326 = VECTOR ( 'NONE', #8347, 1000.000000000000000 ) ;
#327 = EDGE_CURVE ( 'NONE', #5279, #977, #3381, .T. ) ;
#328 = DIRECTION ( 'NONE',  ( 0.000000000000000000, 0.000000000000000000, 1.000000000000000000 ) ) ;
#329 = FACE_OUTER_BOUND ( 'NONE', #3963, .T. ) ;
#330 = CARTESIAN_POINT ( 'NONE',  ( 17.39899999999999736, 7.239000000000000767, 0.3809999999999958975 ) ) ;
#331 = COLOUR_RGB ( '',0.2509803921568627416, 0.2509803921568627416, 0.2509803921568627416 ) ;
#332 = VECTOR ( 'NONE', #2516, 1000.000000000000000 ) ;
#333 = LINE ( 'NONE', #7283, #10094 ) ;
#334 = CARTESIAN_POINT ( 'NONE',  ( 24.13000000000000611, 0.000000000000000000, 1.269999999999998908 ) ) ;
#335 = CARTESIAN_POINT ( 'NONE',  ( -8.890000000000004121, 8.509000000000000341, -0.8255000000000041194 ) ) ;
#336 = EDGE_CURVE ( 'NONE', #8225, #10029, #8563, .T. ) ;
#337 = ORIENTED_EDGE ( 'NONE', *, *, #8669, .F. ) ;
#338 = LINE ( 'NONE', #1111, #5073 ) ;
#339 = AXIS2_PLACEMENT_3D ( 'NONE', #4323, #8706, #1013 ) ;
#340 = DIRECTION ( 'NONE',  ( -1.000000000000000000, 0.000000000000000000, 0.000000000000000000 ) ) ;
#341 =( LENGTH_UNIT ( ) NAMED_UNIT ( * ) SI_UNIT ( .MILLI., .METRE. ) );
#342 =( NAMED_UNIT ( * ) SI_UNIT ( $, .STERADIAN. ) SOLID_ANGLE_UNIT ( ) );
#343 = FACE_OUTER_BOUND ( 'NONE', #1574, .T. ) ;
#344 = EDGE_LOOP ( 'NONE', ( #1624, #1582, #3512, #5767 ) ) ;
#345 = FACE_OUTER_BOUND ( 'NONE', #8322, .T. ) ;
#346 = AXIS2_PLACEMENT_3D ( 'NONE', #6014, #10398, #1850 ) ;
#347 = DIRECTION ( 'NONE',  ( -1.000000000000000000, -0.000000000000000000, -0.000000000000000000 ) ) ;
#348 = VERTEX_POINT ( 'NONE', #755 ) ;
#349 = CARTESIAN_POINT ( 'NONE',  ( -24.38400000000000745, 2.177422008883992879E-16, -0.8890000000000013447 ) ) ;
#350 = ORIENTED_EDGE ( 'NONE', *, *, #2832, .F. ) ;
#351 = ORIENTED_EDGE ( 'NONE', *, *, #6110, .F. ) ;
#352 = CARTESIAN_POINT ( 'NONE',  ( -18.16100000000000492, 7.239000000000000767, -0.3810000000000028919 ) ) ;
#353 = LINE ( 'NONE', #4611, #10467 ) ;
#354 = ADVANCED_FACE ( 'NONE', ( #3437 ), #2418, .F. ) ;
#355 = LINE ( 'NONE', #5579, #1037 ) ;
#356 = LINE ( 'NONE', #9906, #3958 ) ;
#357 = ORIENTED_EDGE ( 'NONE', *, *, #1891, .T. ) ;
#358 = CARTESIAN_POINT ( 'NONE',  ( 21.58999999999999631, 8.509000000000000341, 1.270000000000001128 ) ) ;
#359 = CARTESIAN_POINT ( 'NONE',  ( 15.24000000000000021, 7.239000000000000767, -2.201425730935033664E-16 ) ) ;
#360 = VERTEX_POINT ( 'NONE', #10382 ) ;
#361 = LINE ( 'NONE', #7469, #4250 ) ;
#362 = EDGE_LOOP ( 'NONE', ( #1511, #1621, #11071, #753 ) ) ;
#363 = ORIENTED_EDGE ( 'NONE', *, *, #4961, .F. ) ;
#364 = VERTEX_POINT ( 'NONE', #8513 ) ;
#365 = ADVANCED_FACE ( 'NONE', ( #30 ), #9365, .F. ) ;
#366 = FACE_OUTER_BOUND ( 'NONE', #6327, .T. ) ;
#367 = ORIENTED_EDGE ( 'NONE', *, *, #5215, .F. ) ;
#368 = CARTESIAN_POINT ( 'NONE',  ( 20.70099999999999696, 7.239000000000000767, -0.3810000000000028919 ) ) ;
#369 = LINE ( 'NONE', #11012, #10019 ) ;
#370 = VERTEX_POINT ( 'NONE', #6754 ) ;
#371 =( NAMED_UNIT ( * ) SI_UNIT ( $, .STERADIAN. ) SOLID_ANGLE_UNIT ( ) );
#372 = EDGE_LOOP ( 'NONE', ( #603, #5902, #10003, #11067 ) ) ;
#373 = ORIENTED_EDGE ( 'NONE', *, *, #6590, .F. ) ;
#374 = EDGE_CURVE ( 'NONE', #5179, #5368, #1780, .T. ) ;
#375 = EDGE_CURVE ( 'NONE', #2972, #491, #10269, .T. ) ;
#376 = CARTESIAN_POINT ( 'NONE',  ( 6.349999999999997868, 3.110602869834277161E-16, -1.270000000000001128 ) ) ;
#377 = DIRECTION ( 'NONE',  ( 0.000000000000000000, 1.733406087350420004E-16, -1.000000000000000000 ) ) ;
#378 = VERTEX_POINT ( 'NONE', #9472 ) ;
#379 = CARTESIAN_POINT ( 'NONE',  ( 0.3809999999999958975, 7.239000000000000767, 0.3809999999999958975 ) ) ;
#380 = EDGE_CURVE ( 'NONE', #5062, #6829, #5023, .T. ) ;
#381 = CARTESIAN_POINT ( 'NONE',  ( -2.667000000000002480, 7.810500000000000220, -0.1270000000000024998 ) ) ;
#382 = DIRECTION ( 'NONE',  ( 0.000000000000000000, 1.000000000000000000, 2.548365665731588345E-16 ) ) ;
#383 = CARTESIAN_POINT ( 'NONE',  ( 17.39899999999999736, 7.239000000000000767, -0.3810000000000028919 ) ) ;
#384 = ORIENTED_EDGE ( 'NONE', *, *, #9614, .F. ) ;
#385 = FACE_OUTER_BOUND ( 'NONE', #2735, .T. ) ;
#386 = AXIS2_PLACEMENT_3D ( 'NONE', #4180, #7664, #1655 ) ;
#387 = EDGE_CURVE ( 'NONE', #1151, #1194, #11189, .T. ) ;
#388 = SURFACE_SIDE_STYLE ('',( #7338 ) ) ;
#389 = LINE ( 'NONE', #5671, #1924 ) ;
#390 = DIRECTION ( 'NONE',  ( -1.000000000000000000, -0.000000000000000000, -0.000000000000000000 ) ) ;
#391 = ORIENTED_EDGE ( 'NONE', *, *, #7486, .F. ) ;
#392 = VECTOR ( 'NONE', #3624, 1000.000000000000000 ) ;
#393 = CARTESIAN_POINT ( 'NONE',  ( -2.921000000000003372, 8.064500000000000668, 0.3809999999999960085 ) ) ;
#394 = DIRECTION ( 'NONE',  ( -1.000000000000000000, -0.000000000000000000, -0.000000000000000000 ) ) ;
#395 = CARTESIAN_POINT ( 'NONE',  ( 0.3810000000000000053, -3.200400000000000134, 0.2032000000000001583 ) ) ;
#396 = ORIENTED_EDGE ( 'NONE', *, *, #8794, .T. ) ;
#397 = ORIENTED_EDGE ( 'NONE', *, *, #1546, .F. ) ;
#398 = AXIS2_PLACEMENT_3D ( 'NONE', #9497, #11214, #3460 ) ;
#399 = CARTESIAN_POINT ( 'NONE',  ( -22.86000000000000654, 0.000000000000000000, 0.000000000000000000 ) ) ;
#400 = FACE_OUTER_BOUND ( 'NONE', #8751, .T. ) ;
#401 = CARTESIAN_POINT ( 'NONE',  ( -13.97000000000000419, 2.177422008883992879E-16, -0.8890000000000013447 ) ) ;
#402 = EDGE_CURVE ( 'NONE', #2731, #3934, #10326, .T. ) ;
#403 = LINE ( 'NONE', #2108, #4508 ) ;
#404 = VERTEX_POINT ( 'NONE', #5945 ) ;
#405 = CARTESIAN_POINT ( 'NONE',  ( -20.70100000000000406, 8.064500000000000668, 0.3809999999999958975 ) ) ;
#406 = PRODUCT_DEFINITION_CONTEXT ( 'detailed design', #8508, 'design' ) ;
#407 = ORIENTED_EDGE ( 'NONE', *, *, #2893, .T. ) ;
#408 = VECTOR ( 'NONE', #2763, 1000.000000000000000 ) ;
#409 = CARTESIAN_POINT ( 'NONE',  ( 14.85899999999999643, 8.064500000000000668, 0.3809999999999960085 ) ) ;
#410 = ORIENTED_EDGE ( 'NONE', *, *, #4277, .T. ) ;
#411 = DIRECTION ( 'NONE',  ( 0.000000000000000000, 0.2588190451025145222, -0.9659258262890699775 ) ) ;
#412 = ORIENTED_EDGE ( 'NONE', *, *, #8930, .T. ) ;
#413 = EDGE_CURVE ( 'NONE', #6113, #8374, #9533, .T. ) ;
#414 = AXIS2_PLACEMENT_3D ( 'NONE', #3481, #4226, #5121 ) ;
#415 = EDGE_LOOP ( 'NONE', ( #3900, #10883, #3996, #2435 ) ) ;
#416 = CARTESIAN_POINT ( 'NONE',  ( 12.31899999999999729, 8.064500000000000668, -0.3810000000000027809 ) ) ;
#417 = COLOUR_RGB ( '',0.2509803921568627416, 0.2509803921568627416, 0.2509803921568627416 ) ;
#418 = FACE_OUTER_BOUND ( 'NONE', #4011, .T. ) ;
#419 = ORIENTED_EDGE ( 'NONE', *, *, #9442, .F. ) ;
#420 = DIRECTION ( 'NONE',  ( 0.000000000000000000, 2.449293598294710852E-16, -1.000000000000000000 ) ) ;
#421 = LINE ( 'NONE', #7320, #3477 ) ;
#422 = VECTOR ( 'NONE', #3248, 1000.000000000000000 ) ;
#423 = ORIENTED_EDGE ( 'NONE', *, *, #199, .T. ) ;
#424 = CARTESIAN_POINT ( 'NONE',  ( -16.51000000000000512, 3.110602869834277161E-16, -1.270000000000001128 ) ) ;
#425 = ORIENTED_EDGE ( 'NONE', *, *, #2906, .T. ) ;
#426 = AXIS2_PLACEMENT_3D ( 'NONE', #7240, #6313, #2835 ) ;
#427 = ORIENTED_EDGE ( 'NONE', *, *, #5894, .T. ) ;
#428 = PLANE ( 'NONE',  #4830 ) ;
#429 = CARTESIAN_POINT ( 'NONE',  ( 8.000999999999994117, 8.064500000000000668, 0.3809999999999958975 ) ) ;
#430 = VECTOR ( 'NONE', #9254, 1000.000000000000000 ) ;
#431 = ORIENTED_EDGE ( 'NONE', *, *, #1768, .T. ) ;
#432 = CARTESIAN_POINT ( 'NONE',  ( 24.13000000000000611, 8.509000000000000341, -1.270000000000001128 ) ) ;
#433 = LINE ( 'NONE', #8454, #5560 ) ;
#434 = CARTESIAN_POINT ( 'NONE',  ( 24.13000000000000611, 8.509000000000000341, -1.270000000000001128 ) ) ;
#435 = VECTOR ( 'NONE', #2559, 1000.000000000000000 ) ;
#436 = CARTESIAN_POINT ( 'NONE',  ( -0.1961031209927691366, -3.200400000000000134, -0.2032000000000001583 ) ) ;
#437 = ORIENTED_EDGE ( 'NONE', *, *, #7553, .T. ) ;
#438 = ITEM_DEFINED_TRANSFORMATION ( 'NONE', 'NONE', #7968,  #4858 ) ;
#439 = VECTOR ( 'NONE', #2143, 1000.000000000000000 ) ;
#440 = CARTESIAN_POINT ( 'NONE',  ( -19.05000000000000426, 0.000000000000000000, 1.269999999999998908 ) ) ;
#441 = CARTESIAN_POINT ( 'NONE',  ( -4.254500000000004611, 8.509000000000000341, 0.8254999999999976801 ) ) ;
#442 = DIRECTION ( 'NONE',  ( 0.000000000000000000, -0.9659258262890699775, -0.2588190451025145222 ) ) ;
#443 = LINE ( 'NONE', #3969, #4146 ) ;
#444 = ORIENTED_EDGE ( 'NONE', *, *, #5593, .T. ) ;
#445 = DIRECTION ( 'NONE',  ( -0.5773502691896252870, -0.5773502691896251759, -0.5773502691896267303 ) ) ;
#446 = DIRECTION ( 'NONE',  ( 0.000000000000000000, 1.000000000000000000, -5.054934237236841843E-31 ) ) ;
#447 = EDGE_CURVE ( 'NONE', #8233, #6214, #702, .T. ) ;
#448 = ADVANCED_FACE ( 'NONE', ( #6116 ), #6916, .F. ) ;
#449 = CARTESIAN_POINT ( 'NONE',  ( -13.08100000000000485, 7.239000000000000767, -0.3810000000000028919 ) ) ;
#450 = ORIENTED_EDGE ( 'NONE', *, *, #8282, .T. ) ;
#451 = EDGE_CURVE ( 'NONE', #4590, #10952, #1721, .T. ) ;
#452 = ORIENTED_EDGE ( 'NONE', *, *, #10903, .F. ) ;
#453 = CARTESIAN_POINT ( 'NONE',  ( -8.890000000000004121, 8.509000000000000341, -1.270000000000001128 ) ) ;
#454 = CARTESIAN_POINT ( 'NONE',  ( -21.59000000000000341, -1.925929944387235853E-31, 0.8889999999999991243 ) ) ;
#455 = PLANE ( 'NONE',  #765 ) ;
#456 = FACE_BOUND ( 'NONE', #9435, .T. ) ;
#457 = CARTESIAN_POINT ( 'NONE',  ( -1.270000000000003793, 0.5080000000000000071, 0.7528818102449925664 ) ) ;
#458 = ORIENTED_EDGE ( 'NONE', *, *, #5472, .F. ) ;
#459 = CARTESIAN_POINT ( 'NONE',  ( 19.04999999999999716, 0.5080000000000002292, -0.7528818102449945648 ) ) ;
#460 = VECTOR ( 'NONE', #4389, 1000.000000000000114 ) ;
#461 = ORIENTED_EDGE ( 'NONE', *, *, #3792, .T. ) ;
#462 = DIRECTION ( 'NONE',  ( 0.000000000000000000, 2.548365665731588345E-16, -1.000000000000000000 ) ) ;
#463 = EDGE_LOOP ( 'NONE', ( #6108, #4057, #2673, #3851 ) ) ;
#464 = LINE ( 'NONE', #11059, #7964 ) ;
#465 = ORIENTED_EDGE ( 'NONE', *, *, #7405, .T. ) ;
#466 = ORIENTED_EDGE ( 'NONE', *, *, #1486, .F. ) ;
#467 = DIRECTION ( 'NONE',  ( 0.000000000000000000, 2.449293598294710852E-16, -1.000000000000000000 ) ) ;
#468 = EDGE_CURVE ( 'NONE', #1426, #9881, #5252, .T. ) ;
#469 = FACE_OUTER_BOUND ( 'NONE', #5551, .T. ) ;
#470 = CARTESIAN_POINT ( 'NONE',  ( 24.38400000000000745, 0.5080000000000002292, -0.7528818102449945648 ) ) ;
#471 = ORIENTED_EDGE ( 'NONE', *, *, #375, .T. ) ;
#472 = CARTESIAN_POINT ( 'NONE',  ( -11.43000000000000504, 8.509000000000000341, -1.270000000000001128 ) ) ;
#473 = FACE_OUTER_BOUND ( 'NONE', #4272, .T. ) ;
#474 = VECTOR ( 'NONE', #3408, 1000.000000000000114 ) ;
#475 = EDGE_LOOP ( 'NONE', ( #7501, #2200, #9853, #8617 ) ) ;
#476 = DIRECTION ( 'NONE',  ( 0.000000000000000000, 0.000000000000000000, 1.000000000000000000 ) ) ;
#477 = ORIENTED_EDGE ( 'NONE', *, *, #140, .T. ) ;
#478 = AXIS2_PLACEMENT_3D ( 'NONE', #698, #2357, #2578 ) ;
#479 = AXIS2_PLACEMENT_3D ( 'NONE', #2362, #1553, #5779 ) ;
#480 = ORIENTED_EDGE ( 'NONE', *, *, #6934, .F. ) ;
#481 = DIRECTION ( 'NONE',  ( 0.000000000000000000, 0.000000000000000000, 1.000000000000000000 ) ) ;
#482 = AXIS2_PLACEMENT_3D ( 'NONE', #16, #5286, #2739 ) ;
#483 = CARTESIAN_POINT ( 'NONE',  ( -6.350000000000004974, 0.5080000000000002292, -0.7528818102449945648 ) ) ;
#484 = VERTEX_POINT ( 'NONE', #6398 ) ;
#485 = EDGE_CURVE ( 'NONE', #2355, #716, #9699, .T. ) ;
#486 = FACE_OUTER_BOUND ( 'NONE', #9730, .T. ) ;
#487 = CARTESIAN_POINT ( 'NONE',  ( 4.698999999999998067, 8.064500000000000668, -0.3810000000000027809 ) ) ;
#488 = PLANE ( 'NONE',  #5204 ) ;
#489 = DIRECTION ( 'NONE',  ( 0.000000000000000000, -0.9659258262890700886, 0.2588190451025140781 ) ) ;
#490 = AXIS2_PLACEMENT_3D ( 'NONE', #9118, #7366, #2281 ) ;
#491 = VERTEX_POINT ( 'NONE', #1098 ) ;
#492 = DIRECTION ( 'NONE',  ( 0.000000000000000000, 1.000000000000000000, 2.548365665731588345E-16 ) ) ;
#493 = AXIS2_PLACEMENT_3D ( 'NONE', #79, #8101, #4451 ) ;
#494 = CARTESIAN_POINT ( 'NONE',  ( 21.58999999999999631, 3.110602869834277161E-16, -1.270000000000001128 ) ) ;
#495 = DIRECTION ( 'NONE',  ( 0.000000000000000000, -0.7071067811865484609, 0.7071067811865465735 ) ) ;
#496 = CARTESIAN_POINT ( 'NONE',  ( 24.12999999999999901, 0.000000000000000000, 1.269999999999998908 ) ) ;
#497 = ORIENTED_EDGE ( 'NONE', *, *, #2734, .F. ) ;
#498 = CARTESIAN_POINT ( 'NONE',  ( 23.24099999999999611, 7.239000000000000767, 0.3809999999999958975 ) ) ;
#499 = CARTESIAN_POINT ( 'NONE',  ( -8.890000000000004121, 0.000000000000000000, 1.269999999999998908 ) ) ;
#500 = AXIS2_PLACEMENT_3D ( 'NONE', #3808, #10764, #2958 ) ;
#501 = DIRECTION ( 'NONE',  ( -0.5773502691896253980, 0.5773502691896253980, -0.5773502691896265082 ) ) ;
#502 = AXIS2_PLACEMENT_3D ( 'NONE', #2094, #1115, #5501 ) ;
#503 = EDGE_LOOP ( 'NONE', ( #5571, #3768, #9091, #5060 ) ) ;
#504 = ORIENTED_EDGE ( 'NONE', *, *, #28, .F. ) ;
#505 = DIRECTION ( 'NONE',  ( 1.000000000000000000, 0.000000000000000000, 0.000000000000000000 ) ) ;
#506 = DIRECTION ( 'NONE',  ( -1.000000000000000000, -0.000000000000000000, -0.000000000000000000 ) ) ;
#507 = CARTESIAN_POINT ( 'NONE',  ( -24.38400000000000745, 8.509000000000000341, -1.270000000000001128 ) ) ;
#508 = EDGE_CURVE ( 'NONE', #3603, #6279, #2811, .T. ) ;
#509 = ADVANCED_FACE ( 'NONE', ( #5364 ), #4635, .F. ) ;
#510 = PRESENTATION_STYLE_ASSIGNMENT (( #2162 ) ) ;
#511 = DIRECTION ( 'NONE',  ( -1.000000000000000000, 0.000000000000000000, 0.000000000000000000 ) ) ;
#512 = EDGE_LOOP ( 'NONE', ( #5649, #6266, #1529, #1317, #8189, #5326, #10719, #201 ) ) ;
#513 = PLANE ( 'NONE',  #584 ) ;
#514 = EDGE_CURVE ( 'NONE', #7126, #8331, #8008, .T. ) ;
#515 = UNCERTAINTY_MEASURE_WITH_UNIT (LENGTH_MEASURE( 1.000000000000000082E-05 ), #6369, 'distance_accuracy_value', 'NONE');
#516 = VERTEX_POINT ( 'NONE', #1959 ) ;
#517 = LINE ( 'NONE', #568, #8976 ) ;
#518 = ORIENTED_EDGE ( 'NONE', *, *, #9290, .F. ) ;
#519 = DIRECTION ( 'NONE',  ( 0.000000000000000000, 0.9659258262890699775, 0.2588190451025145222 ) ) ;
#520 = ORIENTED_EDGE ( 'NONE', *, *, #4346, .T. ) ;
#521 = VERTEX_POINT ( 'NONE', #5538 ) ;
#522 =( LENGTH_UNIT ( ) NAMED_UNIT ( * ) SI_UNIT ( .MILLI., .METRE. ) );
#523 = CARTESIAN_POINT ( 'NONE',  ( -2.921000000000003372, 8.064500000000000668, -0.3810000000000027809 ) ) ;
#524 = CARTESIAN_POINT ( 'NONE',  ( -4.953000000000005620, 7.810500000000001108, 0.1269999999999961438 ) ) ;
#525 = VERTEX_POINT ( 'NONE', #7944 ) ;
#526 = ADVANCED_FACE ( 'NONE', ( #2013 ), #5301, .F. ) ;
#527 = CARTESIAN_POINT ( 'NONE',  ( -8.890000000000004121, 0.5080000000000002292, -0.7528818102449945648 ) ) ;
#528 = DIRECTION ( 'NONE',  ( 1.000000000000000000, 0.000000000000000000, 0.000000000000000000 ) ) ;
#529 = EDGE_CURVE ( 'NONE', #9209, #3890, #314, .T. ) ;
#530 = EDGE_CURVE ( 'NONE', #4462, #3441, #203, .T. ) ;
#531 = VERTEX_POINT ( 'NONE', #4524 ) ;
#532 = CARTESIAN_POINT ( 'NONE',  ( -3.810000000000004494, -1.925929944387235853E-31, 0.8889999999999991243 ) ) ;
#533 = ORIENTED_EDGE ( 'NONE', *, *, #3505, .T. ) ;
#534 = VERTEX_POINT ( 'NONE', #4576 ) ;
#535 = EDGE_CURVE ( 'NONE', #3333, #3975, #7270, .T. ) ;
#536 = DIRECTION ( 'NONE',  ( 0.000000000000000000, 0.000000000000000000, -1.000000000000000000 ) ) ;
#537 = CARTESIAN_POINT ( 'NONE',  ( -10.54100000000000392, 7.239000000000000767, 0.3809999999999958975 ) ) ;
#538 = ORIENTED_EDGE ( 'NONE', *, *, #1266, .F. ) ;
#539 = DIRECTION ( 'NONE',  ( 0.000000000000000000, 0.9659258262890700886, -0.2588190451025140781 ) ) ;
#540 = EDGE_CURVE ( 'NONE', #4897, #3583, #8060, .T. ) ;
#541 = DIRECTION ( 'NONE',  ( 1.000000000000000000, 0.000000000000000000, -0.000000000000000000 ) ) ;
#542 = CARTESIAN_POINT ( 'NONE',  ( 24.13000000000000611, 0.5080000000000002292, -0.7528818102449945648 ) ) ;
#543 = LINE ( 'NONE', #7667, #4680 ) ;
#544 = ORIENTED_EDGE ( 'NONE', *, *, #8668, .T. ) ;
#545 = ORIENTED_EDGE ( 'NONE', *, *, #1500, .F. ) ;
#546 = EDGE_CURVE ( 'NONE', #9998, #9138, #2755, .T. ) ;
#547 = CARTESIAN_POINT ( 'NONE',  ( 3.809999999999997389, 8.509000000000000341, 1.270000000000001128 ) ) ;
#548 = CARTESIAN_POINT ( 'NONE',  ( -6.350000000000004974, 3.110602869834277161E-16, -1.270000000000001128 ) ) ;
#549 = DIRECTION ( 'NONE',  ( -1.000000000000000000, -0.000000000000000000, -0.000000000000000000 ) ) ;
#550 = LINE ( 'NONE', #4017, #7201 ) ;
#551 = DIRECTION ( 'NONE',  ( -0.5773502691896253980, 0.5773502691896253980, -0.5773502691896265082 ) ) ;
#552 = ORIENTED_EDGE ( 'NONE', *, *, #2694, .T. ) ;
#553 = FACE_OUTER_BOUND ( 'NONE', #3203, .T. ) ;
#554 = FACE_OUTER_BOUND ( 'NONE', #7368, .T. ) ;
#555 = VECTOR ( 'NONE', #10113, 1000.000000000000000 ) ;
#556 = DIRECTION ( 'NONE',  ( -1.000000000000000000, -0.000000000000000000, -0.000000000000000000 ) ) ;
#557 = ORIENTED_EDGE ( 'NONE', *, *, #9512, .F. ) ;
#558 = ORIENTED_EDGE ( 'NONE', *, *, #43, .T. ) ;
#559 = DIRECTION ( 'NONE',  ( 0.000000000000000000, 0.000000000000000000, 1.000000000000000000 ) ) ;
#560 = DIRECTION ( 'NONE',  ( 0.000000000000000000, -0.000000000000000000, -1.000000000000000000 ) ) ;
#561 = DIRECTION ( 'NONE',  ( 1.000000000000000000, 0.000000000000000000, -0.000000000000000000 ) ) ;
#562 = DIRECTION ( 'NONE',  ( -0.000000000000000000, 1.000000000000000000, 1.733406087350420004E-16 ) ) ;
#563 = CARTESIAN_POINT ( 'NONE',  ( -0.3810000000000000053, 0.5079999999999998961, -0.2031999999999997419 ) ) ;
#564 = CARTESIAN_POINT ( 'NONE',  ( -8.890000000000004121, 2.177422008883992879E-16, -0.8890000000000013447 ) ) ;
#565 = EDGE_LOOP ( 'NONE', ( #8410, #6623, #6583, #2584 ) ) ;
#566 = DIRECTION ( 'NONE',  ( 0.000000000000000000, 0.9659258262890700886, -0.2588190451025140781 ) ) ;
#567 = ORIENTED_EDGE ( 'NONE', *, *, #9094, .T. ) ;
#568 = CARTESIAN_POINT ( 'NONE',  ( -11.43000000000000504, -1.925929944387235853E-31, 0.8889999999999991243 ) ) ;
#569 = EDGE_LOOP ( 'NONE', ( #2512, #10956, #4801, #2504 ) ) ;
#570 = EDGE_CURVE ( 'NONE', #2597, #9671, #10673, .T. ) ;
#571 = CARTESIAN_POINT ( 'NONE',  ( -7.239000000000006096, 7.239000000000000767, -0.3810000000000028919 ) ) ;
#572 = ORIENTED_EDGE ( 'NONE', *, *, #6366, .F. ) ;
#573 = ORIENTED_EDGE ( 'NONE', *, *, #10953, .T. ) ;
#574 = DIRECTION ( 'NONE',  ( -1.000000000000000000, 0.000000000000000000, 0.000000000000000000 ) ) ;
#575 = FACE_OUTER_BOUND ( 'NONE', #5358, .T. ) ;
#576 = VECTOR ( 'NONE', #8522, 1000.000000000000000 ) ;
#577 = FACE_OUTER_BOUND ( 'NONE', #7534, .T. ) ;
#578 = ORIENTED_EDGE ( 'NONE', *, *, #10217, .T. ) ;
#579 = FACE_BOUND ( 'NONE', #3351, .T. ) ;
#580 = DIRECTION ( 'NONE',  ( 0.000000000000000000, 2.449293598294710852E-16, -1.000000000000000000 ) ) ;
#581 = ORIENTED_EDGE ( 'NONE', *, *, #5476, .T. ) ;
#582 = CARTESIAN_POINT ( 'NONE',  ( 22.98699999999999832, 7.810500000000001108, 0.1269999999999961438 ) ) ;
#583 = ORIENTED_EDGE ( 'NONE', *, *, #5884, .F. ) ;
#584 = AXIS2_PLACEMENT_3D ( 'NONE', #2276, #2910, #7411 ) ;
#585 = VERTEX_POINT ( 'NONE', #5426 ) ;
#586 = EDGE_CURVE ( 'NONE', #700, #6433, #6169, .T. ) ;
#587 = ADVANCED_FACE ( 'NONE', ( #987 ), #4464, .F. ) ;
#588 = MECHANICAL_DESIGN_GEOMETRIC_PRESENTATION_REPRESENTATION (  '', ( #8405 ), #4758 ) ;
#589 = EDGE_CURVE ( 'NONE', #7875, #9199, #7212, .T. ) ;
#590 = EDGE_CURVE ( 'NONE', #7206, #10200, #3610, .T. ) ;
#591 = DIRECTION ( 'NONE',  ( -0.000000000000000000, 0.000000000000000000, -1.000000000000000000 ) ) ;
#592 = DIRECTION ( 'NONE',  ( -1.000000000000000000, -0.000000000000000000, -0.000000000000000000 ) ) ;
#593 = AXIS2_PLACEMENT_3D ( 'NONE', #4206, #7689, #11161 ) ;
#594 = ORIENTED_EDGE ( 'NONE', *, *, #11035, .F. ) ;
#595 = ADVANCED_FACE ( 'NONE', ( #3718 ), #6351, .F. ) ;
#596 = CARTESIAN_POINT ( 'NONE',  ( 8.000999999999994117, 7.239000000000000767, 0.3809999999999958975 ) ) ;
#597 = MECHANICAL_DESIGN_GEOMETRIC_PRESENTATION_REPRESENTATION (  '', ( #8414 ), #4950 ) ;
#598 = CARTESIAN_POINT ( 'NONE',  ( 13.96999999999999709, -1.925929944387235853E-31, 0.8889999999999991243 ) ) ;
#599 = LINE ( 'NONE', #4008, #9598 ) ;
#600 = PLANE ( 'NONE',  #675 ) ;
#601 = EDGE_LOOP ( 'NONE', ( #8278, #4898, #10385, #8226, #6658, #10785, #7510, #6000 ) ) ;
#602 =( GEOMETRIC_REPRESENTATION_CONTEXT ( 3 ) GLOBAL_UNCERTAINTY_ASSIGNED_CONTEXT ( ( #9964 ) ) GLOBAL_UNIT_ASSIGNED_CONTEXT ( ( #4467, #8122, #371 ) ) REPRESENTATION_CONTEXT ( 'NONE', 'WORKASPACE' ) );
#603 = ORIENTED_EDGE ( 'NONE', *, *, #10685, .T. ) ;
#604 = EDGE_CURVE ( 'NONE', #5981, #5782, #7376, .T. ) ;
#605 = AXIS2_PLACEMENT_3D ( 'NONE', #8743, #6926, #5959 ) ;
#606 = CARTESIAN_POINT ( 'NONE',  ( 11.42999999999999616, 8.509000000000000341, -1.270000000000001128 ) ) ;
#607 = FACE_OUTER_BOUND ( 'NONE', #7518, .T. ) ;
#608 = VECTOR ( 'NONE', #10530, 999.9999999999998863 ) ;
#609 = CARTESIAN_POINT ( 'NONE',  ( 6.349999999999997868, 0.5080000000000002292, -0.7528818102449945648 ) ) ;
#610 = VECTOR ( 'NONE', #8213, 1000.000000000000000 ) ;
#611 = CARTESIAN_POINT ( 'NONE',  ( 1.269999999999996909, 0.5080000000000000071, 0.7528818102449925664 ) ) ;
#612 = FACE_OUTER_BOUND ( 'NONE', #4113, .T. ) ;
#613 = ORIENTED_EDGE ( 'NONE', *, *, #589, .F. ) ;
#614 = EDGE_CURVE ( 'NONE', #8764, #3634, #2352, .T. ) ;
#615 = AXIS2_PLACEMENT_3D ( 'NONE', #10616, #7034, #2810 ) ;
#616 = CARTESIAN_POINT ( 'NONE',  ( -8.890000000000005898, 8.509000000000000341, 1.270000000000001128 ) ) ;
#617 = CARTESIAN_POINT ( 'NONE',  ( -6.350000000000004974, 8.509000000000000341, -1.270000000000001128 ) ) ;
#618 = ORIENTED_EDGE ( 'NONE', *, *, #995, .F. ) ;
#619 = VECTOR ( 'NONE', #8709, 1000.000000000000000 ) ;
#620 = ORIENTED_EDGE ( 'NONE', *, *, #7923, .T. ) ;
#621 = DIRECTION ( 'NONE',  ( 0.000000000000000000, 0.000000000000000000, 1.000000000000000000 ) ) ;
#622 = PLANE ( 'NONE',  #5650 ) ;
#623 = SURFACE_STYLE_USAGE ( .BOTH. , #6552 ) ;
#624 = FILL_AREA_STYLE_COLOUR ( '', #5556 ) ;
#625 = DIRECTION ( 'NONE',  ( 0.000000000000000000, -2.449293598294710852E-16, 1.000000000000000000 ) ) ;
#626 = EDGE_LOOP ( 'NONE', ( #3315, #7437, #8117, #9627 ) ) ;
#627 = EDGE_CURVE ( 'NONE', #2011, #1681, #8333, .T. ) ;
#628 = LINE ( 'NONE', #2557, #2781 ) ;
#629 = CLOSED_SHELL ( 'NONE', ( #8867, #5037, #1143, #2882, #9754, #9708, #9903, #10462, #9063, #6078, #3729, #4185, #10409, #11239, #5698, #3420, #787, #6655, #2670 ) ) ;
#630 = VERTEX_POINT ( 'NONE', #10080 ) ;
#631 = DIRECTION ( 'NONE',  ( -0.7071067811865475727, -0.7071067811865475727, 0.000000000000000000 ) ) ;
#632 = ORIENTED_EDGE ( 'NONE', *, *, #2154, .F. ) ;
#633 = FACE_OUTER_BOUND ( 'NONE', #9678, .T. ) ;
#634 = VERTEX_POINT ( 'NONE', #10844 ) ;
#635 = ORIENTED_EDGE ( 'NONE', *, *, #6911, .T. ) ;
#636 = DIRECTION ( 'NONE',  ( -0.000000000000000000, 0.000000000000000000, -1.000000000000000000 ) ) ;
#637 = CARTESIAN_POINT ( 'NONE',  ( 13.96999999999999709, 0.000000000000000000, 1.269999999999998908 ) ) ;
#638 = CARTESIAN_POINT ( 'NONE',  ( -19.05000000000000426, 8.509000000000000341, -1.270000000000001128 ) ) ;
#639 = ORIENTED_EDGE ( 'NONE', *, *, #535, .F. ) ;
#640 = DIRECTION ( 'NONE',  ( 0.000000000000000000, -1.000000000000000000, 0.000000000000000000 ) ) ;
#641 = DIRECTION ( 'NONE',  ( -0.000000000000000000, 0.000000000000000000, -1.000000000000000000 ) ) ;
#642 = ORIENTED_EDGE ( 'NONE', *, *, #546, .F. ) ;
#643 = PRESENTATION_STYLE_ASSIGNMENT (( #7483 ) ) ;
#644 = ORIENTED_EDGE ( 'NONE', *, *, #2125, .F. ) ;
#645 = EDGE_LOOP ( 'NONE', ( #5408, #1787, #8111, #922 ) ) ;
#646 = DIRECTION ( 'NONE',  ( -0.000000000000000000, 0.2588190451025140781, 0.9659258262890700886 ) ) ;
#647 = PLANE ( 'NONE',  #7146 ) ;
#648 = AXIS2_PLACEMENT_3D ( 'NONE', #8758, #6256, #4322 ) ;
#649 = ORIENTED_EDGE ( 'NONE', *, *, #7488, .T. ) ;
#650 = EDGE_CURVE ( 'NONE', #5430, #6555, #421, .T. ) ;
#651 = FACE_OUTER_BOUND ( 'NONE', #830, .T. ) ;
#652 = EDGE_CURVE ( 'NONE', #5598, #9965, #7543, .T. ) ;
#653 = CARTESIAN_POINT ( 'NONE',  ( -13.97000000000000419, 0.000000000000000000, 1.269999999999998908 ) ) ;
#654 = DIRECTION ( 'NONE',  ( 0.000000000000000000, 1.000000000000000000, 1.733406087350420004E-16 ) ) ;
#655 = EDGE_CURVE ( 'NONE', #8627, #2575, #4051, .T. ) ;
#656 = FACE_OUTER_BOUND ( 'NONE', #2806, .T. ) ;
#657 = EDGE_LOOP ( 'NONE', ( #3131, #8000, #11160, #10889 ) ) ;
#658 = EDGE_LOOP ( 'NONE', ( #1412, #1957, #1050, #5421 ) ) ;
#659 = EDGE_CURVE ( 'NONE', #5040, #5188, #369, .T. ) ;
#660 = AXIS2_PLACEMENT_3D ( 'NONE', #5824, #646, #10206 ) ;
#661 = DIRECTION ( 'NONE',  ( -1.000000000000000000, -0.000000000000000000, -0.000000000000000000 ) ) ;
#662 = CARTESIAN_POINT ( 'NONE',  ( -12.82700000000000351, 7.810500000000000220, -0.1270000000000024998 ) ) ;
#663 = ADVANCED_FACE ( 'NONE', ( #1425 ), #7481, .F. ) ;
#664 = EDGE_CURVE ( 'NONE', #9809, #1019, #7430, .T. ) ;
#665 = DIRECTION ( 'NONE',  ( 0.000000000000000000, 0.000000000000000000, -1.000000000000000000 ) ) ;
#666 = DIRECTION ( 'NONE',  ( 0.000000000000000000, -1.440069553722777130E-16, 1.000000000000000000 ) ) ;
#667 = ORIENTED_EDGE ( 'NONE', *, *, #9032, .F. ) ;
#668 = ADVANCED_FACE ( 'NONE', ( #9245 ), #4740, .F. ) ;
#669 = VECTOR ( 'NONE', #9867, 1000.000000000000000 ) ;
#670 = LINE ( 'NONE', #11147, #5710 ) ;
#671 = DIRECTION ( 'NONE',  ( 0.000000000000000000, -1.000000000000000000, -2.548365665731588345E-16 ) ) ;
#672 = ORIENTED_EDGE ( 'NONE', *, *, #9232, .T. ) ;
#673 = EDGE_CURVE ( 'NONE', #4343, #360, #10950, .T. ) ;
#674 = VERTEX_POINT ( 'NONE', #3144 ) ;
#675 = AXIS2_PLACEMENT_3D ( 'NONE', #10097, #5029, #2423 ) ;
#676 = DIRECTION ( 'NONE',  ( 0.000000000000000000, 1.000000000000000000, -5.054934237236841843E-31 ) ) ;
#677 = CARTESIAN_POINT ( 'NONE',  ( 13.96999999999999709, 3.110602869834277161E-16, -1.270000000000001128 ) ) ;
#678 = DIRECTION ( 'NONE',  ( 0.000000000000000000, 0.000000000000000000, -1.000000000000000000 ) ) ;
#679 = ORIENTED_EDGE ( 'NONE', *, *, #7833, .F. ) ;
#680 = DIRECTION ( 'NONE',  ( 0.000000000000000000, 1.000000000000000000, -5.054934237236841843E-31 ) ) ;
#681 = ORIENTED_EDGE ( 'NONE', *, *, #1230, .T. ) ;
#682 = LINE ( 'NONE', #8428, #1884 ) ;
#683 = ORIENTED_EDGE ( 'NONE', *, *, #9662, .F. ) ;
#684 = DIRECTION ( 'NONE',  ( -0.000000000000000000, 0.000000000000000000, 1.000000000000000000 ) ) ;
#685 = ORIENTED_EDGE ( 'NONE', *, *, #8669, .T. ) ;
#686 = VERTEX_POINT ( 'NONE', #6631 ) ;
#687 = VECTOR ( 'NONE', #7064, 1000.000000000000000 ) ;
#688 = DIRECTION ( 'NONE',  ( 0.000000000000000000, -0.7071067811865484609, 0.7071067811865465735 ) ) ;
#689 = DIRECTION ( 'NONE',  ( 0.000000000000000000, -5.054934237236841843E-31, -1.000000000000000000 ) ) ;
#690 = CARTESIAN_POINT ( 'NONE',  ( -13.97000000000000419, 8.509000000000000341, 1.270000000000001128 ) ) ;
#691 = EDGE_LOOP ( 'NONE', ( #3546, #88, #10678, #1739 ) ) ;
#692 = CARTESIAN_POINT ( 'NONE',  ( 2.158999999999997588, 8.064500000000000668, 0.3809999999999958975 ) ) ;
#693 = DIRECTION ( 'NONE',  ( 1.000000000000000000, 0.000000000000000000, -0.000000000000000000 ) ) ;
#694 = VERTEX_POINT ( 'NONE', #10147 ) ;
#695 = CARTESIAN_POINT ( 'NONE',  ( -13.08100000000000485, 8.064500000000000668, 0.3809999999999960085 ) ) ;
#696 = EDGE_LOOP ( 'NONE', ( #5220, #6675, #683, #4570 ) ) ;
#697 = ORIENTED_EDGE ( 'NONE', *, *, #10251, .T. ) ;
#698 = CARTESIAN_POINT ( 'NONE',  ( -1.270000000000003793, 0.5080000000000002292, -0.7528818102449945648 ) ) ;
#699 = SURFACE_SIDE_STYLE ('',( #8510 ) ) ;
#700 = VERTEX_POINT ( 'NONE', #10900 ) ;
#701 = DIRECTION ( 'NONE',  ( 0.000000000000000000, 0.000000000000000000, 1.000000000000000000 ) ) ;
#702 = LINE ( 'NONE', #3327, #6012 ) ;
#703 = LINE ( 'NONE', #9595, #2484 ) ;
#704 = DIRECTION ( 'NONE',  ( 0.000000000000000000, -5.054934237236841843E-31, -1.000000000000000000 ) ) ;
#705 = CARTESIAN_POINT ( 'NONE',  ( -16.51000000000000512, 8.509000000000000341, -1.270000000000001128 ) ) ;
#706 = ORIENTED_EDGE ( 'NONE', *, *, #7149, .T. ) ;
#707 = ORIENTED_EDGE ( 'NONE', *, *, #6544, .T. ) ;
#708 = EDGE_CURVE ( 'NONE', #4590, #7401, #9014, .T. ) ;
#709 = CARTESIAN_POINT ( 'NONE',  ( 13.96999999999999709, 2.177422008883992879E-16, -0.8890000000000013447 ) ) ;
#710 = ADVANCED_FACE ( 'NONE', ( #8172 ), #9073, .F. ) ;
#711 = VECTOR ( 'NONE', #501, 999.9999999999998863 ) ;
#712 = LINE ( 'NONE', #3450, #9695 ) ;
#713 = CARTESIAN_POINT ( 'NONE',  ( -16.51000000000000512, 0.000000000000000000, 1.269999999999998908 ) ) ;
#714 = FACE_OUTER_BOUND ( 'NONE', #4895, .T. ) ;
#715 = FACE_OUTER_BOUND ( 'NONE', #1962, .T. ) ;
#716 = VERTEX_POINT ( 'NONE', #2177 ) ;
#717 = PRODUCT_DEFINITION_SHAPE ( 'NONE', 'NONE',  #11258 ) ;
#718 = CARTESIAN_POINT ( 'NONE',  ( 10.54099999999999504, 8.064500000000000668, 0.3809999999999958975 ) ) ;
#719 = CARTESIAN_POINT ( 'NONE',  ( -5.461000000000003851, 7.239000000000000767, 0.3809999999999958975 ) ) ;
#720 = EDGE_LOOP ( 'NONE', ( #5826, #8012, #1482, #1301 ) ) ;
#721 = EDGE_CURVE ( 'NONE', #790, #10499, #8224, .T. ) ;
#722 = FACE_OUTER_BOUND ( 'NONE', #10071, .T. ) ;
#723 = DIRECTION ( 'NONE',  ( 0.000000000000000000, 0.000000000000000000, 1.000000000000000000 ) ) ;
#724 = EDGE_CURVE ( 'NONE', #7872, #8894, #9128, .T. ) ;
#725 = DIRECTION ( 'NONE',  ( -0.000000000000000000, 1.000000000000000000, 1.733406087350420004E-16 ) ) ;
#726 = ADVANCED_FACE ( 'NONE', ( #473 ), #5705, .T. ) ;
#727 = CARTESIAN_POINT ( 'NONE',  ( -11.43000000000000504, 0.5080000000000002292, -0.7528818102449945648 ) ) ;
#728 = DIRECTION ( 'NONE',  ( -0.000000000000000000, 0.000000000000000000, 1.000000000000000000 ) ) ;
#729 = VERTEX_POINT ( 'NONE', #2462 ) ;
#730 = VECTOR ( 'NONE', #7399, 1000.000000000000114 ) ;
#731 = CARTESIAN_POINT ( 'NONE',  ( -6.794500000000005535, 8.509000000000000341, -1.270000000000001128 ) ) ;
#732 = UNCERTAINTY_MEASURE_WITH_UNIT (LENGTH_MEASURE( 1.000000000000000082E-05 ), #119, 'distance_accuracy_value', 'NONE');
#733 = CARTESIAN_POINT ( 'NONE',  ( 8.445499999999995566, 8.509000000000000341, -1.270000000000001128 ) ) ;
#734 = ORIENTED_EDGE ( 'NONE', *, *, #1197, .F. ) ;
#735 = FACE_OUTER_BOUND ( 'NONE', #415, .T. ) ;
#736 = VERTEX_POINT ( 'NONE', #4339 ) ;
#737 = VERTEX_POINT ( 'NONE', #861 ) ;
#738 = ADVANCED_FACE ( 'NONE', ( #7822 ), #2571, .F. ) ;
#739 = DIRECTION ( 'NONE',  ( -0.000000000000000000, 0.000000000000000000, -1.000000000000000000 ) ) ;
#740 = FACE_BOUND ( 'NONE', #10154, .T. ) ;
#741 = FACE_OUTER_BOUND ( 'NONE', #8577, .T. ) ;
#742 = EDGE_LOOP ( 'NONE', ( #1991, #9247, #9924, #9601 ) ) ;
#743 = PLANE ( 'NONE',  #2620 ) ;
#744 = CARTESIAN_POINT ( 'NONE',  ( 1.269999999999996909, 8.509000000000000341, 1.270000000000001128 ) ) ;
#745 = ORIENTED_EDGE ( 'NONE', *, *, #2491, .T. ) ;
#746 = ADVANCED_FACE ( 'NONE', ( #20 ), #5069, .T. ) ;
#747 = ORIENTED_EDGE ( 'NONE', *, *, #7899, .T. ) ;
#748 = VERTEX_POINT ( 'NONE', #10256 ) ;
#749 = VECTOR ( 'NONE', #2869, 1000.000000000000000 ) ;
#750 = VECTOR ( 'NONE', #7746, 1000.000000000000000 ) ;
#751 = AXIS2_PLACEMENT_3D ( 'NONE', #5232, #796, #3474 ) ;
#752 = PLANE ( 'NONE',  #478 ) ;
#753 = ORIENTED_EDGE ( 'NONE', *, *, #7345, .F. ) ;
#754 = CARTESIAN_POINT ( 'NONE',  ( 10.28699999999999370, 7.810500000000000220, -0.1270000000000024998 ) ) ;
#755 = CARTESIAN_POINT ( 'NONE',  ( -6.350000000000004974, -1.925929944387235853E-31, 0.8889999999999991243 ) ) ;
#756 = LINE ( 'NONE', #1783, #132 ) ;
#757 = PRESENTATION_STYLE_ASSIGNMENT (( #818 ) ) ;
#758 = VECTOR ( 'NONE', #1374, 1000.000000000000114 ) ;
#759 = DIRECTION ( 'NONE',  ( 0.000000000000000000, 0.000000000000000000, -1.000000000000000000 ) ) ;
#760 = ORIENTED_EDGE ( 'NONE', *, *, #6920, .F. ) ;
#761 = EDGE_LOOP ( 'NONE', ( #10890, #3266, #6520, #518 ) ) ;
#762 = AXIS2_PLACEMENT_3D ( 'NONE', #3428, #11177, #7656 ) ;
#763 = CARTESIAN_POINT ( 'NONE',  ( 9.778999999999996362, 8.064500000000000668, 0.3809999999999958975 ) ) ;
#764 = DIRECTION ( 'NONE',  ( 0.000000000000000000, -0.9659258262890699775, -0.2588190451025145222 ) ) ;
#765 = AXIS2_PLACEMENT_3D ( 'NONE', #9802, #2850, #3757 ) ;
#766 = LINE ( 'NONE', #9483, #252 ) ;
#767 = CARTESIAN_POINT ( 'NONE',  ( 13.96999999999999709, 3.110602869834277161E-16, -1.270000000000001128 ) ) ;
#768 = DIRECTION ( 'NONE',  ( -1.000000000000000000, -0.000000000000000000, -0.000000000000000000 ) ) ;
#769 = CARTESIAN_POINT ( 'NONE',  ( 13.96999999999999709, 0.5080000000000000071, 0.7528818102449925664 ) ) ;
#770 = VERTEX_POINT ( 'NONE', #11235 ) ;
#771 = AXIS2_PLACEMENT_3D ( 'NONE', #10513, #9535, #4020 ) ;
#772 = DIRECTION ( 'NONE',  ( 0.000000000000000000, 1.440069553722777130E-16, -1.000000000000000000 ) ) ;
#773 = PLANE ( 'NONE',  #10748 ) ;
#774 = MECHANICAL_DESIGN_GEOMETRIC_PRESENTATION_REPRESENTATION (  '', ( #5686 ), #4426 ) ;
#775 = VERTEX_POINT ( 'NONE', #744 ) ;
#776 = DIRECTION ( 'NONE',  ( 0.000000000000000000, 0.000000000000000000, 1.000000000000000000 ) ) ;
#777 = ITEM_DEFINED_TRANSFORMATION ( 'NONE', 'NONE', #7058,  #4858 ) ;
#778 = MECHANICAL_DESIGN_GEOMETRIC_PRESENTATION_REPRESENTATION (  '', ( #9877 ), #11154 ) ;
#779 = CARTESIAN_POINT ( 'NONE',  ( -6.794500000000005535, 8.509000000000000341, -0.8255000000000041194 ) ) ;
#780 = FILL_AREA_STYLE_COLOUR ( '', #1494 ) ;
#781 = DIRECTION ( 'NONE',  ( -0.000000000000000000, 1.000000000000000000, 1.733406087350420004E-16 ) ) ;
#782 = AXIS2_PLACEMENT_3D ( 'NONE', #330, #3788, #7281 ) ;
#783 = CARTESIAN_POINT ( 'NONE',  ( 24.38400000000000745, 0.5080000000000002292, -0.7528818102449945648 ) ) ;
#784 = EDGE_LOOP ( 'NONE', ( #9479, #2282, #2164, #4756 ) ) ;
#786 = ADVANCED_FACE ( 'NONE', ( #7706 ), #8613, .F. ) ;
#785 = LINE ( 'NONE', #10178, #5862 ) ;
#787 = ADVANCED_FACE ( 'NONE', ( #3369 ), #2406, .F. ) ;
#788 = EDGE_CURVE ( 'NONE', #2151, #5496, #803, .T. ) ;
#789 = CARTESIAN_POINT ( 'NONE',  ( -10.54100000000000392, 7.239000000000000767, -0.3810000000000028919 ) ) ;
#790 = VERTEX_POINT ( 'NONE', #1708 ) ;
#791 = ADVANCED_FACE ( 'NONE', ( #6799 ), #5989, .F. ) ;
#792 = VECTOR ( 'NONE', #1303, 1000.000000000000000 ) ;
#793 = CARTESIAN_POINT ( 'NONE',  ( 1.269999999999996909, -1.925929944387235853E-31, 0.8889999999999991243 ) ) ;
#794 = ORIENTED_EDGE ( 'NONE', *, *, #2606, .T. ) ;
#795 = ORIENTED_EDGE ( 'NONE', *, *, #1024, .F. ) ;
#796 = DIRECTION ( 'NONE',  ( 0.000000000000000000, 0.000000000000000000, 1.000000000000000000 ) ) ;
#797 = DIRECTION ( 'NONE',  ( 0.000000000000000000, -1.000000000000000000, -1.169455476739838842E-16 ) ) ;
#798 = DIRECTION ( 'NONE',  ( 0.000000000000000000, 0.000000000000000000, 1.000000000000000000 ) ) ;
#799 = AXIS2_PLACEMENT_3D ( 'NONE', #9611, #10635, #5210 ) ;
#800 = CARTESIAN_POINT ( 'NONE',  ( -1.270000000000003793, 3.110602869834277161E-16, -1.270000000000001128 ) ) ;
#801 = VERTEX_POINT ( 'NONE', #4112 ) ;
#802 = LINE ( 'NONE', #11120, #5529 ) ;
#803 = LINE ( 'NONE', #8667, #6780 ) ;
#804 = EDGE_CURVE ( 'NONE', #3653, #1567, #9465, .T. ) ;
#805 = ORIENTED_EDGE ( 'NONE', *, *, #4303, .T. ) ;
#806 = FILL_AREA_STYLE ('',( #9185 ) ) ;
#807 = ORIENTED_EDGE ( 'NONE', *, *, #7833, .T. ) ;
#808 = EDGE_CURVE ( 'NONE', #10228, #521, #5931, .T. ) ;
#809 = ORIENTED_EDGE ( 'NONE', *, *, #3156, .T. ) ;
#810 = EDGE_CURVE ( 'NONE', #8843, #2695, #5818, .T. ) ;
#811 = PRODUCT_DEFINITION_SHAPE ( 'NONE', 'NONE',  #11253 ) ;
#812 = EDGE_CURVE ( 'NONE', #8066, #9470, #1479, .T. ) ;
#813 = CARTESIAN_POINT ( 'NONE',  ( -8.001000000000004775, 7.239000000000000767, 0.3809999999999958975 ) ) ;
#814 = ORIENTED_EDGE ( 'NONE', *, *, #5360, .F. ) ;
#815 = CARTESIAN_POINT ( 'NONE',  ( -11.43000000000000504, 2.177422008883992879E-16, -0.8890000000000013447 ) ) ;
#816 = DIRECTION ( 'NONE',  ( 0.000000000000000000, -5.054934237236841843E-31, -1.000000000000000000 ) ) ;
#817 = CARTESIAN_POINT ( 'NONE',  ( 13.96999999999999709, 0.5080000000000002292, -0.7528818102449945648 ) ) ;
#818 = SURFACE_STYLE_USAGE ( .BOTH. , #6974 ) ;
#819 = ORIENTED_EDGE ( 'NONE', *, *, #2950, .T. ) ;
#820 = VECTOR ( 'NONE', #4276, 1000.000000000000000 ) ;
#821 = CARTESIAN_POINT ( 'NONE',  ( 11.42999999999999616, -1.925929944387235853E-31, 0.8889999999999991243 ) ) ;
#822 = ORIENTED_EDGE ( 'NONE', *, *, #1347, .T. ) ;
#823 = ORIENTED_EDGE ( 'NONE', *, *, #7304, .F. ) ;
#824 = LINE ( 'NONE', #8420, #3910 ) ;
#825 = DIRECTION ( 'NONE',  ( 1.000000000000000000, 0.000000000000000000, 0.000000000000000000 ) ) ;
#826 = DIRECTION ( 'NONE',  ( 0.000000000000000000, 2.449293598294710852E-16, -1.000000000000000000 ) ) ;
#827 = DIRECTION ( 'NONE',  ( 0.000000000000000000, 0.9659258262890699775, 0.2588190451025145222 ) ) ;
#828 = LINE ( 'NONE', #1849, #7742 ) ;
#829 = FACE_OUTER_BOUND ( 'NONE', #3261, .T. ) ;
#830 = EDGE_LOOP ( 'NONE', ( #3331, #1949, #8052, #4231 ) ) ;
#831 = FACE_OUTER_BOUND ( 'NONE', #3777, .T. ) ;
#832 = DIRECTION ( 'NONE',  ( 0.000000000000000000, 0.000000000000000000, -1.000000000000000000 ) ) ;
#833 = VECTOR ( 'NONE', #574, 1000.000000000000000 ) ;
#834 = VERTEX_POINT ( 'NONE', #10314 ) ;
#835 = CARTESIAN_POINT ( 'NONE',  ( 1.269999999999996909, 8.509000000000000341, 1.270000000000001128 ) ) ;
#836 = CONTEXT_DEPENDENT_SHAPE_REPRESENTATION ( #2469, #6093 ) ;
#837 = DIRECTION ( 'NONE',  ( 0.000000000000000000, 0.000000000000000000, -1.000000000000000000 ) ) ;
#838 = SURFACE_STYLE_USAGE ( .BOTH. , #7000 ) ;
#839 = VECTOR ( 'NONE', #5927, 1000.000000000000000 ) ;
#840 = FACE_OUTER_BOUND ( 'NONE', #2008, .T. ) ;
#841 = ORIENTED_EDGE ( 'NONE', *, *, #953, .T. ) ;
#842 = CARTESIAN_POINT ( 'NONE',  ( -3.365500000000003933, 8.509000000000000341, 0.8254999999999976801 ) ) ;
#843 = LINE ( 'NONE', #1464, #7891 ) ;
#844 = ORIENTED_EDGE ( 'NONE', *, *, #4195, .F. ) ;
#845 = AXIS2_PLACEMENT_3D ( 'NONE', #2434, #5901, #3398 ) ;
#846 = LINE ( 'NONE', #5061, #3047 ) ;
#847 = ORIENTED_EDGE ( 'NONE', *, *, #5882, .T. ) ;
#848 = EDGE_CURVE ( 'NONE', #2702, #5279, #2520, .T. ) ;
#849 = VECTOR ( 'NONE', #4412, 1000.000000000000000 ) ;
#850 = ORIENTED_EDGE ( 'NONE', *, *, #11031, .F. ) ;
#851 = ADVANCED_FACE ( 'NONE', ( #8442 ), #7600, .F. ) ;
#852 = EDGE_CURVE ( 'NONE', #10360, #6792, #6905, .T. ) ;
#853 = CARTESIAN_POINT ( 'NONE',  ( 14.85899999999999643, 8.064500000000000668, -0.3810000000000027809 ) ) ;
#854 = CARTESIAN_POINT ( 'NONE',  ( -2.921000000000003372, 7.239000000000000767, -0.3810000000000028919 ) ) ;
#855 = DIRECTION ( 'NONE',  ( -0.000000000000000000, 1.000000000000000000, 1.733406087350420004E-16 ) ) ;
#856 = EDGE_CURVE ( 'NONE', #3317, #2560, #5011, .T. ) ;
#857 = AXIS2_PLACEMENT_3D ( 'NONE', #3981, #8997, #4889 ) ;
#858 = CARTESIAN_POINT ( 'NONE',  ( 15.62099999999999511, 7.239000000000000767, 0.3809999999999958975 ) ) ;
#859 = VERTEX_POINT ( 'NONE', #138 ) ;
#860 = LINE ( 'NONE', #6045, #8810 ) ;
#861 = CARTESIAN_POINT ( 'NONE',  ( 19.04999999999999716, 8.509000000000000341, -1.270000000000001128 ) ) ;
#862 = ORIENTED_EDGE ( 'NONE', *, *, #8907, .T. ) ;
#863 = DIRECTION ( 'NONE',  ( -0.000000000000000000, 1.000000000000000000, 1.733406087350420004E-16 ) ) ;
#864 = ORIENTED_EDGE ( 'NONE', *, *, #7297, .F. ) ;
#865 = ORIENTED_EDGE ( 'NONE', *, *, #5166, .F. ) ;
#866 = VECTOR ( 'NONE', #3579, 1000.000000000000000 ) ;
#867 =( REPRESENTATION_RELATIONSHIP ('NONE','NONE', #5926, #187 ) REPRESENTATION_RELATIONSHIP_WITH_TRANSFORMATION ( #438 )SHAPE_REPRESENTATION_RELATIONSHIP( ) );
#868 = ADVANCED_FACE ( 'NONE', ( #5240 ), #9808, .F. ) ;
#869 = ADVANCED_FACE ( 'NONE', ( #1033 ), #7023, .F. ) ;
#870 = EDGE_CURVE ( 'NONE', #9677, #4530, #5417, .T. ) ;
#871 = FACE_OUTER_BOUND ( 'NONE', #2204, .T. ) ;
#872 = EDGE_CURVE ( 'NONE', #2619, #3975, #1134, .T. ) ;
#873 = ADVANCED_FACE ( 'NONE', ( #4564 ), #7083, .T. ) ;
#874 = ORIENTED_EDGE ( 'NONE', *, *, #8043, .F. ) ;
#875 = FACE_OUTER_BOUND ( 'NONE', #8154, .T. ) ;
#876 = DIRECTION ( 'NONE',  ( 0.5773502691896253980, 0.5773502691896253980, -0.5773502691896265082 ) ) ;
#877 = DIRECTION ( 'NONE',  ( 0.7071067811865475727, -0.7071067811865475727, 0.000000000000000000 ) ) ;
#878 = CARTESIAN_POINT ( 'NONE',  ( 19.04999999999999716, 0.5080000000000000071, 0.7528818102449925664 ) ) ;
#879 = VERTEX_POINT ( 'NONE', #8838 ) ;
#880 = PLANE ( 'NONE',  #3951 ) ;
#881 = ORIENTED_EDGE ( 'NONE', *, *, #7638, .T. ) ;
#882 = CARTESIAN_POINT ( 'NONE',  ( 21.58999999999999631, 8.509000000000000341, 1.270000000000001128 ) ) ;
#883 = CARTESIAN_POINT ( 'NONE',  ( 22.47899999999999920, 7.239000000000000767, 0.3809999999999958975 ) ) ;
#884 = EDGE_CURVE ( 'NONE', #5188, #6349, #301, .T. ) ;
#885 = DIRECTION ( 'NONE',  ( -0.000000000000000000, 0.000000000000000000, 1.000000000000000000 ) ) ;
#886 = DIRECTION ( 'NONE',  ( 0.000000000000000000, 0.2588190451025145222, -0.9659258262890699775 ) ) ;
#887 = LINE ( 'NONE', #1732, #1002 ) ;
#888 = PLANE ( 'NONE',  #8337 ) ;
#889 = ORIENTED_EDGE ( 'NONE', *, *, #5880, .F. ) ;
#890 = LINE ( 'NONE', #5267, #982 ) ;
#891 = ADVANCED_FACE ( 'NONE', ( #245 ), #7260, .F. ) ;
#892 = CARTESIAN_POINT ( 'NONE',  ( 0.3810000000000000053, -2.692399999999995686, -0.2032000000000001305 ) ) ;
#893 = ORIENTED_EDGE ( 'NONE', *, *, #6681, .F. ) ;
#894 = LINE ( 'NONE', #4375, #11184 ) ;
#895 = APPLICATION_PROTOCOL_DEFINITION ( 'draft international standard', 'automotive_design', 1998, #3992 ) ;
#896 = CARTESIAN_POINT ( 'NONE',  ( 6.349999999999997868, 0.000000000000000000, 1.269999999999998908 ) ) ;
#897 = CARTESIAN_POINT ( 'NONE',  ( 9.778999999999996362, 8.064500000000000668, -0.3810000000000027809 ) ) ;
#898 = CARTESIAN_POINT ( 'NONE',  ( -19.05000000000000426, 3.110602869834277161E-16, -1.270000000000001128 ) ) ;
#899 = ORIENTED_EDGE ( 'NONE', *, *, #652, .T. ) ;
#900 = PLANE ( 'NONE',  #10608 ) ;
#901 = LINE ( 'NONE', #7123, #10440 ) ;
#902 = VECTOR ( 'NONE', #556, 1000.000000000000000 ) ;
#903 = ORIENTED_EDGE ( 'NONE', *, *, #5454, .T. ) ;
#904 = LINE ( 'NONE', #11166, #6860 ) ;
#905 = ORIENTED_EDGE ( 'NONE', *, *, #10727, .F. ) ;
#906 = VERTEX_POINT ( 'NONE', #4454 ) ;
#907 = CARTESIAN_POINT ( 'NONE',  ( -20.70100000000000406, 7.239000000000000767, 0.3809999999999958975 ) ) ;
#908 = LINE ( 'NONE', #5411, #6830 ) ;
#909 =( NAMED_UNIT ( * ) SI_UNIT ( $, .STERADIAN. ) SOLID_ANGLE_UNIT ( ) );
#910 = LINE ( 'NONE', #6155, #9938 ) ;
#911 = DIRECTION ( 'NONE',  ( 1.000000000000000000, 0.000000000000000000, -0.000000000000000000 ) ) ;
#912 = VERTEX_POINT ( 'NONE', #8720 ) ;
#913 = CARTESIAN_POINT ( 'NONE',  ( 11.42999999999999616, 2.177422008883992879E-16, -0.8890000000000013447 ) ) ;
#914 = DIRECTION ( 'NONE',  ( 0.000000000000000000, 5.054934237236841843E-31, 1.000000000000000000 ) ) ;
#915 = ORIENTED_EDGE ( 'NONE', *, *, #4887, .F. ) ;
#916 = PRESENTATION_STYLE_ASSIGNMENT (( #7709 ) ) ;
#917 = ORIENTED_EDGE ( 'NONE', *, *, #11178, .T. ) ;
#918 = ORIENTED_EDGE ( 'NONE', *, *, #3903, .F. ) ;
#919 = VECTOR ( 'NONE', #4238, 1000.000000000000000 ) ;
#920 = CARTESIAN_POINT ( 'NONE',  ( 3.809999999999997389, -1.925929944387235853E-31, 0.8889999999999991243 ) ) ;
#921 = VECTOR ( 'NONE', #7848, 1000.000000000000114 ) ;
#922 = ORIENTED_EDGE ( 'NONE', *, *, #852, .F. ) ;
#923 = DIRECTION ( 'NONE',  ( 0.000000000000000000, -1.000000000000000000, 0.000000000000000000 ) ) ;
#924 = CARTESIAN_POINT ( 'NONE',  ( 21.58999999999999631, 0.000000000000000000, 1.269999999999998908 ) ) ;
#925 = DIRECTION ( 'NONE',  ( -0.000000000000000000, 1.000000000000000000, 1.733406087350420004E-16 ) ) ;
#926 = DIRECTION ( 'NONE',  ( 0.000000000000000000, -5.054934237236841843E-31, -1.000000000000000000 ) ) ;
#927 = EDGE_CURVE ( 'NONE', #1095, #7202, #6105, .T. ) ;
#929 = VERTEX_POINT ( 'NONE', #2855 ) ;
#928 = EDGE_CURVE ( 'NONE', #4840, #737, #7874, .T. ) ;
#930 = CARTESIAN_POINT ( 'NONE',  ( 3.809999999999997389, 2.177422008883992879E-16, -0.8890000000000013447 ) ) ;
#931 = ORIENTED_EDGE ( 'NONE', *, *, #8584, .F. ) ;
#932 = EDGE_CURVE ( 'NONE', #534, #3284, #7138, .T. ) ;
#933 = ADVANCED_FACE ( 'NONE', ( #10604 ), #82, .F. ) ;
#934 = VECTOR ( 'NONE', #2778, 1000.000000000000114 ) ;
#935 = AXIS2_PLACEMENT_3D ( 'NONE', #2737, #6150, #5983 ) ;
#936 = DIRECTION ( 'NONE',  ( 0.000000000000000000, -2.449293598294710852E-16, 1.000000000000000000 ) ) ;
#937 = CARTESIAN_POINT ( 'NONE',  ( -17.39900000000000446, 7.239000000000000767, 0.3809999999999958975 ) ) ;
#938 = LINE ( 'NONE', #10394, #8607 ) ;
#939 = LINE ( 'NONE', #6877, #1762 ) ;
#940 = AXIS2_PLACEMENT_3D ( 'NONE', #212, #268, #9879 ) ;
#941 = CARTESIAN_POINT ( 'NONE',  ( 19.04999999999999716, 8.509000000000000341, -1.270000000000001128 ) ) ;
#942 = DIRECTION ( 'NONE',  ( 0.000000000000000000, 0.000000000000000000, 1.000000000000000000 ) ) ;
#943 = EDGE_LOOP ( 'NONE', ( #10303, #2677, #2473, #11233 ) ) ;
#944 = DIRECTION ( 'NONE',  ( 0.3420201433256659929, -0.9396926207859094271, -2.197857363660188298E-16 ) ) ;
#945 = FACE_OUTER_BOUND ( 'NONE', #9531, .T. ) ;
#946 = VECTOR ( 'NONE', #4689, 1000.000000000000000 ) ;
#947 = EDGE_CURVE ( 'NONE', #11246, #7380, #1820, .T. ) ;
#948 = EDGE_LOOP ( 'NONE', ( #5362, #1192, #2045, #6103, #4173, #452, #2441, #4599 ) ) ;
#949 = CARTESIAN_POINT ( 'NONE',  ( -20.70100000000000406, 7.239000000000000767, -0.3810000000000028919 ) ) ;
#950 = VECTOR ( 'NONE', #4362, 1000.000000000000000 ) ;
#951 = ITEM_DEFINED_TRANSFORMATION ( 'NONE', 'NONE', #2682,  #4858 ) ;
#952 = CARTESIAN_POINT ( 'NONE',  ( -13.97000000000000419, 8.509000000000000341, 0.8254999999999976801 ) ) ;
#953 = EDGE_CURVE ( 'NONE', #1772, #10419, #6276, .T. ) ;
#954 = CARTESIAN_POINT ( 'NONE',  ( 14.85899999999999643, 7.239000000000000767, 0.3809999999999958975 ) ) ;
#955 = VECTOR ( 'NONE', #1015, 1000.000000000000000 ) ;
#956 = DIRECTION ( 'NONE',  ( 0.000000000000000000, 1.000000000000000000, 0.000000000000000000 ) ) ;
#957 = ORIENTED_EDGE ( 'NONE', *, *, #8338, .F. ) ;
#958 = CARTESIAN_POINT ( 'NONE',  ( 9.778999999999996362, 8.064500000000000668, 0.3809999999999960085 ) ) ;
#959 = COLOUR_RGB ( '',0.2509803921568627416, 0.2509803921568627416, 0.2509803921568627416 ) ;
#960 = CARTESIAN_POINT ( 'NONE',  ( -24.38400000000000745, 8.509000000000000341, 1.270000000000001128 ) ) ;
#961 = VERTEX_POINT ( 'NONE', #9746 ) ;
#962 = CARTESIAN_POINT ( 'NONE',  ( 3.809999999999997389, 3.110602869834277161E-16, -1.270000000000001128 ) ) ;
#963 = EDGE_LOOP ( 'NONE', ( #2911, #2216, #957, #10529 ) ) ;
#964 = PRESENTATION_LAYER_ASSIGNMENT (  '', '', ( #8418 ) ) ;
#965 = ORIENTED_EDGE ( 'NONE', *, *, #2950, .F. ) ;
#966 = DIRECTION ( 'NONE',  ( 0.000000000000000000, -1.000000000000000000, 0.000000000000000000 ) ) ;
#967 = LINE ( 'NONE', #8888, #10086 ) ;
#968 = AXIS2_PLACEMENT_3D ( 'NONE', #6711, #5786, #7451 ) ;
#969 = EDGE_CURVE ( 'NONE', #8166, #4931, #9638, .T. ) ;
#970 = LINE ( 'NONE', #9573, #10406 ) ;
#971 = DIRECTION ( 'NONE',  ( -1.000000000000000000, -0.000000000000000000, -0.000000000000000000 ) ) ;
#972 = CARTESIAN_POINT ( 'NONE',  ( -7.239000000000006096, 7.239000000000000767, -0.3810000000000028919 ) ) ;
#973 = ORIENTED_EDGE ( 'NONE', *, *, #10693, .F. ) ;
#974 = LINE ( 'NONE', #7022, #5711 ) ;
#975 = DIRECTION ( 'NONE',  ( -1.000000000000000000, -0.000000000000000000, -0.000000000000000000 ) ) ;
#976 = AXIS2_PLACEMENT_3D ( 'NONE', #7998, #7141, #5468 ) ;
#977 = VERTEX_POINT ( 'NONE', #8779 ) ;
#978 = FACE_OUTER_BOUND ( 'NONE', #11226, .T. ) ;
#979 = ORIENTED_EDGE ( 'NONE', *, *, #7606, .F. ) ;
#980 = AXIS2_PLACEMENT_3D ( 'NONE', #5647, #3034, #1314 ) ;
#981 = ORIENTED_EDGE ( 'NONE', *, *, #9589, .F. ) ;
#982 = VECTOR ( 'NONE', #10401, 1000.000000000000114 ) ;
#983 = LINE ( 'NONE', #145, #4119 ) ;
#984 = VECTOR ( 'NONE', #7082, 999.9999999999998863 ) ;
#985 = ORIENTED_EDGE ( 'NONE', *, *, #7694, .T. ) ;
#986 = PLANE ( 'NONE',  #7711 ) ;
#987 = FACE_OUTER_BOUND ( 'NONE', #8866, .T. ) ;
#988 = CARTESIAN_POINT ( 'NONE',  ( -12.57300000000000573, 7.810500000000001108, 0.1269999999999961438 ) ) ;
#989 = CARTESIAN_POINT ( 'NONE',  ( 1.269999999999996909, 8.509000000000000341, 1.270000000000001128 ) ) ;
#990 = ORIENTED_EDGE ( 'NONE', *, *, #5864, .F. ) ;
#991 = CLOSED_SHELL ( 'NONE', ( #10749, #2121, #4439, #7039, #5659, #6364, #11030, #4139, #9273, #4140, #786, #8785, #10713, #10966, #6234, #1054, #10101, #2467, #7436 ) ) ;
#992 = LINE ( 'NONE', #2646, #2499 ) ;
#993 = EDGE_LOOP ( 'NONE', ( #4110, #2186, #9355, #6201 ) ) ;
#994 = ADVANCED_FACE ( 'NONE', ( #6210 ), #10660, .T. ) ;
#995 = EDGE_CURVE ( 'NONE', #10091, #521, #9113, .T. ) ;
#996 = CARTESIAN_POINT ( 'NONE',  ( 21.58999999999999631, 0.5080000000000002292, -0.7528818102449945648 ) ) ;
#997 = LINE ( 'NONE', #9826, #2043 ) ;
#998 = CARTESIAN_POINT ( 'NONE',  ( 11.42999999999999616, 0.000000000000000000, 0.000000000000000000 ) ) ;
#999 = DIRECTION ( 'NONE',  ( -0.5773502691896253980, 0.5773502691896253980, -0.5773502691896265082 ) ) ;
#1000 = EDGE_CURVE ( 'NONE', #4679, #4789, #5522, .T. ) ;
#1001 = AXIS2_PLACEMENT_3D ( 'NONE', #6268, #6040, #9513 ) ;
#1002 = VECTOR ( 'NONE', #10458, 1000.000000000000000 ) ;
#1003 = CARTESIAN_POINT ( 'NONE',  ( 12.31899999999999729, 8.064500000000000668, 0.3809999999999960085 ) ) ;
#1004 = LINE ( 'NONE', #5149, #6345 ) ;
#1005 = PRODUCT_DEFINITION_SHAPE ( 'NONE', 'NONE',  #11262 ) ;
#1006 = DIRECTION ( 'NONE',  ( -0.000000000000000000, 1.000000000000000000, 2.449293598294710852E-16 ) ) ;
#1007 = LINE ( 'NONE', #7112, #7128 ) ;
#1008 = VERTEX_POINT ( 'NONE', #4675 ) ;
#1009 = LINE ( 'NONE', #9832, #5631 ) ;
#1010 = CARTESIAN_POINT ( 'NONE',  ( 11.42999999999999616, -1.925929944387235853E-31, 0.8889999999999991243 ) ) ;
#1011 = EDGE_CURVE ( 'NONE', #7588, #5598, #4034, .T. ) ;
#1012 = LINE ( 'NONE', #8649, #3373 ) ;
#1013 = DIRECTION ( 'NONE',  ( 0.000000000000000000, -0.000000000000000000, -1.000000000000000000 ) ) ;
#1014 = ORIENTED_EDGE ( 'NONE', *, *, #8323, .T. ) ;
#1015 = DIRECTION ( 'NONE',  ( 0.000000000000000000, 1.000000000000000000, 2.548365665731588345E-16 ) ) ;
#1016 = VECTOR ( 'NONE', #5298, 1000.000000000000000 ) ;
#1017 = DIRECTION ( 'NONE',  ( -0.000000000000000000, 1.000000000000000000, 1.733406087350420004E-16 ) ) ;
#1018 = EDGE_CURVE ( 'NONE', #10098, #6173, #3130, .T. ) ;
#1019 = VERTEX_POINT ( 'NONE', #10721 ) ;
#1020 = DIRECTION ( 'NONE',  ( 0.000000000000000000, -1.733406087350420004E-16, 1.000000000000000000 ) ) ;
#1021 = ORIENTED_EDGE ( 'NONE', *, *, #10914, .F. ) ;
#1022 = ADVANCED_FACE ( 'NONE', ( #6556 ), #5749, .F. ) ;
#1023 = EDGE_LOOP ( 'NONE', ( #3255, #3841, #5990, #7390 ) ) ;
#1024 = EDGE_CURVE ( 'NONE', #10679, #4462, #4782, .T. ) ;
#1025 = CARTESIAN_POINT ( 'NONE',  ( 24.12999999999999901, 0.5080000000000000071, 0.7528818102449925664 ) ) ;
#1026 = CARTESIAN_POINT ( 'NONE',  ( 19.04999999999999716, 8.509000000000000341, 1.270000000000001128 ) ) ;
#1027 = AXIS2_PLACEMENT_3D ( 'NONE', #5813, #1533, #636 ) ;
#1028 = CARTESIAN_POINT ( 'NONE',  ( 13.96999999999999709, 8.509000000000000341, -1.270000000000001128 ) ) ;
#1029 = CARTESIAN_POINT ( 'NONE',  ( 7.492999999999995886, 7.810500000000000220, -0.1270000000000024998 ) ) ;
#1030 = LINE ( 'NONE', #10546, #4136 ) ;
#1031 = ORIENTED_EDGE ( 'NONE', *, *, #9011, .T. ) ;
#1032 = DIRECTION ( 'NONE',  ( 0.5773502691896253980, 0.5773502691896253980, -0.5773502691896265082 ) ) ;
#1033 = FACE_OUTER_BOUND ( 'NONE', #4059, .T. ) ;
#1034 = VERTEX_POINT ( 'NONE', #10772 ) ;
#1035 = FILL_AREA_STYLE_COLOUR ( '', #2801 ) ;
#1036 = VERTEX_POINT ( 'NONE', #459 ) ;
#1037 = VECTOR ( 'NONE', #8206, 1000.000000000000000 ) ;
#1038 = ORIENTED_EDGE ( 'NONE', *, *, #10802, .T. ) ;
#1039 = EDGE_CURVE ( 'NONE', #6277, #516, #5689, .T. ) ;
#1040 = ORIENTED_EDGE ( 'NONE', *, *, #3116, .F. ) ;
#1041 = AXIS2_PLACEMENT_3D ( 'NONE', #9121, #9918, #2224 ) ;
#1042 = VECTOR ( 'NONE', #7819, 1000.000000000000000 ) ;
#1043 = DIRECTION ( 'NONE',  ( -0.5773502691896252870, -0.5773502691896251759, -0.5773502691896267303 ) ) ;
#1044 = VECTOR ( 'NONE', #7950, 1000.000000000000000 ) ;
#1045 = ORIENTED_EDGE ( 'NONE', *, *, #1039, .F. ) ;
#1046 = CARTESIAN_POINT ( 'NONE',  ( 24.13000000000000611, 2.177422008883992879E-16, -0.8890000000000013447 ) ) ;
#1047 = CARTESIAN_POINT ( 'NONE',  ( 1.269999999999996909, 0.000000000000000000, 1.269999999999998908 ) ) ;
#1048 = CARTESIAN_POINT ( 'NONE',  ( 11.42999999999999616, 0.5080000000000002292, -0.7528818102449945648 ) ) ;
#1049 = LINE ( 'NONE', #318, #2971 ) ;
#1050 = ORIENTED_EDGE ( 'NONE', *, *, #1212, .T. ) ;
#1051 = VECTOR ( 'NONE', #10643, 1000.000000000000000 ) ;
#1052 = DIRECTION ( 'NONE',  ( -1.000000000000000000, -0.000000000000000000, -0.000000000000000000 ) ) ;
#1053 = ORIENTED_EDGE ( 'NONE', *, *, #3446, .T. ) ;
#1054 = ADVANCED_FACE ( 'NONE', ( #8162 ), #513, .F. ) ;
#1055 = DIRECTION ( 'NONE',  ( 0.000000000000000000, 1.440069553722777130E-16, -1.000000000000000000 ) ) ;
#1056 = DIRECTION ( 'NONE',  ( 0.000000000000000000, -1.000000000000000000, -2.548365665731588345E-16 ) ) ;
#1057 = AXIS2_PLACEMENT_3D ( 'NONE', #769, #10165, #666 ) ;
#1058 = PLANE ( 'NONE',  #1320 ) ;
#1059 = LINE ( 'NONE', #1312, #3045 ) ;
#1060 = DIRECTION ( 'NONE',  ( -0.000000000000000000, 1.000000000000000000, 1.733406087350420004E-16 ) ) ;
#1061 = LINE ( 'NONE', #4367, #4309 ) ;
#1062 = DIRECTION ( 'NONE',  ( 1.000000000000000000, 0.000000000000000000, 0.000000000000000000 ) ) ;
#1063 = EDGE_CURVE ( 'NONE', #879, #2035, #10884, .T. ) ;
#1064 = CARTESIAN_POINT ( 'NONE',  ( -5.461000000000003851, 7.239000000000000767, -0.3810000000000028919 ) ) ;
#1065 = EDGE_LOOP ( 'NONE', ( #10968, #1147, #814, #1697 ) ) ;
#1066 = CARTESIAN_POINT ( 'NONE',  ( -13.97000000000000419, 0.000000000000000000, 0.000000000000000000 ) ) ;
#1067 = LINE ( 'NONE', #7117, #934 ) ;
#1068 = SURFACE_STYLE_FILL_AREA ( #8191 ) ;
#1069 = DIRECTION ( 'NONE',  ( 1.000000000000000000, 0.000000000000000000, 0.000000000000000000 ) ) ;
#1070 = ORIENTED_EDGE ( 'NONE', *, *, #9983, .F. ) ;
#1071 = DIRECTION ( 'NONE',  ( 1.000000000000000000, 0.000000000000000000, 0.000000000000000000 ) ) ;
#1072 = LINE ( 'NONE', #10589, #3167 ) ;
#1073 = ORIENTED_EDGE ( 'NONE', *, *, #9785, .F. ) ;
#1074 = ADVANCED_FACE ( 'NONE', ( #9226 ), #2055, .F. ) ;
#1075 = LINE ( 'NONE', #5341, #3772 ) ;
#1076 = ORIENTED_EDGE ( 'NONE', *, *, #7412, .T. ) ;
#1077 = EDGE_CURVE ( 'NONE', #9177, #4679, #1408, .T. ) ;
#1078 = EDGE_LOOP ( 'NONE', ( #410, #9610, #1423, #4857 ) ) ;
#1079 = EDGE_CURVE ( 'NONE', #4291, #4590, #4891, .T. ) ;
#1080 = CARTESIAN_POINT ( 'NONE',  ( -15.62100000000000399, 7.239000000000000767, 0.3809999999999958975 ) ) ;
#1081 = LINE ( 'NONE', #8994, #8285 ) ;
#1082 = EDGE_CURVE ( 'NONE', #6186, #7482, #7308, .T. ) ;
#1083 = CARTESIAN_POINT ( 'NONE',  ( -19.05000000000000426, 0.000000000000000000, 0.000000000000000000 ) ) ;
#1084 = CARTESIAN_POINT ( 'NONE',  ( -1.270000000000003793, 2.177422008883992879E-16, -0.8890000000000013447 ) ) ;
#1085 = ORIENTED_EDGE ( 'NONE', *, *, #3830, .T. ) ;
#1086 = CARTESIAN_POINT ( 'NONE',  ( -6.350000000000004974, 8.509000000000000341, 1.270000000000001128 ) ) ;
#1087 = DIRECTION ( 'NONE',  ( -1.000000000000000000, -0.000000000000000000, -0.000000000000000000 ) ) ;
#1088 = ORIENTED_EDGE ( 'NONE', *, *, #1292, .F. ) ;
#1089 = DIRECTION ( 'NONE',  ( -1.000000000000000000, 0.000000000000000000, 0.000000000000000000 ) ) ;
#1090 = ORIENTED_EDGE ( 'NONE', *, *, #11171, .F. ) ;
#1091 = ORIENTED_EDGE ( 'NONE', *, *, #1093, .T. ) ;
#1092 = ORIENTED_EDGE ( 'NONE', *, *, #6813, .F. ) ;
#1093 = EDGE_CURVE ( 'NONE', #3678, #8965, #8317, .T. ) ;
#1094 = CARTESIAN_POINT ( 'NONE',  ( 22.47899999999999920, 8.064500000000000668, 0.3809999999999958975 ) ) ;
#1095 = VERTEX_POINT ( 'NONE', #2967 ) ;
#1096 = EDGE_CURVE ( 'NONE', #2562, #6378, #7467, .T. ) ;
#1097 = DIRECTION ( 'NONE',  ( 0.000000000000000000, -0.9659258262890699775, -0.2588190451025145222 ) ) ;
#1098 = CARTESIAN_POINT ( 'NONE',  ( -18.16100000000000492, 8.064500000000000668, -0.3810000000000027809 ) ) ;
#1099 = DIRECTION ( 'NONE',  ( 0.000000000000000000, 0.9659258262890699775, 0.2588190451025145222 ) ) ;
#1100 = VERTEX_POINT ( 'NONE', #3868 ) ;
#1101 = ORIENTED_EDGE ( 'NONE', *, *, #5255, .F. ) ;
#1102 = VECTOR ( 'NONE', #94, 1000.000000000000000 ) ;
#1103 = CARTESIAN_POINT ( 'NONE',  ( 5.905499999999997307, 8.509000000000000341, -1.270000000000001128 ) ) ;
#1104 = DIRECTION ( 'NONE',  ( 0.000000000000000000, 0.000000000000000000, -1.000000000000000000 ) ) ;
#1105 = DIRECTION ( 'NONE',  ( -0.000000000000000000, 1.000000000000000000, 1.440069553722777130E-16 ) ) ;
#1106 = DIRECTION ( 'NONE',  ( 0.000000000000000000, -0.9659258262890700886, 0.2588190451025140781 ) ) ;
#1107 = DIRECTION ( 'NONE',  ( 0.000000000000000000, 0.000000000000000000, 1.000000000000000000 ) ) ;
#1108 = CARTESIAN_POINT ( 'NONE',  ( 3.809999999999997389, 0.5080000000000002292, -0.7528818102449945648 ) ) ;
#1109 = CARTESIAN_POINT ( 'NONE',  ( 24.38400000000000745, -1.925929944387235853E-31, 0.8889999999999991243 ) ) ;
#1110 = VERTEX_POINT ( 'NONE', #6444 ) ;
#1111 = CARTESIAN_POINT ( 'NONE',  ( -19.05000000000000426, 0.5080000000000000071, 0.7528818102449925664 ) ) ;
#1112 = PLANE ( 'NONE',  #4932 ) ;
#1113 = AXIS2_PLACEMENT_3D ( 'NONE', #6024, #5910, #116 ) ;
#1114 = LINE ( 'NONE', #6255, #1680 ) ;
#1115 = DIRECTION ( 'NONE',  ( -0.000000000000000000, 0.2588190451025140781, 0.9659258262890700886 ) ) ;
#1116 = ORIENTED_EDGE ( 'NONE', *, *, #3347, .F. ) ;
#1117 = CARTESIAN_POINT ( 'NONE',  ( 15.36699999999999555, 7.810500000000001108, 0.1269999999999961438 ) ) ;
#1118 = AXIS2_PLACEMENT_3D ( 'NONE', #11069, #7767, #5872 ) ;
#1119 = DIRECTION ( 'NONE',  ( 1.000000000000000000, 0.000000000000000000, -0.000000000000000000 ) ) ;
#1120 = ORIENTED_EDGE ( 'NONE', *, *, #10486, .F. ) ;
#1121 = PLANE ( 'NONE',  #9452 ) ;
#1122 = ORIENTED_EDGE ( 'NONE', *, *, #1415, .F. ) ;
#1123 = VERTEX_POINT ( 'NONE', #9909 ) ;
#1124 = AXIS2_PLACEMENT_3D ( 'NONE', #2896, #8089, #8986 ) ;
#1125 = DIRECTION ( 'NONE',  ( -1.000000000000000000, -0.000000000000000000, -0.000000000000000000 ) ) ;
#1126 = CARTESIAN_POINT ( 'NONE',  ( 3.809999999999997389, 8.509000000000000341, -1.270000000000001128 ) ) ;
#1127 = EDGE_CURVE ( 'NONE', #9019, #1764, #5582, .T. ) ;
#1128 = EDGE_CURVE ( 'NONE', #6535, #4330, #6499, .T. ) ;
#1129 = LINE ( 'NONE', #8995, #9495 ) ;
#1130 = FILL_AREA_STYLE_COLOUR ( '', #6523 ) ;
#1131 = LINE ( 'NONE', #2627, #1955 ) ;
#1132 = VERTEX_POINT ( 'NONE', #842 ) ;
#1133 = DIRECTION ( 'NONE',  ( 1.000000000000000000, 0.000000000000000000, 0.000000000000000000 ) ) ;
#1134 = LINE ( 'NONE', #4618, #1855 ) ;
#1135 = VERTEX_POINT ( 'NONE', #9394 ) ;
#1136 = DIRECTION ( 'NONE',  ( -0.000000000000000000, 0.000000000000000000, 1.000000000000000000 ) ) ;
#1137 = ORIENTED_EDGE ( 'NONE', *, *, #2346, .T. ) ;
#1138 = VECTOR ( 'NONE', #6892, 1000.000000000000000 ) ;
#1139 = ORIENTED_EDGE ( 'NONE', *, *, #9306, .T. ) ;
#1140 = ORIENTED_EDGE ( 'NONE', *, *, #7012, .T. ) ;
#1141 = VECTOR ( 'NONE', #6652, 1000.000000000000000 ) ;
#1142 = LINE ( 'NONE', #5699, #5405 ) ;
#1143 = ADVANCED_FACE ( 'NONE', ( #7643 ), #8486, .F. ) ;
#1144 = DIRECTION ( 'NONE',  ( 0.000000000000000000, -0.9659258262890700886, 0.2588190451025140781 ) ) ;
#1145 = PRESENTATION_LAYER_ASSIGNMENT (  '', '', ( #9877 ) ) ;
#1146 = EDGE_CURVE ( 'NONE', #5083, #3333, #785, .T. ) ;
#1147 = ORIENTED_EDGE ( 'NONE', *, *, #3514, .F. ) ;
#1148 = LINE ( 'NONE', #8959, #4065 ) ;
#1149 = CARTESIAN_POINT ( 'NONE',  ( 21.58999999999999631, -1.925929944387235853E-31, 0.8889999999999991243 ) ) ;
#1150 = VECTOR ( 'NONE', #10444, 1000.000000000000000 ) ;
#1151 = VERTEX_POINT ( 'NONE', #4098 ) ;
#1152 = CARTESIAN_POINT ( 'NONE',  ( -13.97000000000000419, -1.925929944387235853E-31, 0.8889999999999991243 ) ) ;
#1153 = FACE_OUTER_BOUND ( 'NONE', #8631, .T. ) ;
#1154 = EDGE_LOOP ( 'NONE', ( #10644, #7258, #7210, #7470 ) ) ;
#1155 = VERTEX_POINT ( 'NONE', #11221 ) ;
#1156 = AXIS2_PLACEMENT_3D ( 'NONE', #8781, #193, #10553 ) ;
#1157 = ADVANCED_FACE ( 'NONE', ( #3295 ), #2336, .F. ) ;
#1158 = AXIS2_PLACEMENT_3D ( 'NONE', #10431, #19, #2519 ) ;
#1159 = FACE_OUTER_BOUND ( 'NONE', #4036, .T. ) ;
#1160 = LINE ( 'NONE', #6296, #10592 ) ;
#1161 = EDGE_CURVE ( 'NONE', #10450, #5105, #5854, .T. ) ;
#1162 = DIRECTION ( 'NONE',  ( 1.000000000000000000, 0.000000000000000000, 0.000000000000000000 ) ) ;
#1163 = VECTOR ( 'NONE', #2026, 1000.000000000000000 ) ;
#1164 = DIRECTION ( 'NONE',  ( -1.000000000000000000, -0.000000000000000000, -0.000000000000000000 ) ) ;
#1165 = CARTESIAN_POINT ( 'NONE',  ( 11.42999999999999616, 0.5080000000000000071, 0.7528818102449925664 ) ) ;
#1166 = CARTESIAN_POINT ( 'NONE',  ( -8.890000000000005898, -1.925929944387235853E-31, 0.8889999999999991243 ) ) ;
#1167 = ORIENTED_EDGE ( 'NONE', *, *, #7086, .T. ) ;
#1168 = EDGE_CURVE ( 'NONE', #4552, #1095, #7528, .T. ) ;
#1169 = LINE ( 'NONE', #1978, #6542 ) ;
#1170 = CONTEXT_DEPENDENT_SHAPE_REPRESENTATION ( #7135, #3359 ) ;
#1171 = FACE_OUTER_BOUND ( 'NONE', #7187, .T. ) ;
#1172 =( NAMED_UNIT ( * ) SI_UNIT ( $, .STERADIAN. ) SOLID_ANGLE_UNIT ( ) );
#1173 = FILL_AREA_STYLE ('',( #2198 ) ) ;
#1174 = LINE ( 'NONE', #2945, #8158 ) ;
#1175 = ORIENTED_EDGE ( 'NONE', *, *, #5657, .T. ) ;
#1176 = CARTESIAN_POINT ( 'NONE',  ( 2.920999999999996710, 7.239000000000000767, 0.3809999999999958975 ) ) ;
#1177 = PLANE ( 'NONE',  #2077 ) ;
#1178 = ORIENTED_EDGE ( 'NONE', *, *, #4196, .T. ) ;
#1179 = DIRECTION ( 'NONE',  ( -0.000000000000000000, 0.000000000000000000, -1.000000000000000000 ) ) ;
#1180 = VECTOR ( 'NONE', #3397, 1000.000000000000000 ) ;
#1181 = VERTEX_POINT ( 'NONE', #5803 ) ;
#1182 = EDGE_LOOP ( 'NONE', ( #6852, #7492, #2954, #2193, #10559, #4744, #373, #642 ) ) ;
#1183 = DIRECTION ( 'NONE',  ( 0.000000000000000000, -1.000000000000000000, -1.733406087350420004E-16 ) ) ;
#1184 = DIRECTION ( 'NONE',  ( 0.000000000000000000, 5.054934237236841843E-31, 1.000000000000000000 ) ) ;
#1185 = SURFACE_STYLE_FILL_AREA ( #5518 ) ;
#1186 = CARTESIAN_POINT ( 'NONE',  ( -13.97000000000000419, 0.000000000000000000, 1.269999999999998908 ) ) ;
#1187 = AXIS2_PLACEMENT_3D ( 'NONE', #7103, #4583, #1966 ) ;
#1188 = DIRECTION ( 'NONE',  ( 0.000000000000000000, 1.000000000000000000, -5.054934237236841843E-31 ) ) ;
#1189 = ORIENTED_EDGE ( 'NONE', *, *, #3161, .F. ) ;
#1190 = DIRECTION ( 'NONE',  ( 0.000000000000000000, 1.000000000000000000, 2.548365665731588345E-16 ) ) ;
#1191 = CARTESIAN_POINT ( 'NONE',  ( 13.96999999999999709, 8.509000000000000341, 0.8254999999999976801 ) ) ;
#1192 = ORIENTED_EDGE ( 'NONE', *, *, #1977, .F. ) ;
#1193 = LINE ( 'NONE', #247, #4070 ) ;
#1194 = VERTEX_POINT ( 'NONE', #4997 ) ;
#1195 = EDGE_CURVE ( 'NONE', #491, #2465, #9335, .T. ) ;
#1196 = ORIENTED_EDGE ( 'NONE', *, *, #3932, .F. ) ;
#1197 = EDGE_CURVE ( 'NONE', #8627, #1611, #628, .T. ) ;
#1198 = ADVANCED_FACE ( 'NONE', ( #5916 ), #7585, .F. ) ;
#1199 = ORIENTED_EDGE ( 'NONE', *, *, #5347, .T. ) ;
#1200 = ADVANCED_FACE ( 'NONE', ( #1691 ), #11053, .F. ) ;
#1201 = FACE_OUTER_BOUND ( 'NONE', #9613, .T. ) ;
#1202 = LINE ( 'NONE', #3030, #8673 ) ;
#1203 = VERTEX_POINT ( 'NONE', #5160 ) ;
#1204 = CARTESIAN_POINT ( 'NONE',  ( -14.85900000000000531, 8.064500000000000668, -0.3810000000000027809 ) ) ;
#1205 = DIRECTION ( 'NONE',  ( -0.000000000000000000, 1.000000000000000000, 1.733406087350420004E-16 ) ) ;
#1206 = VECTOR ( 'NONE', #10945, 1000.000000000000000 ) ;
#1207 = ORIENTED_EDGE ( 'NONE', *, *, #586, .T. ) ;
#1208 = DIRECTION ( 'NONE',  ( 0.000000000000000000, 2.548365665731588345E-16, -1.000000000000000000 ) ) ;
#1209 = ORIENTED_EDGE ( 'NONE', *, *, #6232, .T. ) ;
#1210 = ORIENTED_EDGE ( 'NONE', *, *, #8186, .F. ) ;
#1211 = VECTOR ( 'NONE', #2245, 1000.000000000000000 ) ;
#1212 = EDGE_CURVE ( 'NONE', #1516, #7547, #4940, .T. ) ;
#1213 = EDGE_CURVE ( 'NONE', #10552, #8820, #5976, .T. ) ;
#1214 = VECTOR ( 'NONE', #8795, 1000.000000000000000 ) ;
#1215 = ADVANCED_FACE ( 'NONE', ( #2448 ), #5057, .F. ) ;
#1216 = FACE_OUTER_BOUND ( 'NONE', #3765, .T. ) ;
#1217 = DIRECTION ( 'NONE',  ( 1.000000000000000000, 0.000000000000000000, 0.000000000000000000 ) ) ;
#1218 = ORIENTED_EDGE ( 'NONE', *, *, #8456, .F. ) ;
#1219 = ADVANCED_FACE ( 'NONE', ( #10996 ), #10297, .F. ) ;
#1220 = FACE_OUTER_BOUND ( 'NONE', #2232, .T. ) ;
#1221 =( GEOMETRIC_REPRESENTATION_CONTEXT ( 3 ) GLOBAL_UNCERTAINTY_ASSIGNED_CONTEXT ( ( #1411 ) ) GLOBAL_UNIT_ASSIGNED_CONTEXT ( ( #5512, #292, #10712 ) ) REPRESENTATION_CONTEXT ( 'NONE', 'WORKASPACE' ) );
#1222 = AXIS2_PLACEMENT_3D ( 'NONE', #5319, #6927, #5203 ) ;
#1223 = CARTESIAN_POINT ( 'NONE',  ( 14.85899999999999643, 8.064500000000000668, -0.3810000000000027809 ) ) ;
#1224 = DIRECTION ( 'NONE',  ( 0.000000000000000000, 0.9659258262890699775, 0.2588190451025145222 ) ) ;
#1225 = CARTESIAN_POINT ( 'NONE',  ( 11.42999999999999616, 2.177422008883992879E-16, -0.8890000000000013447 ) ) ;
#1226 = ORIENTED_EDGE ( 'NONE', *, *, #6083, .T. ) ;
#1227 = STYLED_ITEM ( 'NONE', ( #2207 ), #10852 ) ;
#1228 = DIRECTION ( 'NONE',  ( 0.5773502691896253980, 0.5773502691896253980, -0.5773502691896265082 ) ) ;
#1229 = VECTOR ( 'NONE', #390, 1000.000000000000000 ) ;
#1230 = EDGE_CURVE ( 'NONE', #1772, #6277, #4267, .T. ) ;
#1231 = DIRECTION ( 'NONE',  ( 0.000000000000000000, -0.9659258262890700886, 0.2588190451025140781 ) ) ;
#1232 = FILL_AREA_STYLE_COLOUR ( '', #9325 ) ;
#1233 = SURFACE_STYLE_USAGE ( .BOTH. , #5500 ) ;
#1234 = DIRECTION ( 'NONE',  ( -0.000000000000000000, 0.000000000000000000, 1.000000000000000000 ) ) ;
#1235 = EDGE_LOOP ( 'NONE', ( #9737, #10182, #397, #8518 ) ) ;
#1236 = EDGE_CURVE ( 'NONE', #6568, #3603, #6028, .T. ) ;
#1237 = DIRECTION ( 'NONE',  ( -0.5773502691896252870, -0.5773502691896251759, -0.5773502691896267303 ) ) ;
#1238 = LINE ( 'NONE', #9101, #11173 ) ;
#1239 = DIRECTION ( 'NONE',  ( 0.000000000000000000, -0.000000000000000000, -1.000000000000000000 ) ) ;
#1240 = ORIENTED_EDGE ( 'NONE', *, *, #4762, .T. ) ;
#1241 = ORIENTED_EDGE ( 'NONE', *, *, #8460, .F. ) ;
#1242 = PLANE ( 'NONE',  #5848 ) ;
#1243 = CARTESIAN_POINT ( 'NONE',  ( -11.43000000000000504, 8.509000000000000341, -1.270000000000001128 ) ) ;
#1244 = LINE ( 'NONE', #2050, #7006 ) ;
#1245 = CARTESIAN_POINT ( 'NONE',  ( -22.03450000000000486, 8.509000000000000341, -1.270000000000001128 ) ) ;
#1246 = ORIENTED_EDGE ( 'NONE', *, *, #3774, .T. ) ;
#1247 = CARTESIAN_POINT ( 'NONE',  ( 3.809999999999997389, 0.000000000000000000, 1.269999999999998908 ) ) ;
#1248 = VERTEX_POINT ( 'NONE', #10536 ) ;
#1249 = LINE ( 'NONE', #8164, #1508 ) ;
#1250 = ORIENTED_EDGE ( 'NONE', *, *, #8473, .T. ) ;
#1251 = DIRECTION ( 'NONE',  ( 0.000000000000000000, 0.000000000000000000, -1.000000000000000000 ) ) ;
#1252 = ORIENTED_EDGE ( 'NONE', *, *, #1082, .T. ) ;
#1253 = EDGE_LOOP ( 'NONE', ( #8160, #367, #4696, #862 ) ) ;
#1254 = DIRECTION ( 'NONE',  ( -0.000000000000000000, 1.000000000000000000, 2.449293598294710852E-16 ) ) ;
#1255 = CARTESIAN_POINT ( 'NONE',  ( -11.43000000000000504, 8.509000000000000341, 1.270000000000001128 ) ) ;
#1256 = VERTEX_POINT ( 'NONE', #10588 ) ;
#1257 = PLANE ( 'NONE',  #87 ) ;
#1258 = DIRECTION ( 'NONE',  ( 0.000000000000000000, 1.000000000000000000, 1.733406087350420004E-16 ) ) ;
#1259 = ORIENTED_EDGE ( 'NONE', *, *, #5864, .T. ) ;
#1260 = SURFACE_STYLE_FILL_AREA ( #9075 ) ;
#1261 = ORIENTED_EDGE ( 'NONE', *, *, #451, .T. ) ;
#1262 = VERTEX_POINT ( 'NONE', #2839 ) ;
#1263 = CARTESIAN_POINT ( 'NONE',  ( -6.350000000000004974, -1.925929944387235853E-31, 0.8889999999999991243 ) ) ;
#1264 = CARTESIAN_POINT ( 'NONE',  ( 8.889999999999995239, 8.509000000000000341, 1.270000000000001128 ) ) ;
#1265 = ORIENTED_EDGE ( 'NONE', *, *, #7773, .F. ) ;
#1266 = EDGE_CURVE ( 'NONE', #6044, #1990, #5277, .T. ) ;
#1267 = DIRECTION ( 'NONE',  ( 1.000000000000000000, 0.000000000000000000, 0.000000000000000000 ) ) ;
#1268 = EDGE_CURVE ( 'NONE', #7011, #9003, #8821, .T. ) ;
#1269 = DIRECTION ( 'NONE',  ( 0.000000000000000000, -0.9659258262890699775, -0.2588190451025145222 ) ) ;
#1270 = FACE_OUTER_BOUND ( 'NONE', #189, .T. ) ;
#1271 = EDGE_CURVE ( 'NONE', #521, #4291, #8929, .T. ) ;
#1272 = EDGE_CURVE ( 'NONE', #4530, #5439, #5400, .T. ) ;
#1273 = CARTESIAN_POINT ( 'NONE',  ( 24.38400000000000745, -1.925929944387235853E-31, 0.8889999999999991243 ) ) ;
#1274 = ORIENTED_EDGE ( 'NONE', *, *, #10791, .T. ) ;
#1275 = VECTOR ( 'NONE', #7679, 1000.000000000000000 ) ;
#1276 = CARTESIAN_POINT ( 'NONE',  ( -21.59000000000000341, 8.509000000000000341, -1.270000000000001128 ) ) ;
#1277 = FACE_OUTER_BOUND ( 'NONE', #4741, .T. ) ;
#1278 = CARTESIAN_POINT ( 'NONE',  ( 16.50999999999999801, 3.110602869834277161E-16, -1.270000000000001128 ) ) ;
#1279 = ADVANCED_FACE ( 'NONE', ( #8762 ), #5337, .F. ) ;
#1280 = LINE ( 'NONE', #5564, #6144 ) ;
#1281 = ORIENTED_EDGE ( 'NONE', *, *, #5268, .F. ) ;
#1282 = FACE_OUTER_BOUND ( 'NONE', #2656, .T. ) ;
#1283 = EDGE_CURVE ( 'NONE', #7275, #729, #3632, .T. ) ;
#1284 = DIRECTION ( 'NONE',  ( 0.000000000000000000, -0.7071067811865484609, 0.7071067811865465735 ) ) ;
#1285 = PLANE ( 'NONE',  #8910 ) ;
#1286 = VERTEX_POINT ( 'NONE', #7122 ) ;
#1287 =( REPRESENTATION_RELATIONSHIP ('NONE','NONE', #5926, #8753 ) REPRESENTATION_RELATIONSHIP_WITH_TRANSFORMATION ( #1626 )SHAPE_REPRESENTATION_RELATIONSHIP( ) );
#1288 = VERTEX_POINT ( 'NONE', #1866 ) ;
#1289 = AXIS2_PLACEMENT_3D ( 'NONE', #5100, #1577, #2607 ) ;
#1290 = DIRECTION ( 'NONE',  ( 0.000000000000000000, 0.000000000000000000, 1.000000000000000000 ) ) ;
#1291 = VECTOR ( 'NONE', #10822, 1000.000000000000000 ) ;
#1292 = EDGE_CURVE ( 'NONE', #686, #1008, #1985, .T. ) ;
#1293 = DIRECTION ( 'NONE',  ( 0.000000000000000000, 5.054934237236841843E-31, 1.000000000000000000 ) ) ;
#1294 = DIRECTION ( 'NONE',  ( -0.000000000000000000, 0.000000000000000000, 1.000000000000000000 ) ) ;
#1295 = LINE ( 'NONE', #4777, #2051 ) ;
#1296 = DIRECTION ( 'NONE',  ( 0.000000000000000000, -1.000000000000000000, -2.338910953479677683E-16 ) ) ;
#1297 = CARTESIAN_POINT ( 'NONE',  ( 21.58999999999999631, 0.000000000000000000, 1.269999999999998908 ) ) ;
#1298 = ORIENTED_EDGE ( 'NONE', *, *, #3806, .T. ) ;
#1299 = CARTESIAN_POINT ( 'NONE',  ( -14.41450000000000564, 8.509000000000000341, -1.270000000000001128 ) ) ;
#1300 = PRODUCT_RELATED_PRODUCT_CATEGORY ( 'part', '', ( #4985 ) ) ;
#1301 = ORIENTED_EDGE ( 'NONE', *, *, #6784, .F. ) ;
#1302 = AXIS2_PLACEMENT_3D ( 'NONE', #7327, #377, #11019 ) ;
#1303 = DIRECTION ( 'NONE',  ( 0.000000000000000000, 0.000000000000000000, 1.000000000000000000 ) ) ;
#1304 = ORIENTED_EDGE ( 'NONE', *, *, #1417, .T. ) ;
#1305 = LINE ( 'NONE', #7813, #8146 ) ;
#1306 = ORIENTED_EDGE ( 'NONE', *, *, #2548, .F. ) ;
#1307 = VECTOR ( 'NONE', #975, 1000.000000000000000 ) ;
#1308 = ORIENTED_EDGE ( 'NONE', *, *, #7068, .F. ) ;
#1309 = EDGE_CURVE ( 'NONE', #3678, #2536, #10478, .T. ) ;
#1310 = MECHANICAL_DESIGN_GEOMETRIC_PRESENTATION_REPRESENTATION (  '', ( #2420 ), #6967 ) ;
#1311 = CARTESIAN_POINT ( 'NONE',  ( -16.51000000000000512, 0.000000000000000000, 1.269999999999998908 ) ) ;
#1312 = CARTESIAN_POINT ( 'NONE',  ( -24.13000000000000611, 8.509000000000000341, 1.270000000000001128 ) ) ;
#1313 = ORIENTED_EDGE ( 'NONE', *, *, #7471, .T. ) ;
#1314 = DIRECTION ( 'NONE',  ( 0.000000000000000000, -2.449293598294710852E-16, 1.000000000000000000 ) ) ;
#1315 = CARTESIAN_POINT ( 'NONE',  ( 19.04999999999999716, 8.509000000000000341, 0.8254999999999976801 ) ) ;
#1316 = VECTOR ( 'NONE', #7004, 1000.000000000000000 ) ;
#1317 = ORIENTED_EDGE ( 'NONE', *, *, #4390, .T. ) ;
#1318 = LINE ( 'NONE', #424, #1871 ) ;
#1319 = EDGE_LOOP ( 'NONE', ( #431, #10590, #4743, #3706 ) ) ;
#1320 = AXIS2_PLACEMENT_3D ( 'NONE', #3836, #4645, #8180 ) ;
#1321 = ORIENTED_EDGE ( 'NONE', *, *, #6004, .T. ) ;
#1322 =( GEOMETRIC_REPRESENTATION_CONTEXT ( 3 ) GLOBAL_UNCERTAINTY_ASSIGNED_CONTEXT ( ( #1525 ) ) GLOBAL_UNIT_ASSIGNED_CONTEXT ( ( #9582, #5935, #3431 ) ) REPRESENTATION_CONTEXT ( 'NONE', 'WORKASPACE' ) );
#1323 = CARTESIAN_POINT ( 'NONE',  ( -3.810000000000004494, 8.509000000000000341, -0.8255000000000041194 ) ) ;
#1324 = DIRECTION ( 'NONE',  ( -1.000000000000000000, -0.000000000000000000, -0.000000000000000000 ) ) ;
#1325 = AXIS2_PLACEMENT_3D ( 'NONE', #10731, #4634, #7211 ) ;
#1326 = VERTEX_POINT ( 'NONE', #1748 ) ;
#1327 = LINE ( 'NONE', #5715, #2610 ) ;
#1328 = LINE ( 'NONE', #1377, #5185 ) ;
#1329 = DIRECTION ( 'NONE',  ( -0.000000000000000000, 1.000000000000000000, 2.449293598294710852E-16 ) ) ;
#1330 =( GEOMETRIC_REPRESENTATION_CONTEXT ( 3 ) GLOBAL_UNCERTAINTY_ASSIGNED_CONTEXT ( ( #5058 ) ) GLOBAL_UNIT_ASSIGNED_CONTEXT ( ( #9858, #9690, #1950 ) ) REPRESENTATION_CONTEXT ( 'NONE', 'WORKASPACE' ) );
#1331 = CARTESIAN_POINT ( 'NONE',  ( 12.31899999999999729, 7.239000000000000767, 0.3809999999999958975 ) ) ;
#1332 = ORIENTED_EDGE ( 'NONE', *, *, #9010, .T. ) ;
#1333 = EDGE_CURVE ( 'NONE', #7065, #4013, #6195, .T. ) ;
#1334 = EDGE_CURVE ( 'NONE', #10679, #1203, #5448, .T. ) ;
#1335 = VECTOR ( 'NONE', #394, 1000.000000000000000 ) ;
#1336 = DIRECTION ( 'NONE',  ( 0.000000000000000000, 0.000000000000000000, -1.000000000000000000 ) ) ;
#1337 = LINE ( 'NONE', #3905, #2507 ) ;
#1338 = ORIENTED_EDGE ( 'NONE', *, *, #7558, .F. ) ;
#1339 = DIRECTION ( 'NONE',  ( 0.000000000000000000, 2.449293598294710852E-16, -1.000000000000000000 ) ) ;
#1340 = CARTESIAN_POINT ( 'NONE',  ( -1.270000000000003793, 8.509000000000000341, -1.270000000000001128 ) ) ;
#1341 = VECTOR ( 'NONE', #1740, 1000.000000000000000 ) ;
#1342 = DIRECTION ( 'NONE',  ( 0.000000000000000000, -1.000000000000000000, 0.000000000000000000 ) ) ;
#1343 = ORIENTED_EDGE ( 'NONE', *, *, #8604, .F. ) ;
#1344 = ORIENTED_EDGE ( 'NONE', *, *, #10610, .T. ) ;
#1345 = ADVANCED_FACE ( 'NONE', ( #10416 ), #8708, .F. ) ;
#1346 = DIRECTION ( 'NONE',  ( 0.000000000000000000, 0.000000000000000000, -1.000000000000000000 ) ) ;
#1347 = EDGE_CURVE ( 'NONE', #5753, #7698, #2613, .T. ) ;
#1348 = LINE ( 'NONE', #9540, #7030 ) ;
#1349 = CARTESIAN_POINT ( 'NONE',  ( -8.445500000000004448, 8.509000000000000341, -0.8255000000000041194 ) ) ;
#1350 = ADVANCED_FACE ( 'NONE', ( #9672 ), #900, .F. ) ;
#1351 = CARTESIAN_POINT ( 'NONE',  ( 11.42999999999999616, 2.177422008883992879E-16, -0.8890000000000013447 ) ) ;
#1352 = VERTEX_POINT ( 'NONE', #2669 ) ;
#1353 = DIRECTION ( 'NONE',  ( 0.000000000000000000, -0.000000000000000000, -1.000000000000000000 ) ) ;
#1354 = VECTOR ( 'NONE', #10598, 1000.000000000000000 ) ;
#1355 = ORIENTED_EDGE ( 'NONE', *, *, #3445, .F. ) ;
#1356 = FACE_OUTER_BOUND ( 'NONE', #258, .T. ) ;
#1357 = ORIENTED_EDGE ( 'NONE', *, *, #1334, .T. ) ;
#1358 = LINE ( 'NONE', #5754, #9767 ) ;
#1359 = ORIENTED_EDGE ( 'NONE', *, *, #7555, .T. ) ;
#1360 = ORIENTED_EDGE ( 'NONE', *, *, #1939, .F. ) ;
#1361 = AXIS2_PLACEMENT_3D ( 'NONE', #4886, #561, #4029 ) ;
#1362 = DIRECTION ( 'NONE',  ( -0.000000000000000000, 1.000000000000000000, 1.733406087350420004E-16 ) ) ;
#1363 = CARTESIAN_POINT ( 'NONE',  ( 13.96999999999999709, 0.5080000000000002292, -0.7528818102449945648 ) ) ;
#1364 = DIRECTION ( 'NONE',  ( 0.000000000000000000, 0.2588190451025140781, 0.9659258262890700886 ) ) ;
#1365 = ORIENTED_EDGE ( 'NONE', *, *, #9032, .T. ) ;
#1366 = LINE ( 'NONE', #4851, #9155 ) ;
#1367 = DIRECTION ( 'NONE',  ( 1.000000000000000000, 0.000000000000000000, -0.000000000000000000 ) ) ;
#1368 = ORIENTED_EDGE ( 'NONE', *, *, #8402, .T. ) ;
#1369 = LINE ( 'NONE', #3040, #9521 ) ;
#1370 = EDGE_LOOP ( 'NONE', ( #8201, #1175, #10134, #7659 ) ) ;
#1371 = ORIENTED_EDGE ( 'NONE', *, *, #8907, .F. ) ;
#1372 = LINE ( 'NONE', #1263, #10488 ) ;
#1373 = VECTOR ( 'NONE', #4901, 1000.000000000000000 ) ;
#1374 = DIRECTION ( 'NONE',  ( 0.000000000000000000, 0.9659258262890700886, -0.2588190451025140781 ) ) ;
#1375 = ORIENTED_EDGE ( 'NONE', *, *, #7919, .T. ) ;
#1376 = CARTESIAN_POINT ( 'NONE',  ( 16.50999999999999801, 8.509000000000000341, -0.8255000000000041194 ) ) ;
#1377 = CARTESIAN_POINT ( 'NONE',  ( 7.238999999999995438, 8.064500000000000668, -0.3810000000000027809 ) ) ;
#1378 = LINE ( 'NONE', #542, #9941 ) ;
#1379 = VECTOR ( 'NONE', #4808, 1000.000000000000000 ) ;
#1380 = DIRECTION ( 'NONE',  ( 0.000000000000000000, -1.000000000000000000, -2.548365665731588345E-16 ) ) ;
#1381 = VERTEX_POINT ( 'NONE', #122 ) ;
#1382 = VECTOR ( 'NONE', #5225, 1000.000000000000000 ) ;
#1383 = ORIENTED_EDGE ( 'NONE', *, *, #2606, .F. ) ;
#1384 = CARTESIAN_POINT ( 'NONE',  ( 11.87449999999999584, 8.509000000000000341, 0.8254999999999976801 ) ) ;
#1385 = VECTOR ( 'NONE', #6102, 1000.000000000000000 ) ;
#1386 = CARTESIAN_POINT ( 'NONE',  ( 2.540000000000000036, 7.239000000000000767, -2.201425730935033664E-16 ) ) ;
#1387 = EDGE_CURVE ( 'NONE', #4227, #5212, #4496, .T. ) ;
#1388 = LINE ( 'NONE', #3112, #9757 ) ;
#1389 = DIRECTION ( 'NONE',  ( 1.000000000000000000, 0.000000000000000000, 0.000000000000000000 ) ) ;
#1390 = DIRECTION ( 'NONE',  ( 0.5773502691896253980, 0.5773502691896253980, -0.5773502691896265082 ) ) ;
#1391 = ORIENTED_EDGE ( 'NONE', *, *, #9864, .T. ) ;
#1392 = LINE ( 'NONE', #6061, #2231 ) ;
#1393 = EDGE_CURVE ( 'NONE', #10940, #1110, #6143, .T. ) ;
#1394 = CARTESIAN_POINT ( 'NONE',  ( -8.890000000000005898, 0.000000000000000000, 0.000000000000000000 ) ) ;
#1395 = CARTESIAN_POINT ( 'NONE',  ( -7.239000000000006096, 7.239000000000000767, 0.3809999999999958975 ) ) ;
#1396 = VECTOR ( 'NONE', #6614, 1000.000000000000000 ) ;
#1397 = ORIENTED_EDGE ( 'NONE', *, *, #5331, .T. ) ;
#1398 = ORIENTED_EDGE ( 'NONE', *, *, #6083, .F. ) ;
#1399 = DIRECTION ( 'NONE',  ( 0.000000000000000000, 0.000000000000000000, 1.000000000000000000 ) ) ;
#1400 = LINE ( 'NONE', #3183, #6594 ) ;
#1401 = PLANE ( 'NONE',  #1361 ) ;
#1402 = LINE ( 'NONE', #10234, #5308 ) ;
#1403 = EDGE_LOOP ( 'NONE', ( #4001, #3320, #7313, #4869 ) ) ;
#1404 =( NAMED_UNIT ( * ) PLANE_ANGLE_UNIT ( ) SI_UNIT ( $, .RADIAN. ) );
#1405 = AXIS2_PLACEMENT_3D ( 'NONE', #9141, #2142, #2189 ) ;
#1406 = CARTESIAN_POINT ( 'NONE',  ( -5.461000000000003851, 8.064500000000000668, 0.3809999999999958975 ) ) ;
#1407 = VERTEX_POINT ( 'NONE', #9622 ) ;
#1408 = LINE ( 'NONE', #8209, #4234 ) ;
#1409 = ADVANCED_FACE ( 'NONE', ( #7185, #1806 ), #10645, .F. ) ;
#1410 = EDGE_CURVE ( 'NONE', #7857, #10499, #10815, .T. ) ;
#1411 = UNCERTAINTY_MEASURE_WITH_UNIT (LENGTH_MEASURE( 1.000000000000000082E-05 ), #5512, 'distance_accuracy_value', 'NONE');
#1412 = ORIENTED_EDGE ( 'NONE', *, *, #3046, .T. ) ;
#1413 = CARTESIAN_POINT ( 'NONE',  ( 24.38400000000000745, 3.110602869834277161E-16, -1.270000000000001128 ) ) ;
#1414 = EDGE_LOOP ( 'NONE', ( #10477, #7526, #8372, #6194 ) ) ;
#1415 = EDGE_CURVE ( 'NONE', #8943, #8331, #3005, .T. ) ;
#1416 = LINE ( 'NONE', #571, #8311 ) ;
#1417 = EDGE_CURVE ( 'NONE', #10552, #11246, #2152, .T. ) ;
#1418 = ORIENTED_EDGE ( 'NONE', *, *, #6200, .T. ) ;
#1419 = ORIENTED_EDGE ( 'NONE', *, *, #7636, .T. ) ;
#1420 = PLANE ( 'NONE',  #1027 ) ;
#1421 = CARTESIAN_POINT ( 'NONE',  ( 16.95449999999999591, 8.509000000000000341, 0.8254999999999976801 ) ) ;
#1422 = LINE ( 'NONE', #2288, #6501 ) ;
#1423 = ORIENTED_EDGE ( 'NONE', *, *, #4842, .F. ) ;
#1424 = CARTESIAN_POINT ( 'NONE',  ( 3.809999999999997389, 0.5080000000000000071, 0.7528818102449925664 ) ) ;
#1425 = FACE_OUTER_BOUND ( 'NONE', #372, .T. ) ;
#1426 = VERTEX_POINT ( 'NONE', #10702 ) ;
#1427 = DIRECTION ( 'NONE',  ( -1.000000000000000000, -0.000000000000000000, -0.000000000000000000 ) ) ;
#1428 = ORIENTED_EDGE ( 'NONE', *, *, #8387, .F. ) ;
#1429 = ADVANCED_FACE ( 'NONE', ( #6372 ), #9948, .F. ) ;
#1430 = ORIENTED_EDGE ( 'NONE', *, *, #8873, .F. ) ;
#1431 = EDGE_CURVE ( 'NONE', #5720, #1681, #5566, .T. ) ;
#1432 = EDGE_CURVE ( 'NONE', #9686, #9671, #4715, .T. ) ;
#1433 = FACE_OUTER_BOUND ( 'NONE', #7057, .T. ) ;
#1434 = LINE ( 'NONE', #4700, #11134 ) ;
#1435 = ORIENTED_EDGE ( 'NONE', *, *, #5012, .T. ) ;
#1436 = LINE ( 'NONE', #6472, #11158 ) ;
#1437 = CARTESIAN_POINT ( 'NONE',  ( 13.96999999999999709, 8.509000000000000341, 1.270000000000001128 ) ) ;
#1438 = CARTESIAN_POINT ( 'NONE',  ( -2.159000000000004693, 8.064500000000000668, 0.3809999999999958975 ) ) ;
#1439 =( REPRESENTATION_RELATIONSHIP ('NONE','NONE', #5926, #187 ) REPRESENTATION_RELATIONSHIP_WITH_TRANSFORMATION ( #7115 )SHAPE_REPRESENTATION_RELATIONSHIP( ) );
#1440 = CARTESIAN_POINT ( 'NONE',  ( -18.16100000000000492, 7.239000000000000767, -0.3810000000000028919 ) ) ;
#1441 = VERTEX_POINT ( 'NONE', #9044 ) ;
#1442 = ORIENTED_EDGE ( 'NONE', *, *, #9165, .T. ) ;
#1443 = CARTESIAN_POINT ( 'NONE',  ( -1.270000000000003793, 0.000000000000000000, 1.269999999999998908 ) ) ;
#1444 =( NAMED_UNIT ( * ) PLANE_ANGLE_UNIT ( ) SI_UNIT ( $, .RADIAN. ) );
#1445 = LINE ( 'NONE', #4924, #5933 ) ;
#1446 = DIRECTION ( 'NONE',  ( -1.000000000000000000, -0.000000000000000000, -0.000000000000000000 ) ) ;
#1447 = CARTESIAN_POINT ( 'NONE',  ( 16.50999999999999801, 8.509000000000000341, 1.270000000000001128 ) ) ;
#1448 = EDGE_LOOP ( 'NONE', ( #3485, #4772, #11220, #10460 ) ) ;
#1449 = FACE_OUTER_BOUND ( 'NONE', #10862, .T. ) ;
#1450 = CARTESIAN_POINT ( 'NONE',  ( 9.334499999999994913, 8.509000000000000341, 0.8254999999999976801 ) ) ;
#1451 = ORIENTED_EDGE ( 'NONE', *, *, #9076, .T. ) ;
#1452 = ORIENTED_EDGE ( 'NONE', *, *, #8521, .T. ) ;
#1453 =( LENGTH_UNIT ( ) NAMED_UNIT ( * ) SI_UNIT ( .MILLI., .METRE. ) );
#1454 = DIRECTION ( 'NONE',  ( 0.000000000000000000, -0.9659258262890699775, -0.2588190451025145222 ) ) ;
#1455 = CARTESIAN_POINT ( 'NONE',  ( -18.60550000000000281, 8.509000000000000341, 0.8254999999999976801 ) ) ;
#1456 = VECTOR ( 'NONE', #671, 1000.000000000000000 ) ;
#1457 = LINE ( 'NONE', #5911, #4417 ) ;
#1458 = FACE_OUTER_BOUND ( 'NONE', #9927, .T. ) ;
#1459 = CARTESIAN_POINT ( 'NONE',  ( 18.60549999999999571, 8.509000000000000341, -1.270000000000001128 ) ) ;
#1460 = ORIENTED_EDGE ( 'NONE', *, *, #7346, .T. ) ;
#1461 = DIRECTION ( 'NONE',  ( 0.000000000000000000, 0.000000000000000000, 1.000000000000000000 ) ) ;
#1462 = VECTOR ( 'NONE', #6225, 1000.000000000000000 ) ;
#1463 = ORIENTED_EDGE ( 'NONE', *, *, #7745, .T. ) ;
#1464 = CARTESIAN_POINT ( 'NONE',  ( 11.42999999999999616, 8.509000000000000341, -1.270000000000001128 ) ) ;
#1465 = ORIENTED_EDGE ( 'NONE', *, *, #3869, .F. ) ;
#1466 = PLANE ( 'NONE',  #3944 ) ;
#1467 = ORIENTED_EDGE ( 'NONE', *, *, #5397, .F. ) ;
#1468 = VERTEX_POINT ( 'NONE', #9839 ) ;
#1469 = ADVANCED_FACE ( 'NONE', ( #345 ), #9100, .F. ) ;
#1470 = EDGE_CURVE ( 'NONE', #4854, #2695, #5729, .T. ) ;
#1471 = CARTESIAN_POINT ( 'NONE',  ( -1.270000000000003793, 0.5080000000000000071, 0.7528818102449925664 ) ) ;
#1472 = PLANE ( 'NONE',  #1745 ) ;
#1473 = EDGE_CURVE ( 'NONE', #8502, #3782, #8303, .T. ) ;
#1474 = ADVANCED_FACE ( 'NONE', ( #1282 ), #4766, .F. ) ;
#1475 = VECTOR ( 'NONE', #825, 1000.000000000000000 ) ;
#1476 = DIRECTION ( 'NONE',  ( 0.000000000000000000, 0.000000000000000000, -1.000000000000000000 ) ) ;
#1477 = ORIENTED_EDGE ( 'NONE', *, *, #278, .F. ) ;
#1478 = LINE ( 'NONE', #8171, #1512 ) ;
#1479 = LINE ( 'NONE', #9411, #53 ) ;
#1480 = ORIENTED_EDGE ( 'NONE', *, *, #6454, .T. ) ;
#1481 = DIRECTION ( 'NONE',  ( -1.000000000000000000, -0.000000000000000000, -0.000000000000000000 ) ) ;
#1482 = ORIENTED_EDGE ( 'NONE', *, *, #3378, .F. ) ;
#1483 = ORIENTED_EDGE ( 'NONE', *, *, #1491, .T. ) ;
#1484 = COLOUR_RGB ( '',0.2509803921568627416, 0.2509803921568627416, 0.2509803921568627416 ) ;
#1485 = ADVANCED_FACE ( 'NONE', ( #7295 ), #7342, .F. ) ;
#1486 = EDGE_CURVE ( 'NONE', #6483, #2339, #4600, .T. ) ;
#1487 = EDGE_CURVE ( 'NONE', #9064, #6568, #7455, .T. ) ;
#1488 = PLANE ( 'NONE',  #7945 ) ;
#1489 = DIRECTION ( 'NONE',  ( -1.000000000000000000, -0.000000000000000000, -0.000000000000000000 ) ) ;
#1490 = AXIS2_PLACEMENT_3D ( 'NONE', #7245, #286, #10922 ) ;
#1491 = EDGE_CURVE ( 'NONE', #7924, #1544, #7396, .T. ) ;
#1492 = EDGE_LOOP ( 'NONE', ( #4422, #6490, #4312, #1796 ) ) ;
#1493 = DIRECTION ( 'NONE',  ( 0.000000000000000000, 0.2588190451025145222, -0.9659258262890699775 ) ) ;
#1494 = COLOUR_RGB ( '',0.2509803921568627416, 0.2509803921568627416, 0.2509803921568627416 ) ;
#1495 = FACE_OUTER_BOUND ( 'NONE', #2019, .T. ) ;
#1496 = EDGE_CURVE ( 'NONE', #5479, #1823, #6541, .T. ) ;
#1497 = DIRECTION ( 'NONE',  ( 0.000000000000000000, 2.548365665731588345E-16, -1.000000000000000000 ) ) ;
#1498 = DIRECTION ( 'NONE',  ( 0.000000000000000000, -0.000000000000000000, -1.000000000000000000 ) ) ;
#1499 = VERTEX_POINT ( 'NONE', #5674 ) ;
#1500 = EDGE_CURVE ( 'NONE', #4832, #1181, #4816, .T. ) ;
#1501 = VECTOR ( 'NONE', #2813, 1000.000000000000000 ) ;
#1502 = VERTEX_POINT ( 'NONE', #3117 ) ;
#1503 =( GEOMETRIC_REPRESENTATION_CONTEXT ( 3 ) GLOBAL_UNCERTAINTY_ASSIGNED_CONTEXT ( ( #8487 ) ) GLOBAL_UNIT_ASSIGNED_CONTEXT ( ( #4712, #10753, #1172 ) ) REPRESENTATION_CONTEXT ( 'NONE', 'WORKASPACE' ) );
#1504 = DIRECTION ( 'NONE',  ( -1.000000000000000000, 0.000000000000000000, -0.000000000000000000 ) ) ;
#1505 =( REPRESENTATION_RELATIONSHIP ('NONE','NONE', #5926, #187 ) REPRESENTATION_RELATIONSHIP_WITH_TRANSFORMATION ( #777 )SHAPE_REPRESENTATION_RELATIONSHIP( ) );
#1506 = SURFACE_STYLE_USAGE ( .BOTH. , #5836 ) ;
#1507 = LINE ( 'NONE', #5725, #9206 ) ;
#1508 = VECTOR ( 'NONE', #10070, 1000.000000000000000 ) ;
#1509 = LINE ( 'NONE', #9264, #8636 ) ;
#1510 = LINE ( 'NONE', #5727, #8880 ) ;
#1511 = ORIENTED_EDGE ( 'NONE', *, *, #2350, .T. ) ;
#1512 = VECTOR ( 'NONE', #2176, 1000.000000000000000 ) ;
#1513 = LINE ( 'NONE', #4987, #2440 ) ;
#1514 = ADVANCED_FACE ( 'NONE', ( #3553 ), #1784, .F. ) ;
#1515 = LINE ( 'NONE', #719, #4742 ) ;
#1516 = VERTEX_POINT ( 'NONE', #5081 ) ;
#1517 = VECTOR ( 'NONE', #2153, 1000.000000000000000 ) ;
#1518 = ORIENTED_EDGE ( 'NONE', *, *, #7102, .T. ) ;
#1519 = CARTESIAN_POINT ( 'NONE',  ( 12.69999999999999574, 0.000000000000000000, 0.000000000000000000 ) ) ;
#1520 = PLANE ( 'NONE',  #5110 ) ;
#1521 = CARTESIAN_POINT ( 'NONE',  ( -21.59000000000000341, 0.5080000000000000071, 0.7528818102449925664 ) ) ;
#1522 = FACE_OUTER_BOUND ( 'NONE', #6990, .T. ) ;
#1523 = ORIENTED_EDGE ( 'NONE', *, *, #947, .F. ) ;
#1524 = DIRECTION ( 'NONE',  ( -0.000000000000000000, -0.000000000000000000, 1.000000000000000000 ) ) ;
#1525 = UNCERTAINTY_MEASURE_WITH_UNIT (LENGTH_MEASURE( 1.000000000000000082E-05 ), #9582, 'distance_accuracy_value', 'NONE');
#1526 = ORIENTED_EDGE ( 'NONE', *, *, #1063, .F. ) ;
#1527 = CARTESIAN_POINT ( 'NONE',  ( 13.96999999999999709, -1.925929944387235853E-31, 0.8889999999999991243 ) ) ;
#1528 = ADVANCED_FACE ( 'NONE', ( #2583, #6866 ), #5194, .F. ) ;
#1529 = ORIENTED_EDGE ( 'NONE', *, *, #9149, .T. ) ;
#1530 = PLANE ( 'NONE',  #5597 ) ;
#1531 = ORIENTED_EDGE ( 'NONE', *, *, #7145, .F. ) ;
#1532 = ORIENTED_EDGE ( 'NONE', *, *, #6217, .F. ) ;
#1533 = DIRECTION ( 'NONE',  ( 1.000000000000000000, 0.000000000000000000, -0.000000000000000000 ) ) ;
#1534 = PLANE ( 'NONE',  #11039 ) ;
#1535 = AXIS2_PLACEMENT_3D ( 'NONE', #2014, #2073, #1099 ) ;
#1536 = CARTESIAN_POINT ( 'NONE',  ( 16.50999999999999801, 8.509000000000000341, 1.270000000000001128 ) ) ;
#1537 = ORIENTED_EDGE ( 'NONE', *, *, #9011, .F. ) ;
#1538 = FACE_OUTER_BOUND ( 'NONE', #10334, .T. ) ;
#1539 = DIRECTION ( 'NONE',  ( 0.000000000000000000, -0.9659258262890699775, -0.2588190451025145222 ) ) ;
#1540 = EDGE_CURVE ( 'NONE', #8894, #10666, #10327, .T. ) ;
#1541 = ORIENTED_EDGE ( 'NONE', *, *, #4093, .T. ) ;
#1543 = ORIENTED_EDGE ( 'NONE', *, *, #2751, .F. ) ;
#1542 = ADVANCED_FACE ( 'NONE', ( #3439 ), #8683, .F. ) ;
#1544 = VERTEX_POINT ( 'NONE', #6918 ) ;
#1545 = AXIS2_PLACEMENT_3D ( 'NONE', #2209, #6437, #5514 ) ;
#1546 = EDGE_CURVE ( 'NONE', #7136, #348, #1392, .T. ) ;
#1547 = CARTESIAN_POINT ( 'NONE',  ( 8.889999999999995239, 8.509000000000000341, -0.8255000000000041194 ) ) ;
#1548 = LINE ( 'NONE', #7303, #10783 ) ;
#1549 = VERTEX_POINT ( 'NONE', #878 ) ;
#1550 = CARTESIAN_POINT ( 'NONE',  ( -14.41450000000000564, 8.509000000000000341, 0.8254999999999976801 ) ) ;
#1551 = CARTESIAN_POINT ( 'NONE',  ( -16.51000000000000512, 0.5080000000000002292, -0.7528818102449945648 ) ) ;
#1552 = VECTOR ( 'NONE', #5798, 1000.000000000000000 ) ;
#1553 = DIRECTION ( 'NONE',  ( 1.000000000000000000, 0.000000000000000000, -0.000000000000000000 ) ) ;
#1554 = DIRECTION ( 'NONE',  ( -1.000000000000000000, -0.000000000000000000, -0.000000000000000000 ) ) ;
#1555 = CARTESIAN_POINT ( 'NONE',  ( -10.54100000000000392, 7.239000000000000767, -0.3810000000000028919 ) ) ;
#1556 = ORIENTED_EDGE ( 'NONE', *, *, #5114, .F. ) ;
#1557 = EDGE_CURVE ( 'NONE', #9809, #10129, #4878, .T. ) ;
#1558 = ADVANCED_FACE ( 'NONE', ( #6659 ), #10384, .F. ) ;
#1559 = ORIENTED_EDGE ( 'NONE', *, *, #1612, .F. ) ;
#1560 = VECTOR ( 'NONE', #7490, 1000.000000000000000 ) ;
#1561 = AXIS2_PLACEMENT_3D ( 'NONE', #10563, #2756, #6227 ) ;
#1562 = LINE ( 'NONE', #7790, #5663 ) ;
#1563 = DIRECTION ( 'NONE',  ( -1.000000000000000000, -0.000000000000000000, -0.000000000000000000 ) ) ;
#1564 = CARTESIAN_POINT ( 'NONE',  ( 11.42999999999999616, 3.110602869834277161E-16, -1.270000000000001128 ) ) ;
#1565 = CARTESIAN_POINT ( 'NONE',  ( 11.42999999999999616, 8.509000000000000341, -0.8255000000000041194 ) ) ;
#1566 = FACE_OUTER_BOUND ( 'NONE', #1154, .T. ) ;
#1567 = VERTEX_POINT ( 'NONE', #10330 ) ;
#1568 = VECTOR ( 'NONE', #9590, 1000.000000000000000 ) ;
#1569 = CARTESIAN_POINT ( 'NONE',  ( -2.921000000000003372, 7.239000000000000767, 0.3809999999999958975 ) ) ;
#1570 = LINE ( 'NONE', #11041, #4734 ) ;
#1571 = ADVANCED_FACE ( 'NONE', ( #553 ), #5254, .F. ) ;
#1572 = EDGE_LOOP ( 'NONE', ( #899, #3870, #1773, #8383 ) ) ;
#1573 = DIRECTION ( 'NONE',  ( 0.000000000000000000, 1.440069553722777130E-16, -1.000000000000000000 ) ) ;
#1574 = EDGE_LOOP ( 'NONE', ( #2815, #8505, #3215, #10424 ) ) ;
#1575 = VECTOR ( 'NONE', #1970, 1000.000000000000114 ) ;
#1576 = AXIS2_PLACEMENT_3D ( 'NONE', #3193, #6678, #6506 ) ;
#1577 = DIRECTION ( 'NONE',  ( 0.7071067811865475727, -0.7071067811865475727, 0.000000000000000000 ) ) ;
#1578 = EDGE_CURVE ( 'NONE', #174, #4409, #11192, .T. ) ;
#1579 = CARTESIAN_POINT ( 'NONE',  ( 6.349999999999997868, -1.925929944387235853E-31, 0.8889999999999991243 ) ) ;
#1580 = LINE ( 'NONE', #6668, #10475 ) ;
#1581 = CARTESIAN_POINT ( 'NONE',  ( -3.365500000000003933, 8.509000000000000341, -0.8255000000000041194 ) ) ;
#1582 = ORIENTED_EDGE ( 'NONE', *, *, #387, .T. ) ;
#1583 = DIRECTION ( 'NONE',  ( -1.000000000000000000, -0.000000000000000000, -0.000000000000000000 ) ) ;
#1584 = AXIS2_PLACEMENT_3D ( 'NONE', #10120, #9219, #10171 ) ;
#1585 = AXIS2_PLACEMENT_3D ( 'NONE', #4308, #7794, #6071 ) ;
#1586 = CARTESIAN_POINT ( 'NONE',  ( -11.43000000000000504, -1.925929944387235853E-31, 0.8889999999999991243 ) ) ;
#1587 = ORIENTED_EDGE ( 'NONE', *, *, #6366, .T. ) ;
#1588 = LINE ( 'NONE', #4499, #6698 ) ;
#1589 = MANIFOLD_SOLID_BREP ( 'LPattern1[3]', #2637 ) ;
#1590 = ORIENTED_EDGE ( 'NONE', *, *, #1063, .T. ) ;
#1591 = VERTEX_POINT ( 'NONE', #9474 ) ;
#1592 = AXIS2_PLACEMENT_3D ( 'NONE', #8159, #10769, #8207 ) ;
#1593 = PLANE ( 'NONE',  #5938 ) ;
#1594 = CARTESIAN_POINT ( 'NONE',  ( -2.921000000000003372, 8.064500000000000668, 0.3809999999999958975 ) ) ;
#1595 = CARTESIAN_POINT ( 'NONE',  ( -0.3810000000000028919, 8.064500000000000668, 0.3809999999999958975 ) ) ;
#1596 = EDGE_LOOP ( 'NONE', ( #6850, #1559, #6663, #9823 ) ) ;
#1597 = DIRECTION ( 'NONE',  ( -0.000000000000000000, 1.000000000000000000, 1.733406087350420004E-16 ) ) ;
#1598 = CARTESIAN_POINT ( 'NONE',  ( -16.51000000000000512, 0.5080000000000000071, 0.7528818102449925664 ) ) ;
#1599 = VERTEX_POINT ( 'NONE', #1657 ) ;
#1600 = DIRECTION ( 'NONE',  ( 0.000000000000000000, -0.7071067811865484609, 0.7071067811865465735 ) ) ;
#1601 = VERTEX_POINT ( 'NONE', #5136 ) ;
#1602 = ORIENTED_EDGE ( 'NONE', *, *, #3457, .F. ) ;
#1603 = DIRECTION ( 'NONE',  ( 0.000000000000000000, -0.9659258262890699775, -0.2588190451025145222 ) ) ;
#1604 = ORIENTED_EDGE ( 'NONE', *, *, #7438, .T. ) ;
#1605 = LINE ( 'NONE', #8623, #2241 ) ;
#1606 = CARTESIAN_POINT ( 'NONE',  ( 0.3810000000000000053, 0.5079999999999997851, 0.2032000000000010465 ) ) ;
#1607 = CARTESIAN_POINT ( 'NONE',  ( -19.05000000000000426, 0.000000000000000000, 0.000000000000000000 ) ) ;
#1608 = FILL_AREA_STYLE ('',( #5947 ) ) ;
#1609 = LINE ( 'NONE', #10274, #3587 ) ;
#1610 = VERTEX_POINT ( 'NONE', #3493 ) ;
#1611 = VERTEX_POINT ( 'NONE', #4526 ) ;
#1612 = EDGE_CURVE ( 'NONE', #4738, #10387, #151, .T. ) ;
#1613 = EDGE_CURVE ( 'NONE', #1262, #3107, #1834, .T. ) ;
#1614 = CARTESIAN_POINT ( 'NONE',  ( -16.51000000000000512, 8.509000000000000341, 1.270000000000001128 ) ) ;
#1615 = CARTESIAN_POINT ( 'NONE',  ( -19.05000000000000426, 2.177422008883992879E-16, -0.8890000000000013447 ) ) ;
#1616 = DIRECTION ( 'NONE',  ( -1.000000000000000000, -0.000000000000000000, -0.000000000000000000 ) ) ;
#1617 = ADVANCED_FACE ( 'NONE', ( #4691 ), #6353, .F. ) ;
#1618 = MANIFOLD_SOLID_BREP ( 'Boss-Extrude2', #6820 ) ;
#1619 = CARTESIAN_POINT ( 'NONE',  ( 6.349999999999994316, 3.110602869834277161E-16, -1.270000000000001128 ) ) ;
#1620 = CARTESIAN_POINT ( 'NONE',  ( 19.04999999999999716, -1.925929944387235853E-31, 0.8889999999999991243 ) ) ;
#1621 = ORIENTED_EDGE ( 'NONE', *, *, #7983, .T. ) ;
#1622 = PLANE ( 'NONE',  #6445 ) ;
#1623 = DIRECTION ( 'NONE',  ( 1.000000000000000000, 0.000000000000000000, 0.000000000000000000 ) ) ;
#1624 = ORIENTED_EDGE ( 'NONE', *, *, #11242, .T. ) ;
#1625 = CARTESIAN_POINT ( 'NONE',  ( 13.96999999999999709, 8.509000000000000341, -1.270000000000001128 ) ) ;
#1626 = ITEM_DEFINED_TRANSFORMATION ( 'NONE', 'NONE', #11241,  #4858 ) ;
#1627 = PLANE ( 'NONE',  #1289 ) ;
#1628 = FACE_OUTER_BOUND ( 'NONE', #8699, .T. ) ;
#1629 = ADVANCED_FACE ( 'NONE', ( #2757 ), #7948, .F. ) ;
#1630 = DIRECTION ( 'NONE',  ( -1.000000000000000000, 0.000000000000000000, -0.000000000000000000 ) ) ;
#1631 = ORIENTED_EDGE ( 'NONE', *, *, #6114, .T. ) ;
#1632 = DIRECTION ( 'NONE',  ( -0.5773502691896253980, 0.5773502691896253980, -0.5773502691896265082 ) ) ;
#1633 = PRODUCT_DEFINITION_CONTEXT ( 'detailed design', #157, 'design' ) ;
#1634 = PLANE ( 'NONE',  #5329 ) ;
#1635 = ORIENTED_EDGE ( 'NONE', *, *, #5403, .F. ) ;
#1636 = CARTESIAN_POINT ( 'NONE',  ( -11.43000000000000504, 8.509000000000000341, 1.270000000000001128 ) ) ;
#1637 = AXIS2_PLACEMENT_3D ( 'NONE', #2070, #1895, #2921 ) ;
#1638 = ORIENTED_EDGE ( 'NONE', *, *, #10315, .T. ) ;
#1639 = ADVANCED_FACE ( 'NONE', ( #1898 ), #7322, .F. ) ;
#1640 = ORIENTED_EDGE ( 'NONE', *, *, #8197, .F. ) ;
#1641 = LINE ( 'NONE', #7077, #4398 ) ;
#1642 = CARTESIAN_POINT ( 'NONE',  ( -13.08100000000000485, 7.239000000000000767, 0.3809999999999958975 ) ) ;
#1643 = PLANE ( 'NONE',  #7402 ) ;
#1644 = LINE ( 'NONE', #11066, #5950 ) ;
#1645 = ORIENTED_EDGE ( 'NONE', *, *, #953, .F. ) ;
#1646 = CARTESIAN_POINT ( 'NONE',  ( 1.269999999999996909, 2.177422008883992879E-16, -0.8890000000000013447 ) ) ;
#1647 = DIRECTION ( 'NONE',  ( -1.000000000000000000, -0.000000000000000000, -0.000000000000000000 ) ) ;
#1648 = ORIENTED_EDGE ( 'NONE', *, *, #7963, .F. ) ;
#1649 = ORIENTED_EDGE ( 'NONE', *, *, #1557, .F. ) ;
#1650 = ORIENTED_EDGE ( 'NONE', *, *, #6881, .T. ) ;
#1651 = AXIS2_PLACEMENT_3D ( 'NONE', #9147, #4872, #492 ) ;
#1652 = FACE_OUTER_BOUND ( 'NONE', #4400, .T. ) ;
#1653 = EDGE_LOOP ( 'NONE', ( #8485, #3615, #2783, #3251 ) ) ;
#1654 = CARTESIAN_POINT ( 'NONE',  ( -3.810000000000004494, 3.110602869834277161E-16, -1.270000000000001128 ) ) ;
#1655 = DIRECTION ( 'NONE',  ( 1.000000000000000000, 0.000000000000000000, 0.000000000000000000 ) ) ;
#1656 = PLANE ( 'NONE',  #9572 ) ;
#1657 = CARTESIAN_POINT ( 'NONE',  ( -3.810000000000004494, 2.177422008883992879E-16, -0.8890000000000013447 ) ) ;
#1658 = ORIENTED_EDGE ( 'NONE', *, *, #9804, .T. ) ;
#1659 = AXIS2_PLACEMENT_3D ( 'NONE', #7132, #7868, #8773 ) ;
#1660 = DIRECTION ( 'NONE',  ( 0.000000000000000000, 0.000000000000000000, 1.000000000000000000 ) ) ;
#1661 = ORIENTED_EDGE ( 'NONE', *, *, #6326, .F. ) ;
#1662 = AXIS2_PLACEMENT_3D ( 'NONE', #453, #7520, #3070 ) ;
#1663 = EDGE_CURVE ( 'NONE', #10436, #10779, #2924, .T. ) ;
#1664 = ADVANCED_FACE ( 'NONE', ( #9702 ), #8964, .F. ) ;
#1665 = VERTEX_POINT ( 'NONE', #2871 ) ;
#1666 = VECTOR ( 'NONE', #9296, 1000.000000000000000 ) ;
#1667 = LINE ( 'NONE', #6068, #5369 ) ;
#1668 = CARTESIAN_POINT ( 'NONE',  ( 24.13000000000000611, 0.5080000000000000071, 0.7528818102449925664 ) ) ;
#1669 = DIRECTION ( 'NONE',  ( 0.000000000000000000, 1.440069553722777130E-16, -1.000000000000000000 ) ) ;
#1670 = FACE_OUTER_BOUND ( 'NONE', #7139, .T. ) ;
#1671 = CARTESIAN_POINT ( 'NONE',  ( 17.39899999999999736, 7.239000000000000767, 0.3809999999999958975 ) ) ;
#1672 = CARTESIAN_POINT ( 'NONE',  ( 22.03449999999999775, 8.509000000000000341, 0.8254999999999976801 ) ) ;
#1673 = EDGE_LOOP ( 'NONE', ( #321, #4223, #10620, #1604 ) ) ;
#1674 = ADVANCED_FACE ( 'NONE', ( #1153 ), #6289, .F. ) ;
#1675 = AXIS2_PLACEMENT_3D ( 'NONE', #10756, #2947, #6427 ) ;
#1676 = CARTESIAN_POINT ( 'NONE',  ( 6.349999999999997868, 2.177422008883992879E-16, -0.8890000000000013447 ) ) ;
#1677 = EDGE_CURVE ( 'NONE', #2335, #3602, #1049, .T. ) ;
#1678 = EDGE_CURVE ( 'NONE', #7629, #5404, #3660, .T. ) ;
#1679 = DIRECTION ( 'NONE',  ( 0.000000000000000000, 0.000000000000000000, 1.000000000000000000 ) ) ;
#1680 = VECTOR ( 'NONE', #4654, 1000.000000000000114 ) ;
#1681 = VERTEX_POINT ( 'NONE', #8906 ) ;
#1682 = CARTESIAN_POINT ( 'NONE',  ( 11.42999999999999616, 8.509000000000000341, -1.270000000000001128 ) ) ;
#1683 = ADVANCED_FACE ( 'NONE', ( #6401 ), #5428, .F. ) ;
#1684 = CONTEXT_DEPENDENT_SHAPE_REPRESENTATION ( #1439, #11185 ) ;
#1685 = PRESENTATION_LAYER_ASSIGNMENT (  '', '', ( #9150 ) ) ;
#1686 = LINE ( 'NONE', #6084, #6764 ) ;
#1687 = CARTESIAN_POINT ( 'NONE',  ( 21.58999999999999631, 8.509000000000000341, 1.270000000000001128 ) ) ;
#1688 = VECTOR ( 'NONE', #5189, 1000.000000000000000 ) ;
#1689 = CARTESIAN_POINT ( 'NONE',  ( -3.810000000000004494, 3.110602869834277161E-16, -1.270000000000001128 ) ) ;
#1690 = ORIENTED_EDGE ( 'NONE', *, *, #10123, .T. ) ;
#1691 = FACE_OUTER_BOUND ( 'NONE', #8933, .T. ) ;
#1692 = CARTESIAN_POINT ( 'NONE',  ( -8.001000000000004775, 7.239000000000000767, 0.3809999999999958975 ) ) ;
#1693 = ORIENTED_EDGE ( 'NONE', *, *, #11153, .F. ) ;
#1694 = EDGE_CURVE ( 'NONE', #775, #4462, #2294, .T. ) ;
#1695 = VECTOR ( 'NONE', #1822, 999.9999999999998863 ) ;
#1696 = CARTESIAN_POINT ( 'NONE',  ( -18.60550000000000281, 8.509000000000000341, -1.270000000000001128 ) ) ;
#1697 = ORIENTED_EDGE ( 'NONE', *, *, #2865, .T. ) ;
#1698 = EDGE_CURVE ( 'NONE', #10579, #9955, #3147, .T. ) ;
#1699 = ORIENTED_EDGE ( 'NONE', *, *, #3322, .F. ) ;
#1700 = PLANE ( 'NONE',  #935 ) ;
#1701 = DIRECTION ( 'NONE',  ( -1.000000000000000000, -0.000000000000000000, -0.000000000000000000 ) ) ;
#1702 = EDGE_CURVE ( 'NONE', #10779, #9736, #1369, .T. ) ;
#1703 = CARTESIAN_POINT ( 'NONE',  ( -16.51000000000000512, 3.110602869834277161E-16, -1.270000000000001128 ) ) ;
#1704 = AXIS2_PLACEMENT_3D ( 'NONE', #960, #6196, #7186 ) ;
#1705 = LINE ( 'NONE', #858, #4684 ) ;
#1706 = ORIENTED_EDGE ( 'NONE', *, *, #1865, .T. ) ;
#1707 = LINE ( 'NONE', #10313, #10626 ) ;
#1708 = CARTESIAN_POINT ( 'NONE',  ( 22.47899999999999920, 8.064500000000000668, 0.3809999999999960085 ) ) ;
#1709 = ORIENTED_EDGE ( 'NONE', *, *, #6775, .F. ) ;
#1710 = LINE ( 'NONE', #695, #2790 ) ;
#1711 = ORIENTED_EDGE ( 'NONE', *, *, #6402, .F. ) ;
#1712 = ORIENTED_EDGE ( 'NONE', *, *, #3166, .T. ) ;
#1713 = CLOSED_SHELL ( 'NONE', ( #4410, #11073, #5236, #7744, #4706, #1279, #11179, #2017, #726, #7650, #6933, #3589, #8039, #11114, #8340, #933, #7292, #5954, #8601 ) ) ;
#1714 = EDGE_CURVE ( 'NONE', #4253, #6555, #8444, .T. ) ;
#1715 = MANIFOLD_SOLID_BREP ( 'LPattern1[7]', #10638 ) ;
#1716 = PRODUCT_DEFINITION_SHAPE ( 'NONE', 'NONE',  #11252 ) ;
#1717 = CARTESIAN_POINT ( 'NONE',  ( 21.58999999999999631, 0.000000000000000000, 1.269999999999998908 ) ) ;
#1718 = ORIENTED_EDGE ( 'NONE', *, *, #856, .T. ) ;
#1719 = EDGE_CURVE ( 'NONE', #1601, #3220, #1318, .T. ) ;
#1720 = DIRECTION ( 'NONE',  ( 0.000000000000000000, 0.9659258262890699775, 0.2588190451025145222 ) ) ;
#1721 = LINE ( 'NONE', #8680, #2378 ) ;
#1722 = CARTESIAN_POINT ( 'NONE',  ( 1.269999999999996909, 0.5080000000000000071, 0.7528818102449925664 ) ) ;
#1723 = CARTESIAN_POINT ( 'NONE',  ( 17.39899999999999736, 8.064500000000000668, 0.3809999999999958975 ) ) ;
#1724 = ORIENTED_EDGE ( 'NONE', *, *, #1768, .F. ) ;
#1725 = PLANE ( 'NONE',  #4130 ) ;
#1726 = VERTEX_POINT ( 'NONE', #3946 ) ;
#1727 = CARTESIAN_POINT ( 'NONE',  ( 24.38400000000000745, 0.5080000000000000071, 0.7528818102449925664 ) ) ;
#1728 = VECTOR ( 'NONE', #4531, 1000.000000000000000 ) ;
#1729 = LINE ( 'NONE', #10340, #8399 ) ;
#1730 = DIRECTION ( 'NONE',  ( 0.000000000000000000, 1.000000000000000000, -5.054934237236841843E-31 ) ) ;
#1731 = DIRECTION ( 'NONE',  ( 0.000000000000000000, 2.449293598294710852E-16, -1.000000000000000000 ) ) ;
#1732 = CARTESIAN_POINT ( 'NONE',  ( 13.08099999999999596, 7.239000000000000767, 0.3809999999999958975 ) ) ;
#1733 = DIRECTION ( 'NONE',  ( -1.000000000000000000, 0.000000000000000000, 0.000000000000000000 ) ) ;
#1734 = ORIENTED_EDGE ( 'NONE', *, *, #4527, .T. ) ;
#1735 = STYLED_ITEM ( 'NONE', ( #8145 ), #9406 ) ;
#1736 = CARTESIAN_POINT ( 'NONE',  ( -0.1961031209927693308, -3.200400000000000134, 0.2032000000000001583 ) ) ;
#1737 = VECTOR ( 'NONE', #7044, 1000.000000000000000 ) ;
#1738 = CARTESIAN_POINT ( 'NONE',  ( -3.810000000000004494, -1.925929944387235853E-31, 0.8889999999999991243 ) ) ;
#1739 = ORIENTED_EDGE ( 'NONE', *, *, #589, .T. ) ;
#1740 = DIRECTION ( 'NONE',  ( -1.000000000000000000, -0.000000000000000000, -0.000000000000000000 ) ) ;
#1741 = APPLICATION_PROTOCOL_DEFINITION ( 'draft international standard', 'automotive_design', 1998, #157 ) ;
#1742 = CARTESIAN_POINT ( 'NONE',  ( -22.47900000000000631, 7.239000000000000767, -0.3810000000000028919 ) ) ;
#1743 =( NAMED_UNIT ( * ) PLANE_ANGLE_UNIT ( ) SI_UNIT ( $, .RADIAN. ) );
#1744 = LINE ( 'NONE', #5218, #7223 ) ;
#1745 = AXIS2_PLACEMENT_3D ( 'NONE', #3201, #10192, #8437 ) ;
#1746 = LINE ( 'NONE', #7976, #5413 ) ;
#1747 = ORIENTED_EDGE ( 'NONE', *, *, #3300, .T. ) ;
#1748 = CARTESIAN_POINT ( 'NONE',  ( -19.05000000000000426, -1.925929944387235853E-31, 0.8889999999999991243 ) ) ;
#1749 = DIRECTION ( 'NONE',  ( -0.000000000000000000, 0.2588190451025140781, 0.9659258262890700886 ) ) ;
#1750 = ORIENTED_EDGE ( 'NONE', *, *, #4763, .T. ) ;
#1751 = VECTOR ( 'NONE', #704, 1000.000000000000000 ) ;
#1752 = DIRECTION ( 'NONE',  ( 0.000000000000000000, -1.000000000000000000, -2.548365665731588345E-16 ) ) ;
#1753 = ORIENTED_EDGE ( 'NONE', *, *, #176, .T. ) ;
#1754 = AXIS2_PLACEMENT_3D ( 'NONE', #3254, #9969, #2169 ) ;
#1755 = VERTEX_POINT ( 'NONE', #5820 ) ;
#1756 = PLANE ( 'NONE',  #10776 ) ;
#1757 = DIRECTION ( 'NONE',  ( -0.5773502691896252870, -0.5773502691896251759, -0.5773502691896267303 ) ) ;
#1758 = ADVANCED_FACE ( 'NONE', ( #4855 ), #7546, .F. ) ;
#1759 = EDGE_CURVE ( 'NONE', #10466, #1544, #2986, .T. ) ;
#1760 = CARTESIAN_POINT ( 'NONE',  ( 6.349999999999994316, 0.5080000000000002292, -0.7528818102449945648 ) ) ;
#1761 = PLANE ( 'NONE',  #7770 ) ;
#1762 = VECTOR ( 'NONE', #5089, 1000.000000000000000 ) ;
#1763 = CARTESIAN_POINT ( 'NONE',  ( -23.24100000000000321, 8.064500000000000668, -0.3810000000000027809 ) ) ;
#1764 = VERTEX_POINT ( 'NONE', #4000 ) ;
#1765 = PLANE ( 'NONE',  #7725 ) ;
#1766 = DIRECTION ( 'NONE',  ( 0.000000000000000000, 0.000000000000000000, 1.000000000000000000 ) ) ;
#1767 = VECTOR ( 'NONE', #4603, 1000.000000000000114 ) ;
#1768 = EDGE_CURVE ( 'NONE', #961, #10499, #7603, .T. ) ;
#1769 = EDGE_CURVE ( 'NONE', #5915, #7419, #9925, .T. ) ;
#1770 = EDGE_LOOP ( 'NONE', ( #10267, #889, #3600, #3533 ) ) ;
#1771 = LINE ( 'NONE', #5875, #4965 ) ;
#1772 = VERTEX_POINT ( 'NONE', #10902 ) ;
#1773 = ORIENTED_EDGE ( 'NONE', *, *, #7353, .F. ) ;
#1774 = AXIS2_PLACEMENT_3D ( 'NONE', #6722, #723, #4200 ) ;
#1775 = VECTOR ( 'NONE', #120, 1000.000000000000000 ) ;
#1776 = CARTESIAN_POINT ( 'NONE',  ( -24.13000000000000611, 8.509000000000000341, -1.270000000000001128 ) ) ;
#1777 = EDGE_CURVE ( 'NONE', #1502, #10029, #3887, .T. ) ;
#1778 = EDGE_LOOP ( 'NONE', ( #7286, #8498, #10376, #4909 ) ) ;
#1779 = CARTESIAN_POINT ( 'NONE',  ( 13.96999999999999709, 3.110602869834277161E-16, -1.270000000000001128 ) ) ;
#1780 = LINE ( 'NONE', #6971, #8729 ) ;
#1781 = VECTOR ( 'NONE', #7388, 1000.000000000000000 ) ;
#1782 = EDGE_CURVE ( 'NONE', #6265, #5720, #5651, .T. ) ;
#1783 = CARTESIAN_POINT ( 'NONE',  ( -4.254500000000004611, 8.509000000000000341, -1.270000000000001128 ) ) ;
#1784 = PLANE ( 'NONE',  #771 ) ;
#1785 = ORIENTED_EDGE ( 'NONE', *, *, #8002, .F. ) ;
#1786 = LINE ( 'NONE', #8629, #8863 ) ;
#1787 = ORIENTED_EDGE ( 'NONE', *, *, #9787, .F. ) ;
#1788 = EDGE_CURVE ( 'NONE', #4227, #370, #6572, .T. ) ;
#1789 = CARTESIAN_POINT ( 'NONE',  ( -13.97000000000000419, 0.5080000000000000071, 0.7528818102449925664 ) ) ;
#1790 = CARTESIAN_POINT ( 'NONE',  ( -16.51000000000000512, 8.509000000000000341, 1.270000000000001128 ) ) ;
#1791 = FACE_OUTER_BOUND ( 'NONE', #4072, .T. ) ;
#1792 = DIRECTION ( 'NONE',  ( 0.000000000000000000, 0.000000000000000000, -1.000000000000000000 ) ) ;
#1793 = MANIFOLD_SOLID_BREP ( 'Chamfer1', #4641 ) ;
#1794 = LINE ( 'NONE', #5320, #11195 ) ;
#1795 = CARTESIAN_POINT ( 'NONE',  ( -16.51000000000000512, 3.110602869834277161E-16, -1.270000000000001128 ) ) ;
#1796 = ORIENTED_EDGE ( 'NONE', *, *, #3083, .T. ) ;
#1797 = CARTESIAN_POINT ( 'NONE',  ( 13.96999999999999709, 0.5080000000000000071, 0.7528818102449925664 ) ) ;
#1798 = CARTESIAN_POINT ( 'NONE',  ( 17.39899999999999736, 8.064500000000000668, 0.3809999999999960085 ) ) ;
#1799 = ORIENTED_EDGE ( 'NONE', *, *, #856, .F. ) ;
#1800 = CARTESIAN_POINT ( 'NONE',  ( 6.349999999999997868, -1.925929944387235853E-31, 0.8889999999999991243 ) ) ;
#1801 = PLANE ( 'NONE',  #398 ) ;
#1802 = LINE ( 'NONE', #8588, #7336 ) ;
#1803 = PLANE ( 'NONE',  #648 ) ;
#1804 = DIRECTION ( 'NONE',  ( 0.000000000000000000, 2.449293598294710852E-16, -1.000000000000000000 ) ) ;
#1805 = EDGE_LOOP ( 'NONE', ( #4002, #573, #1274, #195 ) ) ;
#1806 = FACE_OUTER_BOUND ( 'NONE', #11228, .T. ) ;
#1807 = DIRECTION ( 'NONE',  ( -0.7071067811865475727, -0.7071067811865475727, 0.000000000000000000 ) ) ;
#1808 = ORIENTED_EDGE ( 'NONE', *, *, #1825, .F. ) ;
#1809 = PLANE ( 'NONE',  #4363 ) ;
#1810 = MANIFOLD_SOLID_BREP ( 'LPattern1[17]', #5544 ) ;
#1811 = VERTEX_POINT ( 'NONE', #8503 ) ;
#1812 = ORIENTED_EDGE ( 'NONE', *, *, #6319, .F. ) ;
#1813 = DIRECTION ( 'NONE',  ( 0.000000000000000000, 0.000000000000000000, -1.000000000000000000 ) ) ;
#1814 = LINE ( 'NONE', #1942, #1354 ) ;
#1815 = AXIS2_PLACEMENT_3D ( 'NONE', #3067, #8307, #4929 ) ;
#1816 = DIRECTION ( 'NONE',  ( 0.000000000000000000, 1.440069553722777130E-16, -1.000000000000000000 ) ) ;
#1817 = DIRECTION ( 'NONE',  ( -0.000000000000000000, -0.7071067811865482389, -0.7071067811865469066 ) ) ;
#1818 = ORIENTED_EDGE ( 'NONE', *, *, #5808, .F. ) ;
#1819 = FACE_OUTER_BOUND ( 'NONE', #8458, .T. ) ;
#1820 = LINE ( 'NONE', #2689, #1307 ) ;
#1821 = ORIENTED_EDGE ( 'NONE', *, *, #4609, .T. ) ;
#1822 = DIRECTION ( 'NONE',  ( 0.5773502691896253980, 0.5773502691896253980, -0.5773502691896265082 ) ) ;
#1823 = VERTEX_POINT ( 'NONE', #6048 ) ;
#1824 = ORIENTED_EDGE ( 'NONE', *, *, #9492, .T. ) ;
#1825 = EDGE_CURVE ( 'NONE', #5783, #9067, #2633, .T. ) ;
#1826 = EDGE_CURVE ( 'NONE', #1019, #1591, #1710, .T. ) ;
#1827 = EDGE_CURVE ( 'NONE', #4832, #8998, #5180, .T. ) ;
#1828 = EDGE_CURVE ( 'NONE', #5137, #4013, #10259, .T. ) ;
#1829 = LINE ( 'NONE', #7941, #6307 ) ;
#1830 = ORIENTED_EDGE ( 'NONE', *, *, #7625, .T. ) ;
#1831 = CARTESIAN_POINT ( 'NONE',  ( -19.05000000000000426, 8.509000000000000341, -1.270000000000001128 ) ) ;
#1832 = DIRECTION ( 'NONE',  ( -1.000000000000000000, -0.000000000000000000, -0.000000000000000000 ) ) ;
#1833 = CARTESIAN_POINT ( 'NONE',  ( -8.890000000000005898, 0.5080000000000002292, -0.7528818102449945648 ) ) ;
#1834 = LINE ( 'NONE', #5304, #8078 ) ;
#1835 = ORIENTED_EDGE ( 'NONE', *, *, #1557, .T. ) ;
#1836 = VECTOR ( 'NONE', #3943, 1000.000000000000000 ) ;
#1837 = DIRECTION ( 'NONE',  ( -0.000000000000000000, 1.000000000000000000, 2.449293598294710852E-16 ) ) ;
#1838 = ORIENTED_EDGE ( 'NONE', *, *, #4370, .T. ) ;
#1839 = ADVANCED_FACE ( 'NONE', ( #2464 ), #9414, .F. ) ;
#1840 = VECTOR ( 'NONE', #9784, 1000.000000000000000 ) ;
#1841 = EDGE_CURVE ( 'NONE', #912, #9998, #1771, .T. ) ;
#1842 = EDGE_CURVE ( 'NONE', #6142, #2536, #5071, .T. ) ;
#1843 = LINE ( 'NONE', #3726, #10287 ) ;
#1844 = DIRECTION ( 'NONE',  ( 0.7071067811865475727, -0.7071067811865475727, 0.000000000000000000 ) ) ;
#1845 = ADVANCED_FACE ( 'NONE', ( #4228 ), #5242, .F. ) ;
#1846 = CARTESIAN_POINT ( 'NONE',  ( -24.13000000000000611, 3.110602869834277161E-16, -1.270000000000001128 ) ) ;
#1847 = DIRECTION ( 'NONE',  ( 0.000000000000000000, 0.000000000000000000, 1.000000000000000000 ) ) ;
#1848 = VECTOR ( 'NONE', #11075, 1000.000000000000000 ) ;
#1849 = CARTESIAN_POINT ( 'NONE',  ( -0.3810000000000000053, -2.692399999999995686, 0.000000000000000000 ) ) ;
#1850 = DIRECTION ( 'NONE',  ( 0.000000000000000000, 1.000000000000000000, 1.733406087350420004E-16 ) ) ;
#1851 = ORIENTED_EDGE ( 'NONE', *, *, #9559, .F. ) ;
#1852 = ADVANCED_FACE ( 'NONE', ( #2057 ), #2912, .F. ) ;
#1853 = DIRECTION ( 'NONE',  ( -0.000000000000000000, 0.000000000000000000, -1.000000000000000000 ) ) ;
#1854 = CARTESIAN_POINT ( 'NONE',  ( -3.810000000000004494, 3.110602869834277161E-16, -1.270000000000001128 ) ) ;
#1855 = VECTOR ( 'NONE', #1087, 1000.000000000000000 ) ;
#1856 = ORIENTED_EDGE ( 'NONE', *, *, #3516, .F. ) ;
#1857 = FACE_OUTER_BOUND ( 'NONE', #5982, .T. ) ;
#1858 = PRESENTATION_LAYER_ASSIGNMENT (  '', '', ( #6786 ) ) ;
#1859 = CONTEXT_DEPENDENT_SHAPE_REPRESENTATION ( #6336, #9267 ) ;
#1860 = CARTESIAN_POINT ( 'NONE',  ( 6.349999999999997868, 8.509000000000000341, 1.270000000000001128 ) ) ;
#1861 = CARTESIAN_POINT ( 'NONE',  ( -2.921000000000003372, 7.239000000000000767, -0.3810000000000028919 ) ) ;
#1862 = AXIS2_PLACEMENT_3D ( 'NONE', #2506, #9450, #8593 ) ;
#1863 = DIRECTION ( 'NONE',  ( 0.000000000000000000, -0.7071067811865484609, 0.7071067811865465735 ) ) ;
#1864 = EDGE_LOOP ( 'NONE', ( #3150, #9581, #4162, #5282 ) ) ;
#1865 = EDGE_CURVE ( 'NONE', #1549, #6535, #9748, .T. ) ;
#1866 = CARTESIAN_POINT ( 'NONE',  ( 14.41449999999999676, 8.509000000000000341, 0.8254999999999976801 ) ) ;
#1867 = PLANE ( 'NONE',  #1704 ) ;
#1868 = EDGE_LOOP ( 'NONE', ( #9466, #11182, #7348, #635 ) ) ;
#1869 = PLANE ( 'NONE',  #10738 ) ;
#1870 = VERTEX_POINT ( 'NONE', #3705 ) ;
#1871 = VECTOR ( 'NONE', #2354, 1000.000000000000000 ) ;
#1872 = VERTEX_POINT ( 'NONE', #7876 ) ;
#1873 = CARTESIAN_POINT ( 'NONE',  ( -12.31900000000000617, 7.239000000000000767, 0.3809999999999958975 ) ) ;
#1874 = CARTESIAN_POINT ( 'NONE',  ( 6.349999999999997868, 8.509000000000000341, 1.270000000000001128 ) ) ;
#1875 = VECTOR ( 'NONE', #7717, 999.9999999999998863 ) ;
#1876 = DIRECTION ( 'NONE',  ( 0.000000000000000000, 0.000000000000000000, 1.000000000000000000 ) ) ;
#1877 = DIRECTION ( 'NONE',  ( 0.5773502691896252870, -0.5773502691896251759, -0.5773502691896267303 ) ) ;
#1878 = DIRECTION ( 'NONE',  ( -1.000000000000000000, -0.000000000000000000, -0.000000000000000000 ) ) ;
#1879 =( REPRESENTATION_RELATIONSHIP ('NONE','NONE', #5926, #187 ) REPRESENTATION_RELATIONSHIP_WITH_TRANSFORMATION ( #6138 )SHAPE_REPRESENTATION_RELATIONSHIP( ) );
#1880 = ORIENTED_EDGE ( 'NONE', *, *, #111, .T. ) ;
#1881 = ADVANCED_FACE ( 'NONE', ( #9810 ), #5419, .T. ) ;
#1882 = CARTESIAN_POINT ( 'NONE',  ( -0.1961031209927693308, -3.200400000000000134, 0.2032000000000001583 ) ) ;
#1883 = CARTESIAN_POINT ( 'NONE',  ( 6.349999999999994316, -1.925929944387235853E-31, 0.8889999999999991243 ) ) ;
#1884 = VECTOR ( 'NONE', #7692, 1000.000000000000114 ) ;
#1885 = ORIENTED_EDGE ( 'NONE', *, *, #5311, .T. ) ;
#1886 = VERTEX_POINT ( 'NONE', #2693 ) ;
#1887 = VECTOR ( 'NONE', #7599, 1000.000000000000000 ) ;
#1888 = VERTEX_POINT ( 'NONE', #8895 ) ;
#1889 = ORIENTED_EDGE ( 'NONE', *, *, #1826, .F. ) ;
#1890 = VECTOR ( 'NONE', #10860, 1000.000000000000000 ) ;
#1891 = EDGE_CURVE ( 'NONE', #10737, #7916, #1193, .T. ) ;
#1892 = PLANE ( 'NONE',  #9930 ) ;
#1893 = ORIENTED_EDGE ( 'NONE', *, *, #5666, .F. ) ;
#1894 = DIRECTION ( 'NONE',  ( -0.000000000000000000, 1.000000000000000000, 1.733406087350420004E-16 ) ) ;
#1895 = DIRECTION ( 'NONE',  ( 0.000000000000000000, 1.000000000000000000, -5.054934237236841843E-31 ) ) ;
#1896 = EDGE_CURVE ( 'NONE', #6664, #3585, #85, .T. ) ;
#1897 = CARTESIAN_POINT ( 'NONE',  ( 22.03449999999999775, 8.509000000000000341, -1.270000000000001128 ) ) ;
#1898 = FACE_OUTER_BOUND ( 'NONE', #2466, .T. ) ;
#1899 = ORIENTED_EDGE ( 'NONE', *, *, #2710, .T. ) ;
#1900 = CLOSED_SHELL ( 'NONE', ( #3789, #5868, #7952, #9794, #5940, #3243, #3108, #10118, #10131, #2937, #738, #8580, #1938, #7772, #3908, #6992, #6282, #1215, #3930 ) ) ;
#1901 = EDGE_CURVE ( 'NONE', #7341, #6349, #2746, .T. ) ;
#1902 = CARTESIAN_POINT ( 'NONE',  ( 0.1961031209927693864, -3.200400000000000134, -0.2032000000000001583 ) ) ;
#1903 = ORIENTED_EDGE ( 'NONE', *, *, #8726, .T. ) ;
#1904 = DIRECTION ( 'NONE',  ( -1.000000000000000000, -0.000000000000000000, -0.000000000000000000 ) ) ;
#1905 = FACE_BOUND ( 'NONE', #5009, .T. ) ;
#1906 = ORIENTED_EDGE ( 'NONE', *, *, #6928, .T. ) ;
#1907 = DIRECTION ( 'NONE',  ( -1.000000000000000000, -0.000000000000000000, -0.000000000000000000 ) ) ;
#1908 = DIRECTION ( 'NONE',  ( 0.5773502691896253980, 0.5773502691896253980, -0.5773502691896265082 ) ) ;
#1909 = EDGE_CURVE ( 'NONE', #7105, #9664, #2803, .T. ) ;
#1910 = VECTOR ( 'NONE', #9901, 1000.000000000000000 ) ;
#1911 = CARTESIAN_POINT ( 'NONE',  ( -0.3810000000000028919, 8.064500000000000668, -0.3810000000000027809 ) ) ;
#1912 = CARTESIAN_POINT ( 'NONE',  ( -24.13000000000000611, -1.925929944387235853E-31, 0.8889999999999991243 ) ) ;
#1913 = EDGE_CURVE ( 'NONE', #10200, #748, #10662, .T. ) ;
#1914 = EDGE_CURVE ( 'NONE', #6829, #5016, #8840, .T. ) ;
#1915 = CARTESIAN_POINT ( 'NONE',  ( 4.698999999999998067, 8.064500000000000668, 0.3809999999999960085 ) ) ;
#1916 = PLANE ( 'NONE',  #8938 ) ;
#1917 = AXIS2_PLACEMENT_3D ( 'NONE', #4936, #11049, #2386 ) ;
#1918 = ORIENTED_EDGE ( 'NONE', *, *, #6610, .T. ) ;
#1919 = VECTOR ( 'NONE', #8688, 1000.000000000000000 ) ;
#1920 = LINE ( 'NONE', #7287, #4545 ) ;
#1921 = CARTESIAN_POINT ( 'NONE',  ( 11.42999999999999616, -1.925929944387235853E-31, 0.8889999999999991243 ) ) ;
#1922 = DIRECTION ( 'NONE',  ( -1.000000000000000000, 0.000000000000000000, 0.000000000000000000 ) ) ;
#1923 = CARTESIAN_POINT ( 'NONE',  ( -1.270000000000003793, 0.5080000000000000071, 0.7528818102449925664 ) ) ;
#1924 = VECTOR ( 'NONE', #2944, 1000.000000000000114 ) ;
#1925 = DIRECTION ( 'NONE',  ( 0.000000000000000000, -1.000000000000000000, 0.000000000000000000 ) ) ;
#1926 = ORIENTED_EDGE ( 'NONE', *, *, #2038, .T. ) ;
#1927 = DIRECTION ( 'NONE',  ( 0.000000000000000000, 2.449293598294710852E-16, -1.000000000000000000 ) ) ;
#1928 = AXIS2_PLACEMENT_3D ( 'NONE', #8128, #9603, #6356 ) ;
#1929 = ADVANCED_FACE ( 'NONE', ( #978 ), #4566, .F. ) ;
#1930 = VECTOR ( 'NONE', #9473, 1000.000000000000000 ) ;
#1931 = LINE ( 'NONE', #5449, #4431 ) ;
#1932 = ORIENTED_EDGE ( 'NONE', *, *, #10971, .T. ) ;
#1933 = CARTESIAN_POINT ( 'NONE',  ( -8.890000000000004121, 8.509000000000000341, -1.270000000000001128 ) ) ;
#1934 = MANIFOLD_SOLID_BREP ( 'LPattern1[13]', #6643 ) ;
#1935 = ORIENTED_EDGE ( 'NONE', *, *, #8318, .F. ) ;
#1936 = EDGE_LOOP ( 'NONE', ( #1435, #1210, #7920, #4701 ) ) ;
#1937 = AXIS2_PLACEMENT_3D ( 'NONE', #4079, #4813, #9432 ) ;
#1938 = ADVANCED_FACE ( 'NONE', ( #3650 ), #7203, .F. ) ;
#1939 = EDGE_CURVE ( 'NONE', #5734, #10806, #8948, .T. ) ;
#1940 = MECHANICAL_DESIGN_GEOMETRIC_PRESENTATION_REPRESENTATION (  '', ( #5386 ), #11218 ) ;
#1941 = DIRECTION ( 'NONE',  ( 0.000000000000000000, 1.733406087350420004E-16, -1.000000000000000000 ) ) ;
#1942 = CARTESIAN_POINT ( 'NONE',  ( 13.96999999999999709, 8.509000000000000341, 1.270000000000001128 ) ) ;
#1943 =( NAMED_UNIT ( * ) SI_UNIT ( $, .STERADIAN. ) SOLID_ANGLE_UNIT ( ) );
#1944 = LINE ( 'NONE', #6270, #2492 ) ;
#1945 = CARTESIAN_POINT ( 'NONE',  ( 24.12999999999999901, 8.509000000000000341, 1.270000000000001128 ) ) ;
#1946 = ORIENTED_EDGE ( 'NONE', *, *, #7690, .F. ) ;
#1947 = CARTESIAN_POINT ( 'NONE',  ( 5.905499999999997307, 8.509000000000000341, -0.8255000000000041194 ) ) ;
#1948 = DIRECTION ( 'NONE',  ( -1.000000000000000000, 0.000000000000000000, 0.000000000000000000 ) ) ;
#1949 = ORIENTED_EDGE ( 'NONE', *, *, #9393, .F. ) ;
#1950 =( NAMED_UNIT ( * ) SI_UNIT ( $, .STERADIAN. ) SOLID_ANGLE_UNIT ( ) );
#1951 = ORIENTED_EDGE ( 'NONE', *, *, #10833, .T. ) ;
#1952 = VECTOR ( 'NONE', #2247, 1000.000000000000000 ) ;
#1953 = ORIENTED_EDGE ( 'NONE', *, *, #8647, .T. ) ;
#1954 = ORIENTED_EDGE ( 'NONE', *, *, #6465, .F. ) ;
#1955 = VECTOR ( 'NONE', #1997, 1000.000000000000000 ) ;
#1956 = PLANE ( 'NONE',  #3027 ) ;
#1957 = ORIENTED_EDGE ( 'NONE', *, *, #5255, .T. ) ;
#1958 = DIRECTION ( 'NONE',  ( -1.000000000000000000, 0.000000000000000000, 0.000000000000000000 ) ) ;
#1959 = CARTESIAN_POINT ( 'NONE',  ( 24.13000000000000611, 0.5080000000000002292, -0.7528818102449945648 ) ) ;
#1960 = CARTESIAN_POINT ( 'NONE',  ( -0.3810000000000028919, 7.239000000000000767, 0.3809999999999958975 ) ) ;
#1961 = DIRECTION ( 'NONE',  ( -0.000000000000000000, 1.000000000000000000, 1.733406087350420004E-16 ) ) ;
#1962 = EDGE_LOOP ( 'NONE', ( #5032, #5886, #5409, #8712, #5584, #2359, #8446, #3569 ) ) ;
#1963 = AXIS2_PLACEMENT_3D ( 'NONE', #9444, #5796, #3123 ) ;
#1964 = AXIS2_PLACEMENT_3D ( 'NONE', #898, #4436, #5275 ) ;
#1965 = ORIENTED_EDGE ( 'NONE', *, *, #8526, .F. ) ;
#1966 = DIRECTION ( 'NONE',  ( -0.000000000000000000, 0.000000000000000000, -1.000000000000000000 ) ) ;
#1967 = DIRECTION ( 'NONE',  ( 0.000000000000000000, -0.000000000000000000, -1.000000000000000000 ) ) ;
#1968 = AXIS2_PLACEMENT_3D ( 'NONE', #2258, #11144, #4082 ) ;
#1969 = LINE ( 'NONE', #2932, #6972 ) ;
#1970 = DIRECTION ( 'NONE',  ( -0.5773502691896252870, -0.5773502691896251759, -0.5773502691896267303 ) ) ;
#1971 = DIRECTION ( 'NONE',  ( -1.000000000000000000, -0.000000000000000000, -0.000000000000000000 ) ) ;
#1972 = CARTESIAN_POINT ( 'NONE',  ( -23.24100000000000321, 7.239000000000000767, -0.3810000000000028919 ) ) ;
#1973 = CARTESIAN_POINT ( 'NONE',  ( -2.921000000000003372, 7.239000000000000767, 0.3809999999999958975 ) ) ;
#1974 = CARTESIAN_POINT ( 'NONE',  ( 19.04999999999999716, 0.5080000000000000071, 0.7528818102449925664 ) ) ;
#1975 = VERTEX_POINT ( 'NONE', #10135 ) ;
#1976 = EDGE_CURVE ( 'NONE', #10337, #7099, #5639, .T. ) ;
#1977 = EDGE_CURVE ( 'NONE', #9199, #4452, #4835, .T. ) ;
#1978 = CARTESIAN_POINT ( 'NONE',  ( -11.43000000000000504, 8.509000000000000341, 0.8254999999999976801 ) ) ;
#1979 = EDGE_CURVE ( 'NONE', #7126, #6895, #9912, .T. ) ;
#1980 = FACE_OUTER_BOUND ( 'NONE', #10301, .T. ) ;
#1981 = DIRECTION ( 'NONE',  ( 1.000000000000000000, 0.000000000000000000, 0.000000000000000000 ) ) ;
#1982 = SURFACE_STYLE_FILL_AREA ( #2033 ) ;
#1983 = DIRECTION ( 'NONE',  ( 0.000000000000000000, 0.9659258262890700886, -0.2588190451025140781 ) ) ;
#1984 = ORIENTED_EDGE ( 'NONE', *, *, #7894, .F. ) ;
#1985 = LINE ( 'NONE', #6945, #7513 ) ;
#1986 = EDGE_CURVE ( 'NONE', #1441, #961, #8268, .T. ) ;
#1987 = PLANE ( 'NONE',  #2432 ) ;
#1988 = ORIENTED_EDGE ( 'NONE', *, *, #6610, .F. ) ;
#1989 = CARTESIAN_POINT ( 'NONE',  ( 4.698999999999998067, 7.239000000000000767, 0.3809999999999958975 ) ) ;
#1990 = VERTEX_POINT ( 'NONE', #3023 ) ;
#1991 = ORIENTED_EDGE ( 'NONE', *, *, #11240, .T. ) ;
#1992 = SURFACE_SIDE_STYLE ('',( #3694 ) ) ;
#1993 = CARTESIAN_POINT ( 'NONE',  ( -8.890000000000004121, -1.925929944387235853E-31, 0.8889999999999991243 ) ) ;
#1994 = LINE ( 'NONE', #1126, #2098 ) ;
#1995 = LINE ( 'NONE', #2904, #57 ) ;
#1996 =( NAMED_UNIT ( * ) PLANE_ANGLE_UNIT ( ) SI_UNIT ( $, .RADIAN. ) );
#1997 = DIRECTION ( 'NONE',  ( 1.000000000000000000, 0.000000000000000000, 0.000000000000000000 ) ) ;
#1998 = VERTEX_POINT ( 'NONE', #2338 ) ;
#1999 = VECTOR ( 'NONE', #5677, 1000.000000000000114 ) ;
#2000 = CARTESIAN_POINT ( 'NONE',  ( 22.47899999999999920, 7.239000000000000767, 0.3809999999999958975 ) ) ;
#2001 = DIRECTION ( 'NONE',  ( -1.000000000000000000, 0.000000000000000000, -0.000000000000000000 ) ) ;
#2002 = EDGE_CURVE ( 'NONE', #8962, #4386, #517, .T. ) ;
#2003 = ORIENTED_EDGE ( 'NONE', *, *, #1334, .F. ) ;
#2004 = ADVANCED_FACE ( 'NONE', ( #8371 ), #8321, .F. ) ;
#2005 = ORIENTED_EDGE ( 'NONE', *, *, #4762, .F. ) ;
#2006 = VECTOR ( 'NONE', #3272, 1000.000000000000000 ) ;
#2007 = ORIENTED_EDGE ( 'NONE', *, *, #9393, .T. ) ;
#2008 = EDGE_LOOP ( 'NONE', ( #7835, #9288, #3370, #1835 ) ) ;
#2009 = DIRECTION ( 'NONE',  ( 0.000000000000000000, -1.000000000000000000, -1.733406087350420004E-16 ) ) ;
#2010 = DIRECTION ( 'NONE',  ( 0.5773502691896252870, -0.5773502691896251759, -0.5773502691896267303 ) ) ;
#2011 = VERTEX_POINT ( 'NONE', #409 ) ;
#2012 = PLANE ( 'NONE',  #615 ) ;
#2013 = FACE_OUTER_BOUND ( 'NONE', #3631, .T. ) ;
#2014 = CARTESIAN_POINT ( 'NONE',  ( -24.38400000000000745, 2.177422008883992879E-16, -0.8890000000000013447 ) ) ;
#2015 = PRESENTATION_STYLE_ASSIGNMENT (( #10677 ) ) ;
#2016 = AXIS2_PLACEMENT_3D ( 'NONE', #7298, #6488, #9897 ) ;
#2017 = ADVANCED_FACE ( 'NONE', ( #5752 ), #9062, .F. ) ;
#2018 = EDGE_LOOP ( 'NONE', ( #6589, #10320, #11237, #9645 ) ) ;
#2019 = EDGE_LOOP ( 'NONE', ( #10, #10170, #2862, #881 ) ) ;
#2020 = CARTESIAN_POINT ( 'NONE',  ( 13.96999999999999709, 2.177422008883992879E-16, -0.8890000000000013447 ) ) ;
#2021 = CARTESIAN_POINT ( 'NONE',  ( 24.13000000000000611, 3.110602869834277161E-16, -1.270000000000001128 ) ) ;
#2022 = FACE_OUTER_BOUND ( 'NONE', #4257, .T. ) ;
#2023 = AXIS2_PLACEMENT_3D ( 'NONE', #9820, #4852, #3826 ) ;
#2024 = LINE ( 'NONE', #10574, #3375 ) ;
#2025 = FACE_OUTER_BOUND ( 'NONE', #4350, .T. ) ;
#2026 = DIRECTION ( 'NONE',  ( -1.000000000000000000, -0.000000000000000000, -0.000000000000000000 ) ) ;
#2027 = ORIENTED_EDGE ( 'NONE', *, *, #413, .T. ) ;
#2028 = DIRECTION ( 'NONE',  ( -0.000000000000000000, 0.000000000000000000, -1.000000000000000000 ) ) ;
#2029 =( REPRESENTATION_RELATIONSHIP ('NONE','NONE', #5926, #187 ) REPRESENTATION_RELATIONSHIP_WITH_TRANSFORMATION ( #5328 )SHAPE_REPRESENTATION_RELATIONSHIP( ) );
#2030 = CARTESIAN_POINT ( 'NONE',  ( -2.921000000000003372, 8.064500000000000668, 0.3809999999999960085 ) ) ;
#2031 = VECTOR ( 'NONE', #7624, 1000.000000000000000 ) ;
#2032 = EDGE_CURVE ( 'NONE', #288, #8615, #2969, .T. ) ;
#2033 = FILL_AREA_STYLE ('',( #9786 ) ) ;
#2034 = LINE ( 'NONE', #7394, #6875 ) ;
#2035 = VERTEX_POINT ( 'NONE', #4894 ) ;
#2037 = EDGE_CURVE ( 'NONE', #1755, #7089, #4038, .T. ) ;
#2036 = CARTESIAN_POINT ( 'NONE',  ( -15.62100000000000399, 7.239000000000000767, 0.3809999999999958975 ) ) ;
#2038 = EDGE_CURVE ( 'NONE', #3585, #4854, #6618, .T. ) ;
#2039 = CARTESIAN_POINT ( 'NONE',  ( -13.97000000000000419, 8.509000000000000341, -0.8255000000000041194 ) ) ;
#2040 = ORIENTED_EDGE ( 'NONE', *, *, #4359, .F. ) ;
#2041 = LINE ( 'NONE', #4663, #4900 ) ;
#2042 = EDGE_CURVE ( 'NONE', #3220, #4921, #1249, .T. ) ;
#2043 = VECTOR ( 'NONE', #4474, 1000.000000000000000 ) ;
#2044 = ORIENTED_EDGE ( 'NONE', *, *, #6991, .T. ) ;
#2045 = ORIENTED_EDGE ( 'NONE', *, *, #6649, .F. ) ;
#2046 = VECTOR ( 'NONE', #445, 1000.000000000000114 ) ;
#2047 = DIRECTION ( 'NONE',  ( 0.000000000000000000, 0.000000000000000000, 1.000000000000000000 ) ) ;
#2048 = PLANE ( 'NONE',  #8643 ) ;
#2049 = FILL_AREA_STYLE_COLOUR ( '', #8594 ) ;
#2050 = CARTESIAN_POINT ( 'NONE',  ( -24.38400000000000745, 3.110602869834277161E-16, -1.270000000000001128 ) ) ;
#2051 = VECTOR ( 'NONE', #3920, 1000.000000000000000 ) ;
#2052 = CARTESIAN_POINT ( 'NONE',  ( -18.16100000000000492, 8.064500000000000668, 0.3809999999999958975 ) ) ;
#2053 = VERTEX_POINT ( 'NONE', #2167 ) ;
#2054 = CARTESIAN_POINT ( 'NONE',  ( -1.270000000000003793, 2.177422008883992879E-16, -0.8890000000000013447 ) ) ;
#2055 = PLANE ( 'NONE',  #6600 ) ;
#2056 = VERTEX_POINT ( 'NONE', #6503 ) ;
#2057 = FACE_OUTER_BOUND ( 'NONE', #6729, .T. ) ;
#2058 = EDGE_CURVE ( 'NONE', #801, #4040, #361, .T. ) ;
#2059 = ORIENTED_EDGE ( 'NONE', *, *, #6858, .T. ) ;
#2060 = EDGE_CURVE ( 'NONE', #8374, #2748, #10014, .T. ) ;
#2061 = AXIS2_PLACEMENT_3D ( 'NONE', #10790, #205, #8065 ) ;
#2062 = ORIENTED_EDGE ( 'NONE', *, *, #4428, .F. ) ;
#2063 = ORIENTED_EDGE ( 'NONE', *, *, #995, .T. ) ;
#2064 = VECTOR ( 'NONE', #2766, 1000.000000000000000 ) ;
#2065 = DIRECTION ( 'NONE',  ( 0.7071067811865475727, -0.7071067811865475727, 0.000000000000000000 ) ) ;
#2066 = LINE ( 'NONE', #5535, #4668 ) ;
#2067 = VECTOR ( 'NONE', #7530, 1000.000000000000000 ) ;
#2068 = ORIENTED_EDGE ( 'NONE', *, *, #2694, .F. ) ;
#2069 = CARTESIAN_POINT ( 'NONE',  ( 8.889999999999995239, 8.509000000000000341, 1.270000000000001128 ) ) ;
#2070 = CARTESIAN_POINT ( 'NONE',  ( -13.97000000000000419, 0.000000000000000000, 1.269999999999998908 ) ) ;
#2071 = AXIS2_PLACEMENT_3D ( 'NONE', #2127, #8332, #5704 ) ;
#2072 = ORIENTED_EDGE ( 'NONE', *, *, #5606, .F. ) ;
#2073 = DIRECTION ( 'NONE',  ( 0.000000000000000000, 0.2588190451025145222, -0.9659258262890699775 ) ) ;
#2074 = ORIENTED_EDGE ( 'NONE', *, *, #2468, .F. ) ;
#2075 = EDGE_CURVE ( 'NONE', #10483, #4024, #11000, .T. ) ;
#2076 = EDGE_LOOP ( 'NONE', ( #423, #5310, #2101, #7029 ) ) ;
#2077 = AXIS2_PLACEMENT_3D ( 'NONE', #1394, #4879, #5731 ) ;
#2078 = AXIS2_PLACEMENT_3D ( 'NONE', #8441, #5068, #4282 ) ;
#2079 = EDGE_CURVE ( 'NONE', #7099, #8943, #3871, .T. ) ;
#2080 = CARTESIAN_POINT ( 'NONE',  ( 7.238999999999995438, 8.064500000000000668, 0.3809999999999958975 ) ) ;
#2081 = CARTESIAN_POINT ( 'NONE',  ( 0.1269999999999951723, 7.810500000000000220, -0.1270000000000024998 ) ) ;
#2082 = EDGE_LOOP ( 'NONE', ( #3773, #5755, #8326, #3873 ) ) ;
#2083 = CARTESIAN_POINT ( 'NONE',  ( 4.698999999999998067, 8.064500000000000668, 0.3809999999999960085 ) ) ;
#2084 = CLOSED_SHELL ( 'NONE', ( #4345, #4819, #2419, #4214, #3692, #6389, #10348, #152, #7635, #7222, #5569, #8885, #7986, #3080, #4060, #4639, #10954, #3787, #2360 ) ) ;
#2085 = CARTESIAN_POINT ( 'NONE',  ( -6.350000000000004974, 0.000000000000000000, 1.269999999999998908 ) ) ;
#2086 = LINE ( 'NONE', #6360, #9588 ) ;
#2087 = VECTOR ( 'NONE', #665, 1000.000000000000000 ) ;
#2088 = DIRECTION ( 'NONE',  ( -0.000000000000000000, 0.000000000000000000, -1.000000000000000000 ) ) ;
#2089 = EDGE_LOOP ( 'NONE', ( #822, #3711, #6092, #3079 ) ) ;
#2090 = CARTESIAN_POINT ( 'NONE',  ( -24.13000000000000611, 0.5080000000000000071, 0.7528818102449925664 ) ) ;
#2091 = CARTESIAN_POINT ( 'NONE',  ( 13.52549999999999564, 8.509000000000000341, 0.8254999999999976801 ) ) ;
#2092 = FACE_OUTER_BOUND ( 'NONE', #2439, .T. ) ;
#2093 = CARTESIAN_POINT ( 'NONE',  ( -18.16100000000000492, 8.064500000000000668, 0.3809999999999960085 ) ) ;
#2094 = CARTESIAN_POINT ( 'NONE',  ( 3.809999999999997389, -1.925929944387235853E-31, 0.8889999999999991243 ) ) ;
#2095 = ORIENTED_EDGE ( 'NONE', *, *, #7014, .T. ) ;
#2096 = DIRECTION ( 'NONE',  ( -1.000000000000000000, -0.000000000000000000, -0.000000000000000000 ) ) ;
#2097 = CARTESIAN_POINT ( 'NONE',  ( -2.159000000000004693, 8.064500000000000668, 0.3809999999999958975 ) ) ;
#2098 = VECTOR ( 'NONE', #7253, 1000.000000000000000 ) ;
#2099 = LINE ( 'NONE', #7457, #7475 ) ;
#2100 = VECTOR ( 'NONE', #5148, 1000.000000000000000 ) ;
#2101 = ORIENTED_EDGE ( 'NONE', *, *, #4722, .F. ) ;
#2102 = ORIENTED_EDGE ( 'NONE', *, *, #5880, .T. ) ;
#2103 = CARTESIAN_POINT ( 'NONE',  ( 0.000000000000000000, 0.000000000000000000, 0.000000000000000000 ) ) ;
#2104 = CARTESIAN_POINT ( 'NONE',  ( -2.159000000000004693, 8.064500000000000668, -0.3810000000000027809 ) ) ;
#2105 = AXIS2_PLACEMENT_3D ( 'NONE', #7806, #60, #8818 ) ;
#2106 = DIRECTION ( 'NONE',  ( -1.000000000000000000, -0.000000000000000000, -0.000000000000000000 ) ) ;
#2107 = DIRECTION ( 'NONE',  ( -1.000000000000000000, -0.000000000000000000, -0.000000000000000000 ) ) ;
#2108 = CARTESIAN_POINT ( 'NONE',  ( 19.04999999999999716, -1.925929944387235853E-31, 0.8889999999999991243 ) ) ;
#2109 = ORIENTED_EDGE ( 'NONE', *, *, #8379, .F. ) ;
#2110 = DIRECTION ( 'NONE',  ( -1.000000000000000000, -0.000000000000000000, -0.000000000000000000 ) ) ;
#2111 = CARTESIAN_POINT ( 'NONE',  ( -6.350000000000004974, 0.5080000000000002292, -0.7528818102449945648 ) ) ;
#2112 = EDGE_LOOP ( 'NONE', ( #2044, #8139, #8920, #11058, #1706, #2523, #9502, #8793 ) ) ;
#2113 = CARTESIAN_POINT ( 'NONE',  ( 24.38400000000000745, 0.000000000000000000, 1.269999999999998908 ) ) ;
#2114 = EDGE_LOOP ( 'NONE', ( #3827, #5070, #9781, #5289 ) ) ;
#2115 = DIRECTION ( 'NONE',  ( 1.000000000000000000, -0.000000000000000000, -0.000000000000000000 ) ) ;
#2116 = ORIENTED_EDGE ( 'NONE', *, *, #3376, .F. ) ;
#2117 = AXIS2_PLACEMENT_3D ( 'NONE', #3323, #6912, #6808 ) ;
#2118 = ORIENTED_EDGE ( 'NONE', *, *, #8061, .T. ) ;
#2119 = VECTOR ( 'NONE', #6737, 1000.000000000000000 ) ;
#2120 = EDGE_CURVE ( 'NONE', #1155, #4640, #7364, .T. ) ;
#2121 = ADVANCED_FACE ( 'NONE', ( #1356 ), #2279, .F. ) ;
#2122 = DIRECTION ( 'NONE',  ( -1.000000000000000000, -0.000000000000000000, -0.000000000000000000 ) ) ;
#2123 = DIRECTION ( 'NONE',  ( -1.000000000000000000, 0.000000000000000000, 0.000000000000000000 ) ) ;
#2124 = EDGE_CURVE ( 'NONE', #6895, #1888, #682, .T. ) ;
#2125 = EDGE_CURVE ( 'NONE', #404, #10073, #11057, .T. ) ;
#2126 = VERTEX_POINT ( 'NONE', #1586 ) ;
#2127 = CARTESIAN_POINT ( 'NONE',  ( 11.42999999999999616, 0.5080000000000002292, -0.7528818102449945648 ) ) ;
#2128 = CARTESIAN_POINT ( 'NONE',  ( 16.50999999999999801, -1.925929944387235853E-31, 0.8889999999999991243 ) ) ;
#2129 = VECTOR ( 'NONE', #1877, 1000.000000000000114 ) ;
#2130 = ORIENTED_EDGE ( 'NONE', *, *, #5593, .F. ) ;
#2131 = DIRECTION ( 'NONE',  ( 0.000000000000000000, 0.000000000000000000, 1.000000000000000000 ) ) ;
#2132 = ORIENTED_EDGE ( 'NONE', *, *, #10353, .F. ) ;
#2133 = ORIENTED_EDGE ( 'NONE', *, *, #8141, .F. ) ;
#2134 = VECTOR ( 'NONE', #8013, 1000.000000000000000 ) ;
#2135 = DIRECTION ( 'NONE',  ( 0.000000000000000000, 1.000000000000000000, 0.000000000000000000 ) ) ;
#2136 = FACE_OUTER_BOUND ( 'NONE', #6840, .T. ) ;
#2137 = VERTEX_POINT ( 'NONE', #2449 ) ;
#2138 = PLANE ( 'NONE',  #6067 ) ;
#2139 = COLOUR_RGB ( '',0.7921568627450980005, 0.8196078431372548767, 0.9333333333333333481 ) ;
#2140 = AXIS2_PLACEMENT_3D ( 'NONE', #8692, #9607, #1792 ) ;
#2141 = DIRECTION ( 'NONE',  ( -1.000000000000000000, -0.000000000000000000, -0.000000000000000000 ) ) ;
#2142 = DIRECTION ( 'NONE',  ( 0.000000000000000000, 2.548365665731588345E-16, -1.000000000000000000 ) ) ;
#2143 = DIRECTION ( 'NONE',  ( -1.000000000000000000, 0.000000000000000000, 0.000000000000000000 ) ) ;
#2144 = ADVANCED_FACE ( 'NONE', ( #4100 ), #6894, .F. ) ;
#2145 = ORIENTED_EDGE ( 'NONE', *, *, #7489, .T. ) ;
#2146 = VECTOR ( 'NONE', #9729, 1000.000000000000000 ) ;
#2147 = DIRECTION ( 'NONE',  ( -1.000000000000000000, -0.000000000000000000, -0.000000000000000000 ) ) ;
#2148 = CARTESIAN_POINT ( 'NONE',  ( -15.62100000000000399, 7.239000000000000767, -0.3810000000000028919 ) ) ;
#2149 =( NAMED_UNIT ( * ) PLANE_ANGLE_UNIT ( ) SI_UNIT ( $, .RADIAN. ) );
#2150 = DIRECTION ( 'NONE',  ( -1.000000000000000000, -0.000000000000000000, -0.000000000000000000 ) ) ;
#2151 = VERTEX_POINT ( 'NONE', #789 ) ;
#2152 = LINE ( 'NONE', #6484, #4043 ) ;
#2153 = DIRECTION ( 'NONE',  ( 0.000000000000000000, 0.000000000000000000, -1.000000000000000000 ) ) ;
#2154 = EDGE_CURVE ( 'NONE', #7916, #8695, #4268, .T. ) ;
#2155 = LINE ( 'NONE', #10984, #10368 ) ;
#2156 = VERTEX_POINT ( 'NONE', #2508 ) ;
#2157 = ORIENTED_EDGE ( 'NONE', *, *, #4693, .F. ) ;
#2158 = DIRECTION ( 'NONE',  ( 0.000000000000000000, 0.000000000000000000, 1.000000000000000000 ) ) ;
#2159 = CARTESIAN_POINT ( 'NONE',  ( -8.890000000000005898, 0.000000000000000000, 1.269999999999998908 ) ) ;
#2160 = CARTESIAN_POINT ( 'NONE',  ( 8.889999999999995239, 8.509000000000000341, -1.270000000000001128 ) ) ;
#2161 = DIRECTION ( 'NONE',  ( -0.5773502691896252870, -0.5773502691896251759, -0.5773502691896267303 ) ) ;
#2162 = SURFACE_STYLE_USAGE ( .BOTH. , #4614 ) ;
#2163 = DIRECTION ( 'NONE',  ( -0.000000000000000000, -0.7071067811865482389, -0.7071067811865469066 ) ) ;
#2164 = ORIENTED_EDGE ( 'NONE', *, *, #257, .F. ) ;
#2165 = DIRECTION ( 'NONE',  ( 0.5773502691896252870, -0.5773502691896251759, -0.5773502691896267303 ) ) ;
#2166 = ORIENTED_EDGE ( 'NONE', *, *, #5042, .T. ) ;
#2167 = CARTESIAN_POINT ( 'NONE',  ( -11.43000000000000504, 8.509000000000000341, 1.270000000000001128 ) ) ;
#2168 = ORIENTED_EDGE ( 'NONE', *, *, #10336, .F. ) ;
#2169 = DIRECTION ( 'NONE',  ( -0.000000000000000000, 0.000000000000000000, -1.000000000000000000 ) ) ;
#2170 = VERTEX_POINT ( 'NONE', #5858 ) ;
#2171 = EDGE_LOOP ( 'NONE', ( #3064, #4510, #9453, #681 ) ) ;
#2172 = DIRECTION ( 'NONE',  ( 1.000000000000000000, 0.000000000000000000, 0.000000000000000000 ) ) ;
#2173 = DIRECTION ( 'NONE',  ( 0.000000000000000000, 1.000000000000000000, 0.000000000000000000 ) ) ;
#2174 = DIRECTION ( 'NONE',  ( 0.000000000000000000, -2.449293598294710852E-16, 1.000000000000000000 ) ) ;
#2175 = VERTEX_POINT ( 'NONE', #6730 ) ;
#2176 = DIRECTION ( 'NONE',  ( 0.000000000000000000, -1.000000000000000000, -2.548365665731588345E-16 ) ) ;
#2177 = CARTESIAN_POINT ( 'NONE',  ( 21.58999999999999631, 8.509000000000000341, 1.270000000000001128 ) ) ;
#2178 = ORIENTED_EDGE ( 'NONE', *, *, #6062, .F. ) ;
#2179 = EDGE_CURVE ( 'NONE', #8724, #7632, #10240, .T. ) ;
#2181 = ORIENTED_EDGE ( 'NONE', *, *, #2120, .T. ) ;
#2180 = ADVANCED_FACE ( 'NONE', ( #8595 ), #7811, .F. ) ;
#2182 = ORIENTED_EDGE ( 'NONE', *, *, #1976, .F. ) ;
#2183 = PLANE ( 'NONE',  #3382 ) ;
#2184 = DIRECTION ( 'NONE',  ( 0.000000000000000000, 0.9659258262890700886, -0.2588190451025140781 ) ) ;
#2185 = AXIS2_PLACEMENT_3D ( 'NONE', #6431, #1342, #1239 ) ;
#2186 = ORIENTED_EDGE ( 'NONE', *, *, #6329, .F. ) ;
#2187 = LINE ( 'NONE', #8344, #2984 ) ;
#2188 = CARTESIAN_POINT ( 'NONE',  ( 9.334499999999994913, 8.509000000000000341, -1.270000000000001128 ) ) ;
#2189 = DIRECTION ( 'NONE',  ( 0.000000000000000000, 1.000000000000000000, 2.548365665731588345E-16 ) ) ;
#2190 = LINE ( 'NONE', #7232, #1163 ) ;
#2191 = ADVANCED_FACE ( 'NONE', ( #5919 ), #1634, .F. ) ;
#2192 = EDGE_CURVE ( 'NONE', #9005, #3155, #8541, .T. ) ;
#2193 = ORIENTED_EDGE ( 'NONE', *, *, #9379, .F. ) ;
#2194 = AXIS2_PLACEMENT_3D ( 'NONE', #8697, #218, #3676 ) ;
#2195 = EDGE_CURVE ( 'NONE', #4718, #10501, #843, .T. ) ;
#2196 = CARTESIAN_POINT ( 'NONE',  ( -16.51000000000000512, 0.5080000000000000071, 0.7528818102449925664 ) ) ;
#2197 = EDGE_CURVE ( 'NONE', #8502, #2481, #6029, .T. ) ;
#2198 = FILL_AREA_STYLE_COLOUR ( '', #6666 ) ;
#2199 = DIRECTION ( 'NONE',  ( -1.000000000000000000, -0.000000000000000000, -0.000000000000000000 ) ) ;
#2200 = ORIENTED_EDGE ( 'NONE', *, *, #5101, .T. ) ;
#2201 = DIRECTION ( 'NONE',  ( -1.000000000000000000, -0.000000000000000000, -0.000000000000000000 ) ) ;
#2202 = DIRECTION ( 'NONE',  ( 0.000000000000000000, 0.000000000000000000, 1.000000000000000000 ) ) ;
#2203 = CARTESIAN_POINT ( 'NONE',  ( -17.65300000000000580, 7.810500000000001108, 0.1269999999999961438 ) ) ;
#2204 = EDGE_LOOP ( 'NONE', ( #4749, #6418, #905, #9911 ) ) ;
#2205 = ORIENTED_EDGE ( 'NONE', *, *, #447, .T. ) ;
#2206 = AXIS2_PLACEMENT_3D ( 'NONE', #1921, #5561, #1231 ) ;
#2207 = PRESENTATION_STYLE_ASSIGNMENT (( #5457 ) ) ;
#2208 = CARTESIAN_POINT ( 'NONE',  ( 8.000999999999994117, 7.239000000000000767, 0.3809999999999958975 ) ) ;
#2209 = CARTESIAN_POINT ( 'NONE',  ( 9.778999999999996362, 7.239000000000000767, 0.3809999999999958975 ) ) ;
#2210 = CARTESIAN_POINT ( 'NONE',  ( 23.24099999999999611, 7.239000000000000767, -0.3810000000000028919 ) ) ;
#2211 = CARTESIAN_POINT ( 'NONE',  ( 19.04999999999999716, 8.509000000000000341, -1.270000000000001128 ) ) ;
#2212 = CARTESIAN_POINT ( 'NONE',  ( 16.50999999999999801, -1.925929944387235853E-31, 0.8889999999999991243 ) ) ;
#2213 = ORIENTED_EDGE ( 'NONE', *, *, #4381, .F. ) ;
#2214 = CARTESIAN_POINT ( 'NONE',  ( 16.50999999999999801, 2.177422008883992879E-16, -0.8890000000000013447 ) ) ;
#2215 = UNCERTAINTY_MEASURE_WITH_UNIT (LENGTH_MEASURE( 1.000000000000000082E-05 ), #341, 'distance_accuracy_value', 'NONE');
#2216 = ORIENTED_EDGE ( 'NONE', *, *, #1777, .F. ) ;
#2217 = VECTOR ( 'NONE', #1489, 1000.000000000000000 ) ;
#2218 = CARTESIAN_POINT ( 'NONE',  ( 2.158999999999997588, 7.239000000000000767, 0.3809999999999958975 ) ) ;
#2219 = ORIENTED_EDGE ( 'NONE', *, *, #5024, .T. ) ;
#2220 = CARTESIAN_POINT ( 'NONE',  ( -24.38400000000000745, 0.5080000000000002292, -0.7528818102449945648 ) ) ;
#2221 = VERTEX_POINT ( 'NONE', #10418 ) ;
#2222 = VECTOR ( 'NONE', #8893, 1000.000000000000000 ) ;
#2223 = VERTEX_POINT ( 'NONE', #1527 ) ;
#2224 = DIRECTION ( 'NONE',  ( 0.000000000000000000, 1.000000000000000000, 1.733406087350420004E-16 ) ) ;
#2225 = COLOUR_RGB ( '',0.2509803921568627416, 0.2509803921568627416, 0.2509803921568627416 ) ;
#2226 = DIRECTION ( 'NONE',  ( 0.000000000000000000, -1.733406087350420004E-16, 1.000000000000000000 ) ) ;
#2227 = CARTESIAN_POINT ( 'NONE',  ( 7.238999999999995438, 7.239000000000000767, 0.3809999999999958975 ) ) ;
#2228 = VERTEX_POINT ( 'NONE', #4327 ) ;
#2229 = CARTESIAN_POINT ( 'NONE',  ( -5.905500000000004412, 8.509000000000000341, -1.270000000000001128 ) ) ;
#2230 = DIRECTION ( 'NONE',  ( -1.000000000000000000, 0.000000000000000000, 0.000000000000000000 ) ) ;
#2231 = VECTOR ( 'NONE', #926, 1000.000000000000000 ) ;
#2232 = EDGE_LOOP ( 'NONE', ( #5141, #3195, #9583, #10814 ) ) ;
#2233 = DIRECTION ( 'NONE',  ( -1.000000000000000000, -0.000000000000000000, -0.000000000000000000 ) ) ;
#2234 = VERTEX_POINT ( 'NONE', #3468 ) ;
#2235 = AXIS2_PLACEMENT_3D ( 'NONE', #379, #8074, #9772 ) ;
#2236 = VERTEX_POINT ( 'NONE', #10359 ) ;
#2237 = VECTOR ( 'NONE', #6462, 1000.000000000000114 ) ;
#2238 = EDGE_CURVE ( 'NONE', #686, #11052, #4943, .T. ) ;
#2239 = CARTESIAN_POINT ( 'NONE',  ( 3.809999999999997389, 2.177422008883992879E-16, -0.8890000000000013447 ) ) ;
#2240 = LINE ( 'NONE', #429, #8956 ) ;
#2241 = VECTOR ( 'NONE', #701, 1000.000000000000000 ) ;
#2242 = ORIENTED_EDGE ( 'NONE', *, *, #3859, .F. ) ;
#2243 = CARTESIAN_POINT ( 'NONE',  ( -3.810000000000004494, 8.509000000000000341, 1.270000000000001128 ) ) ;
#2244 = CARTESIAN_POINT ( 'NONE',  ( -20.70100000000000406, 7.239000000000000767, -0.3810000000000028919 ) ) ;
#2245 = DIRECTION ( 'NONE',  ( 0.000000000000000000, 0.000000000000000000, -1.000000000000000000 ) ) ;
#2246 = VECTOR ( 'NONE', #3928, 1000.000000000000000 ) ;
#2247 = DIRECTION ( 'NONE',  ( -1.000000000000000000, 0.000000000000000000, 0.000000000000000000 ) ) ;
#2248 = ORIENTED_EDGE ( 'NONE', *, *, #6432, .F. ) ;
#2249 = ORIENTED_EDGE ( 'NONE', *, *, #10484, .F. ) ;
#2250 = ADVANCED_FACE ( 'NONE', ( #7645 ), #10183, .F. ) ;
#2251 = VECTOR ( 'NONE', #10757, 1000.000000000000000 ) ;
#2252 = ADVANCED_FACE ( 'NONE', ( #6947 ), #4999, .F. ) ;
#2253 = LINE ( 'NONE', #1443, #4211 ) ;
#2254 = PLANE ( 'NONE',  #968 ) ;
#2255 = DIRECTION ( 'NONE',  ( 0.000000000000000000, 0.9659258262890700886, -0.2588190451025140781 ) ) ;
#2256 = EDGE_CURVE ( 'NONE', #834, #4241, #3298, .T. ) ;
#2257 = ADVANCED_FACE ( 'NONE', ( #3749 ), #1987, .F. ) ;
#2258 = CARTESIAN_POINT ( 'NONE',  ( 8.889999999999995239, 8.509000000000000341, -1.270000000000001128 ) ) ;
#2259 = ORIENTED_EDGE ( 'NONE', *, *, #7919, .F. ) ;
#2260 = DIRECTION ( 'NONE',  ( -0.000000000000000000, 1.000000000000000000, 1.733406087350420004E-16 ) ) ;
#2261 = DIRECTION ( 'NONE',  ( 0.000000000000000000, 0.000000000000000000, -1.000000000000000000 ) ) ;
#2262 = CLOSED_SHELL ( 'NONE', ( #5247, #10985, #8126, #2180, #4485, #6857, #8202, #4986, #1881, #2390, #851, #2250, #3462, #8579, #1074, #9755, #4711, #3605, #10504 ) ) ;
#2263 = CARTESIAN_POINT ( 'NONE',  ( 38.10000000000000142, 7.239000000000000767, -2.201425730935033664E-16 ) ) ;
#2264 = VERTEX_POINT ( 'NONE', #3526 ) ;
#2265 = EDGE_CURVE ( 'NONE', #10419, #4131, #1931, .T. ) ;
#2266 = LINE ( 'NONE', #5735, #3538 ) ;
#2267 = VECTOR ( 'NONE', #9207, 1000.000000000000000 ) ;
#2268 = DIRECTION ( 'NONE',  ( 1.000000000000000000, 0.000000000000000000, 0.000000000000000000 ) ) ;
#2269 = FACE_OUTER_BOUND ( 'NONE', #8707, .T. ) ;
#2270 = LINE ( 'NONE', #6128, #7571 ) ;
#2271 = CARTESIAN_POINT ( 'NONE',  ( 13.96999999999999709, 0.5080000000000000071, 0.7528818102449925664 ) ) ;
#2272 = SURFACE_STYLE_FILL_AREA ( #5103 ) ;
#2273 = ADVANCED_FACE ( 'NONE', ( #8823 ), #178, .F. ) ;
#2274 = CARTESIAN_POINT ( 'NONE',  ( 8.889999999999995239, 0.5080000000000000071, 0.7528818102449925664 ) ) ;
#2275 = ORIENTED_EDGE ( 'NONE', *, *, #10338, .T. ) ;
#2276 = CARTESIAN_POINT ( 'NONE',  ( -22.47900000000000631, 8.064500000000000668, 0.3809999999999958975 ) ) ;
#2277 = AXIS2_PLACEMENT_3D ( 'NONE', #7866, #10490, #3475 ) ;
#2278 = ORIENTED_EDGE ( 'NONE', *, *, #1197, .T. ) ;
#2279 = PLANE ( 'NONE',  #7179 ) ;
#2280 = ORIENTED_EDGE ( 'NONE', *, *, #9026, .F. ) ;
#2281 = DIRECTION ( 'NONE',  ( 0.000000000000000000, -1.000000000000000000, -1.733406087350420004E-16 ) ) ;
#2282 = ORIENTED_EDGE ( 'NONE', *, *, #4821, .F. ) ;
#2283 = EDGE_CURVE ( 'NONE', #1181, #4840, #2897, .T. ) ;
#2284 = ORIENTED_EDGE ( 'NONE', *, *, #5215, .T. ) ;
#2285 = MECHANICAL_DESIGN_GEOMETRIC_PRESENTATION_REPRESENTATION (  '', ( #9191 ), #9555 ) ;
#2286 = DIRECTION ( 'NONE',  ( 0.000000000000000000, 5.054934237236841843E-31, 1.000000000000000000 ) ) ;
#2287 = LINE ( 'NONE', #3823, #3754 ) ;
#2288 = CARTESIAN_POINT ( 'NONE',  ( -8.001000000000004775, 7.239000000000000767, 0.3809999999999958975 ) ) ;
#2289 = ORIENTED_EDGE ( 'NONE', *, *, #8804, .T. ) ;
#2290 = LINE ( 'NONE', #9072, #4244 ) ;
#2291 = CARTESIAN_POINT ( 'NONE',  ( -24.38400000000000745, 8.509000000000000341, -1.270000000000001128 ) ) ;
#2292 = VECTOR ( 'NONE', #283, 1000.000000000000000 ) ;
#2293 = EDGE_LOOP ( 'NONE', ( #6504, #1918, #6273, #7198 ) ) ;
#2294 = LINE ( 'NONE', #4054, #4423 ) ;
#2295 = ORIENTED_EDGE ( 'NONE', *, *, #5230, .F. ) ;
#2296 = VECTOR ( 'NONE', #5773, 1000.000000000000000 ) ;
#2297 = AXIS2_PLACEMENT_3D ( 'NONE', #10944, #7476, #739 ) ;
#2298 = ORIENTED_EDGE ( 'NONE', *, *, #2265, .F. ) ;
#2299 = CARTESIAN_POINT ( 'NONE',  ( 6.794499999999994877, 8.509000000000000341, -1.270000000000001128 ) ) ;
#2300 = VECTOR ( 'NONE', #8169, 1000.000000000000000 ) ;
#2301 = LINE ( 'NONE', #9931, #2400 ) ;
#2302 = ORIENTED_EDGE ( 'NONE', *, *, #4631, .F. ) ;
#2303 = LINE ( 'NONE', #1376, #5697 ) ;
#2304 = CARTESIAN_POINT ( 'NONE',  ( 3.809999999999997389, 8.509000000000000341, 1.270000000000001128 ) ) ;
#2305 = LINE ( 'NONE', #1438, #4683 ) ;
#2306 = VECTOR ( 'NONE', #7628, 1000.000000000000000 ) ;
#2307 = CARTESIAN_POINT ( 'NONE',  ( 16.50999999999999801, 3.110602869834277161E-16, -1.270000000000001128 ) ) ;
#2308 = ORIENTED_EDGE ( 'NONE', *, *, #10893, .T. ) ;
#2309 = VECTOR ( 'NONE', #5860, 1000.000000000000000 ) ;
#2310 = ORIENTED_EDGE ( 'NONE', *, *, #535, .T. ) ;
#2311 = CARTESIAN_POINT ( 'NONE',  ( -19.05000000000000426, 0.000000000000000000, 1.269999999999998908 ) ) ;
#2312 = PLANE ( 'NONE',  #3303 ) ;
#2313 = VECTOR ( 'NONE', #6740, 1000.000000000000000 ) ;
#2314 = DIRECTION ( 'NONE',  ( 0.000000000000000000, -1.000000000000000000, -2.548365665731588345E-16 ) ) ;
#2315 = DIRECTION ( 'NONE',  ( 1.000000000000000000, 0.000000000000000000, 0.000000000000000000 ) ) ;
#2316 = VECTOR ( 'NONE', #3417, 1000.000000000000000 ) ;
#2317 = CARTESIAN_POINT ( 'NONE',  ( 1.714499999999997248, 8.509000000000000341, 0.8254999999999976801 ) ) ;
#2318 = CARTESIAN_POINT ( 'NONE',  ( -22.98700000000000543, 7.810500000000000220, -0.1270000000000024998 ) ) ;
#2319 = ORIENTED_EDGE ( 'NONE', *, *, #1546, .T. ) ;
#2320 = CARTESIAN_POINT ( 'NONE',  ( 16.50999999999999801, 0.5080000000000002292, -0.7528818102449945648 ) ) ;
#2321 = EDGE_CURVE ( 'NONE', #6063, #8359, #2672, .T. ) ;
#2322 = ADVANCED_FACE ( 'NONE', ( #5401 ), #3688, .T. ) ;
#2323 = FACE_OUTER_BOUND ( 'NONE', #7903, .T. ) ;
#2324 = EDGE_CURVE ( 'NONE', #9671, #3333, #3633, .T. ) ;
#2325 = VECTOR ( 'NONE', #7359, 1000.000000000000000 ) ;
#2326 = ORIENTED_EDGE ( 'NONE', *, *, #9984, .F. ) ;
#2327 = EDGE_CURVE ( 'NONE', #6721, #1610, #7918, .T. ) ;
#2328 = ORIENTED_EDGE ( 'NONE', *, *, #5373, .T. ) ;
#2329 = CARTESIAN_POINT ( 'NONE',  ( -7.620000000000005436, 0.000000000000000000, 0.000000000000000000 ) ) ;
#2330 = CARTESIAN_POINT ( 'NONE',  ( 3.809999999999997389, 8.509000000000000341, 1.270000000000001128 ) ) ;
#2331 = PLANE ( 'NONE',  #6291 ) ;
#2332 = LINE ( 'NONE', #9223, #9372 ) ;
#2333 = AXIS2_PLACEMENT_3D ( 'NONE', #1165, #6474, #8135 ) ;
#2334 = DIRECTION ( 'NONE',  ( 1.000000000000000000, 0.000000000000000000, 0.000000000000000000 ) ) ;
#2335 = VERTEX_POINT ( 'NONE', #7007 ) ;
#2336 = PLANE ( 'NONE',  #249 ) ;
#2337 = ORIENTED_EDGE ( 'NONE', *, *, #1613, .T. ) ;
#2338 = CARTESIAN_POINT ( 'NONE',  ( 1.269999999999996909, 2.177422008883992879E-16, -0.8890000000000013447 ) ) ;
#2339 = VERTEX_POINT ( 'NONE', #6145 ) ;
#2340 = DIRECTION ( 'NONE',  ( 0.000000000000000000, 0.000000000000000000, -1.000000000000000000 ) ) ;
#2341 = EDGE_CURVE ( 'NONE', #1326, #3095, #901, .T. ) ;
#2342 = ORIENTED_EDGE ( 'NONE', *, *, #8740, .F. ) ;
#2343 = ADVANCED_FACE ( 'NONE', ( #2730 ), #1867, .F. ) ;
#2344 = ORIENTED_EDGE ( 'NONE', *, *, #11162, .F. ) ;
#2345 = CARTESIAN_POINT ( 'NONE',  ( -16.51000000000000512, 8.509000000000000341, 0.8254999999999976801 ) ) ;
#2346 = EDGE_CURVE ( 'NONE', #5228, #4832, #8881, .T. ) ;
#2347 = FACE_OUTER_BOUND ( 'NONE', #3988, .T. ) ;
#2348 = LINE ( 'NONE', #4222, #332 ) ;
#2349 = ORIENTED_EDGE ( 'NONE', *, *, #1266, .T. ) ;
#2350 = EDGE_CURVE ( 'NONE', #2687, #6664, #1072, .T. ) ;
#2351 = CARTESIAN_POINT ( 'NONE',  ( -13.97000000000000419, 8.509000000000000341, -1.270000000000001128 ) ) ;
#2352 = LINE ( 'NONE', #4798, #1836 ) ;
#2353 = ORIENTED_EDGE ( 'NONE', *, *, #4962, .F. ) ;
#2354 = DIRECTION ( 'NONE',  ( 0.000000000000000000, 1.000000000000000000, 0.000000000000000000 ) ) ;
#2355 = VERTEX_POINT ( 'NONE', #2786 ) ;
#2356 = ORIENTED_EDGE ( 'NONE', *, *, #4649, .F. ) ;
#2357 = DIRECTION ( 'NONE',  ( 0.000000000000000000, 0.2588190451025145222, -0.9659258262890699775 ) ) ;
#2358 = DIRECTION ( 'NONE',  ( 0.000000000000000000, -0.000000000000000000, -1.000000000000000000 ) ) ;
#2359 = ORIENTED_EDGE ( 'NONE', *, *, #5769, .T. ) ;
#2360 = ADVANCED_FACE ( 'NONE', ( #10646 ), #8090, .F. ) ;
#2361 = CARTESIAN_POINT ( 'NONE',  ( 7.238999999999995438, 7.239000000000000767, 0.3809999999999958975 ) ) ;
#2362 = CARTESIAN_POINT ( 'NONE',  ( 13.96999999999999709, 0.000000000000000000, 0.000000000000000000 ) ) ;
#2363 = PLANE ( 'NONE',  #10308 ) ;
#2364 = FACE_OUTER_BOUND ( 'NONE', #761, .T. ) ;
#2365 = EDGE_LOOP ( 'NONE', ( #219, #9231, #3795, #5530 ) ) ;
#2366 = AXIS2_PLACEMENT_3D ( 'NONE', #7718, #6812, #5079 ) ;
#2367 = ORIENTED_EDGE ( 'NONE', *, *, #7289, .F. ) ;
#2368 = LINE ( 'NONE', #547, #6212 ) ;
#2369 = FILL_AREA_STYLE_COLOUR ( '', #2975 ) ;
#2370 = DIRECTION ( 'NONE',  ( 0.000000000000000000, -1.000000000000000000, -2.548365665731588345E-16 ) ) ;
#2371 = DIRECTION ( 'NONE',  ( -0.000000000000000000, -0.000000000000000000, 1.000000000000000000 ) ) ;
#2372 = DIRECTION ( 'NONE',  ( 1.000000000000000000, 0.000000000000000000, 0.000000000000000000 ) ) ;
#2373 = VERTEX_POINT ( 'NONE', #9562 ) ;
#2374 = DIRECTION ( 'NONE',  ( 0.000000000000000000, 0.000000000000000000, -1.000000000000000000 ) ) ;
#2375 = CARTESIAN_POINT ( 'NONE',  ( -1.270000000000003793, 0.5080000000000002292, -0.7528818102449945648 ) ) ;
#2376 = VERTEX_POINT ( 'NONE', #5278 ) ;
#2377 = ORIENTED_EDGE ( 'NONE', *, *, #3518, .F. ) ;
#2378 = VECTOR ( 'NONE', #876, 999.9999999999998863 ) ;
#2379 = DIRECTION ( 'NONE',  ( 0.000000000000000000, 0.000000000000000000, 1.000000000000000000 ) ) ;
#2380 = EDGE_CURVE ( 'NONE', #2126, #1155, #8763, .T. ) ;
#2381 = LINE ( 'NONE', #8312, #4581 ) ;
#2382 = VECTOR ( 'NONE', #7461, 1000.000000000000000 ) ;
#2383 = VECTOR ( 'NONE', #5269, 1000.000000000000114 ) ;
#2384 = EDGE_CURVE ( 'NONE', #6741, #4931, #4440, .T. ) ;
#2385 = EDGE_CURVE ( 'NONE', #10564, #8842, #287, .T. ) ;
#2386 = DIRECTION ( 'NONE',  ( -0.000000000000000000, 0.000000000000000000, -1.000000000000000000 ) ) ;
#2387 = CARTESIAN_POINT ( 'NONE',  ( -5.461000000000003851, 8.064500000000000668, -0.3810000000000027809 ) ) ;
#2388 = EDGE_LOOP ( 'NONE', ( #3828, #4890, #2003, #5853 ) ) ;
#2389 = DIRECTION ( 'NONE',  ( -1.000000000000000000, -0.000000000000000000, -0.000000000000000000 ) ) ;
#2390 = ADVANCED_FACE ( 'NONE', ( #9840 ), #1177, .F. ) ;
#2391 = VERTEX_POINT ( 'NONE', #3909 ) ;
#2392 = DIRECTION ( 'NONE',  ( -0.000000000000000000, 1.000000000000000000, 2.449293598294710852E-16 ) ) ;
#2393 = EDGE_LOOP ( 'NONE', ( #9304, #1355, #264, #8828 ) ) ;
#2394 = DIRECTION ( 'NONE',  ( 0.000000000000000000, 0.000000000000000000, 1.000000000000000000 ) ) ;
#2395 = AXIS2_PLACEMENT_3D ( 'NONE', #6887, #8536, #10531 ) ;
#2396 = ORIENTED_EDGE ( 'NONE', *, *, #8282, .F. ) ;
#2397 = ORIENTED_EDGE ( 'NONE', *, *, #6428, .T. ) ;
#2398 = PLANE ( 'NONE',  #10667 ) ;
#2399 = DIRECTION ( 'NONE',  ( 0.000000000000000000, 0.000000000000000000, 1.000000000000000000 ) ) ;
#2400 = VECTOR ( 'NONE', #5825, 1000.000000000000114 ) ;
#2401 = DIRECTION ( 'NONE',  ( -1.000000000000000000, -0.000000000000000000, -0.000000000000000000 ) ) ;
#2402 = VECTOR ( 'NONE', #7193, 1000.000000000000000 ) ;
#2403 = EDGE_LOOP ( 'NONE', ( #4990, #5680, #4664, #1101 ) ) ;
#2404 = ADVANCED_FACE ( 'NONE', ( #3066 ), #8150, .F. ) ;
#2405 = LINE ( 'NONE', #4111, #4075 ) ;
#2406 = PLANE ( 'NONE',  #7686 ) ;
#2407 = EDGE_CURVE ( 'NONE', #6453, #9557, #1238, .T. ) ;
#2408 = ORIENTED_EDGE ( 'NONE', *, *, #8181, .F. ) ;
#2409 = CARTESIAN_POINT ( 'NONE',  ( -5.461000000000003851, 8.064500000000000668, 0.3809999999999960085 ) ) ;
#2410 = ORIENTED_EDGE ( 'NONE', *, *, #117, .F. ) ;
#2411 = ORIENTED_EDGE ( 'NONE', *, *, #6650, .T. ) ;
#2412 = AXIS2_PLACEMENT_3D ( 'NONE', #8704, #6888, #10354 ) ;
#2413 = DIRECTION ( 'NONE',  ( -1.000000000000000000, 0.000000000000000000, 0.000000000000000000 ) ) ;
#2414 = LINE ( 'NONE', #3642, #9676 ) ;
#2415 = VECTOR ( 'NONE', #1583, 1000.000000000000000 ) ;
#2416 = EDGE_LOOP ( 'NONE', ( #5956, #9747, #2275, #3010, #5002, #6290, #10049, #6135 ) ) ;
#2417 = CARTESIAN_POINT ( 'NONE',  ( -20.70100000000000406, 8.064500000000000668, -0.3810000000000027809 ) ) ;
#2418 = PLANE ( 'NONE',  #4371 ) ;
#2419 = ADVANCED_FACE ( 'NONE', ( #4768 ), #5676, .F. ) ;
#2420 = STYLED_ITEM ( 'NONE', ( #6439 ), #5392 ) ;
#2421 = FACE_OUTER_BOUND ( 'NONE', #5020, .T. ) ;
#2422 = DIRECTION ( 'NONE',  ( 0.000000000000000000, 1.440069553722777130E-16, -1.000000000000000000 ) ) ;
#2423 = DIRECTION ( 'NONE',  ( -0.000000000000000000, 0.000000000000000000, -1.000000000000000000 ) ) ;
#2424 = ORIENTED_EDGE ( 'NONE', *, *, #10180, .F. ) ;
#2425 = VECTOR ( 'NONE', #9980, 1000.000000000000000 ) ;
#2426 = EDGE_LOOP ( 'NONE', ( #8094, #11238, #10595, #5920 ) ) ;
#2427 = EDGE_CURVE ( 'NONE', #3009, #4984, #4021, .T. ) ;
#2428 = AXIS2_PLACEMENT_3D ( 'NONE', #2652, #5088, #885 ) ;
#2429 = DIRECTION ( 'NONE',  ( 0.000000000000000000, 0.000000000000000000, 1.000000000000000000 ) ) ;
#2430 = DIRECTION ( 'NONE',  ( -0.000000000000000000, -0.7071067811865482389, -0.7071067811865469066 ) ) ;
#2431 = FACE_OUTER_BOUND ( 'NONE', #84, .T. ) ;
#2432 = AXIS2_PLACEMENT_3D ( 'NONE', #10706, #9732, #4383 ) ;
#2433 = DIRECTION ( 'NONE',  ( 0.000000000000000000, 0.000000000000000000, -1.000000000000000000 ) ) ;
#2434 = CARTESIAN_POINT ( 'NONE',  ( 24.13000000000000611, 0.000000000000000000, 0.000000000000000000 ) ) ;
#2435 = ORIENTED_EDGE ( 'NONE', *, *, #9804, .F. ) ;
#2436 = AXIS2_PLACEMENT_3D ( 'NONE', #472, #640, #8666 ) ;
#2437 = CARTESIAN_POINT ( 'NONE',  ( 6.349999999999997868, 3.110602869834277161E-16, -1.270000000000001128 ) ) ;
#2438 = CARTESIAN_POINT ( 'NONE',  ( 12.31899999999999729, 8.064500000000000668, -0.3810000000000027809 ) ) ;
#2439 = EDGE_LOOP ( 'NONE', ( #72, #6075, #308, #6317 ) ) ;
#2440 = VECTOR ( 'NONE', #8471, 1000.000000000000000 ) ;
#2441 = ORIENTED_EDGE ( 'NONE', *, *, #530, .F. ) ;
#2442 = DIRECTION ( 'NONE',  ( 0.000000000000000000, 0.000000000000000000, 1.000000000000000000 ) ) ;
#2443 = LINE ( 'NONE', #9274, #8056 ) ;
#2444 = CARTESIAN_POINT ( 'NONE',  ( 19.04999999999999716, 8.509000000000000341, -1.270000000000001128 ) ) ;
#2445 = LINE ( 'NONE', #4203, #10454 ) ;
#2446 = CARTESIAN_POINT ( 'NONE',  ( 13.96999999999999709, 0.000000000000000000, 1.269999999999998908 ) ) ;
#2447 = ORIENTED_EDGE ( 'NONE', *, *, #4428, .T. ) ;
#2448 = FACE_OUTER_BOUND ( 'NONE', #1319, .T. ) ;
#2449 = CARTESIAN_POINT ( 'NONE',  ( -21.59000000000000341, 8.509000000000000341, 1.270000000000001128 ) ) ;
#2450 = ORIENTED_EDGE ( 'NONE', *, *, #1979, .T. ) ;
#2451 = CARTESIAN_POINT ( 'NONE',  ( 12.31899999999999729, 7.239000000000000767, -0.3810000000000028919 ) ) ;
#2452 = AXIS2_PLACEMENT_3D ( 'NONE', #2909, #10659, #3760 ) ;
#2453 = EDGE_LOOP ( 'NONE', ( #10514, #363, #3180, #7244 ) ) ;
#2454 = PRODUCT_DEFINITION_SHAPE ( 'NONE', 'NONE',  #11251 ) ;
#2455 = ORIENTED_EDGE ( 'NONE', *, *, #2037, .T. ) ;
#2456 = VECTOR ( 'NONE', #8701, 1000.000000000000000 ) ;
#2457 = CARTESIAN_POINT ( 'NONE',  ( -0.3810000000000028919, 8.064500000000000668, 0.3809999999999960085 ) ) ;
#2458 = CARTESIAN_POINT ( 'NONE',  ( 5.206999999999996298, 7.810500000000001108, 0.1269999999999961438 ) ) ;
#2459 = PLANE ( 'NONE',  #6137 ) ;
#2460 = EDGE_LOOP ( 'NONE', ( #707, #7646, #644, #2537 ) ) ;
#2461 = CARTESIAN_POINT ( 'NONE',  ( 19.93900000000000006, 7.239000000000000767, -0.3810000000000028919 ) ) ;
#2462 = CARTESIAN_POINT ( 'NONE',  ( -1.270000000000003793, -1.925929944387235853E-31, 0.8889999999999991243 ) ) ;
#2463 = ORIENTED_EDGE ( 'NONE', *, *, #4850, .F. ) ;
#2464 = FACE_OUTER_BOUND ( 'NONE', #8173, .T. ) ;
#2465 = VERTEX_POINT ( 'NONE', #9212 ) ;
#2466 = EDGE_LOOP ( 'NONE', ( #4569, #7633, #9043, #9300 ) ) ;
#2467 = ADVANCED_FACE ( 'NONE', ( #554 ), #8252, .F. ) ;
#2468 = EDGE_CURVE ( 'NONE', #5753, #4187, #10983, .T. ) ;
#2469 =( REPRESENTATION_RELATIONSHIP ('NONE','NONE', #5926, #187 ) REPRESENTATION_RELATIONSHIP_WITH_TRANSFORMATION ( #1 )SHAPE_REPRESENTATION_RELATIONSHIP( ) );
#2470 = EDGE_CURVE ( 'NONE', #9348, #10349, #3972, .T. ) ;
#2471 = CARTESIAN_POINT ( 'NONE',  ( 3.809999999999997389, 3.110602869834277161E-16, -1.270000000000001128 ) ) ;
#2472 = PRESENTATION_LAYER_ASSIGNMENT (  '', '', ( #305 ) ) ;
#2473 = ORIENTED_EDGE ( 'NONE', *, *, #320, .F. ) ;
#2474 = CARTESIAN_POINT ( 'NONE',  ( -5.461000000000003851, 7.239000000000000767, -0.3810000000000028919 ) ) ;
#2475 = CARTESIAN_POINT ( 'NONE',  ( -8.890000000000004121, 2.177422008883992879E-16, -0.8890000000000013447 ) ) ;
#2476 = VECTOR ( 'NONE', #9878, 1000.000000000000114 ) ;
#2477 = DIRECTION ( 'NONE',  ( 0.000000000000000000, -1.440069553722777377E-16, 1.000000000000000000 ) ) ;
#2478 = DIRECTION ( 'NONE',  ( -1.000000000000000000, 0.000000000000000000, 0.000000000000000000 ) ) ;
#2479 = DIRECTION ( 'NONE',  ( 0.000000000000000000, 2.449293598294710852E-16, -1.000000000000000000 ) ) ;
#2480 = ORIENTED_EDGE ( 'NONE', *, *, #708, .F. ) ;
#2481 = VERTEX_POINT ( 'NONE', #9949 ) ;
#2482 = VECTOR ( 'NONE', #8496, 1000.000000000000000 ) ;
#2483 = EDGE_CURVE ( 'NONE', #8475, #10098, #6373, .T. ) ;
#2484 = VECTOR ( 'NONE', #925, 1000.000000000000000 ) ;
#2485 = CARTESIAN_POINT ( 'NONE',  ( 6.349999999999994316, 0.5080000000000000071, 0.7528818102449925664 ) ) ;
#2486 = PLANE ( 'NONE',  #605 ) ;
#2487 = DIRECTION ( 'NONE',  ( -0.000000000000000000, 1.000000000000000000, 1.733406087350420004E-16 ) ) ;
#2488 = DIRECTION ( 'NONE',  ( 0.000000000000000000, -1.000000000000000000, 0.000000000000000000 ) ) ;
#2489 = CARTESIAN_POINT ( 'NONE',  ( 12.31899999999999729, 8.064500000000000668, -0.3810000000000027809 ) ) ;
#2490 = EDGE_LOOP ( 'NONE', ( #4288, #10710, #5447, #9354 ) ) ;
#2491 = EDGE_CURVE ( 'NONE', #2695, #6664, #3006, .T. ) ;
#2492 = VECTOR ( 'NONE', #855, 1000.000000000000000 ) ;
#2493 = CARTESIAN_POINT ( 'NONE',  ( 8.889999999999995239, 8.509000000000000341, 1.270000000000001128 ) ) ;
#2494 = DIRECTION ( 'NONE',  ( -0.000000000000000000, 1.000000000000000000, 1.733406087350420004E-16 ) ) ;
#2495 = ORIENTED_EDGE ( 'NONE', *, *, #7636, .F. ) ;
#2496 = CARTESIAN_POINT ( 'NONE',  ( 9.778999999999996362, 7.239000000000000767, -0.3810000000000028919 ) ) ;
#2497 = VECTOR ( 'NONE', #10370, 1000.000000000000000 ) ;
#2498 = DIRECTION ( 'NONE',  ( 0.000000000000000000, 0.000000000000000000, 1.000000000000000000 ) ) ;
#2499 = VECTOR ( 'NONE', #1660, 1000.000000000000000 ) ;
#2500 = CARTESIAN_POINT ( 'NONE',  ( -8.001000000000004775, 8.064500000000000668, -0.3810000000000027809 ) ) ;
#2501 = CARTESIAN_POINT ( 'NONE',  ( -8.890000000000004121, 8.509000000000000341, -1.270000000000001128 ) ) ;
#2502 = CARTESIAN_POINT ( 'NONE',  ( 13.52549999999999564, 8.509000000000000341, -0.8255000000000041194 ) ) ;
#2503 = LINE ( 'NONE', #5852, #9783 ) ;
#2504 = ORIENTED_EDGE ( 'NONE', *, *, #2957, .F. ) ;
#2505 = EDGE_CURVE ( 'NONE', #770, #10876, #7456, .T. ) ;
#2506 = CARTESIAN_POINT ( 'NONE',  ( 14.85899999999999643, 8.064500000000000668, -0.3810000000000027809 ) ) ;
#2507 = VECTOR ( 'NONE', #9836, 1000.000000000000000 ) ;
#2508 = CARTESIAN_POINT ( 'NONE',  ( -3.810000000000004494, 0.5080000000000002292, -0.7528818102449945648 ) ) ;
#2509 = ORIENTED_EDGE ( 'NONE', *, *, #6509, .T. ) ;
#2510 = LINE ( 'NONE', #4385, #9220 ) ;
#2511 = EDGE_LOOP ( 'NONE', ( #3136, #5859, #3050, #110, #5805, #3360, #7696, #558 ) ) ;
#2512 = ORIENTED_EDGE ( 'NONE', *, *, #9232, .F. ) ;
#2513 = DIRECTION ( 'NONE',  ( 0.5773502691896252870, -0.5773502691896251759, -0.5773502691896267303 ) ) ;
#2514 = LINE ( 'NONE', #6844, #3901 ) ;
#2515 = CARTESIAN_POINT ( 'NONE',  ( -3.810000000000004494, 8.509000000000000341, -1.270000000000001128 ) ) ;
#2516 = DIRECTION ( 'NONE',  ( -1.000000000000000000, 0.000000000000000000, 0.000000000000000000 ) ) ;
#2517 = ORIENTED_EDGE ( 'NONE', *, *, #6920, .T. ) ;
#2518 = ADVANCED_FACE ( 'NONE', ( #8987 ), #7344, .F. ) ;
#2519 = DIRECTION ( 'NONE',  ( -0.000000000000000000, 0.000000000000000000, -1.000000000000000000 ) ) ;
#2520 = LINE ( 'NONE', #1598, #3853 ) ;
#2521 = ORIENTED_EDGE ( 'NONE', *, *, #9357, .F. ) ;
#2522 = DIRECTION ( 'NONE',  ( 0.000000000000000000, -1.440069553722777130E-16, 1.000000000000000000 ) ) ;
#2523 = ORIENTED_EDGE ( 'NONE', *, *, #1128, .T. ) ;
#2524 = VERTEX_POINT ( 'NONE', #6430 ) ;
#2525 = PLANE ( 'NONE',  #660 ) ;
#2526 = VERTEX_POINT ( 'NONE', #1340 ) ;
#2527 = EDGE_CURVE ( 'NONE', #9293, #7860, #10817, .T. ) ;
#2528 = DIRECTION ( 'NONE',  ( 0.000000000000000000, 1.733406087350420004E-16, -1.000000000000000000 ) ) ;
#2529 = DIRECTION ( 'NONE',  ( -1.000000000000000000, -0.000000000000000000, -0.000000000000000000 ) ) ;
#2530 = EDGE_CURVE ( 'NONE', #5016, #7837, #8306, .T. ) ;
#2531 = DIRECTION ( 'NONE',  ( -1.000000000000000000, -0.000000000000000000, -0.000000000000000000 ) ) ;
#2532 = DIRECTION ( 'NONE',  ( 0.000000000000000000, 1.000000000000000000, 0.000000000000000000 ) ) ;
#2533 = ORIENTED_EDGE ( 'NONE', *, *, #7072, .F. ) ;
#2534 = ADVANCED_FACE ( 'NONE', ( #9896 ), #10053, .F. ) ;
#2535 = LINE ( 'NONE', #6921, #3221 ) ;
#2536 = VERTEX_POINT ( 'NONE', #9045 ) ;
#2537 = ORIENTED_EDGE ( 'NONE', *, *, #9972, .F. ) ;
#2538 = LINE ( 'NONE', #5143, #5732 ) ;
#2539 = CARTESIAN_POINT ( 'NONE',  ( -19.49450000000000571, 8.509000000000000341, 0.8254999999999976801 ) ) ;
#2540 = VECTOR ( 'NONE', #3178, 1000.000000000000000 ) ;
#2541 = CARTESIAN_POINT ( 'NONE',  ( -0.3810000000000028919, 7.239000000000000767, 0.3809999999999958975 ) ) ;
#2542 = DIRECTION ( 'NONE',  ( -0.000000000000000000, 1.000000000000000000, 1.733406087350420004E-16 ) ) ;
#2543 = ADVANCED_FACE ( 'NONE', ( #11040 ), #3177, .F. ) ;
#2544 = DIRECTION ( 'NONE',  ( 1.000000000000000000, 0.000000000000000000, 0.000000000000000000 ) ) ;
#2545 = FACE_OUTER_BOUND ( 'NONE', #10821, .T. ) ;
#2546 = EDGE_LOOP ( 'NONE', ( #143, #2280, #9105, #7888 ) ) ;
#2547 = ADVANCED_FACE ( 'NONE', ( #5903 ), #8578, .F. ) ;
#2548 = EDGE_CURVE ( 'NONE', #9287, #2731, #3234, .T. ) ;
#2549 = DIRECTION ( 'NONE',  ( -0.000000000000000000, -0.000000000000000000, 1.000000000000000000 ) ) ;
#2550 = CARTESIAN_POINT ( 'NONE',  ( -10.03300000000000480, 7.810500000000000220, -0.1270000000000024998 ) ) ;
#2551 = EDGE_LOOP ( 'NONE', ( #4656, #6034, #7352, #8256 ) ) ;
#2552 = CARTESIAN_POINT ( 'NONE',  ( -1.270000000000003793, 8.509000000000000341, 0.8254999999999976801 ) ) ;
#2553 = LINE ( 'NONE', #4320, #750 ) ;
#2554 = SURFACE_STYLE_FILL_AREA ( #4433 ) ;
#2555 = CARTESIAN_POINT ( 'NONE',  ( -12.31900000000000617, 7.239000000000000767, 0.3809999999999958975 ) ) ;
#2556 = ORIENTED_EDGE ( 'NONE', *, *, #3809, .F. ) ;
#2557 = CARTESIAN_POINT ( 'NONE',  ( 18.16099999999999781, 7.239000000000000767, 0.3809999999999958975 ) ) ;
#2558 = EDGE_CURVE ( 'NONE', #8370, #3814, #670, .T. ) ;
#2559 = DIRECTION ( 'NONE',  ( -1.000000000000000000, 0.000000000000000000, 0.000000000000000000 ) ) ;
#2560 = VERTEX_POINT ( 'NONE', #2437 ) ;
#2561 = LINE ( 'NONE', #4161, #5953 ) ;
#2562 = VERTEX_POINT ( 'NONE', #8640 ) ;
#2563 = ORIENTED_EDGE ( 'NONE', *, *, #1891, .F. ) ;
#2564 = ADVANCED_FACE ( 'NONE', ( #5964 ), #1622, .F. ) ;
#2565 = DIRECTION ( 'NONE',  ( 0.000000000000000000, -0.9659258262890700886, 0.2588190451025140781 ) ) ;
#2566 = PLANE ( 'NONE',  #2277 ) ;
#2567 = LINE ( 'NONE', #5007, #2482 ) ;
#2568 = LINE ( 'NONE', #6043, #3950 ) ;
#2569 = VERTEX_POINT ( 'NONE', #9380 ) ;
#2570 = DIRECTION ( 'NONE',  ( 0.000000000000000000, 2.449293598294710852E-16, -1.000000000000000000 ) ) ;
#2571 = PLANE ( 'NONE',  #414 ) ;
#2572 = ORIENTED_EDGE ( 'NONE', *, *, #1719, .F. ) ;
#2573 =( NAMED_UNIT ( * ) PLANE_ANGLE_UNIT ( ) SI_UNIT ( $, .RADIAN. ) );
#2574 = ORIENTED_EDGE ( 'NONE', *, *, #8725, .F. ) ;
#2575 = VERTEX_POINT ( 'NONE', #4194 ) ;
#2576 = VECTOR ( 'NONE', #4261, 1000.000000000000000 ) ;
#2577 = VECTOR ( 'NONE', #8771, 1000.000000000000000 ) ;
#2578 = DIRECTION ( 'NONE',  ( 0.000000000000000000, 0.9659258262890699775, 0.2588190451025145222 ) ) ;
#2579 = ORIENTED_EDGE ( 'NONE', *, *, #9634, .T. ) ;
#2580 = PLANE ( 'NONE',  #7536 ) ;
#2581 = DIRECTION ( 'NONE',  ( 1.000000000000000000, 0.000000000000000000, 0.000000000000000000 ) ) ;
#2582 = CARTESIAN_POINT ( 'NONE',  ( 6.349999999999994316, 0.5080000000000000071, 0.7528818102449925664 ) ) ;
#2583 = FACE_BOUND ( 'NONE', #1778, .T. ) ;
#2584 = ORIENTED_EDGE ( 'NONE', *, *, #11119, .F. ) ;
#2585 = AXIS2_PLACEMENT_3D ( 'NONE', #9654, #8072, #1967 ) ;
#2586 = DIRECTION ( 'NONE',  ( 0.000000000000000000, -0.000000000000000000, -1.000000000000000000 ) ) ;
#2587 = ORIENTED_EDGE ( 'NONE', *, *, #6590, .T. ) ;
#2588 = EDGE_CURVE ( 'NONE', #6741, #3142, #4144, .T. ) ;
#2589 = VECTOR ( 'NONE', #64, 1000.000000000000000 ) ;
#2590 = DIRECTION ( 'NONE',  ( 1.000000000000000000, 0.000000000000000000, 0.000000000000000000 ) ) ;
#2591 = LINE ( 'NONE', #5205, #950 ) ;
#2592 = VECTOR ( 'NONE', #6778, 1000.000000000000000 ) ;
#2593 = LINE ( 'NONE', #7793, #10044 ) ;
#2594 = LINE ( 'NONE', #8573, #10119 ) ;
#2595 = PLANE ( 'NONE',  #3733 ) ;
#2596 = DIRECTION ( 'NONE',  ( 0.000000000000000000, -0.000000000000000000, -1.000000000000000000 ) ) ;
#2597 = VERTEX_POINT ( 'NONE', #4314 ) ;
#2598 = CARTESIAN_POINT ( 'NONE',  ( -15.62100000000000399, 8.064500000000000668, -0.3810000000000027809 ) ) ;
#2599 = DIRECTION ( 'NONE',  ( 0.000000000000000000, -1.000000000000000000, 0.000000000000000000 ) ) ;
#2600 = VECTOR ( 'NONE', #3619, 1000.000000000000000 ) ;
#2601 = ORIENTED_EDGE ( 'NONE', *, *, #3297, .T. ) ;
#2602 = ADVANCED_FACE ( 'NONE', ( #831 ), #8530, .T. ) ;
#2603 = EDGE_CURVE ( 'NONE', #9758, #5183, #3285, .T. ) ;
#2604 = PLANE ( 'NONE',  #7370 ) ;
#2605 = APPLICATION_PROTOCOL_DEFINITION ( 'draft international standard', 'automotive_design', 1998, #7349 ) ;
#2606 = EDGE_CURVE ( 'NONE', #8891, #2234, #10285, .T. ) ;
#2607 = DIRECTION ( 'NONE',  ( 0.000000000000000000, 0.000000000000000000, -1.000000000000000000 ) ) ;
#2608 = EDGE_CURVE ( 'NONE', #736, #484, #7798, .T. ) ;
#2609 = DIRECTION ( 'NONE',  ( 0.000000000000000000, -0.9659258262890699775, -0.2588190451025145222 ) ) ;
#2610 = VECTOR ( 'NONE', #7554, 1000.000000000000000 ) ;
#2611 = LINE ( 'NONE', #4, #1775 ) ;
#2612 = ORIENTED_EDGE ( 'NONE', *, *, #6153, .F. ) ;
#2613 = LINE ( 'NONE', #5221, #3862 ) ;
#2614 = CARTESIAN_POINT ( 'NONE',  ( 1.269999999999996909, 0.000000000000000000, 1.269999999999998908 ) ) ;
#2615 = ORIENTED_EDGE ( 'NONE', *, *, #5268, .T. ) ;
#2616 = PRESENTATION_LAYER_ASSIGNMENT (  '', '', ( #6253 ) ) ;
#2617 = DIRECTION ( 'NONE',  ( 0.000000000000000000, 2.548365665731588345E-16, -1.000000000000000000 ) ) ;
#2618 = VERTEX_POINT ( 'NONE', #7737 ) ;
#2619 = VERTEX_POINT ( 'NONE', #7678 ) ;
#2620 = AXIS2_PLACEMENT_3D ( 'NONE', #4225, #7766, #10372 ) ;
#2621 = CARTESIAN_POINT ( 'NONE',  ( -1.270000000000003793, 2.177422008883992879E-16, -0.8890000000000013447 ) ) ;
#2622 = ADVANCED_FACE ( 'NONE', ( #7570 ), #11209, .F. ) ;
#2623 = DIRECTION ( 'NONE',  ( -1.000000000000000000, -0.000000000000000000, -0.000000000000000000 ) ) ;
#2624 = FACE_BOUND ( 'NONE', #2293, .T. ) ;
#2625 = DIRECTION ( 'NONE',  ( 0.000000000000000000, -1.000000000000000000, -1.733406087350420004E-16 ) ) ;
#2626 = VECTOR ( 'NONE', #9087, 1000.000000000000000 ) ;
#2627 = CARTESIAN_POINT ( 'NONE',  ( 14.85899999999999643, 7.239000000000000767, 0.3809999999999958975 ) ) ;
#2628 = ORIENTED_EDGE ( 'NONE', *, *, #9492, .F. ) ;
#2629 = FACE_OUTER_BOUND ( 'NONE', #9378, .T. ) ;
#2630 = DIRECTION ( 'NONE',  ( -0.000000000000000000, -0.7071067811865482389, -0.7071067811865469066 ) ) ;
#2631 = AXIS2_PLACEMENT_3D ( 'NONE', #10978, #8161, #5726 ) ;
#2632 = VERTEX_POINT ( 'NONE', #9268 ) ;
#2633 = LINE ( 'NONE', #9523, #5140 ) ;
#2634 = EDGE_CURVE ( 'NONE', #3317, #11013, #5842, .T. ) ;
#2635 = VERTEX_POINT ( 'NONE', #5151 ) ;
#2636 = ORIENTED_EDGE ( 'NONE', *, *, #8829, .T. ) ;
#2637 = CLOSED_SHELL ( 'NONE', ( #4301, #1514, #526, #5662, #6022, #198, #1929, #31, #10037, #7658, #2740, #4284, #1469, #5572, #4996, #5041, #5249, #10179, #869 ) ) ;
#2638 = AXIS2_PLACEMENT_3D ( 'NONE', #8745, #7961, #5206 ) ;
#2639 = LINE ( 'NONE', #2866, #307 ) ;
#2640 = ORIENTED_EDGE ( 'NONE', *, *, #4370, .F. ) ;
#2641 = LINE ( 'NONE', #815, #8251 ) ;
#2642 = DIRECTION ( 'NONE',  ( 0.000000000000000000, 2.338910953479677683E-16, -1.000000000000000000 ) ) ;
#2643 = VECTOR ( 'NONE', #3185, 1000.000000000000000 ) ;
#2644 = CARTESIAN_POINT ( 'NONE',  ( -24.38400000000000745, 0.5080000000000002292, -0.7528818102449945648 ) ) ;
#2645 = ORIENTED_EDGE ( 'NONE', *, *, #4262, .F. ) ;
#2646 = CARTESIAN_POINT ( 'NONE',  ( 24.12999999999999901, 8.509000000000000341, -1.270000000000001128 ) ) ;
#2647 = VERTEX_POINT ( 'NONE', #6660 ) ;
#2648 = STYLED_ITEM ( 'NONE', ( #9554 ), #9309 ) ;
#2649 = CARTESIAN_POINT ( 'NONE',  ( 12.31899999999999729, 7.239000000000000767, 0.3809999999999958975 ) ) ;
#2650 = VECTOR ( 'NONE', #5375, 1000.000000000000000 ) ;
#2651 = PLANE ( 'NONE',  #8574 ) ;
#2652 = CARTESIAN_POINT ( 'NONE',  ( 2.158999999999997588, 7.239000000000000767, 0.3809999999999958975 ) ) ;
#2653 = DIRECTION ( 'NONE',  ( -0.000000000000000000, 1.000000000000000000, 1.733406087350420004E-16 ) ) ;
#2654 = DIRECTION ( 'NONE',  ( 0.000000000000000000, 0.000000000000000000, -1.000000000000000000 ) ) ;
#2655 = DIRECTION ( 'NONE',  ( 0.000000000000000000, 1.733406087350420004E-16, -1.000000000000000000 ) ) ;
#2656 = EDGE_LOOP ( 'NONE', ( #8909, #5679, #7306, #504 ) ) ;
#2657 = VECTOR ( 'NONE', #6942, 1000.000000000000000 ) ;
#2658 = CARTESIAN_POINT ( 'NONE',  ( -19.93900000000000361, 7.239000000000000767, -0.3810000000000028919 ) ) ;
#2659 = VECTOR ( 'NONE', #9825, 1000.000000000000000 ) ;
#2660 = DIRECTION ( 'NONE',  ( -0.000000000000000000, 1.000000000000000000, 1.733406087350420004E-16 ) ) ;
#2661 = ORIENTED_EDGE ( 'NONE', *, *, #10251, .F. ) ;
#2662 = DIRECTION ( 'NONE',  ( 0.000000000000000000, 1.000000000000000000, 2.548365665731588345E-16 ) ) ;
#2663 = CARTESIAN_POINT ( 'NONE',  ( 1.269999999999996909, 0.000000000000000000, 1.269999999999998908 ) ) ;
#2664 = AXIS2_PLACEMENT_3D ( 'NONE', #767, #1847, #2715 ) ;
#2665 = LINE ( 'NONE', #10585, #7926 ) ;
#2666 = AXIS2_PLACEMENT_3D ( 'NONE', #5116, #3307, #4047 ) ;
#2667 = CARTESIAN_POINT ( 'NONE',  ( 24.12999999999999901, 0.5080000000000002292, -0.7528818102449945648 ) ) ;
#2668 = ORIENTED_EDGE ( 'NONE', *, *, #5166, .T. ) ;
#2670 = ADVANCED_FACE ( 'NONE', ( #1449 ), #4928, .F. ) ;
#2669 = CARTESIAN_POINT ( 'NONE',  ( 11.42999999999999616, 0.000000000000000000, 1.269999999999998908 ) ) ;
#2671 = EDGE_CURVE ( 'NONE', #2236, #8066, #1513, .T. ) ;
#2672 = LINE ( 'NONE', #228, #10242 ) ;
#2673 = ORIENTED_EDGE ( 'NONE', *, *, #614, .F. ) ;
#2674 = DIRECTION ( 'NONE',  ( 0.000000000000000000, 0.9659258262890700886, -0.2588190451025140781 ) ) ;
#2675 = EDGE_LOOP ( 'NONE', ( #8148, #7693, #6309, #7932 ) ) ;
#2676 = VECTOR ( 'NONE', #4071, 1000.000000000000000 ) ;
#2677 = ORIENTED_EDGE ( 'NONE', *, *, #1271, .T. ) ;
#2678 = ADVANCED_FACE ( 'NONE', ( #9720 ), #3675, .F. ) ;
#2679 = FACE_OUTER_BOUND ( 'NONE', #4209, .T. ) ;
#2680 = FACE_OUTER_BOUND ( 'NONE', #5, .T. ) ;
#2681 = DIRECTION ( 'NONE',  ( -1.000000000000000000, -0.000000000000000000, -0.000000000000000000 ) ) ;
#2682 = AXIS2_PLACEMENT_3D ( 'NONE', #4091, #2498, #6773 ) ;
#2683 = CARTESIAN_POINT ( 'NONE',  ( 19.04999999999999716, 3.110602869834277161E-16, -1.270000000000001128 ) ) ;
#2684 = VECTOR ( 'NONE', #1908, 999.9999999999998863 ) ;
#2685 = CARTESIAN_POINT ( 'NONE',  ( -12.31900000000000617, 7.239000000000000767, 0.3809999999999958975 ) ) ;
#2686 =( REPRESENTATION_RELATIONSHIP ('NONE','NONE', #5926, #187 ) REPRESENTATION_RELATIONSHIP_WITH_TRANSFORMATION ( #4319 )SHAPE_REPRESENTATION_RELATIONSHIP( ) );
#2687 = VERTEX_POINT ( 'NONE', #2658 ) ;
#2688 = CARTESIAN_POINT ( 'NONE',  ( 14.85899999999999643, 7.239000000000000767, 0.3809999999999958975 ) ) ;
#2689 = CARTESIAN_POINT ( 'NONE',  ( 16.50999999999999801, 0.5080000000000002292, -0.7528818102449945648 ) ) ;
#2690 = ADVANCED_FACE ( 'NONE', ( #5437 ), #7171, .F. ) ;
#2691 = ADVANCED_FACE ( 'NONE', ( #6133 ), #51, .T. ) ;
#2692 = ORIENTED_EDGE ( 'NONE', *, *, #3861, .F. ) ;
#2693 = CARTESIAN_POINT ( 'NONE',  ( -3.810000000000004494, 0.000000000000000000, 1.269999999999998908 ) ) ;
#2694 = EDGE_CURVE ( 'NONE', #5605, #2524, #3623, .T. ) ;
#2695 = VERTEX_POINT ( 'NONE', #107 ) ;
#2696 = EDGE_CURVE ( 'NONE', #1611, #125, #6184, .T. ) ;
#2697 = VERTEX_POINT ( 'NONE', #1915 ) ;
#2698 = VECTOR ( 'NONE', #2199, 1000.000000000000000 ) ;
#2699 = EDGE_CURVE ( 'NONE', #6378, #6641, #4424, .T. ) ;
#2700 = ADVANCED_FACE ( 'NONE', ( #7111 ), #10576, .F. ) ;
#2701 = DIRECTION ( 'NONE',  ( 0.000000000000000000, 0.000000000000000000, -1.000000000000000000 ) ) ;
#2702 = VERTEX_POINT ( 'NONE', #8918 ) ;
#2703 = CARTESIAN_POINT ( 'NONE',  ( 8.889999999999995239, 0.5080000000000002292, -0.7528818102449945648 ) ) ;
#2704 = CARTESIAN_POINT ( 'NONE',  ( -13.97000000000000419, 8.509000000000000341, 1.270000000000001128 ) ) ;
#2705 = DIRECTION ( 'NONE',  ( 0.000000000000000000, 0.000000000000000000, 1.000000000000000000 ) ) ;
#2706 = DIRECTION ( 'NONE',  ( 0.5773502691896252870, -0.5773502691896251759, -0.5773502691896267303 ) ) ;
#2707 = ORIENTED_EDGE ( 'NONE', *, *, #11156, .T. ) ;
#2708 = DIRECTION ( 'NONE',  ( -1.000000000000000000, -0.000000000000000000, -0.000000000000000000 ) ) ;
#2709 = ORIENTED_EDGE ( 'NONE', *, *, #2696, .T. ) ;
#2710 = EDGE_CURVE ( 'NONE', #8511, #1326, #5323, .T. ) ;
#2711 = DIRECTION ( 'NONE',  ( -0.000000000000000000, 1.000000000000000000, 2.449293598294710852E-16 ) ) ;
#2712 = LINE ( 'NONE', #2021, #2953 ) ;
#2713 = ORIENTED_EDGE ( 'NONE', *, *, #872, .F. ) ;
#2714 = FACE_OUTER_BOUND ( 'NONE', #3211, .T. ) ;
#2715 = DIRECTION ( 'NONE',  ( 1.000000000000000000, 0.000000000000000000, -0.000000000000000000 ) ) ;
#2716 = LINE ( 'NONE', #9486, #1180 ) ;
#2717 = DIRECTION ( 'NONE',  ( 0.000000000000000000, 1.000000000000000000, 1.733406087350420004E-16 ) ) ;
#2718 = ORIENTED_EDGE ( 'NONE', *, *, #652, .F. ) ;
#2719 = CARTESIAN_POINT ( 'NONE',  ( -14.85900000000000531, 7.239000000000000767, 0.3809999999999958975 ) ) ;
#2720 = FACE_OUTER_BOUND ( 'NONE', #658, .T. ) ;
#2721 = ORIENTED_EDGE ( 'NONE', *, *, #3197, .F. ) ;
#2722 = PLANE ( 'NONE',  #4963 ) ;
#2723 = EDGE_CURVE ( 'NONE', #10856, #2697, #890, .T. ) ;
#2724 = DIRECTION ( 'NONE',  ( 1.000000000000000000, 0.000000000000000000, 0.000000000000000000 ) ) ;
#2725 = FILL_AREA_STYLE ('',( #780 ) ) ;
#2726 = CARTESIAN_POINT ( 'NONE',  ( -13.97000000000000419, 3.110602869834277161E-16, -1.270000000000001128 ) ) ;
#2727 = CARTESIAN_POINT ( 'NONE',  ( 11.42999999999999616, 3.110602869834277161E-16, -1.270000000000001128 ) ) ;
#2728 = ORIENTED_EDGE ( 'NONE', *, *, #10550, .F. ) ;
#2729 = DIRECTION ( 'NONE',  ( -1.000000000000000000, -0.000000000000000000, -0.000000000000000000 ) ) ;
#2730 = FACE_OUTER_BOUND ( 'NONE', #4105, .T. ) ;
#2731 = VERTEX_POINT ( 'NONE', #1973 ) ;
#2732 = DIRECTION ( 'NONE',  ( 0.000000000000000000, 0.2588190451025145222, -0.9659258262890699775 ) ) ;
#2733 = ORIENTED_EDGE ( 'NONE', *, *, #8197, .T. ) ;
#2734 = EDGE_CURVE ( 'NONE', #4984, #4286, #7904, .T. ) ;
#2735 = EDGE_LOOP ( 'NONE', ( #2745, #9326, #10447, #3033 ) ) ;
#2736 = EDGE_CURVE ( 'NONE', #6122, #2264, #9779, .T. ) ;
#2737 = CARTESIAN_POINT ( 'NONE',  ( 12.70000000000000107, 7.239000000000000767, -2.201425730935033664E-16 ) ) ;
#2738 = CARTESIAN_POINT ( 'NONE',  ( -20.70100000000000406, 7.239000000000000767, 0.3809999999999958975 ) ) ;
#2739 = DIRECTION ( 'NONE',  ( 1.000000000000000000, 0.000000000000000000, 0.000000000000000000 ) ) ;
#2740 = ADVANCED_FACE ( 'NONE', ( #8864 ), #7055, .F. ) ;
#2741 = FACE_OUTER_BOUND ( 'NONE', #9744, .T. ) ;
#2742 = VERTEX_POINT ( 'NONE', #4589 ) ;
#2743 = CARTESIAN_POINT ( 'NONE',  ( -20.70100000000000406, 8.064500000000000668, 0.3809999999999960085 ) ) ;
#2744 = CARTESIAN_POINT ( 'NONE',  ( 19.04999999999999716, 3.110602869834277161E-16, -1.270000000000001128 ) ) ;
#2745 = ORIENTED_EDGE ( 'NONE', *, *, #2321, .T. ) ;
#2746 = LINE ( 'NONE', #10606, #4794 ) ;
#2747 = ORIENTED_EDGE ( 'NONE', *, *, #6797, .F. ) ;
#2748 = VERTEX_POINT ( 'NONE', #3510 ) ;
#2749 = ORIENTED_EDGE ( 'NONE', *, *, #7172, .F. ) ;
#2750 = FACE_OUTER_BOUND ( 'NONE', #784, .T. ) ;
#2751 = EDGE_CURVE ( 'NONE', #6908, #1601, #4538, .T. ) ;
#2752 = ADVANCED_FACE ( 'NONE', ( #9661 ), #8811, .F. ) ;
#2753 = EDGE_LOOP ( 'NONE', ( #6090, #9847, #5336, #1856, #9186, #973, #5531, #8488 ) ) ;
#2754 = CARTESIAN_POINT ( 'NONE',  ( -15.62100000000000399, 7.239000000000000767, 0.3809999999999958975 ) ) ;
#2755 = LINE ( 'NONE', #2704, #749 ) ;
#2756 = DIRECTION ( 'NONE',  ( 0.000000000000000000, 1.000000000000000000, 2.449293598294710852E-16 ) ) ;
#2757 = FACE_OUTER_BOUND ( 'NONE', #291, .T. ) ;
#2758 = VERTEX_POINT ( 'NONE', #7965 ) ;
#2759 = CARTESIAN_POINT ( 'NONE',  ( -1.270000000000003793, 0.5080000000000002292, -0.7528818102449945648 ) ) ;
#2760 = ORIENTED_EDGE ( 'NONE', *, *, #1939, .T. ) ;
#2761 = AXIS2_PLACEMENT_3D ( 'NONE', #9261, #4811, #8350 ) ;
#2762 = LINE ( 'NONE', #267, #2659 ) ;
#2763 = DIRECTION ( 'NONE',  ( 0.000000000000000000, 0.000000000000000000, 1.000000000000000000 ) ) ;
#2764 = EDGE_CURVE ( 'NONE', #6346, #9510, #3455, .T. ) ;
#2765 = ORIENTED_EDGE ( 'NONE', *, *, #10957, .F. ) ;
#2766 = DIRECTION ( 'NONE',  ( -0.000000000000000000, 1.000000000000000000, 1.733406087350420004E-16 ) ) ;
#2767 = CARTESIAN_POINT ( 'NONE',  ( -11.43000000000000504, 0.000000000000000000, 1.269999999999998908 ) ) ;
#2768 = VECTOR ( 'NONE', #10207, 1000.000000000000000 ) ;
#2769 = LINE ( 'NONE', #1911, #6662 ) ;
#2770 = DIRECTION ( 'NONE',  ( 0.000000000000000000, 0.9659258262890700886, -0.2588190451025140781 ) ) ;
#2771 = DIRECTION ( 'NONE',  ( 0.000000000000000000, -1.000000000000000000, 0.000000000000000000 ) ) ;
#2772 = EDGE_CURVE ( 'NONE', #8985, #1665, #5494, .T. ) ;
#2773 = FACE_OUTER_BOUND ( 'NONE', #4799, .T. ) ;
#2774 = ORIENTED_EDGE ( 'NONE', *, *, #5086, .F. ) ;
#2775 = CARTESIAN_POINT ( 'NONE',  ( -13.97000000000000419, 0.5080000000000002292, -0.7528818102449945648 ) ) ;
#2776 = MECHANICAL_DESIGN_GEOMETRIC_PRESENTATION_REPRESENTATION (  '', ( #5678 ), #5128 ) ;
#2777 = APPLICATION_PROTOCOL_DEFINITION ( 'draft international standard', 'automotive_design', 1998, #4792 ) ;
#2778 = DIRECTION ( 'NONE',  ( 0.000000000000000000, 0.9659258262890700886, -0.2588190451025140781 ) ) ;
#2779 = DIRECTION ( 'NONE',  ( 0.000000000000000000, 0.000000000000000000, -1.000000000000000000 ) ) ;
#2780 = FILL_AREA_STYLE_COLOUR ( '', #5182 ) ;
#2781 = VECTOR ( 'NONE', #9281, 1000.000000000000000 ) ;
#2782 = FACE_BOUND ( 'NONE', #4274, .T. ) ;
#2783 = ORIENTED_EDGE ( 'NONE', *, *, #6679, .F. ) ;
#2784 = DIRECTION ( 'NONE',  ( 0.000000000000000000, 1.000000000000000000, 2.548365665731588345E-16 ) ) ;
#2785 = VECTOR ( 'NONE', #6876, 1000.000000000000000 ) ;
#2786 = CARTESIAN_POINT ( 'NONE',  ( 21.58999999999999631, 8.509000000000000341, -1.270000000000001128 ) ) ;
#2787 = ORIENTED_EDGE ( 'NONE', *, *, #9239, .T. ) ;
#2788 = DIRECTION ( 'NONE',  ( 0.000000000000000000, 0.9659258262890699775, 0.2588190451025145222 ) ) ;
#2789 = VERTEX_POINT ( 'NONE', #7333 ) ;
#2790 = VECTOR ( 'NONE', #10199, 1000.000000000000000 ) ;
#2791 = ORIENTED_EDGE ( 'NONE', *, *, #8318, .T. ) ;
#2792 = LINE ( 'NONE', #10765, #6213 ) ;
#2793 = PLANE ( 'NONE',  #1001 ) ;
#2794 = VECTOR ( 'NONE', #7151, 1000.000000000000000 ) ;
#2795 = FACE_OUTER_BOUND ( 'NONE', #6966, .T. ) ;
#2796 = LINE ( 'NONE', #7929, #7953 ) ;
#2797 = DIRECTION ( 'NONE',  ( -0.000000000000000000, 0.000000000000000000, -1.000000000000000000 ) ) ;
#2798 = ORIENTED_EDGE ( 'NONE', *, *, #1865, .F. ) ;
#2799 = CARTESIAN_POINT ( 'NONE',  ( 3.809999999999997389, 0.000000000000000000, 1.269999999999998908 ) ) ;
#2800 = DIRECTION ( 'NONE',  ( 0.7071067811865475727, -0.7071067811865475727, 0.000000000000000000 ) ) ;
#2801 = COLOUR_RGB ( '',0.2509803921568627416, 0.2509803921568627416, 0.2509803921568627416 ) ;
#2802 = ORIENTED_EDGE ( 'NONE', *, *, #4892, .T. ) ;
#2803 = LINE ( 'NONE', #9002, #10623 ) ;
#2804 = ORIENTED_EDGE ( 'NONE', *, *, #10777, .T. ) ;
#2805 = ORIENTED_EDGE ( 'NONE', *, *, #4537, .T. ) ;
#2806 = EDGE_LOOP ( 'NONE', ( #4903, #3192, #8839, #5709 ) ) ;
#2807 = AXIS2_PLACEMENT_3D ( 'NONE', #1569, #6827, #9489 ) ;
#2808 = DIRECTION ( 'NONE',  ( 1.000000000000000000, 0.000000000000000000, 0.000000000000000000 ) ) ;
#2809 = ORIENTED_EDGE ( 'NONE', *, *, #10180, .T. ) ;
#2810 = DIRECTION ( 'NONE',  ( 0.000000000000000000, 0.9659258262890699775, 0.2588190451025145222 ) ) ;
#2811 = LINE ( 'NONE', #7884, #7666 ) ;
#2812 = LINE ( 'NONE', #8905, #6671 ) ;
#2813 = DIRECTION ( 'NONE',  ( -1.000000000000000000, -0.000000000000000000, -0.000000000000000000 ) ) ;
#2815 = ORIENTED_EDGE ( 'NONE', *, *, #11031, .T. ) ;
#2814 = ADVANCED_FACE ( 'NONE', ( #2885 ), #9142, .F. ) ;
#2816 = MECHANICAL_DESIGN_GEOMETRIC_PRESENTATION_REPRESENTATION (  '', ( #7076 ), #7739 ) ;
#2817 = CARTESIAN_POINT ( 'NONE',  ( 24.12999999999999901, 2.177422008883992879E-16, -0.8890000000000013447 ) ) ;
#2818 = VERTEX_POINT ( 'NONE', #3840 ) ;
#2819 = EDGE_CURVE ( 'NONE', #7765, #4939, #9937, .T. ) ;
#2820 = DIRECTION ( 'NONE',  ( 0.000000000000000000, 0.000000000000000000, -1.000000000000000000 ) ) ;
#2821 = PLANE ( 'NONE',  #5297 ) ;
#2822 = DIRECTION ( 'NONE',  ( -1.000000000000000000, -0.000000000000000000, -0.000000000000000000 ) ) ;
#2823 = DIRECTION ( 'NONE',  ( 1.000000000000000000, 0.000000000000000000, 0.000000000000000000 ) ) ;
#2824 = VECTOR ( 'NONE', #3071, 1000.000000000000000 ) ;
#2825 = LINE ( 'NONE', #6243, #7031 ) ;
#2826 = CARTESIAN_POINT ( 'NONE',  ( 11.42999999999999616, 0.5080000000000002292, -0.7528818102449945648 ) ) ;
#2827 = DIRECTION ( 'NONE',  ( 0.000000000000000000, -0.000000000000000000, -1.000000000000000000 ) ) ;
#2828 = CARTESIAN_POINT ( 'NONE',  ( 22.47899999999999920, 8.064500000000000668, 0.3809999999999958975 ) ) ;
#2829 = ORIENTED_EDGE ( 'NONE', *, *, #3415, .T. ) ;
#2830 = DIRECTION ( 'NONE',  ( 0.000000000000000000, 0.2588190451025145222, -0.9659258262890699775 ) ) ;
#2831 =( REPRESENTATION_RELATIONSHIP ('NONE','NONE', #5926, #187 ) REPRESENTATION_RELATIONSHIP_WITH_TRANSFORMATION ( #951 )SHAPE_REPRESENTATION_RELATIONSHIP( ) );
#2832 = EDGE_CURVE ( 'NONE', #2818, #5526, #3056, .T. ) ;
#2833 = DIRECTION ( 'NONE',  ( -0.7071067811865475727, -0.7071067811865475727, 0.000000000000000000 ) ) ;
#2834 = EDGE_CURVE ( 'NONE', #7105, #686, #277, .T. ) ;
#2835 = DIRECTION ( 'NONE',  ( 0.000000000000000000, 0.9659258262890699775, 0.2588190451025145222 ) ) ;
#2836 = CARTESIAN_POINT ( 'NONE',  ( -14.85900000000000531, 7.239000000000000767, 0.3809999999999958975 ) ) ;
#2837 = CARTESIAN_POINT ( 'NONE',  ( 23.24099999999999611, 8.064500000000000668, 0.3809999999999960085 ) ) ;
#2838 = VERTEX_POINT ( 'NONE', #3899 ) ;
#2839 = CARTESIAN_POINT ( 'NONE',  ( 1.714499999999997248, 8.509000000000000341, -0.8255000000000041194 ) ) ;
#2840 = VECTOR ( 'NONE', #7213, 1000.000000000000000 ) ;
#2841 = CARTESIAN_POINT ( 'NONE',  ( 8.889999999999995239, 0.5080000000000000071, 0.7528818102449925664 ) ) ;
#2842 = ORIENTED_EDGE ( 'NONE', *, *, #6819, .F. ) ;
#2843 = DIRECTION ( 'NONE',  ( -1.000000000000000000, -0.000000000000000000, -0.000000000000000000 ) ) ;
#2844 = VERTEX_POINT ( 'NONE', #4648 ) ;
#2845 = ORIENTED_EDGE ( 'NONE', *, *, #7757, .F. ) ;
#2846 = PRESENTATION_STYLE_ASSIGNMENT (( #7354 ) ) ;
#2847 = VECTOR ( 'NONE', #4335, 1000.000000000000000 ) ;
#2848 = CARTESIAN_POINT ( 'NONE',  ( 2.920999999999996710, 7.239000000000000767, 0.3809999999999958975 ) ) ;
#2849 = CARTESIAN_POINT ( 'NONE',  ( -1.270000000000003793, 2.177422008883992879E-16, -0.8890000000000013447 ) ) ;
#2850 = DIRECTION ( 'NONE',  ( 0.000000000000000000, -0.7071067811865484609, 0.7071067811865465735 ) ) ;
#2851 = PLANE ( 'NONE',  #3578 ) ;
#2852 = DIRECTION ( 'NONE',  ( 0.000000000000000000, 2.449293598294710852E-16, -1.000000000000000000 ) ) ;
#2853 = ORIENTED_EDGE ( 'NONE', *, *, #325, .F. ) ;
#2854 = CARTESIAN_POINT ( 'NONE',  ( 19.04999999999999716, 8.509000000000000341, 1.270000000000001128 ) ) ;
#2855 = CARTESIAN_POINT ( 'NONE',  ( 24.12999999999999901, 2.177422008883992879E-16, -0.8890000000000013447 ) ) ;
#2856 = AXIS2_PLACEMENT_3D ( 'NONE', #10911, #4973, #4918 ) ;
#2857 = ORIENTED_EDGE ( 'NONE', *, *, #2125, .T. ) ;
#2858 = FILL_AREA_STYLE ('',( #1035 ) ) ;
#2859 = ORIENTED_EDGE ( 'NONE', *, *, #9902, .T. ) ;
#2860 = VECTOR ( 'NONE', #10302, 1000.000000000000000 ) ;
#2861 = ORIENTED_EDGE ( 'NONE', *, *, #9243, .F. ) ;
#2862 = ORIENTED_EDGE ( 'NONE', *, *, #1096, .F. ) ;
#2863 = AXIS2_PLACEMENT_3D ( 'NONE', #3504, #886, #827 ) ;
#2864 = CARTESIAN_POINT ( 'NONE',  ( 1.269999999999996909, 2.177422008883992879E-16, -0.8890000000000013447 ) ) ;
#2865 = EDGE_CURVE ( 'NONE', #5536, #4958, #2190, .T. ) ;
#2866 = CARTESIAN_POINT ( 'NONE',  ( -6.350000000000004974, 0.5080000000000002292, -0.7528818102449945648 ) ) ;
#2867 = VERTEX_POINT ( 'NONE', #8977 ) ;
#2868 = DIRECTION ( 'NONE',  ( 1.000000000000000000, 0.000000000000000000, 0.000000000000000000 ) ) ;
#2869 = DIRECTION ( 'NONE',  ( 0.000000000000000000, -1.000000000000000000, -2.548365665731588345E-16 ) ) ;
#2870 = DIRECTION ( 'NONE',  ( -1.000000000000000000, -0.000000000000000000, -0.000000000000000000 ) ) ;
#2871 = CARTESIAN_POINT ( 'NONE',  ( 13.08099999999999596, 8.064500000000000668, -0.3810000000000027809 ) ) ;
#2872 = EDGE_LOOP ( 'NONE', ( #4822, #2612, #9409, #6262 ) ) ;
#2873 = AXIS2_PLACEMENT_3D ( 'NONE', #5847, #8417, #4883 ) ;
#2874 = VECTOR ( 'NONE', #678, 1000.000000000000000 ) ;
#2875 = ORIENTED_EDGE ( 'NONE', *, *, #1782, .T. ) ;
#2876 = ADVANCED_FACE ( 'NONE', ( #8295 ), #8137, .F. ) ;
#2877 = EDGE_CURVE ( 'NONE', #4854, #3678, #5718, .T. ) ;
#2878 = PLANE ( 'NONE',  #1928 ) ;
#2879 = CARTESIAN_POINT ( 'NONE',  ( -6.350000000000004974, 3.110602869834277161E-16, -1.270000000000001128 ) ) ;
#2880 = AXIS2_PLACEMENT_3D ( 'NONE', #9778, #1329, #5661 ) ;
#2881 = DIRECTION ( 'NONE',  ( 0.000000000000000000, -0.7071067811865484609, 0.7071067811865465735 ) ) ;
#2882 = ADVANCED_FACE ( 'NONE', ( #10804 ), #6475, .F. ) ;
#2883 = FACE_OUTER_BOUND ( 'NONE', #8841, .T. ) ;
#2884 = LINE ( 'NONE', #9991, #6709 ) ;
#2885 = FACE_OUTER_BOUND ( 'NONE', #3882, .T. ) ;
#2886 = EDGE_LOOP ( 'NONE', ( #794, #10362, #1893, #8678 ) ) ;
#2887 = DIRECTION ( 'NONE',  ( 1.000000000000000000, 0.000000000000000000, 0.000000000000000000 ) ) ;
#2888 = CONTEXT_DEPENDENT_SHAPE_REPRESENTATION ( #5372, #6910 ) ;
#2889 = DIRECTION ( 'NONE',  ( 0.000000000000000000, 0.000000000000000000, -1.000000000000000000 ) ) ;
#2890 = EDGE_CURVE ( 'NONE', #6003, #4456, #3794, .T. ) ;
#2891 = FACE_OUTER_BOUND ( 'NONE', #3367, .T. ) ;
#2892 = CARTESIAN_POINT ( 'NONE',  ( -13.97000000000000419, 2.177422008883992879E-16, -0.8890000000000013447 ) ) ;
#2893 = EDGE_CURVE ( 'NONE', #9428, #10017, #6416, .T. ) ;
#2894 = CARTESIAN_POINT ( 'NONE',  ( -24.13000000000000611, 2.177422008883992879E-16, -0.8890000000000013447 ) ) ;
#2895 = EDGE_LOOP ( 'NONE', ( #11010, #6687, #9117, #1747 ) ) ;
#2896 = CARTESIAN_POINT ( 'NONE',  ( 8.889999999999995239, -1.925929944387235853E-31, 0.8889999999999991243 ) ) ;
#2897 = LINE ( 'NONE', #5338, #3881 ) ;
#2898 = EDGE_LOOP ( 'NONE', ( #5502, #4076, #4810, #2707 ) ) ;
#2899 = LINE ( 'NONE', #1933, #9 ) ;
#2900 = ORIENTED_EDGE ( 'NONE', *, *, #10201, .F. ) ;
#2901 = ORIENTED_EDGE ( 'NONE', *, *, #3903, .T. ) ;
#2902 = CARTESIAN_POINT ( 'NONE',  ( 2.158999999999997588, 8.064500000000000668, 0.3809999999999958975 ) ) ;
#2903 = DIRECTION ( 'NONE',  ( 0.5773502691896253980, 0.5773502691896253980, -0.5773502691896265082 ) ) ;
#2904 = CARTESIAN_POINT ( 'NONE',  ( 4.698999999999998067, 8.064500000000000668, 0.3809999999999958975 ) ) ;
#2905 = CARTESIAN_POINT ( 'NONE',  ( 6.349999999999997868, 0.5080000000000000071, 0.7528818102449925664 ) ) ;
#2906 = EDGE_CURVE ( 'NONE', #4441, #6958, #3961, .T. ) ;
#2907 = CARTESIAN_POINT ( 'NONE',  ( -23.24100000000000321, 7.239000000000000767, 0.3809999999999958975 ) ) ;
#2908 = ORIENTED_EDGE ( 'NONE', *, *, #1678, .T. ) ;
#2909 = CARTESIAN_POINT ( 'NONE',  ( 0.3810000000000000053, -3.200400000000000134, 0.2032000000000001583 ) ) ;
#2910 = DIRECTION ( 'NONE',  ( 0.7071067811865475727, -0.7071067811865475727, 0.000000000000000000 ) ) ;
#2911 = ORIENTED_EDGE ( 'NONE', *, *, #336, .T. ) ;
#2912 = PLANE ( 'NONE',  #7713 ) ;
#2913 = ORIENTED_EDGE ( 'NONE', *, *, #4056, .F. ) ;
#2914 = ORIENTED_EDGE ( 'NONE', *, *, #927, .F. ) ;
#2915 = ADVANCED_FACE ( 'NONE', ( #9198 ), #4809, .F. ) ;
#2916 = VERTEX_POINT ( 'NONE', #436 ) ;
#2917 = DIRECTION ( 'NONE',  ( 0.000000000000000000, 0.000000000000000000, 1.000000000000000000 ) ) ;
#2918 = CARTESIAN_POINT ( 'NONE',  ( 24.38400000000000745, 0.5080000000000000071, 0.7528818102449925664 ) ) ;
#2919 = VERTEX_POINT ( 'NONE', #7285 ) ;
#2920 = FACE_OUTER_BOUND ( 'NONE', #9338, .T. ) ;
#2921 = DIRECTION ( 'NONE',  ( 0.000000000000000000, 5.054934237236841843E-31, 1.000000000000000000 ) ) ;
#2922 = ORIENTED_EDGE ( 'NONE', *, *, #7638, .F. ) ;
#2923 = CARTESIAN_POINT ( 'NONE',  ( 13.08099999999999596, 7.239000000000000767, 0.3809999999999958975 ) ) ;
#2924 = LINE ( 'NONE', #263, #7339 ) ;
#2925 = VECTOR ( 'NONE', #832, 1000.000000000000000 ) ;
#2926 = EDGE_LOOP ( 'NONE', ( #1419, #10942, #10605, #8469, #7474, #5841, #10663, #437 ) ) ;
#2927 = ORIENTED_EDGE ( 'NONE', *, *, #8521, .F. ) ;
#2928 = VECTOR ( 'NONE', #10227, 1000.000000000000000 ) ;
#2929 = DIRECTION ( 'NONE',  ( 1.000000000000000000, 0.000000000000000000, -0.000000000000000000 ) ) ;
#2930 = DIRECTION ( 'NONE',  ( 0.000000000000000000, 1.440069553722777130E-16, -1.000000000000000000 ) ) ;
#2931 = ORIENTED_EDGE ( 'NONE', *, *, #2955, .F. ) ;
#2932 = CARTESIAN_POINT ( 'NONE',  ( 11.42999999999999616, 0.000000000000000000, 1.269999999999998908 ) ) ;
#2933 = DIRECTION ( 'NONE',  ( 0.000000000000000000, -5.054934237236841843E-31, -1.000000000000000000 ) ) ;
#2934 = CARTESIAN_POINT ( 'NONE',  ( -18.16100000000000492, 8.064500000000000668, -0.3810000000000027809 ) ) ;
#2935 = PLANE ( 'NONE',  #7054 ) ;
#2936 = VECTOR ( 'NONE', #6843, 1000.000000000000000 ) ;
#2937 = ADVANCED_FACE ( 'NONE', ( #7446 ), #2935, .F. ) ;
#2938 = ORIENTED_EDGE ( 'NONE', *, *, #2042, .F. ) ;
#2939 = CARTESIAN_POINT ( 'NONE',  ( -16.51000000000000512, -1.925929944387235853E-31, 0.8889999999999991243 ) ) ;
#2940 = CARTESIAN_POINT ( 'NONE',  ( -11.43000000000000504, 0.5080000000000002292, -0.7528818102449945648 ) ) ;
#2941 = AXIS2_PLACEMENT_3D ( 'NONE', #3406, #58, #5053 ) ;
#2942 = VECTOR ( 'NONE', #1125, 1000.000000000000000 ) ;
#2943 = DIRECTION ( 'NONE',  ( 0.000000000000000000, 1.733406087350420004E-16, -1.000000000000000000 ) ) ;
#2944 = DIRECTION ( 'NONE',  ( -0.5773502691896252870, -0.5773502691896251759, -0.5773502691896267303 ) ) ;
#2945 = CARTESIAN_POINT ( 'NONE',  ( -21.59000000000000341, 0.5080000000000000071, 0.7528818102449925664 ) ) ;
#2946 = EDGE_LOOP ( 'NONE', ( #427, #8296, #10114, #1240 ) ) ;
#2947 = DIRECTION ( 'NONE',  ( 0.000000000000000000, 1.733406087350420004E-16, -1.000000000000000000 ) ) ;
#2948 = VECTOR ( 'NONE', #2165, 1000.000000000000114 ) ;
#2949 = DIRECTION ( 'NONE',  ( 0.000000000000000000, 1.000000000000000000, 1.440069553722777377E-16 ) ) ;
#2950 = EDGE_CURVE ( 'NONE', #3155, #585, #6588, .T. ) ;
#2951 = ADVANCED_FACE ( 'NONE', ( #5555 ), #600, .T. ) ;
#2952 = CARTESIAN_POINT ( 'NONE',  ( -8.890000000000004121, 0.5080000000000000071, 0.7528818102449925664 ) ) ;
#2953 = VECTOR ( 'NONE', #5550, 1000.000000000000000 ) ;
#2954 = ORIENTED_EDGE ( 'NONE', *, *, #7406, .F. ) ;
#2955 = EDGE_CURVE ( 'NONE', #3654, #4708, #4868, .T. ) ;
#2956 = ORIENTED_EDGE ( 'NONE', *, *, #9655, .F. ) ;
#2957 = EDGE_CURVE ( 'NONE', #3974, #1135, #7618, .T. ) ;
#2958 = DIRECTION ( 'NONE',  ( 1.000000000000000000, 0.000000000000000000, 0.000000000000000000 ) ) ;
#2959 = VECTOR ( 'NONE', #1632, 999.9999999999998863 ) ;
#2960 = CARTESIAN_POINT ( 'NONE',  ( 6.349999999999994316, 8.509000000000000341, 1.270000000000001128 ) ) ;
#2961 = LINE ( 'NONE', #3756, #10273 ) ;
#2962 = SURFACE_SIDE_STYLE ('',( #1185 ) ) ;
#2963 = VECTOR ( 'NONE', #10533, 1000.000000000000000 ) ;
#2964 = DIRECTION ( 'NONE',  ( 0.5773502691896253980, 0.5773502691896253980, -0.5773502691896265082 ) ) ;
#2965 = ORIENTED_EDGE ( 'NONE', *, *, #10903, .T. ) ;
#2966 = CARTESIAN_POINT ( 'NONE',  ( -11.43000000000000504, 2.177422008883992879E-16, -0.8890000000000013447 ) ) ;
#2967 = CARTESIAN_POINT ( 'NONE',  ( -6.794500000000005535, 8.509000000000000341, 0.8254999999999976801 ) ) ;
#2968 = VERTEX_POINT ( 'NONE', #2307 ) ;
#2969 = LINE ( 'NONE', #10886, #5510 ) ;
#2970 = EDGE_LOOP ( 'NONE', ( #6027, #461, #8155, #9420 ) ) ;
#2971 = VECTOR ( 'NONE', #3779, 1000.000000000000000 ) ;
#2972 = VERTEX_POINT ( 'NONE', #1440 ) ;
#2973 = ORIENTED_EDGE ( 'NONE', *, *, #9703, .T. ) ;
#2974 = ADVANCED_FACE ( 'NONE', ( #6646 ), #5781, .F. ) ;
#2975 = COLOUR_RGB ( '',0.2509803921568627416, 0.2509803921568627416, 0.2509803921568627416 ) ;
#2976 = CARTESIAN_POINT ( 'NONE',  ( -18.16100000000000492, 7.239000000000000767, 0.3809999999999958975 ) ) ;
#2977 = ADVANCED_FACE ( 'NONE', ( #5951, #8517 ), #5892, .F. ) ;
#2978 = CARTESIAN_POINT ( 'NONE',  ( 22.73300000000000054, 7.810500000000000220, -0.1270000000000024998 ) ) ;
#2979 = AXIS2_PLACEMENT_3D ( 'NONE', #6089, #2392, #11105 ) ;
#2980 = ORIENTED_EDGE ( 'NONE', *, *, #6579, .F. ) ;
#2981 = EDGE_CURVE ( 'NONE', #8615, #10972, #543, .T. ) ;
#2982 = DIRECTION ( 'NONE',  ( 0.000000000000000000, -1.000000000000000000, 0.000000000000000000 ) ) ;
#2983 = CARTESIAN_POINT ( 'NONE',  ( -21.59000000000000341, -1.925929944387235853E-31, 0.8889999999999991243 ) ) ;
#2984 = VECTOR ( 'NONE', #539, 1000.000000000000114 ) ;
#2985 = ORIENTED_EDGE ( 'NONE', *, *, #8604, .T. ) ;
#2986 = LINE ( 'NONE', #532, #6246 ) ;
#2987 = ORIENTED_EDGE ( 'NONE', *, *, #3223, .F. ) ;
#2988 = ORIENTED_EDGE ( 'NONE', *, *, #7231, .F. ) ;
#2989 = VECTOR ( 'NONE', #6768, 1000.000000000000000 ) ;
#2990 = CARTESIAN_POINT ( 'NONE',  ( -5.461000000000003851, 7.239000000000000767, -0.3810000000000028919 ) ) ;
#2991 = DIRECTION ( 'NONE',  ( 0.000000000000000000, 0.9659258262890699775, 0.2588190451025145222 ) ) ;
#2992 = ORIENTED_EDGE ( 'NONE', *, *, #8809, .F. ) ;
#2993 = EDGE_CURVE ( 'NONE', #748, #290, #6757, .T. ) ;
#2994 = CARTESIAN_POINT ( 'NONE',  ( 8.889999999999995239, 0.5080000000000002292, -0.7528818102449945648 ) ) ;
#2995 = LINE ( 'NONE', #7331, #6297 ) ;
#2996 = DIRECTION ( 'NONE',  ( 0.7071067811865475727, -0.7071067811865475727, 0.000000000000000000 ) ) ;
#2997 = CARTESIAN_POINT ( 'NONE',  ( 17.78000000000000114, 7.239000000000000767, -2.201425730935033664E-16 ) ) ;
#2998 = VERTEX_POINT ( 'NONE', #5082 ) ;
#2999 = VECTOR ( 'NONE', #32, 1000.000000000000000 ) ;
#3000 = DIRECTION ( 'NONE',  ( 1.000000000000000000, 0.000000000000000000, 0.000000000000000000 ) ) ;
#3001 = EDGE_CURVE ( 'NONE', #5845, #634, #8457, .T. ) ;
#3002 = SURFACE_STYLE_USAGE ( .BOTH. , #3904 ) ;
#3003 = DIRECTION ( 'NONE',  ( -1.000000000000000000, 0.000000000000000000, 0.000000000000000000 ) ) ;
#3004 = ORIENTED_EDGE ( 'NONE', *, *, #1826, .T. ) ;
#3005 = LINE ( 'NONE', #1176, #6607 ) ;
#3006 = LINE ( 'NONE', #4817, #1517 ) ;
#3007 = VECTOR ( 'NONE', #6900, 1000.000000000000000 ) ;
#3008 = CARTESIAN_POINT ( 'NONE',  ( 6.349999999999994316, 2.177422008883992879E-16, -0.8890000000000013447 ) ) ;
#3009 = VERTEX_POINT ( 'NONE', #705 ) ;
#3010 = ORIENTED_EDGE ( 'NONE', *, *, #5124, .T. ) ;
#3011 =( NAMED_UNIT ( * ) PLANE_ANGLE_UNIT ( ) SI_UNIT ( $, .RADIAN. ) );
#3012 = LINE ( 'NONE', #1025, #2942 ) ;
#3013 = PLANE ( 'NONE',  #1545 ) ;
#3014 = EDGE_CURVE ( 'NONE', #3999, #2697, #4919, .T. ) ;
#3015 = EDGE_CURVE ( 'NONE', #3934, #9873, #8400, .T. ) ;
#3016 = CARTESIAN_POINT ( 'NONE',  ( -22.73300000000000765, 7.810500000000001108, 0.1269999999999961438 ) ) ;
#3017 = DIRECTION ( 'NONE',  ( 0.000000000000000000, 0.000000000000000000, 1.000000000000000000 ) ) ;
#3018 = AXIS2_PLACEMENT_3D ( 'NONE', #10452, #3448, #11201 ) ;
#3019 = FACE_OUTER_BOUND ( 'NONE', #7400, .T. ) ;
#3020 = EDGE_LOOP ( 'NONE', ( #10415, #9172, #9888, #917 ) ) ;
#3021 = DIRECTION ( 'NONE',  ( 0.000000000000000000, -5.054934237236841843E-31, -1.000000000000000000 ) ) ;
#3022 = ORIENTED_EDGE ( 'NONE', *, *, #6953, .F. ) ;
#3023 = CARTESIAN_POINT ( 'NONE',  ( -6.350000000000004974, 8.509000000000000341, 1.270000000000001128 ) ) ;
#3024 = ORIENTED_EDGE ( 'NONE', *, *, #7867, .T. ) ;
#3025 = CARTESIAN_POINT ( 'NONE',  ( 10.54099999999999504, 8.064500000000000668, -0.3810000000000027809 ) ) ;
#3026 = ORIENTED_EDGE ( 'NONE', *, *, #6871, .T. ) ;
#3027 = AXIS2_PLACEMENT_3D ( 'NONE', #8900, #10670, #1144 ) ;
#3028 = ORIENTED_EDGE ( 'NONE', *, *, #4133, .T. ) ;
#3029 = CARTESIAN_POINT ( 'NONE',  ( -19.05000000000000426, 3.110602869834277161E-16, -1.270000000000001128 ) ) ;
#3030 = CARTESIAN_POINT ( 'NONE',  ( 19.04999999999999716, 0.000000000000000000, 1.269999999999998908 ) ) ;
#3031 = EDGE_CURVE ( 'NONE', #3634, #1998, #5831, .T. ) ;
#3032 = CARTESIAN_POINT ( 'NONE',  ( -12.57300000000000573, 7.810500000000000220, -0.1270000000000024998 ) ) ;
#3033 = ORIENTED_EDGE ( 'NONE', *, *, #4446, .F. ) ;
#3034 = DIRECTION ( 'NONE',  ( -0.000000000000000000, 1.000000000000000000, 2.449293598294710852E-16 ) ) ;
#3035 = DIRECTION ( 'NONE',  ( 0.000000000000000000, 0.000000000000000000, 1.000000000000000000 ) ) ;
#3036 = VECTOR ( 'NONE', #186, 999.9999999999998863 ) ;
#3037 = ADVANCED_FACE ( 'NONE', ( #656 ), #7560, .F. ) ;
#3038 = EDGE_CURVE ( 'NONE', #2035, #174, #1609, .T. ) ;
#3039 = ORIENTED_EDGE ( 'NONE', *, *, #3446, .F. ) ;
#3040 = CARTESIAN_POINT ( 'NONE',  ( -1.714500000000004132, 8.509000000000000341, -1.270000000000001128 ) ) ;
#3041 = ORIENTED_EDGE ( 'NONE', *, *, #10105, .T. ) ;
#3042 = EDGE_CURVE ( 'NONE', #2647, #2339, #10967, .T. ) ;
#3043 = ORIENTED_EDGE ( 'NONE', *, *, #7088, .T. ) ;
#3044 = VECTOR ( 'NONE', #2122, 1000.000000000000000 ) ;
#3045 = VECTOR ( 'NONE', #7478, 1000.000000000000000 ) ;
#3046 = EDGE_CURVE ( 'NONE', #6591, #5856, #6706, .T. ) ;
#3047 = VECTOR ( 'NONE', #8543, 1000.000000000000000 ) ;
#3048 = CARTESIAN_POINT ( 'NONE',  ( 1.269999999999996909, 0.000000000000000000, 0.000000000000000000 ) ) ;
#3049 = CARTESIAN_POINT ( 'NONE',  ( 8.000999999999994117, 8.064500000000000668, -0.3810000000000027809 ) ) ;
#3050 = ORIENTED_EDGE ( 'NONE', *, *, #7304, .T. ) ;
#3051 = DIRECTION ( 'NONE',  ( -0.000000000000000000, 0.000000000000000000, 1.000000000000000000 ) ) ;
#3052 = AXIS2_PLACEMENT_3D ( 'NONE', #7460, #7577, #4825 ) ;
#3053 = VECTOR ( 'NONE', #10295, 1000.000000000000000 ) ;
#3054 = PLANE ( 'NONE',  #3563 ) ;
#3055 = PLANE ( 'NONE',  #2856 ) ;
#3056 = LINE ( 'NONE', #1166, #4077 ) ;
#3057 = ORIENTED_EDGE ( 'NONE', *, *, #5261, .F. ) ;
#3058 = PRODUCT_DEFINITION_FORMATION_WITH_SPECIFIED_SOURCE ( 'ANY', '', #4985, .NOT_KNOWN. ) ;
#3059 = VECTOR ( 'NONE', #4265, 1000.000000000000000 ) ;
#3060 = DIRECTION ( 'NONE',  ( -0.000000000000000000, 0.000000000000000000, 1.000000000000000000 ) ) ;
#3061 = PLANE ( 'NONE',  #3149 ) ;
#3062 = CARTESIAN_POINT ( 'NONE',  ( -8.890000000000005898, 8.509000000000000341, -1.270000000000001128 ) ) ;
#3063 = CARTESIAN_POINT ( 'NONE',  ( 3.809999999999997389, 0.000000000000000000, 1.269999999999998908 ) ) ;
#3064 = ORIENTED_EDGE ( 'NONE', *, *, #5049, .F. ) ;
#3065 = DIRECTION ( 'NONE',  ( 0.000000000000000000, -5.054934237236841843E-31, -1.000000000000000000 ) ) ;
#3066 = FACE_OUTER_BOUND ( 'NONE', #6619, .T. ) ;
#3067 = CARTESIAN_POINT ( 'NONE',  ( -19.93900000000000361, 7.239000000000000767, 0.3809999999999958975 ) ) ;
#3068 = ORIENTED_EDGE ( 'NONE', *, *, #9940, .F. ) ;
#3069 = ORIENTED_EDGE ( 'NONE', *, *, #6153, .T. ) ;
#3070 = DIRECTION ( 'NONE',  ( 0.000000000000000000, -0.000000000000000000, -1.000000000000000000 ) ) ;
#3071 = DIRECTION ( 'NONE',  ( 0.000000000000000000, -0.9659258262890699775, -0.2588190451025145222 ) ) ;
#3072 = DIRECTION ( 'NONE',  ( 1.000000000000000000, 0.000000000000000000, 0.000000000000000000 ) ) ;
#3073 = CARTESIAN_POINT ( 'NONE',  ( 19.04999999999999716, 3.110602869834277161E-16, -1.270000000000001128 ) ) ;
#3074 = DIRECTION ( 'NONE',  ( 0.000000000000000000, 0.000000000000000000, -1.000000000000000000 ) ) ;
#3075 = ORIENTED_EDGE ( 'NONE', *, *, #7783, .F. ) ;
#3076 = CARTESIAN_POINT ( 'NONE',  ( 4.698999999999998067, 8.064500000000000668, -0.3810000000000027809 ) ) ;
#3077 = ORIENTED_EDGE ( 'NONE', *, *, #10896, .T. ) ;
#3078 = CARTESIAN_POINT ( 'NONE',  ( 24.12999999999999901, 0.5080000000000002292, -0.7528818102449945648 ) ) ;
#3079 = ORIENTED_EDGE ( 'NONE', *, *, #3861, .T. ) ;
#3080 = ADVANCED_FACE ( 'NONE', ( #2364 ), #4128, .F. ) ;
#3081 = LINE ( 'NONE', #10072, #5031 ) ;
#3082 = VERTEX_POINT ( 'NONE', #10333 ) ;
#3083 = EDGE_CURVE ( 'NONE', #2236, #4921, #2535, .T. ) ;
#3084 = ORIENTED_EDGE ( 'NONE', *, *, #1417, .F. ) ;
#3085 = FACE_OUTER_BOUND ( 'NONE', #7142, .T. ) ;
#3086 = AXIS2_PLACEMENT_3D ( 'NONE', #1989, #1020, #7009 ) ;
#3087 = LINE ( 'NONE', #6566, #8855 ) ;
#3088 = CARTESIAN_POINT ( 'NONE',  ( -13.08100000000000485, 7.239000000000000767, 0.3809999999999958975 ) ) ;
#3089 = ORIENTED_EDGE ( 'NONE', *, *, #1540, .F. ) ;
#3090 = DIRECTION ( 'NONE',  ( 0.000000000000000000, 0.000000000000000000, -1.000000000000000000 ) ) ;
#3091 = DIRECTION ( 'NONE',  ( 1.000000000000000000, 0.000000000000000000, -0.000000000000000000 ) ) ;
#3092 = ORIENTED_EDGE ( 'NONE', *, *, #2032, .F. ) ;
#3093 = DIRECTION ( 'NONE',  ( 0.000000000000000000, 0.000000000000000000, 1.000000000000000000 ) ) ;
#3094 = EDGE_LOOP ( 'NONE', ( #8284, #9144, #6037, #5590 ) ) ;
#3095 = VERTEX_POINT ( 'NONE', #5309 ) ;
#3096 = ADVANCED_FACE ( 'NONE', ( #3443 ), #37, .F. ) ;
#3097 = EDGE_CURVE ( 'NONE', #378, #10166, #992, .T. ) ;
#3098 = EDGE_CURVE ( 'NONE', #4836, #21, #4529, .T. ) ;
#3099 = DIRECTION ( 'NONE',  ( 0.000000000000000000, 0.9659258262890700886, -0.2588190451025140781 ) ) ;
#3100 = DIRECTION ( 'NONE',  ( -0.000000000000000000, -0.7071067811865482389, -0.7071067811865469066 ) ) ;
#3101 = ORIENTED_EDGE ( 'NONE', *, *, #11242, .F. ) ;
#3102 = LINE ( 'NONE', #9193, #7357 ) ;
#3103 = DIRECTION ( 'NONE',  ( -1.000000000000000000, -0.000000000000000000, -0.000000000000000000 ) ) ;
#3104 = LINE ( 'NONE', #9367, #8675 ) ;
#3105 = CARTESIAN_POINT ( 'NONE',  ( 21.58999999999999631, 0.000000000000000000, 0.000000000000000000 ) ) ;
#3106 = ORIENTED_EDGE ( 'NONE', *, *, #11115, .F. ) ;
#3107 = VERTEX_POINT ( 'NONE', #4356 ) ;
#3108 = ADVANCED_FACE ( 'NONE', ( #7158 ), #5370, .F. ) ;
#3109 = DIRECTION ( 'NONE',  ( -1.000000000000000000, -0.000000000000000000, -0.000000000000000000 ) ) ;
#3110 = ADVANCED_FACE ( 'NONE', ( #7836 ), #1725, .T. ) ;
#3111 = SURFACE_STYLE_FILL_AREA ( #8299 ) ;
#3112 = CARTESIAN_POINT ( 'NONE',  ( 24.38400000000000745, 8.509000000000000341, -1.270000000000001128 ) ) ;
#3113 = ADVANCED_FACE ( 'NONE', ( #155 ), #3663, .F. ) ;
#3114 = LINE ( 'NONE', #6370, #3413 ) ;
#3115 = ORIENTED_EDGE ( 'NONE', *, *, #7405, .F. ) ;
#3116 = EDGE_CURVE ( 'NONE', #10260, #10261, #3556, .T. ) ;
#3117 = CARTESIAN_POINT ( 'NONE',  ( 6.349999999999997868, 8.509000000000000341, -1.270000000000001128 ) ) ;
#3118 = CARTESIAN_POINT ( 'NONE',  ( -11.43000000000000504, 3.110602869834277161E-16, -1.270000000000001128 ) ) ;
#3119 = LINE ( 'NONE', #7515, #2540 ) ;
#3120 = VERTEX_POINT ( 'NONE', #7100 ) ;
#3121 = ORIENTED_EDGE ( 'NONE', *, *, #4196, .F. ) ;
#3122 = VECTOR ( 'NONE', #9833, 1000.000000000000000 ) ;
#3123 = DIRECTION ( 'NONE',  ( 1.000000000000000000, 0.000000000000000000, 0.000000000000000000 ) ) ;
#3124 = CARTESIAN_POINT ( 'NONE',  ( -13.08100000000000485, 8.064500000000000668, -0.3810000000000027809 ) ) ;
#3125 = CARTESIAN_POINT ( 'NONE',  ( -6.350000000000004974, 0.000000000000000000, 1.269999999999998908 ) ) ;
#3126 = DIRECTION ( 'NONE',  ( 0.000000000000000000, 0.9659258262890700886, -0.2588190451025140781 ) ) ;
#3127 = LINE ( 'NONE', #7523, #2643 ) ;
#3128 = CARTESIAN_POINT ( 'NONE',  ( -16.51000000000000512, -1.925929944387235853E-31, 0.8889999999999991243 ) ) ;
#3129 = ORIENTED_EDGE ( 'NONE', *, *, #6670, .T. ) ;
#3130 = LINE ( 'NONE', #1299, #8590 ) ;
#3131 = ORIENTED_EDGE ( 'NONE', *, *, #4260, .T. ) ;
#3132 = VECTOR ( 'NONE', #1876, 1000.000000000000000 ) ;
#3133 = DIRECTION ( 'NONE',  ( 1.000000000000000000, 0.000000000000000000, 0.000000000000000000 ) ) ;
#3134 = ORIENTED_EDGE ( 'NONE', *, *, #9704, .F. ) ;
#3135 = DIRECTION ( 'NONE',  ( 0.000000000000000000, 0.2588190451025145222, -0.9659258262890699775 ) ) ;
#3136 = ORIENTED_EDGE ( 'NONE', *, *, #10391, .T. ) ;
#3137 = ORIENTED_EDGE ( 'NONE', *, *, #8647, .F. ) ;
#3138 = FACE_OUTER_BOUND ( 'NONE', #2416, .T. ) ;
#3139 = VECTOR ( 'NONE', #3072, 1000.000000000000000 ) ;
#3140 = CARTESIAN_POINT ( 'NONE',  ( 3.809999999999997389, 8.509000000000000341, 1.270000000000001128 ) ) ;
#3141 = DIRECTION ( 'NONE',  ( -0.000000000000000000, 0.000000000000000000, -1.000000000000000000 ) ) ;
#3142 = VERTEX_POINT ( 'NONE', #6293 ) ;
#3143 = CARTESIAN_POINT ( 'NONE',  ( 16.50999999999999801, 0.000000000000000000, 1.269999999999998908 ) ) ;
#3144 = CARTESIAN_POINT ( 'NONE',  ( -17.39900000000000446, 8.064500000000000668, 0.3809999999999960085 ) ) ;
#3145 = AXIS2_PLACEMENT_3D ( 'NONE', #2036, #8196, #3801 ) ;
#3146 = EDGE_LOOP ( 'NONE', ( #4960, #4516, #672, #8882, #9988, #8611 ) ) ;
#3147 = LINE ( 'NONE', #6694, #2425 ) ;
#3148 = EDGE_LOOP ( 'NONE', ( #9812, #9766, #10707, #250 ) ) ;
#3149 = AXIS2_PLACEMENT_3D ( 'NONE', #1386, #5670, #8351 ) ;
#3150 = ORIENTED_EDGE ( 'NONE', *, *, #7893, .T. ) ;
#3151 = AXIS2_PLACEMENT_3D ( 'NONE', #7273, #9017, #5367 ) ;
#3152 = CARTESIAN_POINT ( 'NONE',  ( 2.920999999999996710, 8.064500000000000668, 0.3809999999999958975 ) ) ;
#3153 = LINE ( 'NONE', #9082, #4411 ) ;
#3154 = VECTOR ( 'NONE', #1894, 1000.000000000000000 ) ;
#3155 = VERTEX_POINT ( 'NONE', #5138 ) ;
#3156 = EDGE_CURVE ( 'NONE', #5083, #2619, #1786, .T. ) ;
#3157 = CARTESIAN_POINT ( 'NONE',  ( 19.04999999999999716, 0.000000000000000000, 1.269999999999998908 ) ) ;
#3158 = EDGE_CURVE ( 'NONE', #1998, #1975, #8685, .T. ) ;
#3159 = FACE_OUTER_BOUND ( 'NONE', #8854, .T. ) ;
#3160 = CARTESIAN_POINT ( 'NONE',  ( 3.809999999999997389, 8.509000000000000341, 1.270000000000001128 ) ) ;
#3161 = EDGE_CURVE ( 'NONE', #694, #6641, #97, .T. ) ;
#3162 = DIRECTION ( 'NONE',  ( -0.000000000000000000, 1.000000000000000000, 1.733406087350420004E-16 ) ) ;
#3163 = ORIENTED_EDGE ( 'NONE', *, *, #4358, .F. ) ;
#3164 = VECTOR ( 'NONE', #8499, 1000.000000000000000 ) ;
#3165 = EDGE_LOOP ( 'NONE', ( #3372, #9831, #8014, #9181 ) ) ;
#3166 = EDGE_CURVE ( 'NONE', #6736, #9510, #9651, .T. ) ;
#3167 = VECTOR ( 'NONE', #1017, 1000.000000000000000 ) ;
#3168 = PLANE ( 'NONE',  #2761 ) ;
#3169 = DIRECTION ( 'NONE',  ( -0.7071067811865475727, -0.7071067811865475727, 0.000000000000000000 ) ) ;
#3170 = CARTESIAN_POINT ( 'NONE',  ( -19.05000000000000426, 0.5080000000000000071, 0.7528818102449925664 ) ) ;
#3171 = ADVANCED_FACE ( 'NONE', ( #9405 ), #880, .F. ) ;
#3172 = EDGE_CURVE ( 'NONE', #10238, #2223, #8853, .T. ) ;
#3173 = CARTESIAN_POINT ( 'NONE',  ( -21.59000000000000341, 2.177422008883992879E-16, -0.8890000000000013447 ) ) ;
#3174 = LINE ( 'NONE', #7509, #7435 ) ;
#3175 = ORIENTED_EDGE ( 'NONE', *, *, #1487, .T. ) ;
#3176 = CARTESIAN_POINT ( 'NONE',  ( -3.810000000000004494, 0.000000000000000000, 0.000000000000000000 ) ) ;
#3177 = PLANE ( 'NONE',  #8092 ) ;
#3178 = DIRECTION ( 'NONE',  ( 1.000000000000000000, 0.000000000000000000, 0.000000000000000000 ) ) ;
#3179 = EDGE_LOOP ( 'NONE', ( #5626, #9342, #3941, #7329 ) ) ;
#3180 = ORIENTED_EDGE ( 'NONE', *, *, #4906, .F. ) ;
#3181 = VECTOR ( 'NONE', #1389, 1000.000000000000000 ) ;
#3182 = EDGE_CURVE ( 'NONE', #11013, #8225, #8735, .T. ) ;
#3183 = CARTESIAN_POINT ( 'NONE',  ( 16.50999999999999801, 0.000000000000000000, 1.269999999999998908 ) ) ;
#3184 = DIRECTION ( 'NONE',  ( 0.000000000000000000, 0.9659258262890700886, -0.2588190451025140781 ) ) ;
#3185 = DIRECTION ( 'NONE',  ( 0.000000000000000000, 0.000000000000000000, 1.000000000000000000 ) ) ;
#3186 = LINE ( 'NONE', #9391, #4695 ) ;
#3187 = ORIENTED_EDGE ( 'NONE', *, *, #8325, .F. ) ;
#3188 = CARTESIAN_POINT ( 'NONE',  ( 7.238999999999995438, 8.064500000000000668, 0.3809999999999958975 ) ) ;
#3189 = VECTOR ( 'NONE', #2903, 999.9999999999998863 ) ;
#3190 = ORIENTED_EDGE ( 'NONE', *, *, #7493, .F. ) ;
#3191 = CARTESIAN_POINT ( 'NONE',  ( -11.43000000000000504, 0.5080000000000000071, 0.7528818102449925664 ) ) ;
#3192 = ORIENTED_EDGE ( 'NONE', *, *, #5966, .F. ) ;
#3193 = CARTESIAN_POINT ( 'NONE',  ( 19.04999999999999716, 8.509000000000000341, 1.270000000000001128 ) ) ;
#3194 = EDGE_LOOP ( 'NONE', ( #4099, #6548, #6632, #7937 ) ) ;
#3195 = ORIENTED_EDGE ( 'NONE', *, *, #10711, .F. ) ;
#3196 = VECTOR ( 'NONE', #7640, 1000.000000000000000 ) ;
#3197 = EDGE_CURVE ( 'NONE', #3082, #1975, #10565, .T. ) ;
#3198 = VECTOR ( 'NONE', #5486, 1000.000000000000000 ) ;
#3199 = DIRECTION ( 'NONE',  ( 1.000000000000000000, 0.000000000000000000, 0.000000000000000000 ) ) ;
#3200 = VECTOR ( 'NONE', #9990, 1000.000000000000000 ) ;
#3201 = CARTESIAN_POINT ( 'NONE',  ( -0.3810000000000028919, 8.064500000000000668, 0.3809999999999958975 ) ) ;
#3202 = LINE ( 'NONE', #4848, #10133 ) ;
#3203 = EDGE_LOOP ( 'NONE', ( #4088, #3287, #7312, #2992 ) ) ;
#3204 = CARTESIAN_POINT ( 'NONE',  ( 1.269999999999996909, 0.5080000000000002292, -0.7528818102449945648 ) ) ;
#3205 = DIRECTION ( 'NONE',  ( 0.000000000000000000, -0.9659258262890700886, 0.2588190451025140781 ) ) ;
#3206 = ORIENTED_EDGE ( 'NONE', *, *, #7783, .T. ) ;
#3207 = DIRECTION ( 'NONE',  ( -0.7071067811865475727, -0.7071067811865475727, 0.000000000000000000 ) ) ;
#3208 = ORIENTED_EDGE ( 'NONE', *, *, #7714, .T. ) ;
#3209 = VECTOR ( 'NONE', #5881, 1000.000000000000000 ) ;
#3210 = VECTOR ( 'NONE', #11113, 1000.000000000000000 ) ;
#3211 = EDGE_LOOP ( 'NONE', ( #3858, #8544, #5072, #9624 ) ) ;
#3212 = DIRECTION ( 'NONE',  ( 0.000000000000000000, 1.000000000000000000, 1.733406087350420004E-16 ) ) ;
#3213 = VECTOR ( 'NONE', #2701, 1000.000000000000000 ) ;
#3214 = LINE ( 'NONE', #6469, #8585 ) ;
#3215 = ORIENTED_EDGE ( 'NONE', *, *, #1913, .F. ) ;
#3216 = DIRECTION ( 'NONE',  ( -0.000000000000000000, 1.000000000000000000, 1.440069553722777130E-16 ) ) ;
#3217 = LINE ( 'NONE', #6531, #3740 ) ;
#3218 = CARTESIAN_POINT ( 'NONE',  ( -19.05000000000000426, -1.925929944387235853E-31, 0.8889999999999991243 ) ) ;
#3219 = DIRECTION ( 'NONE',  ( -1.000000000000000000, -0.000000000000000000, -0.000000000000000000 ) ) ;
#3220 = VERTEX_POINT ( 'NONE', #9706 ) ;
#3221 = VECTOR ( 'NONE', #1052, 1000.000000000000000 ) ;
#3222 = VERTEX_POINT ( 'NONE', #1902 ) ;
#3223 = EDGE_CURVE ( 'NONE', #10778, #4607, #7418, .T. ) ;
#3224 = ADVANCED_FACE ( 'NONE', ( #4945 ), #9173, .T. ) ;
#3225 = PLANE ( 'NONE',  #9668 ) ;
#3226 = ADVANCED_FACE ( 'NONE', ( #7472 ), #3931, .F. ) ;
#3227 = VECTOR ( 'NONE', #10523, 1000.000000000000000 ) ;
#3228 = CARTESIAN_POINT ( 'NONE',  ( 4.698999999999998067, 8.064500000000000668, 0.3809999999999960085 ) ) ;
#3229 = FACE_OUTER_BOUND ( 'NONE', #2460, .T. ) ;
#3230 = AXIS2_PLACEMENT_3D ( 'NONE', #4329, #10243, #684 ) ;
#3231 = CARTESIAN_POINT ( 'NONE',  ( 9.778999999999996362, 7.239000000000000767, 0.3809999999999958975 ) ) ;
#3232 = CARTESIAN_POINT ( 'NONE',  ( 12.31899999999999729, 7.239000000000000767, -0.3810000000000028919 ) ) ;
#3233 = ORIENTED_EDGE ( 'NONE', *, *, #2002, .T. ) ;
#3234 = LINE ( 'NONE', #11090, #7722 ) ;
#3235 = MECHANICAL_DESIGN_GEOMETRIC_PRESENTATION_REPRESENTATION (  '', ( #1227 ), #1221 ) ;
#3236 = CARTESIAN_POINT ( 'NONE',  ( 0.3810000000000000053, 0.5079999999999997851, 0.2032000000000010465 ) ) ;
#3237 = VECTOR ( 'NONE', #3799, 1000.000000000000000 ) ;
#3238 = EDGE_LOOP ( 'NONE', ( #9449, #9104, #6975, #3494 ) ) ;
#3239 = ORIENTED_EDGE ( 'NONE', *, *, #6679, .T. ) ;
#3240 = DIRECTION ( 'NONE',  ( 0.000000000000000000, 0.000000000000000000, 1.000000000000000000 ) ) ;
#3241 = EDGE_CURVE ( 'NONE', #8639, #8475, #5589, .T. ) ;
#3242 = CARTESIAN_POINT ( 'NONE',  ( -13.97000000000000419, -1.925929944387235853E-31, 0.8889999999999991243 ) ) ;
#3243 = ADVANCED_FACE ( 'NONE', ( #8324 ), #1466, .F. ) ;
#3244 = CARTESIAN_POINT ( 'NONE',  ( 13.96999999999999709, 8.509000000000000341, -0.8255000000000041194 ) ) ;
#3245 = DIRECTION ( 'NONE',  ( 1.000000000000000000, 0.000000000000000000, 0.000000000000000000 ) ) ;
#3246 = LINE ( 'NONE', #10237, #2874 ) ;
#3247 = ORIENTED_EDGE ( 'NONE', *, *, #5048, .F. ) ;
#3248 = DIRECTION ( 'NONE',  ( 0.000000000000000000, -0.9659258262890699775, -0.2588190451025145222 ) ) ;
#3249 = EDGE_CURVE ( 'NONE', #2618, #3305, #3081, .T. ) ;
#3250 = UNCERTAINTY_MEASURE_WITH_UNIT (LENGTH_MEASURE( 1.000000000000000082E-05 ), #6119, 'distance_accuracy_value', 'NONE');
#3251 = ORIENTED_EDGE ( 'NONE', *, *, #8459, .F. ) ;
#3252 = CARTESIAN_POINT ( 'NONE',  ( -24.13000000000000611, 3.110602869834277161E-16, -1.270000000000001128 ) ) ;
#3253 = EDGE_LOOP ( 'NONE', ( #2579, #7828, #1638, #2661 ) ) ;
#3254 = CARTESIAN_POINT ( 'NONE',  ( 16.50999999999999801, 0.000000000000000000, 0.000000000000000000 ) ) ;
#3255 = ORIENTED_EDGE ( 'NONE', *, *, #4087, .T. ) ;
#3256 = ORIENTED_EDGE ( 'NONE', *, *, #5454, .F. ) ;
#3257 = EDGE_CURVE ( 'NONE', #1100, #316, #10888, .T. ) ;
#3258 = LINE ( 'NONE', #1642, #11029 ) ;
#3259 = LINE ( 'NONE', #9345, #839 ) ;
#3260 = LINE ( 'NONE', #5174, #11055 ) ;
#3261 = EDGE_LOOP ( 'NONE', ( #6250, #4517, #6065, #4682 ) ) ;
#3262 = CARTESIAN_POINT ( 'NONE',  ( -9.779000000000005244, 8.064500000000000668, 0.3809999999999958975 ) ) ;
#3263 = DIRECTION ( 'NONE',  ( -0.000000000000000000, -0.7071067811865482389, -0.7071067811865469066 ) ) ;
#3264 = ORIENTED_EDGE ( 'NONE', *, *, #9436, .T. ) ;
#3265 = ADVANCED_FACE ( 'NONE', ( #8373 ), #5809, .F. ) ;
#3266 = ORIENTED_EDGE ( 'NONE', *, *, #9985, .T. ) ;
#3267 = ORIENTED_EDGE ( 'NONE', *, *, #3713, .T. ) ;
#3268 = DIRECTION ( 'NONE',  ( -1.000000000000000000, 0.000000000000000000, 0.000000000000000000 ) ) ;
#3269 = CARTESIAN_POINT ( 'NONE',  ( -11.43000000000000504, 8.509000000000000341, -1.270000000000001128 ) ) ;
#3270 = VERTEX_POINT ( 'NONE', #4896 ) ;
#3271 = LINE ( 'NONE', #3489, #1688 ) ;
#3272 = DIRECTION ( 'NONE',  ( 0.000000000000000000, 0.000000000000000000, -1.000000000000000000 ) ) ;
#3273 = CARTESIAN_POINT ( 'NONE',  ( -3.810000000000004494, 0.5080000000000002292, -0.7528818102449945648 ) ) ;
#3274 = DIRECTION ( 'NONE',  ( 0.000000000000000000, 1.733406087350420004E-16, -1.000000000000000000 ) ) ;
#3275 = DIRECTION ( 'NONE',  ( 0.000000000000000000, 2.548365665731588345E-16, -1.000000000000000000 ) ) ;
#3276 = ORIENTED_EDGE ( 'NONE', *, *, #5534, .F. ) ;
#3277 = ORIENTED_EDGE ( 'NONE', *, *, #6784, .T. ) ;
#3278 = VECTOR ( 'NONE', #6828, 1000.000000000000000 ) ;
#3279 = FACE_OUTER_BOUND ( 'NONE', #6342, .T. ) ;
#3280 = PLANE ( 'NONE',  #3328 ) ;
#3281 = LINE ( 'NONE', #6763, #4839 ) ;
#3282 = LINE ( 'NONE', #10222, #103 ) ;
#3283 = DIRECTION ( 'NONE',  ( 0.000000000000000000, 0.000000000000000000, -1.000000000000000000 ) ) ;
#3284 = VERTEX_POINT ( 'NONE', #10137 ) ;
#3285 = LINE ( 'NONE', #4255, #2989 ) ;
#3286 = LINE ( 'NONE', #6769, #6573 ) ;
#3287 = ORIENTED_EDGE ( 'NONE', *, *, #7014, .F. ) ;
#3288 = ORIENTED_EDGE ( 'NONE', *, *, #11046, .F. ) ;
#3289 = DIRECTION ( 'NONE',  ( 1.000000000000000000, 0.000000000000000000, 0.000000000000000000 ) ) ;
#3290 = DIRECTION ( 'NONE',  ( 0.000000000000000000, -5.054934237236841843E-31, -1.000000000000000000 ) ) ;
#3291 = LINE ( 'NONE', #10992, #2592 ) ;
#3292 = DIRECTION ( 'NONE',  ( -1.000000000000000000, -0.000000000000000000, -0.000000000000000000 ) ) ;
#3293 = CARTESIAN_POINT ( 'NONE',  ( 19.93900000000000006, 7.239000000000000767, 0.3809999999999958975 ) ) ;
#3294 = ORIENTED_EDGE ( 'NONE', *, *, #7988, .F. ) ;
#3296 = ADVANCED_FACE ( 'NONE', ( #3875 ), #7533, .F. ) ;
#3295 = FACE_OUTER_BOUND ( 'NONE', #7668, .T. ) ;
#3297 = EDGE_CURVE ( 'NONE', #11236, #8058, #464, .T. ) ;
#3298 = LINE ( 'NONE', #6787, #9339 ) ;
#3299 = ORIENTED_EDGE ( 'NONE', *, *, #5932, .F. ) ;
#3300 = EDGE_CURVE ( 'NONE', #2789, #5915, #1358, .T. ) ;
#3301 = LINE ( 'NONE', #10186, #10681 ) ;
#3302 = EDGE_CURVE ( 'NONE', #4662, #1100, #9233, .T. ) ;
#3303 = AXIS2_PLACEMENT_3D ( 'NONE', #10975, #3000, #1336 ) ;
#3304 = ORIENTED_EDGE ( 'NONE', *, *, #3532, .F. ) ;
#3305 = VERTEX_POINT ( 'NONE', #3025 ) ;
#3306 = DIRECTION ( 'NONE',  ( -0.000000000000000000, -0.000000000000000000, 1.000000000000000000 ) ) ;
#3307 = DIRECTION ( 'NONE',  ( 0.000000000000000000, -1.000000000000000000, 0.000000000000000000 ) ) ;
#3308 = AXIS2_PLACEMENT_3D ( 'NONE', #6821, #9430, #10279 ) ;
#3309 = CARTESIAN_POINT ( 'NONE',  ( 3.809999999999997389, 0.000000000000000000, 1.269999999999998908 ) ) ;
#3310 = VECTOR ( 'NONE', #7252, 1000.000000000000114 ) ;
#3311 = ORIENTED_EDGE ( 'NONE', *, *, #4303, .F. ) ;
#3312 = LINE ( 'NONE', #5010, #3164 ) ;
#3313 = DIRECTION ( 'NONE',  ( 0.000000000000000000, 0.000000000000000000, -1.000000000000000000 ) ) ;
#3314 = EDGE_CURVE ( 'NONE', #10139, #9677, #1416, .T. ) ;
#3315 = ORIENTED_EDGE ( 'NONE', *, *, #10439, .T. ) ;
#3316 = SURFACE_STYLE_FILL_AREA ( #5123 ) ;
#3317 = VERTEX_POINT ( 'NONE', #8432 ) ;
#3318 = ADVANCED_FACE ( 'NONE', ( #5694 ), #11002, .F. ) ;
#3319 = ADVANCED_FACE ( 'NONE', ( #633 ), #7589, .F. ) ;
#3320 = ORIENTED_EDGE ( 'NONE', *, *, #4195, .T. ) ;
#3321 =( GEOMETRIC_REPRESENTATION_CONTEXT ( 3 ) GLOBAL_UNCERTAINTY_ASSIGNED_CONTEXT ( ( #5163 ) ) GLOBAL_UNIT_ASSIGNED_CONTEXT ( ( #11048, #9163, #7639 ) ) REPRESENTATION_CONTEXT ( 'NONE', 'WORKASPACE' ) );
#3322 = EDGE_CURVE ( 'NONE', #2339, #11013, #1305, .T. ) ;
#3323 = CARTESIAN_POINT ( 'NONE',  ( -8.001000000000004775, 7.239000000000000767, -0.3810000000000028919 ) ) ;
#3324 = AXIS2_PLACEMENT_3D ( 'NONE', #393, #3907, #3852 ) ;
#3325 = ORIENTED_EDGE ( 'NONE', *, *, #4277, .F. ) ;
#3326 = LINE ( 'NONE', #1654, #1150 ) ;
#3327 = CARTESIAN_POINT ( 'NONE',  ( -21.59000000000000341, 2.177422008883992879E-16, -0.8890000000000013447 ) ) ;
#3328 = AXIS2_PLACEMENT_3D ( 'NONE', #4137, #9317, #10162 ) ;
#3329 = CARTESIAN_POINT ( 'NONE',  ( -23.24100000000000321, 8.064500000000000668, 0.3809999999999958975 ) ) ;
#3330 = DIRECTION ( 'NONE',  ( -0.000000000000000000, -2.667820306312751888E-16, 1.000000000000000000 ) ) ;
#3331 = ORIENTED_EDGE ( 'NONE', *, *, #3707, .T. ) ;
#3332 = COLOUR_RGB ( '',0.7921568627450980005, 0.8196078431372548767, 0.9333333333333333481 ) ;
#3333 = VERTEX_POINT ( 'NONE', #7695 ) ;
#3334 = VECTOR ( 'NONE', #5997, 1000.000000000000000 ) ;
#3335 = CARTESIAN_POINT ( 'NONE',  ( -9.779000000000005244, 7.239000000000000767, -0.3810000000000028919 ) ) ;
#3336 = DIRECTION ( 'NONE',  ( -1.000000000000000000, 0.000000000000000000, -0.000000000000000000 ) ) ;
#3337 = DIRECTION ( 'NONE',  ( 0.000000000000000000, 0.000000000000000000, -1.000000000000000000 ) ) ;
#3338 = VECTOR ( 'NONE', #3601, 1000.000000000000000 ) ;
#3339 = PLANE ( 'NONE',  #2631 ) ;
#3340 = CARTESIAN_POINT ( 'NONE',  ( -17.39900000000000446, 7.239000000000000767, 0.3809999999999958975 ) ) ;
#3341 = ORIENTED_EDGE ( 'NONE', *, *, #4213, .F. ) ;
#3342 = DIRECTION ( 'NONE',  ( 0.000000000000000000, 1.000000000000000000, 2.548365665731588345E-16 ) ) ;
#3343 = DIRECTION ( 'NONE',  ( 0.5773502691896253980, 0.5773502691896253980, -0.5773502691896265082 ) ) ;
#3344 = ORIENTED_EDGE ( 'NONE', *, *, #7555, .F. ) ;
#3345 = VECTOR ( 'NONE', #1380, 1000.000000000000000 ) ;
#3346 = FACE_OUTER_BOUND ( 'NONE', #169, .T. ) ;
#3347 = EDGE_CURVE ( 'NONE', #10837, #7956, #846, .T. ) ;
#3348 = FACE_OUTER_BOUND ( 'NONE', #9650, .T. ) ;
#3349 = DIRECTION ( 'NONE',  ( -1.000000000000000000, -0.000000000000000000, -0.000000000000000000 ) ) ;
#3350 = PLANE ( 'NONE',  #5046 ) ;
#3351 = EDGE_LOOP ( 'NONE', ( #9861, #3069, #2985, #9068 ) ) ;
#3352 = CARTESIAN_POINT ( 'NONE',  ( -19.05000000000000426, 0.000000000000000000, 1.269999999999998908 ) ) ;
#3353 = CLOSED_SHELL ( 'NONE', ( #9151, #3318, #1542, #10750, #7503, #5229, #2252, #3571, #2322, #3319, #791, #5971, #4778, #2876, #2700, #11091, #1571, #10532, #9437 ) ) ;
#3354 = UNCERTAINTY_MEASURE_WITH_UNIT (LENGTH_MEASURE( 1.000000000000000082E-05 ), #9051, 'distance_accuracy_value', 'NONE');
#3355 = DIRECTION ( 'NONE',  ( 0.000000000000000000, 1.000000000000000000, 2.548365665731588345E-16 ) ) ;
#3356 = ORIENTED_EDGE ( 'NONE', *, *, #8193, .T. ) ;
#3357 = PLANE ( 'NONE',  #9412 ) ;
#3358 = ORIENTED_EDGE ( 'NONE', *, *, #6929, .F. ) ;
#3359 = PRODUCT_DEFINITION_SHAPE ( 'NONE', 'NONE',  #11266 ) ;
#3360 = ORIENTED_EDGE ( 'NONE', *, *, #275, .T. ) ;
#3361 = EDGE_CURVE ( 'NONE', #5292, #10848, #9507, .T. ) ;
#3362 = ADVANCED_FACE ( 'NONE', ( #7753 ), #3357, .F. ) ;
#3363 = CARTESIAN_POINT ( 'NONE',  ( 24.12999999999999901, 8.509000000000000341, -0.8255000000000041194 ) ) ;
#3364 = DIRECTION ( 'NONE',  ( 1.000000000000000000, 0.000000000000000000, -0.000000000000000000 ) ) ;
#3365 = DIRECTION ( 'NONE',  ( 0.000000000000000000, -0.000000000000000000, -1.000000000000000000 ) ) ;
#3366 = DIRECTION ( 'NONE',  ( 0.000000000000000000, 1.000000000000000000, 2.548365665731588345E-16 ) ) ;
#3367 = EDGE_LOOP ( 'NONE', ( #4468, #1371, #10160, #5673 ) ) ;
#3368 = DIRECTION ( 'NONE',  ( -0.000000000000000000, 1.000000000000000000, 1.733406087350420004E-16 ) ) ;
#3369 = FACE_OUTER_BOUND ( 'NONE', #3194, .T. ) ;
#3370 = ORIENTED_EDGE ( 'NONE', *, *, #7691, .T. ) ;
#3371 = SURFACE_SIDE_STYLE ('',( #3316 ) ) ;
#3372 = ORIENTED_EDGE ( 'NONE', *, *, #8925, .T. ) ;
#3373 = VECTOR ( 'NONE', #4544, 1000.000000000000000 ) ;
#3374 = ORIENTED_EDGE ( 'NONE', *, *, #7231, .T. ) ;
#3375 = VECTOR ( 'NONE', #2933, 1000.000000000000000 ) ;
#3376 = EDGE_CURVE ( 'NONE', #7176, #2011, #2561, .T. ) ;
#3377 = CARTESIAN_POINT ( 'NONE',  ( 13.96999999999999709, 0.000000000000000000, 1.269999999999998908 ) ) ;
#3378 = EDGE_CURVE ( 'NONE', #6453, #4590, #904, .T. ) ;
#3379 = EDGE_LOOP ( 'NONE', ( #3886, #3936, #8504, #9415 ) ) ;
#3380 = FACE_OUTER_BOUND ( 'NONE', #344, .T. ) ;
#3381 = LINE ( 'NONE', #1551, #10365 ) ;
#3382 = AXIS2_PLACEMENT_3D ( 'NONE', #3048, #2929, #591 ) ;
#3383 = AXIS2_PLACEMENT_3D ( 'NONE', #598, #8293, #10211 ) ;
#3384 = DIRECTION ( 'NONE',  ( 0.000000000000000000, 0.000000000000000000, 1.000000000000000000 ) ) ;
#3385 = CARTESIAN_POINT ( 'NONE',  ( 19.04999999999999716, 0.000000000000000000, 1.269999999999998908 ) ) ;
#3386 = EDGE_CURVE ( 'NONE', #8672, #748, #6091, .T. ) ;
#3387 = EDGE_CURVE ( 'NONE', #9067, #6214, #6839, .T. ) ;
#3388 = ORIENTED_EDGE ( 'NONE', *, *, #9644, .T. ) ;
#3389 = DIRECTION ( 'NONE',  ( 0.000000000000000000, 1.733406087350420004E-16, -1.000000000000000000 ) ) ;
#3390 = ORIENTED_EDGE ( 'NONE', *, *, #2407, .F. ) ;
#3391 = ORIENTED_EDGE ( 'NONE', *, *, #10099, .F. ) ;
#3392 = VECTOR ( 'NONE', #7477, 1000.000000000000000 ) ;
#3393 = LINE ( 'NONE', #4828, #8291 ) ;
#3394 = CARTESIAN_POINT ( 'NONE',  ( 13.96999999999999709, 3.110602869834277161E-16, -1.270000000000001128 ) ) ;
#3395 = CARTESIAN_POINT ( 'NONE',  ( 21.58999999999999631, 0.5080000000000000071, 0.7528818102449925664 ) ) ;
#3396 = LINE ( 'NONE', #8802, #7060 ) ;
#3397 = DIRECTION ( 'NONE',  ( -1.000000000000000000, -0.000000000000000000, -0.000000000000000000 ) ) ;
#3398 = DIRECTION ( 'NONE',  ( 0.000000000000000000, 0.000000000000000000, 1.000000000000000000 ) ) ;
#3399 = ORIENTED_EDGE ( 'NONE', *, *, #6236, .F. ) ;
#3400 = VECTOR ( 'NONE', #3330, 1000.000000000000000 ) ;
#3401 = DIRECTION ( 'NONE',  ( 0.000000000000000000, 0.9659258262890699775, 0.2588190451025145222 ) ) ;
#3402 = CARTESIAN_POINT ( 'NONE',  ( -14.85900000000000531, 7.239000000000000767, 0.3809999999999958975 ) ) ;
#3403 = ORIENTED_EDGE ( 'NONE', *, *, #3386, .F. ) ;
#3404 = LINE ( 'NONE', #11250, #8188 ) ;
#3405 = AXIS2_PLACEMENT_3D ( 'NONE', #8019, #9975, #2174 ) ;
#3406 = CARTESIAN_POINT ( 'NONE',  ( -11.43000000000000504, 8.509000000000000341, 1.270000000000001128 ) ) ;
#3407 = PLANE ( 'NONE',  #2412 ) ;
#3408 = DIRECTION ( 'NONE',  ( -0.3420201433256659929, 0.9396926207859094271, 1.098928681830094149E-16 ) ) ;
#3409 = DIRECTION ( 'NONE',  ( 0.000000000000000000, 0.000000000000000000, 1.000000000000000000 ) ) ;
#3410 = ORIENTED_EDGE ( 'NONE', *, *, #614, .T. ) ;
#3411 = DIRECTION ( 'NONE',  ( -1.000000000000000000, -0.000000000000000000, -0.000000000000000000 ) ) ;
#3412 = AXIS2_PLACEMENT_3D ( 'NONE', #11044, #2379, #2268 ) ;
#3413 = VECTOR ( 'NONE', #8301, 1000.000000000000000 ) ;
#3414 = DIRECTION ( 'NONE',  ( -1.000000000000000000, -0.000000000000000000, -0.000000000000000000 ) ) ;
#3415 = EDGE_CURVE ( 'NONE', #7025, #10666, #3470, .T. ) ;
#3416 = ORIENTED_EDGE ( 'NONE', *, *, #8240, .T. ) ;
#3417 = DIRECTION ( 'NONE',  ( 0.000000000000000000, -1.000000000000000000, -2.548365665731588345E-16 ) ) ;
#3418 = ORIENTED_EDGE ( 'NONE', *, *, #10315, .F. ) ;
#3419 = ORIENTED_EDGE ( 'NONE', *, *, #4693, .T. ) ;
#3420 = ADVANCED_FACE ( 'NONE', ( #3085 ), #4844, .F. ) ;
#3421 = VECTOR ( 'NONE', #2372, 1000.000000000000000 ) ;
#3422 = DIRECTION ( 'NONE',  ( 1.000000000000000000, 0.000000000000000000, -0.000000000000000000 ) ) ;
#3423 = PLANE ( 'NONE',  #9734 ) ;
#3424 = CARTESIAN_POINT ( 'NONE',  ( 4.698999999999998067, 7.239000000000000767, 0.3809999999999958975 ) ) ;
#3425 = LINE ( 'NONE', #6902, #2497 ) ;
#3426 = ORIENTED_EDGE ( 'NONE', *, *, #5721, .T. ) ;
#3427 = LINE ( 'NONE', #7655, #7544 ) ;
#3428 = CARTESIAN_POINT ( 'NONE',  ( -22.47900000000000631, 7.239000000000000767, 0.3809999999999958975 ) ) ;
#3429 = EDGE_CURVE ( 'NONE', #2335, #2562, #11225, .T. ) ;
#3430 = VERTEX_POINT ( 'NONE', #6949 ) ;
#3431 =( NAMED_UNIT ( * ) SI_UNIT ( $, .STERADIAN. ) SOLID_ANGLE_UNIT ( ) );
#3432 = EDGE_LOOP ( 'NONE', ( #9979, #9707, #6426, #9468 ) ) ;
#3433 = ORIENTED_EDGE ( 'NONE', *, *, #3046, .F. ) ;
#3434 = LINE ( 'NONE', #920, #3572 ) ;
#3435 = ORIENTED_EDGE ( 'NONE', *, *, #1292, .T. ) ;
#3436 = LINE ( 'NONE', #754, #1875 ) ;
#3437 = FACE_OUTER_BOUND ( 'NONE', #569, .T. ) ;
#3438 = LINE ( 'NONE', #9648, #4843 ) ;
#3439 = FACE_OUTER_BOUND ( 'NONE', #6149, .T. ) ;
#3441 = VERTEX_POINT ( 'NONE', #793 ) ;
#3440 = EDGE_CURVE ( 'NONE', #9352, #8533, #2510, .T. ) ;
#3442 = EDGE_CURVE ( 'NONE', #1288, #9993, #3301, .T. ) ;
#3443 = FACE_OUTER_BOUND ( 'NONE', #9280, .T. ) ;
#3444 = VERTEX_POINT ( 'NONE', #8491 ) ;
#3445 = EDGE_CURVE ( 'NONE', #8096, #2465, #5980, .T. ) ;
#3446 = EDGE_CURVE ( 'NONE', #6002, #6087, #5167, .T. ) ;
#3447 = ORIENTED_EDGE ( 'NONE', *, *, #10464, .F. ) ;
#3448 = DIRECTION ( 'NONE',  ( -1.000000000000000000, 0.000000000000000000, -0.000000000000000000 ) ) ;
#3449 = DIRECTION ( 'NONE',  ( -0.000000000000000000, 1.000000000000000000, 1.733406087350420004E-16 ) ) ;
#3450 = CARTESIAN_POINT ( 'NONE',  ( -3.810000000000004494, 0.5080000000000000071, 0.7528818102449925664 ) ) ;
#3451 = CARTESIAN_POINT ( 'NONE',  ( -1.714500000000004132, 8.509000000000000341, 0.8254999999999976801 ) ) ;
#3452 = DIRECTION ( 'NONE',  ( 0.000000000000000000, -1.440069553722777130E-16, 1.000000000000000000 ) ) ;
#3453 = CARTESIAN_POINT ( 'NONE',  ( -3.810000000000004494, 0.5080000000000002292, -0.7528818102449945648 ) ) ;
#3454 = EDGE_LOOP ( 'NONE', ( #1226, #9016, #10622, #8674 ) ) ;
#3455 = LINE ( 'NONE', #2598, #439 ) ;
#3456 = LINE ( 'NONE', #3236, #6017 ) ;
#3457 = EDGE_CURVE ( 'NONE', #3284, #8784, #9340, .T. ) ;
#3458 = VERTEX_POINT ( 'NONE', #5921 ) ;
#3459 = CARTESIAN_POINT ( 'NONE',  ( 10.28699999999999370, 7.810500000000001108, 0.1269999999999961438 ) ) ;
#3460 = DIRECTION ( 'NONE',  ( 0.000000000000000000, -1.440069553722777130E-16, 1.000000000000000000 ) ) ;
#3461 = ADVANCED_FACE ( 'NONE', ( #8655 ), #1530, .F. ) ;
#3462 = ADVANCED_FACE ( 'NONE', ( #735 ), #4210, .F. ) ;
#3463 = FILL_AREA_STYLE_COLOUR ( '', #959 ) ;
#3464 = CARTESIAN_POINT ( 'NONE',  ( -17.39900000000000446, 7.239000000000000767, -0.3810000000000028919 ) ) ;
#3465 = PLANE ( 'NONE',  #1964 ) ;
#3466 = EDGE_LOOP ( 'NONE', ( #8558, #6790, #10885, #3693, #4368, #639, #9028, #7997 ) ) ;
#3467 = CARTESIAN_POINT ( 'NONE',  ( -3.810000000000004494, 8.509000000000000341, 1.270000000000001128 ) ) ;
#3468 = CARTESIAN_POINT ( 'NONE',  ( -8.890000000000005898, 0.000000000000000000, 1.269999999999998908 ) ) ;
#3469 = EDGE_LOOP ( 'NONE', ( #10725, #9413, #323, #2062 ) ) ;
#3470 = LINE ( 'NONE', #8597, #1382 ) ;
#3471 = ORIENTED_EDGE ( 'NONE', *, *, #808, .F. ) ;
#3472 = ORIENTED_EDGE ( 'NONE', *, *, #11108, .F. ) ;
#3473 = VECTOR ( 'NONE', #1573, 1000.000000000000000 ) ;
#3474 = DIRECTION ( 'NONE',  ( 1.000000000000000000, 0.000000000000000000, -0.000000000000000000 ) ) ;
#3475 = DIRECTION ( 'NONE',  ( 0.000000000000000000, -2.449293598294710852E-16, 1.000000000000000000 ) ) ;
#3476 = CARTESIAN_POINT ( 'NONE',  ( 2.158999999999997588, 7.239000000000000767, 0.3809999999999958975 ) ) ;
#3477 = VECTOR ( 'NONE', #3998, 1000.000000000000000 ) ;
#3478 = PLANE ( 'NONE',  #6868 ) ;
#3479 = ORIENTED_EDGE ( 'NONE', *, *, #8687, .T. ) ;
#3480 = CARTESIAN_POINT ( 'NONE',  ( -0.3810000000000028919, 8.064500000000000668, 0.3809999999999960085 ) ) ;
#3481 = CARTESIAN_POINT ( 'NONE',  ( 23.24099999999999611, 7.239000000000000767, 0.3809999999999958975 ) ) ;
#3482 = ORIENTED_EDGE ( 'NONE', *, *, #9864, .F. ) ;
#3483 = DIRECTION ( 'NONE',  ( 0.000000000000000000, 0.000000000000000000, 1.000000000000000000 ) ) ;
#3484 = VERTEX_POINT ( 'NONE', #2451 ) ;
#3485 = ORIENTED_EDGE ( 'NONE', *, *, #6300, .F. ) ;
#3486 = VECTOR ( 'NONE', #40, 1000.000000000000000 ) ;
#3487 = LINE ( 'NONE', #5361, #5015 ) ;
#3488 = VERTEX_POINT ( 'NONE', #9398 ) ;
#3489 = CARTESIAN_POINT ( 'NONE',  ( -13.52550000000000452, 8.509000000000000341, -1.270000000000001128 ) ) ;
#3490 = PLANE ( 'NONE',  #10915 ) ;
#3491 = AXIS2_PLACEMENT_3D ( 'NONE', #5291, #9688, #5353 ) ;
#3492 = PLANE ( 'NONE',  #7946 ) ;
#3493 = CARTESIAN_POINT ( 'NONE',  ( 3.809999999999997389, -1.925929944387235853E-31, 0.8889999999999991243 ) ) ;
#3494 = ORIENTED_EDGE ( 'NONE', *, *, #8240, .F. ) ;
#3495 = CARTESIAN_POINT ( 'NONE',  ( 0.3810000000000000053, -2.692399999999995686, 0.000000000000000000 ) ) ;
#3496 = ORIENTED_EDGE ( 'NONE', *, *, #6855, .F. ) ;
#3497 = VECTOR ( 'NONE', #3065, 1000.000000000000000 ) ;
#3498 = EDGE_CURVE ( 'NONE', #10806, #8316, #1588, .T. ) ;
#3499 = EDGE_CURVE ( 'NONE', #4386, #10349, #5280, .T. ) ;
#3500 = CARTESIAN_POINT ( 'NONE',  ( 6.349999999999994316, 8.509000000000000341, 1.270000000000001128 ) ) ;
#3501 = DIRECTION ( 'NONE',  ( -1.000000000000000000, -0.000000000000000000, -0.000000000000000000 ) ) ;
#3502 = VECTOR ( 'NONE', #8481, 1000.000000000000000 ) ;
#3503 = PLANE ( 'NONE',  #8242 ) ;
#3504 = CARTESIAN_POINT ( 'NONE',  ( -19.05000000000000426, 0.5080000000000002292, -0.7528818102449945648 ) ) ;
#3505 = EDGE_CURVE ( 'NONE', #7875, #10564, #8934, .T. ) ;
#3506 = PLANE ( 'NONE',  #8115 ) ;
#3507 = PLANE ( 'NONE',  #4871 ) ;
#3508 = ORIENTED_EDGE ( 'NONE', *, *, #3158, .F. ) ;
#3509 = VECTOR ( 'NONE', #1961, 1000.000000000000000 ) ;
#3510 = CARTESIAN_POINT ( 'NONE',  ( 1.269999999999996909, 2.177422008883992879E-16, -0.8890000000000013447 ) ) ;
#3511 = CARTESIAN_POINT ( 'NONE',  ( 14.85899999999999643, 7.239000000000000767, 0.3809999999999958975 ) ) ;
#3512 = ORIENTED_EDGE ( 'NONE', *, *, #3952, .F. ) ;
#3513 = CARTESIAN_POINT ( 'NONE',  ( -10.28700000000000259, 7.810500000000000220, -0.1270000000000024998 ) ) ;
#3514 = EDGE_CURVE ( 'NONE', #10332, #5703, #1075, .T. ) ;
#3515 = VECTOR ( 'NONE', #3133, 1000.000000000000000 ) ;
#3516 = EDGE_CURVE ( 'NONE', #316, #7221, #8765, .T. ) ;
#3517 = LINE ( 'NONE', #4201, #2576 ) ;
#3518 = EDGE_CURVE ( 'NONE', #2526, #4025, #2041, .T. ) ;
#3519 = LINE ( 'NONE', #6368, #6603 ) ;
#3520 = LINE ( 'NONE', #3464, #2657 ) ;
#3521 = ADVANCED_FACE ( 'NONE', ( #9625 ), #230, .F. ) ;
#3522 = AXIS2_PLACEMENT_3D ( 'NONE', #4739, #2982, #10786 ) ;
#3523 = CARTESIAN_POINT ( 'NONE',  ( -6.350000000000004974, 8.509000000000000341, -1.270000000000001128 ) ) ;
#3524 = EDGE_LOOP ( 'NONE', ( #5565, #7882, #6146, #1709 ) ) ;
#3525 = CARTESIAN_POINT ( 'NONE',  ( -7.747000000000003439, 7.810500000000000220, -0.1270000000000024998 ) ) ;
#3526 = CARTESIAN_POINT ( 'NONE',  ( -18.16100000000000492, 8.064500000000000668, 0.3809999999999960085 ) ) ;
#3527 = ADVANCED_FACE ( 'NONE', ( #7921 ), #1809, .F. ) ;
#3528 = ORIENTED_EDGE ( 'NONE', *, *, #9094, .F. ) ;
#3529 = VECTOR ( 'NONE', #10872, 1000.000000000000000 ) ;
#3530 = CARTESIAN_POINT ( 'NONE',  ( 17.39899999999999736, 7.239000000000000767, -0.3810000000000028919 ) ) ;
#3531 = ORIENTED_EDGE ( 'NONE', *, *, #1018, .T. ) ;
#3532 = EDGE_CURVE ( 'NONE', #525, #534, #2899, .T. ) ;
#3533 = ORIENTED_EDGE ( 'NONE', *, *, #1161, .T. ) ;
#3534 = DIRECTION ( 'NONE',  ( -1.000000000000000000, -0.000000000000000000, -0.000000000000000000 ) ) ;
#3535 = LINE ( 'NONE', #7817, #11017 ) ;
#3536 = DIRECTION ( 'NONE',  ( 0.000000000000000000, -0.000000000000000000, -1.000000000000000000 ) ) ;
#3537 = LINE ( 'NONE', #8774, #142 ) ;
#3538 = VECTOR ( 'NONE', #11043, 1000.000000000000000 ) ;
#3539 = DIRECTION ( 'NONE',  ( 0.000000000000000000, 0.000000000000000000, 1.000000000000000000 ) ) ;
#3540 = ORIENTED_EDGE ( 'NONE', *, *, #1896, .F. ) ;
#3541 = CARTESIAN_POINT ( 'NONE',  ( 2.666999999999995818, 7.810500000000000220, -0.1270000000000024998 ) ) ;
#3542 = DIRECTION ( 'NONE',  ( 0.000000000000000000, 0.000000000000000000, -1.000000000000000000 ) ) ;
#3543 = VERTEX_POINT ( 'NONE', #7073 ) ;
#3544 = DIRECTION ( 'NONE',  ( 0.000000000000000000, 1.440069553722777130E-16, -1.000000000000000000 ) ) ;
#3545 = ORIENTED_EDGE ( 'NONE', *, *, #9785, .T. ) ;
#3546 = ORIENTED_EDGE ( 'NONE', *, *, #1977, .T. ) ;
#3547 = PRODUCT_DEFINITION_SHAPE ( 'NONE', 'NONE',  #11256 ) ;
#3548 = DIRECTION ( 'NONE',  ( -1.000000000000000000, 0.000000000000000000, 0.000000000000000000 ) ) ;
#3549 = ORIENTED_EDGE ( 'NONE', *, *, #6775, .T. ) ;
#3550 = LINE ( 'NONE', #259, #4612 ) ;
#3551 = DIRECTION ( 'NONE',  ( 0.000000000000000000, 0.9659258262890700886, -0.2588190451025140781 ) ) ;
#3552 = LINE ( 'NONE', #5135, #6111 ) ;
#3553 = FACE_OUTER_BOUND ( 'NONE', #1492, .T. ) ;
#3554 = EDGE_LOOP ( 'NONE', ( #7144, #6387, #7217, #8656 ) ) ;
#3555 = VECTOR ( 'NONE', #7844, 1000.000000000000000 ) ;
#3556 = LINE ( 'NONE', #7889, #1214 ) ;
#3557 = ORIENTED_EDGE ( 'NONE', *, *, #5606, .T. ) ;
#3558 = EDGE_CURVE ( 'NONE', #2575, #2867, #3751, .T. ) ;
#3559 = AXIS2_PLACEMENT_3D ( 'NONE', #8086, #10699, #9097 ) ;
#3560 = CARTESIAN_POINT ( 'NONE',  ( -0.3810000000000028919, 7.239000000000000767, 0.3809999999999958975 ) ) ;
#3561 = VECTOR ( 'NONE', #6609, 1000.000000000000000 ) ;
#3562 = FACE_OUTER_BOUND ( 'NONE', #5074, .T. ) ;
#3563 = AXIS2_PLACEMENT_3D ( 'NONE', #11079, #541, #4917 ) ;
#3564 = VERTEX_POINT ( 'NONE', #10539 ) ;
#3565 = CARTESIAN_POINT ( 'NONE',  ( -8.890000000000005898, 2.177422008883992879E-16, -0.8890000000000013447 ) ) ;
#3566 = CARTESIAN_POINT ( 'NONE',  ( 11.42999999999999616, 2.177422008883992879E-16, -0.8890000000000013447 ) ) ;
#3567 = CARTESIAN_POINT ( 'NONE',  ( -7.239000000000006096, 7.239000000000000767, 0.3809999999999958975 ) ) ;
#3568 = LINE ( 'NONE', #4421, #10328 ) ;
#3569 = ORIENTED_EDGE ( 'NONE', *, *, #7027, .T. ) ;
#3570 = DIRECTION ( 'NONE',  ( 0.000000000000000000, -1.000000000000000000, -2.548365665731588345E-16 ) ) ;
#3571 = ADVANCED_FACE ( 'NONE', ( #6198 ), #1869, .F. ) ;
#3572 = VECTOR ( 'NONE', #3655, 1000.000000000000114 ) ;
#3573 = DIRECTION ( 'NONE',  ( 1.000000000000000000, 0.000000000000000000, -0.000000000000000000 ) ) ;
#3574 = VERTEX_POINT ( 'NONE', #8034 ) ;
#3575 = CARTESIAN_POINT ( 'NONE',  ( 5.460999999999996746, 8.064500000000000668, 0.3809999999999958975 ) ) ;
#3576 = EDGE_CURVE ( 'NONE', #1181, #2355, #9675, .T. ) ;
#3577 = CARTESIAN_POINT ( 'NONE',  ( -23.68550000000000466, 8.509000000000000341, 0.8254999999999976801 ) ) ;
#3578 = AXIS2_PLACEMENT_3D ( 'NONE', #1083, #6956, #9515 ) ;
#3579 = DIRECTION ( 'NONE',  ( 1.000000000000000000, 0.000000000000000000, 0.000000000000000000 ) ) ;
#3580 = ORIENTED_EDGE ( 'NONE', *, *, #3498, .T. ) ;
#3581 = DIRECTION ( 'NONE',  ( 0.000000000000000000, 0.2588190451025145222, -0.9659258262890699775 ) ) ;
#3582 = CARTESIAN_POINT ( 'NONE',  ( 3.809999999999997389, 8.509000000000000341, -1.270000000000001128 ) ) ;
#3583 = VERTEX_POINT ( 'NONE', #6375 ) ;
#3584 = CARTESIAN_POINT ( 'NONE',  ( -16.51000000000000512, 0.5080000000000002292, -0.7528818102449945648 ) ) ;
#3585 = VERTEX_POINT ( 'NONE', #7125 ) ;
#3586 = EDGE_CURVE ( 'NONE', #9348, #3653, #7189, .T. ) ;
#3587 = VECTOR ( 'NONE', #2479, 1000.000000000000000 ) ;
#3588 = ORIENTED_EDGE ( 'NONE', *, *, #9968, .F. ) ;
#3589 = ADVANCED_FACE ( 'NONE', ( #8825 ), #6147, .F. ) ;
#3590 = CARTESIAN_POINT ( 'NONE',  ( -19.05000000000000426, 0.5080000000000002292, -0.7528818102449945648 ) ) ;
#3591 = DIRECTION ( 'NONE',  ( -0.000000000000000000, -0.000000000000000000, 1.000000000000000000 ) ) ;
#3592 = DIRECTION ( 'NONE',  ( 0.000000000000000000, 0.000000000000000000, 1.000000000000000000 ) ) ;
#3593 = AXIS2_PLACEMENT_3D ( 'NONE', #5909, #7634, #9272 ) ;
#3594 = CARTESIAN_POINT ( 'NONE',  ( -15.36700000000000443, 7.810500000000000220, -0.1270000000000024998 ) ) ;
#3595 = VECTOR ( 'NONE', #11009, 1000.000000000000000 ) ;
#3596 = DIRECTION ( 'NONE',  ( 1.000000000000000000, 0.000000000000000000, -0.000000000000000000 ) ) ;
#3597 = VERTEX_POINT ( 'NONE', #5452 ) ;
#3598 = LINE ( 'NONE', #2000, #9719 ) ;
#3599 = CARTESIAN_POINT ( 'NONE',  ( -15.62100000000000399, 8.064500000000000668, 0.3809999999999958975 ) ) ;
#3600 = ORIENTED_EDGE ( 'NONE', *, *, #10893, .F. ) ;
#3601 = DIRECTION ( 'NONE',  ( -0.000000000000000000, 1.000000000000000000, 1.733406087350420004E-16 ) ) ;
#3602 = VERTEX_POINT ( 'NONE', #10591 ) ;
#3603 = VERTEX_POINT ( 'NONE', #6264 ) ;
#3604 = VECTOR ( 'NONE', #1983, 1000.000000000000114 ) ;
#3605 = ADVANCED_FACE ( 'NONE', ( #9735 ), #1121, .F. ) ;
#3606 = DIRECTION ( 'NONE',  ( -1.000000000000000000, -0.000000000000000000, -0.000000000000000000 ) ) ;
#3607 = ORIENTED_EDGE ( 'NONE', *, *, #1283, .F. ) ;
#3608 = EDGE_CURVE ( 'NONE', #4409, #364, #9844, .T. ) ;
#3609 = LINE ( 'NONE', #7094, #6438 ) ;
#3610 = LINE ( 'NONE', #7095, #1462 ) ;
#3611 = FACE_OUTER_BOUND ( 'NONE', #2171, .T. ) ;
#3612 = DIRECTION ( 'NONE',  ( -0.000000000000000000, 1.000000000000000000, 2.449293598294710852E-16 ) ) ;
#3613 = ORIENTED_EDGE ( 'NONE', *, *, #655, .T. ) ;
#3614 = CARTESIAN_POINT ( 'NONE',  ( 1.269999999999996909, 2.177422008883992879E-16, -0.8890000000000013447 ) ) ;
#3615 = ORIENTED_EDGE ( 'NONE', *, *, #9306, .F. ) ;
#3616 = CARTESIAN_POINT ( 'NONE',  ( 21.58999999999999631, 8.509000000000000341, -1.270000000000001128 ) ) ;
#3617 = PLANE ( 'NONE',  #2585 ) ;
#3618 = ORIENTED_EDGE ( 'NONE', *, *, #9915, .F. ) ;
#3619 = DIRECTION ( 'NONE',  ( 0.000000000000000000, 0.000000000000000000, -1.000000000000000000 ) ) ;
#3620 = PLANE ( 'NONE',  #4859 ) ;
#3621 = DIRECTION ( 'NONE',  ( 1.000000000000000000, 0.000000000000000000, 0.000000000000000000 ) ) ;
#3622 = CARTESIAN_POINT ( 'NONE',  ( 21.14549999999999841, 8.509000000000000341, -0.8255000000000041194 ) ) ;
#3623 = LINE ( 'NONE', #1736, #4442 ) ;
#3624 = DIRECTION ( 'NONE',  ( 1.000000000000000000, 0.000000000000000000, 0.000000000000000000 ) ) ;
#3625 = ORIENTED_EDGE ( 'NONE', *, *, #10674, .T. ) ;
#3626 = DIRECTION ( 'NONE',  ( -1.000000000000000000, 0.000000000000000000, 0.000000000000000000 ) ) ;
#3627 = CONTEXT_DEPENDENT_SHAPE_REPRESENTATION ( #10393, #9456 ) ;
#3628 = LINE ( 'NONE', #2030, #4397 ) ;
#3629 = CARTESIAN_POINT ( 'NONE',  ( -0.1961031209927693586, -3.200400000000000134, -0.2032000000000002138 ) ) ;
#3630 = PLANE ( 'NONE',  #9237 ) ;
#3631 = EDGE_LOOP ( 'NONE', ( #1932, #8519, #823, #10202 ) ) ;
#3632 = LINE ( 'NONE', #6088, #9143 ) ;
#3633 = LINE ( 'NONE', #4601, #8255 ) ;
#3634 = VERTEX_POINT ( 'NONE', #9951 ) ;
#3635 = DIRECTION ( 'NONE',  ( 0.000000000000000000, 1.000000000000000000, 0.000000000000000000 ) ) ;
#3636 = ORIENTED_EDGE ( 'NONE', *, *, #7763, .T. ) ;
#3637 = PRODUCT ( 'NPTC191LFBN-RC', 'NPTC191LFBN-RC', '', ( #7851 ) ) ;
#3638 = ORIENTED_EDGE ( 'NONE', *, *, #8391, .T. ) ;
#3639 = CARTESIAN_POINT ( 'NONE',  ( -11.43000000000000504, 0.5080000000000002292, -0.7528818102449945648 ) ) ;
#3640 = CARTESIAN_POINT ( 'NONE',  ( 21.58999999999999631, 0.5080000000000000071, 0.7528818102449925664 ) ) ;
#3641 = EDGE_CURVE ( 'NONE', #10238, #10552, #9157, .T. ) ;
#3642 = CARTESIAN_POINT ( 'NONE',  ( -10.54100000000000392, 8.064500000000000668, 0.3809999999999958975 ) ) ;
#3643 = DIRECTION ( 'NONE',  ( 0.000000000000000000, -1.733406087350420004E-16, 1.000000000000000000 ) ) ;
#3644 = CARTESIAN_POINT ( 'NONE',  ( -15.62100000000000399, 8.064500000000000668, 0.3809999999999960085 ) ) ;
#3645 = ORIENTED_EDGE ( 'NONE', *, *, #2327, .F. ) ;
#3646 = CARTESIAN_POINT ( 'NONE',  ( 0.3810000000000000053, 0.5079999999999997851, 0.2032000000000010465 ) ) ;
#3647 = DIRECTION ( 'NONE',  ( 0.000000000000000000, 1.000000000000000000, 0.000000000000000000 ) ) ;
#3648 = EDGE_CURVE ( 'NONE', #7401, #9225, #4769, .T. ) ;
#3649 = ORIENTED_EDGE ( 'NONE', *, *, #2993, .T. ) ;
#3650 = FACE_OUTER_BOUND ( 'NONE', #10566, .T. ) ;
#3651 = ORIENTED_EDGE ( 'NONE', *, *, #11034, .F. ) ;
#3652 = AXIS2_PLACEMENT_3D ( 'NONE', #10597, #9800, #293 ) ;
#3653 = VERTEX_POINT ( 'NONE', #6545 ) ;
#3654 = VERTEX_POINT ( 'NONE', #4717 ) ;
#3655 = DIRECTION ( 'NONE',  ( 0.000000000000000000, 0.9659258262890700886, -0.2588190451025140781 ) ) ;
#3656 = ORIENTED_EDGE ( 'NONE', *, *, #9644, .F. ) ;
#3657 = CARTESIAN_POINT ( 'NONE',  ( 21.58999999999999631, -1.925929944387235853E-31, 0.8889999999999991243 ) ) ;
#3658 = DIRECTION ( 'NONE',  ( -1.000000000000000000, -0.000000000000000000, -0.000000000000000000 ) ) ;
#3659 = FACE_OUTER_BOUND ( 'NONE', #1065, .T. ) ;
#3660 = LINE ( 'NONE', #10735, #3509 ) ;
#3661 = ORIENTED_EDGE ( 'NONE', *, *, #2380, .F. ) ;
#3662 = AXIS2_PLACEMENT_3D ( 'NONE', #2291, #3035, #3091 ) ;
#3663 = PLANE ( 'NONE',  #11045 ) ;
#3664 = ORIENTED_EDGE ( 'NONE', *, *, #2491, .F. ) ;
#3665 = VECTOR ( 'NONE', #6069, 1000.000000000000000 ) ;
#3666 = EDGE_CURVE ( 'NONE', #1888, #8331, #3119, .T. ) ;
#3667 = CARTESIAN_POINT ( 'NONE',  ( -23.24100000000000321, 7.239000000000000767, -0.3810000000000028919 ) ) ;
#3668 = FACE_OUTER_BOUND ( 'NONE', #7541, .T. ) ;
#3669 = DIRECTION ( 'NONE',  ( 0.000000000000000000, -0.9659258262890699775, -0.2588190451025145222 ) ) ;
#3670 = CARTESIAN_POINT ( 'NONE',  ( 12.82699999999999463, 7.810500000000000220, -0.1270000000000024998 ) ) ;
#3671 = VECTOR ( 'NONE', #9362, 999.9999999999998863 ) ;
#3672 = CARTESIAN_POINT ( 'NONE',  ( 2.158999999999997588, 7.239000000000000767, -0.3810000000000028919 ) ) ;
#3673 = DIRECTION ( 'NONE',  ( -1.000000000000000000, 0.000000000000000000, 0.000000000000000000 ) ) ;
#3674 = VECTOR ( 'NONE', #9221, 999.9999999999998863 ) ;
#3675 = PLANE ( 'NONE',  #9169 ) ;
#3676 = DIRECTION ( 'NONE',  ( 0.000000000000000000, -0.000000000000000000, -1.000000000000000000 ) ) ;
#3677 = AXIS2_PLACEMENT_3D ( 'NONE', #10012, #9000, #9168 ) ;
#3678 = VERTEX_POINT ( 'NONE', #10925 ) ;
#3679 = DIRECTION ( 'NONE',  ( -1.000000000000000000, 0.000000000000000000, -0.000000000000000000 ) ) ;
#3680 = VECTOR ( 'NONE', #118, 999.9999999999998863 ) ;
#3681 = CONTEXT_DEPENDENT_SHAPE_REPRESENTATION ( #867, #10263 ) ;
#3682 = DIRECTION ( 'NONE',  ( 0.000000000000000000, -1.440069553722777130E-16, 1.000000000000000000 ) ) ;
#3683 = VECTOR ( 'NONE', #4833, 1000.000000000000000 ) ;
#3684 = FACE_OUTER_BOUND ( 'NONE', #4281, .T. ) ;
#3685 = VERTEX_POINT ( 'NONE', #1450 ) ;
#3686 = CARTESIAN_POINT ( 'NONE',  ( 8.000999999999994117, 7.239000000000000767, -0.3810000000000028919 ) ) ;
#3687 = AXIS2_PLACEMENT_3D ( 'NONE', #2541, #3336, #8572 ) ;
#3688 = PLANE ( 'NONE',  #6807 ) ;
#3689 = ORIENTED_EDGE ( 'NONE', *, *, #5393, .T. ) ;
#3690 = CARTESIAN_POINT ( 'NONE',  ( -6.350000000000004974, 0.000000000000000000, 0.000000000000000000 ) ) ;
#3691 = ORIENTED_EDGE ( 'NONE', *, *, #7129, .F. ) ;
#3692 = ADVANCED_FACE ( 'NONE', ( #2323 ), #1285, .F. ) ;
#3693 = ORIENTED_EDGE ( 'NONE', *, *, #7346, .F. ) ;
#3694 = SURFACE_STYLE_FILL_AREA ( #8097 ) ;
#3695 = CARTESIAN_POINT ( 'NONE',  ( -13.97000000000000419, 0.5080000000000000071, 0.7528818102449925664 ) ) ;
#3696 = LINE ( 'NONE', #10767, #9007 ) ;
#3697 = AXIS2_PLACEMENT_3D ( 'NONE', #7613, #10092, #1267 ) ;
#3698 = CARTESIAN_POINT ( 'NONE',  ( 19.04999999999999716, 2.177422008883992879E-16, -0.8890000000000013447 ) ) ;
#3699 = PLANE ( 'NONE',  #9228 ) ;
#3700 = ORIENTED_EDGE ( 'NONE', *, *, #8726, .F. ) ;
#3701 = DIRECTION ( 'NONE',  ( 0.000000000000000000, -1.440069553722777130E-16, 1.000000000000000000 ) ) ;
#3702 = CARTESIAN_POINT ( 'NONE',  ( -6.350000000000004974, 8.509000000000000341, 0.8254999999999976801 ) ) ;
#3703 = AXIS2_PLACEMENT_3D ( 'NONE', #5806, #7415, #9284 ) ;
#3704 = ORIENTED_EDGE ( 'NONE', *, *, #8068, .F. ) ;
#3705 = CARTESIAN_POINT ( 'NONE',  ( 0.3810000000000000053, 0.5079999999999997851, 0.2032000000000010465 ) ) ;
#3706 = ORIENTED_EDGE ( 'NONE', *, *, #7149, .F. ) ;
#3707 = EDGE_CURVE ( 'NONE', #4732, #674, #7347, .T. ) ;
#3708 = ORIENTED_EDGE ( 'NONE', *, *, #269, .T. ) ;
#3709 = ADVANCED_FACE ( 'NONE', ( #6602 ), #10054, .F. ) ;
#3710 = EDGE_CURVE ( 'NONE', #2919, #879, #2155, .T. ) ;
#3711 = ORIENTED_EDGE ( 'NONE', *, *, #3994, .T. ) ;
#3712 = VECTOR ( 'NONE', #8696, 1000.000000000000000 ) ;
#3713 = EDGE_CURVE ( 'NONE', #1008, #4298, #2099, .T. ) ;
#3714 = CARTESIAN_POINT ( 'NONE',  ( 11.42999999999999616, 0.000000000000000000, 1.269999999999998908 ) ) ;
#3715 = AXIS2_PLACEMENT_3D ( 'NONE', #2688, #9637, #6158 ) ;
#3716 = ORIENTED_EDGE ( 'NONE', *, *, #7102, .F. ) ;
#3717 = DIRECTION ( 'NONE',  ( -1.000000000000000000, -0.000000000000000000, -0.000000000000000000 ) ) ;
#3718 = FACE_OUTER_BOUND ( 'NONE', #657, .T. ) ;
#3719 = LINE ( 'NONE', #317, #2840 ) ;
#3720 = SURFACE_STYLE_FILL_AREA ( #9649 ) ;
#3721 = EDGE_LOOP ( 'NONE', ( #7724, #6818, #1338, #4316 ) ) ;
#3722 = VERTEX_POINT ( 'NONE', #449 ) ;
#3723 = EDGE_CURVE ( 'NONE', #4528, #748, #3911, .T. ) ;
#3724 = EDGE_CURVE ( 'NONE', #1407, #7419, #3973, .T. ) ;
#3725 = ADVANCED_FACE ( 'NONE', ( #9269 ), #10873, .F. ) ;
#3726 = CARTESIAN_POINT ( 'NONE',  ( 0.3810000000000000053, 0.5079999999999997851, 0.2032000000000010465 ) ) ;
#3727 = PLANE ( 'NONE',  #6042 ) ;
#3728 = VECTOR ( 'NONE', #10768, 1000.000000000000000 ) ;
#3729 = ADVANCED_FACE ( 'NONE', ( #6661 ), #8199, .F. ) ;
#3730 = FACE_OUTER_BOUND ( 'NONE', #5085, .T. ) ;
#3731 = LINE ( 'NONE', #3032, #2684 ) ;
#3732 = AXIS2_PLACEMENT_3D ( 'NONE', #7404, #9053, #1184 ) ;
#3733 = AXIS2_PLACEMENT_3D ( 'NONE', #6073, #11205, #9658 ) ;
#3734 = LINE ( 'NONE', #5492, #7208 ) ;
#3735 = PLANE ( 'NONE',  #5760 ) ;
#3736 = DIRECTION ( 'NONE',  ( -0.000000000000000000, 0.2588190451025140781, 0.9659258262890700886 ) ) ;
#3737 = ORIENTED_EDGE ( 'NONE', *, *, #3182, .F. ) ;
#3738 = LINE ( 'NONE', #4541, #2006 ) ;
#3739 = EDGE_CURVE ( 'NONE', #4129, #2524, #9103, .T. ) ;
#3740 = VECTOR ( 'NONE', #10858, 1000.000000000000000 ) ;
#3741 = ITEM_DEFINED_TRANSFORMATION ( 'NONE', 'NONE', #10515,  #4858 ) ;
#3742 = PLANE ( 'NONE',  #10021 ) ;
#3743 = FILL_AREA_STYLE_COLOUR ( '', #10612 ) ;
#3744 = VECTOR ( 'NONE', #549, 1000.000000000000000 ) ;
#3745 = LINE ( 'NONE', #10700, #3604 ) ;
#3746 = ORIENTED_EDGE ( 'NONE', *, *, #374, .T. ) ;
#3747 = DIRECTION ( 'NONE',  ( -0.000000000000000000, 1.000000000000000000, 1.733406087350420004E-16 ) ) ;
#3748 = VECTOR ( 'NONE', #1603, 1000.000000000000000 ) ;
#3749 = FACE_OUTER_BOUND ( 'NONE', #11072, .T. ) ;
#3750 = ORIENTED_EDGE ( 'NONE', *, *, #9910, .T. ) ;
#3751 = LINE ( 'NONE', #3530, #5627 ) ;
#3752 = ORIENTED_EDGE ( 'NONE', *, *, #9869, .F. ) ;
#3753 = VERTEX_POINT ( 'NONE', #3008 ) ;
#3754 = VECTOR ( 'NONE', #6513, 1000.000000000000000 ) ;
#3755 = LINE ( 'NONE', #2902, #4039 ) ;
#3756 = CARTESIAN_POINT ( 'NONE',  ( -1.270000000000003793, -1.925929944387235853E-31, 0.8889999999999991243 ) ) ;
#3757 = DIRECTION ( 'NONE',  ( 1.000000000000000000, 0.000000000000000000, 0.000000000000000000 ) ) ;
#3758 = LINE ( 'NONE', #1297, #6703 ) ;
#3759 = ORIENTED_EDGE ( 'NONE', *, *, #1000, .T. ) ;
#3760 = DIRECTION ( 'NONE',  ( 0.000000000000000000, -0.000000000000000000, 1.000000000000000000 ) ) ;
#3761 = DIRECTION ( 'NONE',  ( -1.000000000000000000, -0.000000000000000000, -0.000000000000000000 ) ) ;
#3762 = VECTOR ( 'NONE', #166, 999.9999999999998863 ) ;
#3763 = ORIENTED_EDGE ( 'NONE', *, *, #10388, .T. ) ;
#3764 = SURFACE_STYLE_USAGE ( .BOTH. , #6341 ) ;
#3765 = EDGE_LOOP ( 'NONE', ( #9061, #11138, #1851, #4785 ) ) ;
#3766 = AXIS2_PLACEMENT_3D ( 'NONE', #9311, #4183, #1498 ) ;
#3767 = ORIENTED_EDGE ( 'NONE', *, *, #4964, .T. ) ;
#3768 = ORIENTED_EDGE ( 'NONE', *, *, #1333, .F. ) ;
#3769 = VECTOR ( 'NONE', #10311, 1000.000000000000114 ) ;
#3770 = DIRECTION ( 'NONE',  ( 0.000000000000000000, -2.449293598294710852E-16, 1.000000000000000000 ) ) ;
#3771 = DIRECTION ( 'NONE',  ( 0.000000000000000000, -1.000000000000000000, -1.733406087350420004E-16 ) ) ;
#3772 = VECTOR ( 'NONE', #4443, 1000.000000000000000 ) ;
#3773 = ORIENTED_EDGE ( 'NONE', *, *, #9769, .T. ) ;
#3774 = EDGE_CURVE ( 'NONE', #5783, #8233, #3803, .T. ) ;
#3775 = FACE_OUTER_BOUND ( 'NONE', #8030, .T. ) ;
#3776 = CARTESIAN_POINT ( 'NONE',  ( -21.59000000000000341, 0.000000000000000000, 1.269999999999998908 ) ) ;
#3777 = EDGE_LOOP ( 'NONE', ( #1885, #11042, #5469, #8091, #7784, #5714, #1418, #5463 ) ) ;
#3778 = DIRECTION ( 'NONE',  ( 0.000000000000000000, 0.9659258262890700886, -0.2588190451025140781 ) ) ;
#3779 = DIRECTION ( 'NONE',  ( -1.000000000000000000, -0.000000000000000000, -0.000000000000000000 ) ) ;
#3780 = EDGE_LOOP ( 'NONE', ( #5095, #4970, #4616, #6294 ) ) ;
#3781 = AXIS2_PLACEMENT_3D ( 'NONE', #564, #9333, #6672 ) ;
#3782 = VERTEX_POINT ( 'NONE', #1395 ) ;
#3783 = VERTEX_POINT ( 'NONE', #416 ) ;
#3784 = LINE ( 'NONE', #4473, #6109 ) ;
#3785 = LINE ( 'NONE', #4644, #5846 ) ;
#3786 = AXIS2_PLACEMENT_3D ( 'NONE', #10801, #2996, #9086 ) ;
#3787 = ADVANCED_FACE ( 'NONE', ( #4880 ), #8358, .F. ) ;
#3788 = DIRECTION ( 'NONE',  ( 0.000000000000000000, -1.733406087350420004E-16, 1.000000000000000000 ) ) ;
#3789 = ADVANCED_FACE ( 'NONE', ( #8581, #10288 ), #5843, .F. ) ;
#3790 = LINE ( 'NONE', #5553, #10649 ) ;
#3791 = DIRECTION ( 'NONE',  ( -0.000000000000000000, -0.7071067811865482389, -0.7071067811865469066 ) ) ;
#3792 = EDGE_CURVE ( 'NONE', #4013, #3305, #6883, .T. ) ;
#3793 = ADVANCED_FACE ( 'NONE', ( #7572 ), #773, .F. ) ;
#3794 = LINE ( 'NONE', #5614, #2626 ) ;
#3795 = ORIENTED_EDGE ( 'NONE', *, *, #7412, .F. ) ;
#3796 = DIRECTION ( 'NONE',  ( 0.000000000000000000, 0.9659258262890700886, -0.2588190451025140781 ) ) ;
#3797 = LINE ( 'NONE', #171, #10774 ) ;
#3798 = PLANE ( 'NONE',  #10973 ) ;
#3799 = DIRECTION ( 'NONE',  ( 0.000000000000000000, 1.000000000000000000, 0.000000000000000000 ) ) ;
#3800 = ORIENTED_EDGE ( 'NONE', *, *, #10264, .F. ) ;
#3801 = DIRECTION ( 'NONE',  ( -0.000000000000000000, 0.000000000000000000, 1.000000000000000000 ) ) ;
#3802 = CARTESIAN_POINT ( 'NONE',  ( -23.24100000000000321, 8.064500000000000668, 0.3809999999999960085 ) ) ;
#3803 = LINE ( 'NONE', #9215, #555 ) ;
#3804 = VERTEX_POINT ( 'NONE', #11210 ) ;
#3805 = VECTOR ( 'NONE', #10818, 1000.000000000000114 ) ;
#3806 = EDGE_CURVE ( 'NONE', #1665, #3783, #9382, .T. ) ;
#3807 = VERTEX_POINT ( 'NONE', #4086 ) ;
#3808 = CARTESIAN_POINT ( 'NONE',  ( 0.000000000000000000, 0.000000000000000000, 0.000000000000000000 ) ) ;
#3809 = EDGE_CURVE ( 'NONE', #2844, #10258, #6936, .T. ) ;
#3810 = LINE ( 'NONE', #4557, #10378 ) ;
#3811 = CARTESIAN_POINT ( 'NONE',  ( -8.890000000000005898, 0.5080000000000000071, 0.7528818102449925664 ) ) ;
#3812 = LINE ( 'NONE', #3244, #3139 ) ;
#3813 = CARTESIAN_POINT ( 'NONE',  ( 13.96999999999999709, 8.509000000000000341, 1.270000000000001128 ) ) ;
#3814 = VERTEX_POINT ( 'NONE', #617 ) ;
#3815 = PLANE ( 'NONE',  #7733 ) ;
#3816 = DIRECTION ( 'NONE',  ( 0.000000000000000000, -1.000000000000000000, 0.000000000000000000 ) ) ;
#3817 = EDGE_LOOP ( 'NONE', ( #1261, #8036, #8222, #2480 ) ) ;
#3818 = DIRECTION ( 'NONE',  ( 0.000000000000000000, 0.000000000000000000, -1.000000000000000000 ) ) ;
#3819 = ORIENTED_EDGE ( 'NONE', *, *, #2120, .F. ) ;
#3820 = VECTOR ( 'NONE', #5888, 1000.000000000000000 ) ;
#3821 = ORIENTED_EDGE ( 'NONE', *, *, #4163, .F. ) ;
#3822 = ORIENTED_EDGE ( 'NONE', *, *, #6717, .F. ) ;
#3823 = CARTESIAN_POINT ( 'NONE',  ( -11.43000000000000504, 8.509000000000000341, -1.270000000000001128 ) ) ;
#3824 = ORIENTED_EDGE ( 'NONE', *, *, #6219, .F. ) ;
#3825 = CARTESIAN_POINT ( 'NONE',  ( 13.96999999999999709, 0.5080000000000000071, 0.7528818102449925664 ) ) ;
#3826 = DIRECTION ( 'NONE',  ( 0.000000000000000000, -0.000000000000000000, -1.000000000000000000 ) ) ;
#3827 = ORIENTED_EDGE ( 'NONE', *, *, #10509, .T. ) ;
#3828 = ORIENTED_EDGE ( 'NONE', *, *, #530, .T. ) ;
#3829 = ORIENTED_EDGE ( 'NONE', *, *, #5932, .T. ) ;
#3830 = EDGE_CURVE ( 'NONE', #2635, #7318, #10347, .T. ) ;
#3831 = EDGE_CURVE ( 'NONE', #7025, #8627, #1570, .T. ) ;
#3832 = VECTOR ( 'NONE', #8478, 1000.000000000000000 ) ;
#3833 = CARTESIAN_POINT ( 'NONE',  ( 27.94000000000000128, 7.239000000000000767, -2.201425730935033664E-16 ) ) ;
#3834 = CARTESIAN_POINT ( 'NONE',  ( 2.920999999999996710, 7.239000000000000767, -0.3810000000000028919 ) ) ;
#3835 = ORIENTED_EDGE ( 'NONE', *, *, #9174, .F. ) ;
#3836 = CARTESIAN_POINT ( 'NONE',  ( 24.12999999999999901, 8.509000000000000341, 1.270000000000001128 ) ) ;
#3837 = CARTESIAN_POINT ( 'NONE',  ( 9.778999999999996362, 8.064500000000000668, 0.3809999999999958975 ) ) ;
#3838 = LINE ( 'NONE', #1972, #9248 ) ;
#3839 = AXIS2_PLACEMENT_3D ( 'NONE', #9667, #8026, #8923 ) ;
#3840 = CARTESIAN_POINT ( 'NONE',  ( -8.890000000000005898, -1.925929944387235853E-31, 0.8889999999999991243 ) ) ;
#3841 = ORIENTED_EDGE ( 'NONE', *, *, #11115, .T. ) ;
#3842 = EDGE_CURVE ( 'NONE', #4456, #1019, #5905, .T. ) ;
#3843 = EDGE_CURVE ( 'NONE', #8820, #7380, #5045, .T. ) ;
#3844 = EDGE_CURVE ( 'NONE', #1870, #1135, #3456, .T. ) ;
#3845 = DIRECTION ( 'NONE',  ( -0.000000000000000000, 0.000000000000000000, -1.000000000000000000 ) ) ;
#3846 = AXIS2_PLACEMENT_3D ( 'NONE', #5713, #3100, #9987 ) ;
#3847 = VECTOR ( 'NONE', #9738, 1000.000000000000000 ) ;
#3848 = CARTESIAN_POINT ( 'NONE',  ( -2.159000000000004693, 7.239000000000000767, 0.3809999999999958975 ) ) ;
#3849 = LINE ( 'NONE', #1278, #2292 ) ;
#3850 = CARTESIAN_POINT ( 'NONE',  ( 21.58999999999999631, 2.177422008883992879E-16, -0.8890000000000013447 ) ) ;
#3851 = ORIENTED_EDGE ( 'NONE', *, *, #9813, .T. ) ;
#3852 = DIRECTION ( 'NONE',  ( 1.000000000000000000, 0.000000000000000000, 0.000000000000000000 ) ) ;
#3853 = VECTOR ( 'NONE', #4283, 1000.000000000000000 ) ;
#3854 = CARTESIAN_POINT ( 'NONE',  ( -4.699000000000005173, 7.239000000000000767, 0.3809999999999958975 ) ) ;
#3855 = DIRECTION ( 'NONE',  ( -1.000000000000000000, -0.000000000000000000, -0.000000000000000000 ) ) ;
#3856 = VECTOR ( 'NONE', #8941, 1000.000000000000000 ) ;
#3857 = ORIENTED_EDGE ( 'NONE', *, *, #3932, .T. ) ;
#3859 = EDGE_CURVE ( 'NONE', #3155, #8359, #9440, .T. ) ;
#3858 = ORIENTED_EDGE ( 'NONE', *, *, #6217, .T. ) ;
#3860 = EDGE_CURVE ( 'NONE', #2632, #10017, #9324, .T. ) ;
#3861 = EDGE_CURVE ( 'NONE', #10260, #5753, #1515, .T. ) ;
#3862 = VECTOR ( 'NONE', #8879, 1000.000000000000000 ) ;
#3863 = CARTESIAN_POINT ( 'NONE',  ( 5.905499999999997307, 8.509000000000000341, 0.8254999999999976801 ) ) ;
#3864 = CARTESIAN_POINT ( 'NONE',  ( -6.350000000000004974, 0.000000000000000000, 1.269999999999998908 ) ) ;
#3865 =( LENGTH_UNIT ( ) NAMED_UNIT ( * ) SI_UNIT ( .MILLI., .METRE. ) );
#3866 = LINE ( 'NONE', #457, #4326 ) ;
#3867 = ORIENTED_EDGE ( 'NONE', *, *, #7777, .T. ) ;
#3868 = CARTESIAN_POINT ( 'NONE',  ( -24.13000000000000611, 0.5080000000000002292, -0.7528818102449945648 ) ) ;
#3869 = EDGE_CURVE ( 'NONE', #9249, #11088, #4988, .T. ) ;
#3870 = ORIENTED_EDGE ( 'NONE', *, *, #9438, .F. ) ;
#3871 = LINE ( 'NONE', #2218, #3515 ) ;
#3872 = EDGE_CURVE ( 'NONE', #2137, #2175, #4256, .T. ) ;
#3873 = ORIENTED_EDGE ( 'NONE', *, *, #6305, .T. ) ;
#3874 = MECHANICAL_DESIGN_GEOMETRIC_PRESENTATION_REPRESENTATION (  '', ( #8614 ), #10423 ) ;
#3875 = FACE_OUTER_BOUND ( 'NONE', #5975, .T. ) ;
#3876 = ORIENTED_EDGE ( 'NONE', *, *, #2265, .T. ) ;
#3877 = ORIENTED_EDGE ( 'NONE', *, *, #1909, .T. ) ;
#3878 = VECTOR ( 'NONE', #1922, 1000.000000000000000 ) ;
#3879 = AXIS2_PLACEMENT_3D ( 'NONE', #6831, #10468, #2662 ) ;
#3880 = LINE ( 'NONE', #10840, #669 ) ;
#3881 = VECTOR ( 'NONE', #4497, 1000.000000000000000 ) ;
#3882 = EDGE_LOOP ( 'NONE', ( #4174, #5153, #3134, #578 ) ) ;
#3883 = PLANE ( 'NONE',  #2071 ) ;
#3884 = CARTESIAN_POINT ( 'NONE',  ( 22.47899999999999920, 8.064500000000000668, 0.3809999999999960085 ) ) ;
#3885 = VECTOR ( 'NONE', #5887, 1000.000000000000000 ) ;
#3886 = ORIENTED_EDGE ( 'NONE', *, *, #2981, .T. ) ;
#3887 = LINE ( 'NONE', #7433, #71 ) ;
#3888 = EDGE_CURVE ( 'NONE', #6044, #1886, #7738, .T. ) ;
#3889 = VERTEX_POINT ( 'NONE', #6018 ) ;
#3890 = VERTEX_POINT ( 'NONE', #5152 ) ;
#3891 = AXIS2_PLACEMENT_3D ( 'NONE', #1109, #167, #9547 ) ;
#3892 = LINE ( 'NONE', #376, #7758 ) ;
#3893 = CARTESIAN_POINT ( 'NONE',  ( 9.778999999999996362, 7.239000000000000767, 0.3809999999999958975 ) ) ;
#3894 = EDGE_LOOP ( 'NONE', ( #5351, #3208, #412, #10901, #3410, #6897, #5250, #7586 ) ) ;
#3895 = CARTESIAN_POINT ( 'NONE',  ( 9.778999999999996362, 8.064500000000000668, 0.3809999999999958975 ) ) ;
#3896 = FACE_OUTER_BOUND ( 'NONE', #2076, .T. ) ;
#3897 = DIRECTION ( 'NONE',  ( 0.000000000000000000, -5.054934237236841843E-31, -1.000000000000000000 ) ) ;
#3898 = EDGE_CURVE ( 'NONE', #4921, #9470, #3286, .T. ) ;
#3899 = CARTESIAN_POINT ( 'NONE',  ( 16.50999999999999801, -1.925929944387235853E-31, 0.8889999999999991243 ) ) ;
#3900 = ORIENTED_EDGE ( 'NONE', *, *, #9006, .T. ) ;
#3901 = VECTOR ( 'NONE', #10191, 1000.000000000000000 ) ;
#3902 = DIRECTION ( 'NONE',  ( -1.000000000000000000, -0.000000000000000000, -0.000000000000000000 ) ) ;
#3903 = EDGE_CURVE ( 'NONE', #4025, #7632, #10402, .T. ) ;
#3904 = SURFACE_SIDE_STYLE ('',( #8028 ) ) ;
#3905 = CARTESIAN_POINT ( 'NONE',  ( -24.13000000000000611, 0.000000000000000000, 1.269999999999998908 ) ) ;
#3906 = VERTEX_POINT ( 'NONE', #9663 ) ;
#3907 = DIRECTION ( 'NONE',  ( 0.000000000000000000, -0.7071067811865484609, 0.7071067811865465735 ) ) ;
#3908 = ADVANCED_FACE ( 'NONE', ( #2773 ), #9721, .F. ) ;
#3909 = CARTESIAN_POINT ( 'NONE',  ( -17.39900000000000446, 7.239000000000000767, -0.3810000000000028919 ) ) ;
#3910 = VECTOR ( 'NONE', #6924, 1000.000000000000000 ) ;
#3911 = LINE ( 'NONE', #9047, #730 ) ;
#3912 = EDGE_CURVE ( 'NONE', #8962, #9348, #5324, .T. ) ;
#3913 = VECTOR ( 'NONE', #7734, 1000.000000000000000 ) ;
#3914 = ORIENTED_EDGE ( 'NONE', *, *, #1986, .F. ) ;
#3915 = DIRECTION ( 'NONE',  ( 0.000000000000000000, 0.000000000000000000, -1.000000000000000000 ) ) ;
#3916 =( NAMED_UNIT ( * ) PLANE_ANGLE_UNIT ( ) SI_UNIT ( $, .RADIAN. ) );
#3917 = LINE ( 'NONE', #4826, #10204 ) ;
#3918 = VECTOR ( 'NONE', #6314, 1000.000000000000000 ) ;
#3919 = DIRECTION ( 'NONE',  ( 0.000000000000000000, 0.9659258262890700886, -0.2588190451025140781 ) ) ;
#3920 = DIRECTION ( 'NONE',  ( -0.000000000000000000, -2.667820306312751888E-16, 1.000000000000000000 ) ) ;
#3921 = FILL_AREA_STYLE ('',( #6382 ) ) ;
#3922 = VECTOR ( 'NONE', #7616, 1000.000000000000000 ) ;
#3923 = LINE ( 'NONE', #2052, #9417 ) ;
#3924 = ORIENTED_EDGE ( 'NONE', *, *, #673, .T. ) ;
#3925 = CARTESIAN_POINT ( 'NONE',  ( 24.13000000000000611, 2.177422008883992879E-16, -0.8890000000000013447 ) ) ;
#3926 = EDGE_CURVE ( 'NONE', #4040, #3222, #6989, .T. ) ;
#3927 = ORIENTED_EDGE ( 'NONE', *, *, #6813, .T. ) ;
#3928 = DIRECTION ( 'NONE',  ( -1.000000000000000000, 0.000000000000000000, 0.000000000000000000 ) ) ;
#3929 = ORIENTED_EDGE ( 'NONE', *, *, #9843, .F. ) ;
#3930 = ADVANCED_FACE ( 'NONE', ( #6248 ), #10636, .F. ) ;
#3931 = PLANE ( 'NONE',  #9945 ) ;
#3932 = EDGE_CURVE ( 'NONE', #11083, #4343, #4373, .T. ) ;
#3933 = VECTOR ( 'NONE', #7452, 1000.000000000000000 ) ;
#3934 = VERTEX_POINT ( 'NONE', #52 ) ;
#3935 = COLOUR_RGB ( '',0.2509803921568627416, 0.2509803921568627416, 0.2509803921568627416 ) ;
#3936 = ORIENTED_EDGE ( 'NONE', *, *, #4404, .F. ) ;
#3937 = VECTOR ( 'NONE', #6625, 1000.000000000000000 ) ;
#3938 = FILL_AREA_STYLE ('',( #4791 ) ) ;
#3939 = CARTESIAN_POINT ( 'NONE',  ( -6.350000000000004974, 0.5080000000000002292, -0.7528818102449945648 ) ) ;
#3940 = CARTESIAN_POINT ( 'NONE',  ( -1.270000000000003793, 8.509000000000000341, 1.270000000000001128 ) ) ;
#3941 = ORIENTED_EDGE ( 'NONE', *, *, #10439, .F. ) ;
#3942 = CARTESIAN_POINT ( 'NONE',  ( -23.68550000000000466, 8.509000000000000341, -1.270000000000001128 ) ) ;
#3943 = DIRECTION ( 'NONE',  ( 0.000000000000000000, 1.440069553722777130E-16, -1.000000000000000000 ) ) ;
#3944 = AXIS2_PLACEMENT_3D ( 'NONE', #10016, #3135, #519 ) ;
#3945 = VERTEX_POINT ( 'NONE', #3511 ) ;
#3946 = CARTESIAN_POINT ( 'NONE',  ( 13.96999999999999709, 0.5080000000000002292, -0.7528818102449945648 ) ) ;
#3947 = ORIENTED_EDGE ( 'NONE', *, *, #6052, .F. ) ;
#3948 = EDGE_CURVE ( 'NONE', #10666, #1611, #10465, .T. ) ;
#3949 = ORIENTED_EDGE ( 'NONE', *, *, #5746, .F. ) ;
#3950 = VECTOR ( 'NONE', #9516, 1000.000000000000000 ) ;
#3951 = AXIS2_PLACEMENT_3D ( 'NONE', #6976, #6121, #9600 ) ;
#3952 = EDGE_CURVE ( 'NONE', #8360, #1194, #9780, .T. ) ;
#3953 = LINE ( 'NONE', #9929, #6842 ) ;
#3954 = DIRECTION ( 'NONE',  ( 0.000000000000000000, 0.000000000000000000, -1.000000000000000000 ) ) ;
#3955 = VERTEX_POINT ( 'NONE', #1854 ) ;
#3956 = PLANE ( 'NONE',  #10236 ) ;
#3957 = PRESENTATION_LAYER_ASSIGNMENT (  '', '', ( #1227 ) ) ;
#3958 = VECTOR ( 'NONE', #7257, 1000.000000000000000 ) ;
#3959 = DIRECTION ( 'NONE',  ( -0.000000000000000000, -0.7071067811865482389, -0.7071067811865469066 ) ) ;
#3960 = PLANE ( 'NONE',  #10881 ) ;
#3961 = LINE ( 'NONE', #1331, #10868 ) ;
#3962 = ORIENTED_EDGE ( 'NONE', *, *, #3038, .T. ) ;
#3963 = EDGE_LOOP ( 'NONE', ( #2242, #4287, #4143, #8179 ) ) ;
#3964 = LINE ( 'NONE', #6182, #11249 ) ;
#3965 = VECTOR ( 'NONE', #2770, 1000.000000000000114 ) ;
#3966 = CARTESIAN_POINT ( 'NONE',  ( 21.58999999999999631, 2.177422008883992879E-16, -0.8890000000000013447 ) ) ;
#3967 = LINE ( 'NONE', #10106, #7885 ) ;
#3968 = FACE_OUTER_BOUND ( 'NONE', #696, .T. ) ;
#3969 = CARTESIAN_POINT ( 'NONE',  ( 9.778999999999996362, 7.239000000000000767, -0.3810000000000028919 ) ) ;
#3970 = ORIENTED_EDGE ( 'NONE', *, *, #2346, .F. ) ;
#3971 = DIRECTION ( 'NONE',  ( 0.000000000000000000, 1.440069553722777130E-16, -1.000000000000000000 ) ) ;
#3972 = LINE ( 'NONE', #4716, #1335 ) ;
#3973 = LINE ( 'NONE', #349, #8921 ) ;
#3974 = VERTEX_POINT ( 'NONE', #6134 ) ;
#3975 = VERTEX_POINT ( 'NONE', #1974 ) ;
#3976 = DIRECTION ( 'NONE',  ( 1.000000000000000000, 0.000000000000000000, 0.000000000000000000 ) ) ;
#3977 = CARTESIAN_POINT ( 'NONE',  ( 12.31899999999999729, 7.239000000000000767, 0.3809999999999958975 ) ) ;
#3978 = CARTESIAN_POINT ( 'NONE',  ( -6.350000000000004974, 8.509000000000000341, -0.8255000000000041194 ) ) ;
#3979 = SURFACE_STYLE_FILL_AREA ( #4094 ) ;
#3980 = PRESENTATION_STYLE_ASSIGNMENT (( #6553 ) ) ;
#3981 = CARTESIAN_POINT ( 'NONE',  ( -24.13000000000000611, 0.000000000000000000, 0.000000000000000000 ) ) ;
#3982 = ORIENTED_EDGE ( 'NONE', *, *, #1663, .F. ) ;
#3983 = DIRECTION ( 'NONE',  ( 0.5773502691896252870, -0.5773502691896251759, -0.5773502691896267303 ) ) ;
#3984 = ORIENTED_EDGE ( 'NONE', *, *, #6528, .F. ) ;
#3985 = CARTESIAN_POINT ( 'NONE',  ( -19.49450000000000571, 8.509000000000000341, -1.270000000000001128 ) ) ;
#3986 = ORIENTED_EDGE ( 'NONE', *, *, #2179, .F. ) ;
#3987 = DIRECTION ( 'NONE',  ( 0.000000000000000000, 0.9659258262890699775, 0.2588190451025145222 ) ) ;
#3988 = EDGE_LOOP ( 'NONE', ( #1045, #4053, #841, #8813 ) ) ;
#3989 = ORIENTED_EDGE ( 'NONE', *, *, #2505, .F. ) ;
#3990 = EDGE_CURVE ( 'NONE', #2536, #3585, #1007, .T. ) ;
#3991 = EDGE_CURVE ( 'NONE', #1110, #7003, #4425, .T. ) ;
#3992 = APPLICATION_CONTEXT ( 'automotive_design' ) ;
#3993 = CARTESIAN_POINT ( 'NONE',  ( -11.43000000000000504, 0.000000000000000000, 1.269999999999998908 ) ) ;
#3994 = EDGE_CURVE ( 'NONE', #7698, #8360, #5438, .T. ) ;
#3995 = DIRECTION ( 'NONE',  ( 0.000000000000000000, 0.000000000000000000, -1.000000000000000000 ) ) ;
#3996 = ORIENTED_EDGE ( 'NONE', *, *, #2197, .F. ) ;
#3997 = CARTESIAN_POINT ( 'NONE',  ( -3.810000000000004494, 8.509000000000000341, -1.270000000000001128 ) ) ;
#3998 = DIRECTION ( 'NONE',  ( 0.000000000000000000, -5.054934237236841843E-31, -1.000000000000000000 ) ) ;
#3999 = VERTEX_POINT ( 'NONE', #4482 ) ;
#4000 = CARTESIAN_POINT ( 'NONE',  ( 8.889999999999995239, -1.925929944387235853E-31, 0.8889999999999991243 ) ) ;
#4001 = ORIENTED_EDGE ( 'NONE', *, *, #8520, .T. ) ;
#4002 = ORIENTED_EDGE ( 'NONE', *, *, #10336, .T. ) ;
#4003 = DIRECTION ( 'NONE',  ( -1.000000000000000000, -0.000000000000000000, -0.000000000000000000 ) ) ;
#4004 = CARTESIAN_POINT ( 'NONE',  ( 11.87449999999999584, 8.509000000000000341, -0.8255000000000041194 ) ) ;
#4005 = EDGE_LOOP ( 'NONE', ( #9597, #2922, #6969, #6891 ) ) ;
#4006 = CARTESIAN_POINT ( 'NONE',  ( -12.31900000000000617, 8.064500000000000668, -0.3810000000000027809 ) ) ;
#4007 = LINE ( 'NONE', #2244, #11023 ) ;
#4008 = CARTESIAN_POINT ( 'NONE',  ( -16.51000000000000512, 8.509000000000000341, -1.270000000000001128 ) ) ;
#4009 = ADVANCED_FACE ( 'NONE', ( #945 ), #168, .F. ) ;
#4010 = CARTESIAN_POINT ( 'NONE',  ( 4.698999999999998067, 7.239000000000000767, 0.3809999999999958975 ) ) ;
#4011 = EDGE_LOOP ( 'NONE', ( #3024, #3344, #2495, #6810 ) ) ;
#4012 = AXIS2_PLACEMENT_3D ( 'NONE', #1080, #8993, #1183 ) ;
#4013 = VERTEX_POINT ( 'NONE', #7056 ) ;
#4014 = LINE ( 'NONE', #9315, #44 ) ;
#4015 = CARTESIAN_POINT ( 'NONE',  ( 16.06549999999999656, 8.509000000000000341, 0.8254999999999976801 ) ) ;
#4016 = DIRECTION ( 'NONE',  ( -0.000000000000000000, 1.000000000000000000, 1.733406087350420004E-16 ) ) ;
#4017 = CARTESIAN_POINT ( 'NONE',  ( 16.50999999999999801, -1.925929944387235853E-31, 0.8889999999999991243 ) ) ;
#4018 = LINE ( 'NONE', #11087, #3421 ) ;
#4019 = EDGE_LOOP ( 'NONE', ( #8024, #306, #2640, #2636 ) ) ;
#4020 = DIRECTION ( 'NONE',  ( 0.000000000000000000, 1.000000000000000000, 2.548365665731588345E-16 ) ) ;
#4021 = LINE ( 'NONE', #9156, #8803 ) ;
#4022 = ADVANCED_FACE ( 'NONE', ( #2720 ), #1916, .F. ) ;
#4023 = CARTESIAN_POINT ( 'NONE',  ( 20.19299999999999784, 7.810500000000000220, -0.1270000000000024998 ) ) ;
#4024 = VERTEX_POINT ( 'NONE', #4539 ) ;
#4025 = VERTEX_POINT ( 'NONE', #8023 ) ;
#4026 = AXIS2_PLACEMENT_3D ( 'NONE', #8244, #8464, #4078 ) ;
#4027 = DIRECTION ( 'NONE',  ( 0.000000000000000000, 0.000000000000000000, 1.000000000000000000 ) ) ;
#4028 = LINE ( 'NONE', #6665, #6033 ) ;
#4029 = DIRECTION ( 'NONE',  ( -0.000000000000000000, 0.000000000000000000, -1.000000000000000000 ) ) ;
#4030 = DIRECTION ( 'NONE',  ( 1.000000000000000000, 0.000000000000000000, 0.000000000000000000 ) ) ;
#4031 = VECTOR ( 'NONE', #2230, 1000.000000000000000 ) ;
#4032 = LINE ( 'NONE', #10994, #10140 ) ;
#4033 = EDGE_LOOP ( 'NONE', ( #9636, #8401, #4184, #1926 ) ) ;
#4034 = LINE ( 'NONE', #2214, #7153 ) ;
#4035 = UNCERTAINTY_MEASURE_WITH_UNIT (LENGTH_MEASURE( 1.000000000000000082E-05 ), #6833, 'distance_accuracy_value', 'NONE');
#4036 = EDGE_LOOP ( 'NONE', ( #1259, #5545, #5050, #2509 ) ) ;
#4037 = VECTOR ( 'NONE', #6527, 1000.000000000000000 ) ;
#4038 = LINE ( 'NONE', #1413, #4062 ) ;
#4039 = VECTOR ( 'NONE', #2047, 1000.000000000000000 ) ;
#4040 = VERTEX_POINT ( 'NONE', #4333 ) ;
#4041 = DIRECTION ( 'NONE',  ( 0.000000000000000000, -1.440069553722777130E-16, 1.000000000000000000 ) ) ;
#4042 = ORIENTED_EDGE ( 'NONE', *, *, #9480, .F. ) ;
#4043 = VECTOR ( 'NONE', #6599, 1000.000000000000000 ) ;
#4044 = ORIENTED_EDGE ( 'NONE', *, *, #10060, .F. ) ;
#4045 = CARTESIAN_POINT ( 'NONE',  ( -1.270000000000003793, 0.000000000000000000, 1.269999999999998908 ) ) ;
#4046 =( GEOMETRIC_REPRESENTATION_CONTEXT ( 3 ) GLOBAL_UNCERTAINTY_ASSIGNED_CONTEXT ( ( #6785 ) ) GLOBAL_UNIT_ASSIGNED_CONTEXT ( ( #5685, #4202, #9277 ) ) REPRESENTATION_CONTEXT ( 'NONE', 'WORKASPACE' ) );
#4047 = DIRECTION ( 'NONE',  ( 0.000000000000000000, -0.000000000000000000, -1.000000000000000000 ) ) ;
#4048 = LINE ( 'NONE', #7540, #5034 ) ;
#4049 = VERTEX_POINT ( 'NONE', #8830 ) ;
#4050 = DIRECTION ( 'NONE',  ( 0.000000000000000000, 0.2588190451025145222, -0.9659258262890699775 ) ) ;
#4051 = LINE ( 'NONE', #10025, #35 ) ;
#4052 = AXIS2_PLACEMENT_3D ( 'NONE', #8851, #4638, #9763 ) ;
#4053 = ORIENTED_EDGE ( 'NONE', *, *, #1230, .F. ) ;
#4054 = CARTESIAN_POINT ( 'NONE',  ( 1.269999999999996909, 8.509000000000000341, 1.270000000000001128 ) ) ;
#4055 = EDGE_CURVE ( 'NONE', #11122, #1441, #11169, .T. ) ;
#4057 = ORIENTED_EDGE ( 'NONE', *, *, #9214, .F. ) ;
#4056 = EDGE_CURVE ( 'NONE', #4049, #1019, #1641, .T. ) ;
#4058 = AXIS2_PLACEMENT_3D ( 'NONE', #3848, #8983, #2779 ) ;
#4059 = EDGE_LOOP ( 'NONE', ( #10602, #5937, #1076, #147 ) ) ;
#4060 = ADVANCED_FACE ( 'NONE', ( #10306 ), #1700, .F. ) ;
#4061 = VECTOR ( 'NONE', #5271, 1000.000000000000000 ) ;
#4062 = VECTOR ( 'NONE', #7310, 1000.000000000000000 ) ;
#4063 = CARTESIAN_POINT ( 'NONE',  ( 3.809999999999997389, 8.509000000000000341, -1.270000000000001128 ) ) ;
#4064 = PLANE ( 'NONE',  #10213 ) ;
#4065 = VECTOR ( 'NONE', #5425, 1000.000000000000000 ) ;
#4066 = ORIENTED_EDGE ( 'NONE', *, *, #2608, .T. ) ;
#4067 = DIRECTION ( 'NONE',  ( 0.000000000000000000, 0.000000000000000000, 1.000000000000000000 ) ) ;
#4068 = DIRECTION ( 'NONE',  ( 0.000000000000000000, -1.000000000000000000, -2.548365665731588345E-16 ) ) ;
#4069 = CARTESIAN_POINT ( 'NONE',  ( -12.31900000000000617, 8.064500000000000668, 0.3809999999999958975 ) ) ;
#4070 = VECTOR ( 'NONE', #5356, 1000.000000000000000 ) ;
#4071 = DIRECTION ( 'NONE',  ( -0.000000000000000000, 1.000000000000000000, 1.733406087350420004E-16 ) ) ;
#4072 = EDGE_LOOP ( 'NONE', ( #6223, #5014, #1935, #4522 ) ) ;
#4073 = ADVANCED_FACE ( 'NONE', ( #11229 ), #5345, .F. ) ;
#4074 = EDGE_CURVE ( 'NONE', #1499, #4728, #9680, .T. ) ;
#4075 = VECTOR ( 'NONE', #4169, 1000.000000000000000 ) ;
#4076 = ORIENTED_EDGE ( 'NONE', *, *, #10629, .F. ) ;
#4077 = VECTOR ( 'NONE', #6533, 1000.000000000000114 ) ;
#4078 = DIRECTION ( 'NONE',  ( 0.000000000000000000, -2.449293598294710852E-16, 1.000000000000000000 ) ) ;
#4079 = CARTESIAN_POINT ( 'NONE',  ( -1.270000000000003793, 3.110602869834277161E-16, -1.270000000000001128 ) ) ;
#4080 = AXIS2_PLACEMENT_3D ( 'NONE', #10720, #10603, #244 ) ;
#4081 = LINE ( 'NONE', #8353, #5547 ) ;
#4082 = DIRECTION ( 'NONE',  ( 0.000000000000000000, -0.000000000000000000, -1.000000000000000000 ) ) ;
#4083 = ORIENTED_EDGE ( 'NONE', *, *, #5904, .T. ) ;
#4084 = DIRECTION ( 'NONE',  ( -0.7071067811865475727, -0.7071067811865475727, 0.000000000000000000 ) ) ;
#4085 = CLOSED_SHELL ( 'NONE', ( #10819, #2543, #10197, #1429, #6637, #6030, #1639, #8966, #6259, #8132, #4692, #8807, #6005, #4823, #7839, #5027, #10205, #5374, #1200 ) ) ;
#4086 = CARTESIAN_POINT ( 'NONE',  ( -13.97000000000000419, 3.110602869834277161E-16, -1.270000000000001128 ) ) ;
#4087 = EDGE_CURVE ( 'NONE', #10129, #1591, #8605, .T. ) ;
#4088 = ORIENTED_EDGE ( 'NONE', *, *, #10831, .T. ) ;
#4089 = ORIENTED_EDGE ( 'NONE', *, *, #5823, .F. ) ;
#4090 = VECTOR ( 'NONE', #2488, 1000.000000000000000 ) ;
#4091 = CARTESIAN_POINT ( 'NONE',  ( -2.540000000000004032, 0.000000000000000000, 0.000000000000000000 ) ) ;
#4092 = LINE ( 'NONE', #9330, #9124 ) ;
#4093 = EDGE_CURVE ( 'NONE', #7629, #6063, #9570, .T. ) ;
#4094 = FILL_AREA_STYLE ('',( #8421 ) ) ;
#4095 = DIRECTION ( 'NONE',  ( 0.000000000000000000, 1.440069553722777130E-16, -1.000000000000000000 ) ) ;
#4096 = CARTESIAN_POINT ( 'NONE',  ( -8.890000000000004121, 0.000000000000000000, 1.269999999999998908 ) ) ;
#4097 = ORIENTED_EDGE ( 'NONE', *, *, #3739, .T. ) ;
#4098 = CARTESIAN_POINT ( 'NONE',  ( -4.699000000000005173, 8.064500000000000668, -0.3810000000000027809 ) ) ;
#4099 = ORIENTED_EDGE ( 'NONE', *, *, #1896, .T. ) ;
#4100 = FACE_OUTER_BOUND ( 'NONE', #3253, .T. ) ;
#4101 = EDGE_LOOP ( 'NONE', ( #9527, #477, #5939, #1465 ) ) ;
#4102 = PRODUCT_RELATED_PRODUCT_CATEGORY ( 'part', '', ( #3637 ) ) ;
#4103 = DIRECTION ( 'NONE',  ( -0.000000000000000000, 1.000000000000000000, 1.733406087350420004E-16 ) ) ;
#4104 = ORIENTED_EDGE ( 'NONE', *, *, #9134, .F. ) ;
#4105 = EDGE_LOOP ( 'NONE', ( #4800, #5861, #10908, #8049 ) ) ;
#4106 = LINE ( 'NONE', #1471, #3210 ) ;
#4107 = AXIS2_PLACEMENT_3D ( 'NONE', #10095, #7387, #6644 ) ;
#4108 = CARTESIAN_POINT ( 'NONE',  ( 24.38400000000000745, 2.177422008883992879E-16, -0.8890000000000013447 ) ) ;
#4109 = DIRECTION ( 'NONE',  ( 0.7071067811865475727, -0.7071067811865475727, 0.000000000000000000 ) ) ;
#4110 = ORIENTED_EDGE ( 'NONE', *, *, #4381, .T. ) ;
#4111 = CARTESIAN_POINT ( 'NONE',  ( 23.24099999999999611, 7.239000000000000767, -0.3810000000000028919 ) ) ;
#4112 = CARTESIAN_POINT ( 'NONE',  ( 0.3810000000000000053, -2.692399999999995686, 0.2032000000000002693 ) ) ;
#4113 = EDGE_LOOP ( 'NONE', ( #7113, #86, #2353, #5508 ) ) ;
#4114 = DIRECTION ( 'NONE',  ( 1.000000000000000000, 0.000000000000000000, -0.000000000000000000 ) ) ;
#4115 = ORIENTED_EDGE ( 'NONE', *, *, #3182, .T. ) ;
#4116 = VECTOR ( 'NONE', #9534, 1000.000000000000000 ) ;
#4117 = ORIENTED_EDGE ( 'NONE', *, *, #5306, .F. ) ;
#4118 = DIRECTION ( 'NONE',  ( 1.000000000000000000, 0.000000000000000000, 0.000000000000000000 ) ) ;
#4119 = VECTOR ( 'NONE', #3606, 1000.000000000000000 ) ;
#4120 = CARTESIAN_POINT ( 'NONE',  ( -16.51000000000000512, 0.5080000000000002292, -0.7528818102449945648 ) ) ;
#4121 = ORIENTED_EDGE ( 'NONE', *, *, #7776, .F. ) ;
#4122 = LINE ( 'NONE', #9084, #430 ) ;
#4123 = DIRECTION ( 'NONE',  ( -1.000000000000000000, -0.000000000000000000, -0.000000000000000000 ) ) ;
#4124 = DIRECTION ( 'NONE',  ( 0.000000000000000000, 2.449293598294710852E-16, -1.000000000000000000 ) ) ;
#4125 = CARTESIAN_POINT ( 'NONE',  ( 4.698999999999998067, 7.239000000000000767, -0.3810000000000028919 ) ) ;
#4126 = AXIS2_PLACEMENT_3D ( 'NONE', #10668, #2917, #4735 ) ;
#4127 = LINE ( 'NONE', #10397, #9188 ) ;
#4128 = PLANE ( 'NONE',  #7417 ) ;
#4129 = VERTEX_POINT ( 'NONE', #7925 ) ;
#4130 = AXIS2_PLACEMENT_3D ( 'NONE', #3495, #207, #6064 ) ;
#4131 = VERTEX_POINT ( 'NONE', #7699 ) ;
#4132 = EDGE_CURVE ( 'NONE', #6349, #5915, #9458, .T. ) ;
#4133 = EDGE_CURVE ( 'NONE', #1975, #6087, #5170, .T. ) ;
#4134 = AXIS2_PLACEMENT_3D ( 'NONE', #8310, #5969, #3289 ) ;
#4135 = LINE ( 'NONE', #8298, #10396 ) ;
#4136 = VECTOR ( 'NONE', #5237, 999.9999999999998863 ) ;
#4137 = CARTESIAN_POINT ( 'NONE',  ( -13.97000000000000419, -1.925929944387235853E-31, 0.8889999999999991243 ) ) ;
#4138 = DIRECTION ( 'NONE',  ( -0.000000000000000000, 1.000000000000000000, 1.733406087350420004E-16 ) ) ;
#4139 = ADVANCED_FACE ( 'NONE', ( #10366 ), #4275, .F. ) ;
#4140 = ADVANCED_FACE ( 'NONE', ( #2679 ), #129, .F. ) ;
#4141 = CARTESIAN_POINT ( 'NONE',  ( -19.05000000000000426, 0.5080000000000002292, -0.7528818102449945648 ) ) ;
#4142 = CARTESIAN_POINT ( 'NONE',  ( 12.31899999999999729, 8.064500000000000668, 0.3809999999999958975 ) ) ;
#4143 = ORIENTED_EDGE ( 'NONE', *, *, #10187, .F. ) ;
#4144 = LINE ( 'NONE', #10167, #9537 ) ;
#4145 = DIRECTION ( 'NONE',  ( -0.000000000000000000, 0.2588190451025140781, 0.9659258262890700886 ) ) ;
#4146 = VECTOR ( 'NONE', #4713, 1000.000000000000000 ) ;
#4147 = ORIENTED_EDGE ( 'NONE', *, *, #6801, .T. ) ;
#4148 = LINE ( 'NONE', #8534, #5896 ) ;
#4149 = CARTESIAN_POINT ( 'NONE',  ( 5.079999999999997407, 0.000000000000000000, 0.000000000000000000 ) ) ;
#4150 = EDGE_CURVE ( 'NONE', #10073, #7176, #6899, .T. ) ;
#4151 = LINE ( 'NONE', #5797, #3832 ) ;
#4152 = CARTESIAN_POINT ( 'NONE',  ( 8.889999999999995239, 0.000000000000000000, 1.269999999999998908 ) ) ;
#4153 = LINE ( 'NONE', #10993, #3196 ) ;
#4154 = FACE_OUTER_BOUND ( 'NONE', #3179, .T. ) ;
#4155 = VERTEX_POINT ( 'NONE', #6203 ) ;
#4156 = CARTESIAN_POINT ( 'NONE',  ( 11.42999999999999616, 8.509000000000000341, 1.270000000000001128 ) ) ;
#4157 = UNCERTAINTY_MEASURE_WITH_UNIT (LENGTH_MEASURE( 1.000000000000000082E-05 ), #3865, 'distance_accuracy_value', 'NONE');
#4158 = ORIENTED_EDGE ( 'NONE', *, *, #1077, .T. ) ;
#4159 = DIRECTION ( 'NONE',  ( 0.000000000000000000, 0.000000000000000000, 1.000000000000000000 ) ) ;
#4160 = ORIENTED_EDGE ( 'NONE', *, *, #788, .T. ) ;
#4161 = CARTESIAN_POINT ( 'NONE',  ( 14.85899999999999643, 8.064500000000000668, 0.3809999999999958975 ) ) ;
#4162 = ORIENTED_EDGE ( 'NONE', *, *, #1195, .F. ) ;
#4163 = EDGE_CURVE ( 'NONE', #3722, #4456, #9511, .T. ) ;
#4164 = ORIENTED_EDGE ( 'NONE', *, *, #1612, .T. ) ;
#4165 = CARTESIAN_POINT ( 'NONE',  ( -16.51000000000000512, -1.925929944387235853E-31, 0.8889999999999991243 ) ) ;
#4166 = CARTESIAN_POINT ( 'NONE',  ( 2.920999999999996710, 7.239000000000000767, 0.3809999999999958975 ) ) ;
#4167 = FACE_OUTER_BOUND ( 'NONE', #2388, .T. ) ;
#4168 = EDGE_LOOP ( 'NONE', ( #7280, #6835, #10793, #9158 ) ) ;
#4169 = DIRECTION ( 'NONE',  ( -0.000000000000000000, 1.000000000000000000, 1.733406087350420004E-16 ) ) ;
#4170 = CARTESIAN_POINT ( 'NONE',  ( -3.810000000000004494, 0.000000000000000000, 0.000000000000000000 ) ) ;
#4171 = ORIENTED_EDGE ( 'NONE', *, *, #7853, .F. ) ;
#4172 = CARTESIAN_POINT ( 'NONE',  ( 21.58999999999999631, 2.177422008883992879E-16, -0.8890000000000013447 ) ) ;
#4173 = ORIENTED_EDGE ( 'NONE', *, *, #7374, .F. ) ;
#4174 = ORIENTED_EDGE ( 'NONE', *, *, #7757, .T. ) ;
#4175 = PRODUCT ( 'PPPC021LFBN-RC_C19', 'PPPC021LFBN-RC_C19', '', ( #7909 ) ) ;
#4176 = PLANE ( 'NONE',  #2117 ) ;
#4177 = AXIS2_PLACEMENT_3D ( 'NONE', #6365, #2830, #9782 ) ;
#4178 = ORIENTED_EDGE ( 'NONE', *, *, #2634, .T. ) ;
#4179 = CARTESIAN_POINT ( 'NONE',  ( -20.70100000000000406, 8.064500000000000668, 0.3809999999999958975 ) ) ;
#4180 = CARTESIAN_POINT ( 'NONE',  ( 9.778999999999996362, 8.064500000000000668, 0.3809999999999960085 ) ) ;
#4181 = LINE ( 'NONE', #7665, #9761 ) ;
#4182 = CARTESIAN_POINT ( 'NONE',  ( -5.905500000000004412, 8.509000000000000341, 0.8254999999999976801 ) ) ;
#4183 = DIRECTION ( 'NONE',  ( 0.000000000000000000, -1.000000000000000000, 0.000000000000000000 ) ) ;
#4184 = ORIENTED_EDGE ( 'NONE', *, *, #3990, .T. ) ;
#4185 = ADVANCED_FACE ( 'NONE', ( #10425 ), #1756, .F. ) ;
#4186 = VECTOR ( 'NONE', #9889, 1000.000000000000000 ) ;
#4187 = VERTEX_POINT ( 'NONE', #74 ) ;
#4188 = LINE ( 'NONE', #10392, #576 ) ;
#4189 = CARTESIAN_POINT ( 'NONE',  ( 9.778999999999996362, 8.064500000000000668, -0.3810000000000027809 ) ) ;
#4190 = CARTESIAN_POINT ( 'NONE',  ( 15.62099999999999511, 7.239000000000000767, 0.3809999999999958975 ) ) ;
#4191 = CARTESIAN_POINT ( 'NONE',  ( -12.31900000000000617, 8.064500000000000668, 0.3809999999999958975 ) ) ;
#4192 = CARTESIAN_POINT ( 'NONE',  ( -1.714500000000004132, 8.509000000000000341, -0.8255000000000041194 ) ) ;
#4193 = ORIENTED_EDGE ( 'NONE', *, *, #5052, .T. ) ;
#4194 = CARTESIAN_POINT ( 'NONE',  ( 18.16099999999999781, 7.239000000000000767, -0.3810000000000028919 ) ) ;
#4195 = EDGE_CURVE ( 'NONE', #10856, #1286, #7013, .T. ) ;
#4196 = EDGE_CURVE ( 'NONE', #977, #3120, #5283, .T. ) ;
#4197 = CARTESIAN_POINT ( 'NONE',  ( 5.460999999999996746, 7.239000000000000767, 0.3809999999999958975 ) ) ;
#4198 = ORIENTED_EDGE ( 'NONE', *, *, #3843, .T. ) ;
#4199 = CARTESIAN_POINT ( 'NONE',  ( -8.890000000000004121, 3.110602869834277161E-16, -1.270000000000001128 ) ) ;
#4200 = DIRECTION ( 'NONE',  ( 1.000000000000000000, 0.000000000000000000, 0.000000000000000000 ) ) ;
#4201 = CARTESIAN_POINT ( 'NONE',  ( -24.38400000000000745, -1.925929944387235853E-31, 0.8889999999999991243 ) ) ;
#4202 =( NAMED_UNIT ( * ) PLANE_ANGLE_UNIT ( ) SI_UNIT ( $, .RADIAN. ) );
#4203 = CARTESIAN_POINT ( 'NONE',  ( -8.890000000000004121, 0.5080000000000002292, -0.7528818102449945648 ) ) ;
#4204 = CARTESIAN_POINT ( 'NONE',  ( -20.70100000000000406, 7.239000000000000767, 0.3809999999999958975 ) ) ;
#4205 = EDGE_LOOP ( 'NONE', ( #8106, #279, #7985, #6157 ) ) ;
#4206 = CARTESIAN_POINT ( 'NONE',  ( 22.47899999999999920, 8.064500000000000668, 0.3809999999999960085 ) ) ;
#4207 = DIRECTION ( 'NONE',  ( -0.000000000000000000, 1.000000000000000000, 1.733406087350420004E-16 ) ) ;
#4208 =( REPRESENTATION_RELATIONSHIP ('NONE','NONE', #5926, #187 ) REPRESENTATION_RELATIONSHIP_WITH_TRANSFORMATION ( #6311 )SHAPE_REPRESENTATION_RELATIONSHIP( ) );
#4209 = EDGE_LOOP ( 'NONE', ( #5208, #632, #2563, #6751, #679, #139, #7849, #3929 ) ) ;
#4210 = PLANE ( 'NONE',  #3230 ) ;
#4211 = VECTOR ( 'NONE', #4923, 1000.000000000000000 ) ;
#4212 = ORIENTED_EDGE ( 'NONE', *, *, #6245, .F. ) ;
#4213 = EDGE_CURVE ( 'NONE', #8710, #9845, #3012, .T. ) ;
#4214 = ADVANCED_FACE ( 'NONE', ( #400 ), #1242, .F. ) ;
#4215 = ORIENTED_EDGE ( 'NONE', *, *, #7691, .F. ) ;
#4216 = DIRECTION ( 'NONE',  ( 0.000000000000000000, 0.2588190451025140781, 0.9659258262890700886 ) ) ;
#4217 = PLANE ( 'NONE',  #4483 ) ;
#4218 = EDGE_CURVE ( 'NONE', #10349, #1256, #5576, .T. ) ;
#4219 = EDGE_CURVE ( 'NONE', #585, #5404, #6267, .T. ) ;
#4220 = DIRECTION ( 'NONE',  ( 0.000000000000000000, -0.9659258262890699775, -0.2588190451025145222 ) ) ;
#4221 = MECHANICAL_DESIGN_GEOMETRIC_PRESENTATION_REPRESENTATION (  '', ( #6220 ), #9684 ) ;
#4222 = CARTESIAN_POINT ( 'NONE',  ( -10.54100000000000392, 8.064500000000000668, -0.3810000000000027809 ) ) ;
#4223 = ORIENTED_EDGE ( 'NONE', *, *, #5451, .F. ) ;
#4224 = EDGE_CURVE ( 'NONE', #1123, #11106, #2792, .T. ) ;
#4225 = CARTESIAN_POINT ( 'NONE',  ( 10.54099999999999504, 7.239000000000000767, 0.3809999999999958975 ) ) ;
#4226 = DIRECTION ( 'NONE',  ( 1.000000000000000000, 0.000000000000000000, 0.000000000000000000 ) ) ;
#4227 = VERTEX_POINT ( 'NONE', #4669 ) ;
#4228 = FACE_OUTER_BOUND ( 'NONE', #463, .T. ) ;
#4229 = ORIENTED_EDGE ( 'NONE', *, *, #9080, .T. ) ;
#4230 = VECTOR ( 'NONE', #6339, 1000.000000000000000 ) ;
#4231 = ORIENTED_EDGE ( 'NONE', *, *, #7625, .F. ) ;
#4232 = AXIS2_PLACEMENT_3D ( 'NONE', #5157, #4321, #7805 ) ;
#4233 = FACE_OUTER_BOUND ( 'NONE', #4005, .T. ) ;
#4234 = VECTOR ( 'NONE', #10067, 1000.000000000000000 ) ;
#4235 = EDGE_LOOP ( 'NONE', ( #3277, #10556, #9153, #2059 ) ) ;
#4236 = EDGE_CURVE ( 'NONE', #2234, #2818, #7130, .T. ) ;
#4237 = CARTESIAN_POINT ( 'NONE',  ( 5.460999999999996746, 8.064500000000000668, -0.3810000000000027809 ) ) ;
#4238 = DIRECTION ( 'NONE',  ( 0.000000000000000000, -0.9659258262890699775, -0.2588190451025145222 ) ) ;
#4239 = CARTESIAN_POINT ( 'NONE',  ( 19.93900000000000006, 8.064500000000000668, -0.3810000000000027809 ) ) ;
#4240 = CARTESIAN_POINT ( 'NONE',  ( -0.3810000000000000053, 0.5079999999999997851, 0.2032000000000010465 ) ) ;
#4241 = VERTEX_POINT ( 'NONE', #2960 ) ;
#4242 = COLOUR_RGB ( '',0.2509803921568627416, 0.2509803921568627416, 0.2509803921568627416 ) ;
#4243 = EDGE_LOOP ( 'NONE', ( #10587, #2130, #5258, #8168 ) ) ;
#4244 = VECTOR ( 'NONE', #10024, 1000.000000000000000 ) ;
#4245 = LINE ( 'NONE', #3500, #1552 ) ;
#4246 = FACE_OUTER_BOUND ( 'NONE', #9546, .T. ) ;
#4247 = ADVANCED_FACE ( 'NONE', ( #7989 ), #4720, .F. ) ;
#4248 = CARTESIAN_POINT ( 'NONE',  ( 16.95449999999999591, 8.509000000000000341, -1.270000000000001128 ) ) ;
#4249 = LINE ( 'NONE', #9543, #6324 ) ;
#4250 = VECTOR ( 'NONE', #3818, 1000.000000000000000 ) ;
#4251 = DIRECTION ( 'NONE',  ( 0.000000000000000000, -1.000000000000000000, 0.000000000000000000 ) ) ;
#4252 = DIRECTION ( 'NONE',  ( -0.000000000000000000, -0.7071067811865482389, -0.7071067811865469066 ) ) ;
#4253 = VERTEX_POINT ( 'NONE', #8939 ) ;
#4254 = VECTOR ( 'NONE', #1597, 1000.000000000000000 ) ;
#4255 = CARTESIAN_POINT ( 'NONE',  ( 10.98549999999999471, 8.509000000000000341, -1.270000000000001128 ) ) ;
#4256 = LINE ( 'NONE', #8472, #1456 ) ;
#4257 = EDGE_LOOP ( 'NONE', ( #2829, #7644, #734, #8035 ) ) ;
#4258 = VECTOR ( 'NONE', #5792, 1000.000000000000000 ) ;
#4259 = DIRECTION ( 'NONE',  ( 1.000000000000000000, 0.000000000000000000, -0.000000000000000000 ) ) ;
#4260 = EDGE_CURVE ( 'NONE', #8943, #5179, #9849, .T. ) ;
#4261 = DIRECTION ( 'NONE',  ( 1.000000000000000000, -0.000000000000000000, -0.000000000000000000 ) ) ;
#4262 = EDGE_CURVE ( 'NONE', #4129, #801, #183, .T. ) ;
#4263 = CARTESIAN_POINT ( 'NONE',  ( -3.810000000000004494, 2.177422008883992879E-16, -0.8890000000000013447 ) ) ;
#4264 = CARTESIAN_POINT ( 'NONE',  ( 5.460999999999996746, 7.239000000000000767, 0.3809999999999958975 ) ) ;
#4265 = DIRECTION ( 'NONE',  ( -1.000000000000000000, 0.000000000000000000, 0.000000000000000000 ) ) ;
#4266 = ORIENTED_EDGE ( 'NONE', *, *, #6236, .T. ) ;
#4267 = LINE ( 'NONE', #7750, #1138 ) ;
#4268 = LINE ( 'NONE', #3252, #10057 ) ;
#4269 = ORIENTED_EDGE ( 'NONE', *, *, #9602, .T. ) ;
#4270 = DIRECTION ( 'NONE',  ( 0.000000000000000000, 0.000000000000000000, -1.000000000000000000 ) ) ;
#4271 = VECTOR ( 'NONE', #2371, 1000.000000000000000 ) ;
#4272 = EDGE_LOOP ( 'NONE', ( #3426, #5893, #9926, #3557, #4266, #9626, #1718, #7414 ) ) ;
#4273 = PRODUCT_DEFINITION_SHAPE ( 'NONE', 'NONE',  #11267 ) ;
#4274 = EDGE_LOOP ( 'NONE', ( #3759, #7942, #8309, #4158 ) ) ;
#4275 = PLANE ( 'NONE',  #751 ) ;
#4276 = DIRECTION ( 'NONE',  ( 0.000000000000000000, 1.440069553722777130E-16, -1.000000000000000000 ) ) ;
#4277 = EDGE_CURVE ( 'NONE', #4640, #6829, #9956, .T. ) ;
#4278 = DIRECTION ( 'NONE',  ( 1.000000000000000000, 0.000000000000000000, -0.000000000000000000 ) ) ;
#4279 = VECTOR ( 'NONE', #1701, 1000.000000000000000 ) ;
#4280 = DIRECTION ( 'NONE',  ( 0.000000000000000000, 5.054934237236841843E-31, 1.000000000000000000 ) ) ;
#4281 = EDGE_LOOP ( 'NONE', ( #2965, #4104, #1265, #7204 ) ) ;
#4282 = DIRECTION ( 'NONE',  ( 0.000000000000000000, -1.440069553722777130E-16, 1.000000000000000000 ) ) ;
#4283 = DIRECTION ( 'NONE',  ( 0.000000000000000000, 1.440069553722777130E-16, -1.000000000000000000 ) ) ;
#4284 = ADVANCED_FACE ( 'NONE', ( #5630 ), #5513, .F. ) ;
#4285 = EDGE_CURVE ( 'NONE', #8096, #2264, #3810, .T. ) ;
#4286 = VERTEX_POINT ( 'NONE', #7301 ) ;
#4287 = ORIENTED_EDGE ( 'NONE', *, *, #2192, .F. ) ;
#4288 = ORIENTED_EDGE ( 'NONE', *, *, #9176, .T. ) ;
#4289 = VECTOR ( 'NONE', #1164, 1000.000000000000000 ) ;
#4290 = DIRECTION ( 'NONE',  ( 0.000000000000000000, -1.733406087350420004E-16, 1.000000000000000000 ) ) ;
#4291 = VERTEX_POINT ( 'NONE', #8037 ) ;
#4292 = CARTESIAN_POINT ( 'NONE',  ( 3.809999999999997389, 0.5080000000000002292, -0.7528818102449945648 ) ) ;
#4293 = DIRECTION ( 'NONE',  ( 0.000000000000000000, 1.000000000000000000, 0.000000000000000000 ) ) ;
#4294 = AXIS2_PLACEMENT_3D ( 'NONE', #3833, #10795, #6639 ) ;
#4295 = EDGE_CURVE ( 'NONE', #10773, #5688, #6436, .T. ) ;
#4296 = AXIS2_PLACEMENT_3D ( 'NONE', #150, #9874, #9821 ) ;
#4297 = DIRECTION ( 'NONE',  ( 0.000000000000000000, 0.000000000000000000, 1.000000000000000000 ) ) ;
#4298 = VERTEX_POINT ( 'NONE', #9900 ) ;
#4299 = DIRECTION ( 'NONE',  ( -0.000000000000000000, 1.000000000000000000, 1.733406087350420004E-16 ) ) ;
#4300 = ORIENTED_EDGE ( 'NONE', *, *, #7963, .T. ) ;
#4301 = ADVANCED_FACE ( 'NONE', ( #8203, #6330 ), #4610, .F. ) ;
#4302 = ORIENTED_EDGE ( 'NONE', *, *, #2058, .T. ) ;
#4303 = EDGE_CURVE ( 'NONE', #3543, #1888, #3755, .T. ) ;
#4304 = VECTOR ( 'NONE', #7371, 999.9999999999998863 ) ;
#4305 = DIRECTION ( 'NONE',  ( 0.000000000000000000, -1.000000000000000000, -2.548365665731588345E-16 ) ) ;
#4306 = DIRECTION ( 'NONE',  ( -1.000000000000000000, -0.000000000000000000, -0.000000000000000000 ) ) ;
#4307 = FACE_OUTER_BOUND ( 'NONE', #8334, .T. ) ;
#4308 = CARTESIAN_POINT ( 'NONE',  ( 15.62099999999999511, 8.064500000000000668, 0.3809999999999958975 ) ) ;
#4309 = VECTOR ( 'NONE', #4311, 1000.000000000000000 ) ;
#4310 = LINE ( 'NONE', #9544, #8292 ) ;
#4311 = DIRECTION ( 'NONE',  ( -1.000000000000000000, -0.000000000000000000, -0.000000000000000000 ) ) ;
#4312 = ORIENTED_EDGE ( 'NONE', *, *, #2671, .F. ) ;
#4313 = VECTOR ( 'NONE', #1251, 1000.000000000000000 ) ;
#4314 = CARTESIAN_POINT ( 'NONE',  ( 21.58999999999999631, 0.000000000000000000, 1.269999999999998908 ) ) ;
#4315 = CARTESIAN_POINT ( 'NONE',  ( 24.12999999999999901, 8.509000000000000341, -1.270000000000001128 ) ) ;
#4316 = ORIENTED_EDGE ( 'NONE', *, *, #11244, .T. ) ;
#4317 = CARTESIAN_POINT ( 'NONE',  ( -6.350000000000004974, 3.110602869834277161E-16, -1.270000000000001128 ) ) ;
#4318 = AXIS2_PLACEMENT_3D ( 'NONE', #3644, #7134, #5414 ) ;
#4319 = ITEM_DEFINED_TRANSFORMATION ( 'NONE', 'NONE', #4134,  #4858 ) ;
#4320 = CARTESIAN_POINT ( 'NONE',  ( -11.43000000000000504, 8.509000000000000341, -1.270000000000001128 ) ) ;
#4321 = DIRECTION ( 'NONE',  ( 0.000000000000000000, -1.733406087350420004E-16, 1.000000000000000000 ) ) ;
#4322 = DIRECTION ( 'NONE',  ( 0.000000000000000000, 5.054934237236841843E-31, 1.000000000000000000 ) ) ;
#4323 = CARTESIAN_POINT ( 'NONE',  ( 10.16000000000000014, 7.239000000000000767, -2.201425730935033664E-16 ) ) ;
#4324 = ORIENTED_EDGE ( 'NONE', *, *, #7714, .F. ) ;
#4325 = DIRECTION ( 'NONE',  ( 0.000000000000000000, 0.9659258262890699775, 0.2588190451025145222 ) ) ;
#4326 = VECTOR ( 'NONE', #9057, 1000.000000000000000 ) ;
#4327 = CARTESIAN_POINT ( 'NONE',  ( 6.794499999999994877, 8.509000000000000341, -0.8255000000000041194 ) ) ;
#4328 = VERTEX_POINT ( 'NONE', #2104 ) ;
#4329 = CARTESIAN_POINT ( 'NONE',  ( -8.001000000000004775, 7.239000000000000767, 0.3809999999999958975 ) ) ;
#4330 = VERTEX_POINT ( 'NONE', #9052 ) ;
#4331 = VERTEX_POINT ( 'NONE', #3863 ) ;
#4332 = VECTOR ( 'NONE', #7168, 1000.000000000000114 ) ;
#4333 = CARTESIAN_POINT ( 'NONE',  ( 0.3810000000000000053, -2.692399999999995686, -0.2032000000000001028 ) ) ;
#4334 = LINE ( 'NONE', #1874, #4458 ) ;
#4335 = DIRECTION ( 'NONE',  ( -1.000000000000000000, -0.000000000000000000, -0.000000000000000000 ) ) ;
#4336 = FACE_OUTER_BOUND ( 'NONE', #5770, .T. ) ;
#4337 = EDGE_LOOP ( 'NONE', ( #10074, #10100, #8415, #5992 ) ) ;
#4338 = CARTESIAN_POINT ( 'NONE',  ( 0.3809999999999958975, 7.239000000000000767, 0.3809999999999958975 ) ) ;
#4339 = CARTESIAN_POINT ( 'NONE',  ( -3.810000000000004494, -1.925929944387235853E-31, 0.8889999999999991243 ) ) ;
#4340 = ORIENTED_EDGE ( 'NONE', *, *, #3156, .F. ) ;
#4341 = SURFACE_STYLE_USAGE ( .BOTH. , #3371 ) ;
#4342 = ORIENTED_EDGE ( 'NONE', *, *, #9262, .F. ) ;
#4343 = VERTEX_POINT ( 'NONE', #7355 ) ;
#4344 = EDGE_CURVE ( 'NONE', #8081, #4989, #4775, .T. ) ;
#4345 = ADVANCED_FACE ( 'NONE', ( #7579, #5739 ), #10061, .F. ) ;
#4346 = EDGE_CURVE ( 'NONE', #4738, #10238, #1400, .T. ) ;
#4347 = EDGE_CURVE ( 'NONE', #534, #6211, #2443, .T. ) ;
#4348 = ADVANCED_FACE ( 'NONE', ( #9108 ), #622, .F. ) ;
#4349 = DIRECTION ( 'NONE',  ( 0.000000000000000000, 0.000000000000000000, 1.000000000000000000 ) ) ;
#4350 = EDGE_LOOP ( 'NONE', ( #357, #2980, #1360, #5243 ) ) ;
#4351 = LINE ( 'NONE', #4179, #5334 ) ;
#4352 = CARTESIAN_POINT ( 'NONE',  ( 3.809999999999997389, 3.110602869834277161E-16, -1.270000000000001128 ) ) ;
#4353 = DIRECTION ( 'NONE',  ( 0.000000000000000000, 0.000000000000000000, -1.000000000000000000 ) ) ;
#4354 = DIRECTION ( 'NONE',  ( -0.000000000000000000, -0.7071067811865482389, -0.7071067811865469066 ) ) ;
#4355 = VERTEX_POINT ( 'NONE', #2330 ) ;
#4356 = CARTESIAN_POINT ( 'NONE',  ( 3.365499999999996827, 8.509000000000000341, -0.8255000000000041194 ) ) ;
#4357 = EDGE_LOOP ( 'NONE', ( #3419, #9216, #7379, #9981 ) ) ;
#4358 = EDGE_CURVE ( 'NONE', #1755, #1772, #6776, .T. ) ;
#4359 = EDGE_CURVE ( 'NONE', #3934, #8684, #4151, .T. ) ;
#4360 = EDGE_CURVE ( 'NONE', #2053, #2373, #8419, .T. ) ;
#4361 = FACE_OUTER_BOUND ( 'NONE', #1235, .T. ) ;
#4362 = DIRECTION ( 'NONE',  ( 0.000000000000000000, 0.000000000000000000, 1.000000000000000000 ) ) ;
#4363 = AXIS2_PLACEMENT_3D ( 'NONE', #3584, #2732, #2788 ) ;
#4364 = CARTESIAN_POINT ( 'NONE',  ( 11.42999999999999616, 0.5080000000000000071, 0.7528818102449925664 ) ) ;
#4365 = LINE ( 'NONE', #6983, #8860 ) ;
#4366 = DIRECTION ( 'NONE',  ( -1.000000000000000000, -0.000000000000000000, -0.000000000000000000 ) ) ;
#4367 = CARTESIAN_POINT ( 'NONE',  ( 24.12999999999999901, -1.925929944387235853E-31, 0.8889999999999991243 ) ) ;
#4368 = ORIENTED_EDGE ( 'NONE', *, *, #5012, .F. ) ;
#4369 = PRODUCT_DEFINITION_SHAPE ( 'NONE', 'NONE',  #11260 ) ;
#4370 = EDGE_CURVE ( 'NONE', #1726, #8151, #3917, .T. ) ;
#4371 = AXIS2_PLACEMENT_3D ( 'NONE', #11078, #5998, #7614 ) ;
#4372 = CARTESIAN_POINT ( 'NONE',  ( -16.51000000000000512, 2.177422008883992879E-16, -0.8890000000000013447 ) ) ;
#4373 = LINE ( 'NONE', #108, #10379 ) ;
#4374 = ORIENTED_EDGE ( 'NONE', *, *, #3322, .T. ) ;
#4375 = CARTESIAN_POINT ( 'NONE',  ( 9.778999999999996362, 8.064500000000000668, -0.3810000000000027809 ) ) ;
#4376 = ITEM_DEFINED_TRANSFORMATION ( 'NONE', 'NONE', #1963,  #4858 ) ;
#4377 = DIRECTION ( 'NONE',  ( -1.000000000000000000, -0.000000000000000000, -0.000000000000000000 ) ) ;
#4378 = CARTESIAN_POINT ( 'NONE',  ( -24.13000000000000611, 8.509000000000000341, 1.270000000000001128 ) ) ;
#4379 = CARTESIAN_POINT ( 'NONE',  ( 7.238999999999995438, 8.064500000000000668, 0.3809999999999960085 ) ) ;
#4380 = ORIENTED_EDGE ( 'NONE', *, *, #9165, .F. ) ;
#4381 = EDGE_CURVE ( 'NONE', #8214, #9352, #4934, .T. ) ;
#4382 = DIRECTION ( 'NONE',  ( 0.000000000000000000, -1.733406087350420004E-16, 1.000000000000000000 ) ) ;
#4383 = DIRECTION ( 'NONE',  ( 0.000000000000000000, -0.000000000000000000, -1.000000000000000000 ) ) ;
#4384 = ORIENTED_EDGE ( 'NONE', *, *, #10123, .F. ) ;
#4385 = CARTESIAN_POINT ( 'NONE',  ( 21.58999999999999631, 8.509000000000000341, 1.270000000000001128 ) ) ;
#4386 = VERTEX_POINT ( 'NONE', #3242 ) ;
#4387 = EDGE_LOOP ( 'NONE', ( #9260, #3824, #9907, #1281, #10658, #5112, #2533, #5656 ) ) ;
#4388 = DIRECTION ( 'NONE',  ( 0.000000000000000000, -1.733406087350420004E-16, 1.000000000000000000 ) ) ;
#4389 = DIRECTION ( 'NONE',  ( 0.000000000000000000, 0.9659258262890700886, -0.2588190451025140781 ) ) ;
#4390 = EDGE_CURVE ( 'NONE', #1407, #4662, #2381, .T. ) ;
#4391 = CARTESIAN_POINT ( 'NONE',  ( 8.889999999999995239, 0.000000000000000000, 1.269999999999998908 ) ) ;
#4392 = LINE ( 'NONE', #8776, #7785 ) ;
#4393 = ORIENTED_EDGE ( 'NONE', *, *, #11092, .F. ) ;
#4394 = DIRECTION ( 'NONE',  ( 0.000000000000000000, -0.7071067811865484609, 0.7071067811865465735 ) ) ;
#4395 = CARTESIAN_POINT ( 'NONE',  ( -8.001000000000004775, 8.064500000000000668, -0.3810000000000027809 ) ) ;
#4396 = EDGE_LOOP ( 'NONE', ( #4914, #795, #2988, #192 ) ) ;
#4397 = VECTOR ( 'NONE', #8190, 1000.000000000000000 ) ;
#4398 = VECTOR ( 'NONE', #2513, 1000.000000000000114 ) ;
#4399 = EDGE_LOOP ( 'NONE', ( #179, #6708, #3294, #9722 ) ) ;
#4400 = EDGE_LOOP ( 'NONE', ( #8622, #9327, #9806, #2116 ) ) ;
#4401 = VECTOR ( 'NONE', #11047, 1000.000000000000000 ) ;
#4402 = DIRECTION ( 'NONE',  ( -0.7071067811865475727, -0.7071067811865475727, 0.000000000000000000 ) ) ;
#4403 = ORIENTED_EDGE ( 'NONE', *, *, #9498, .T. ) ;
#4404 = EDGE_CURVE ( 'NONE', #4330, #10972, #4092, .T. ) ;
#4405 = DIRECTION ( 'NONE',  ( 0.000000000000000000, -5.054934237236841843E-31, -1.000000000000000000 ) ) ;
#4406 = DIRECTION ( 'NONE',  ( 0.000000000000000000, 0.000000000000000000, 1.000000000000000000 ) ) ;
#4407 = VECTOR ( 'NONE', #6519, 1000.000000000000000 ) ;
#4408 = DIRECTION ( 'NONE',  ( 0.000000000000000000, 0.000000000000000000, 1.000000000000000000 ) ) ;
#4409 = VERTEX_POINT ( 'NONE', #6723 ) ;
#4410 = ADVANCED_FACE ( 'NONE', ( #5849, #2269 ), #8362, .F. ) ;
#4411 = VECTOR ( 'NONE', #592, 1000.000000000000000 ) ;
#4412 = DIRECTION ( 'NONE',  ( 0.000000000000000000, 2.449293598294710852E-16, -1.000000000000000000 ) ) ;
#4413 = ORIENTED_EDGE ( 'NONE', *, *, #2603, .F. ) ;
#4414 = VECTOR ( 'NONE', #6318, 1000.000000000000000 ) ;
#4415 = CARTESIAN_POINT ( 'NONE',  ( -21.59000000000000341, 2.177422008883992879E-16, -0.8890000000000013447 ) ) ;
#4416 = CARTESIAN_POINT ( 'NONE',  ( -18.16100000000000492, 8.064500000000000668, -0.3810000000000027809 ) ) ;
#4417 = VECTOR ( 'NONE', #9331, 1000.000000000000000 ) ;
#4418 = CARTESIAN_POINT ( 'NONE',  ( 8.889999999999995239, 8.509000000000000341, -1.270000000000001128 ) ) ;
#4419 = CARTESIAN_POINT ( 'NONE',  ( 0.3809999999999958975, 7.239000000000000767, -0.3810000000000028919 ) ) ;
#4420 = CARTESIAN_POINT ( 'NONE',  ( 1.269999999999996909, 8.509000000000000341, 1.270000000000001128 ) ) ;
#4421 = CARTESIAN_POINT ( 'NONE',  ( -23.24100000000000321, 8.064500000000000668, -0.3810000000000027809 ) ) ;
#4422 = ORIENTED_EDGE ( 'NONE', *, *, #3898, .T. ) ;
#4423 = VECTOR ( 'NONE', #8335, 1000.000000000000000 ) ;
#4424 = LINE ( 'NONE', #1797, #5891 ) ;
#4425 = LINE ( 'NONE', #9612, #6202 ) ;
#4426 =( GEOMETRIC_REPRESENTATION_CONTEXT ( 3 ) GLOBAL_UNCERTAINTY_ASSIGNED_CONTEXT ( ( #5750 ) ) GLOBAL_UNIT_ASSIGNED_CONTEXT ( ( #6595, #1444, #6762 ) ) REPRESENTATION_CONTEXT ( 'NONE', 'WORKASPACE' ) );
#4427 = EDGE_LOOP ( 'NONE', ( #5543, #613, #1640, #8163 ) ) ;
#4428 = EDGE_CURVE ( 'NONE', #10139, #2998, #4028, .T. ) ;
#4429 = DIRECTION ( 'NONE',  ( 1.000000000000000000, 0.000000000000000000, -0.000000000000000000 ) ) ;
#4430 = AXIS2_PLACEMENT_3D ( 'NONE', #10350, #5213, #9665 ) ;
#4431 = VECTOR ( 'NONE', #7246, 1000.000000000000000 ) ;
#4432 = CARTESIAN_POINT ( 'NONE',  ( 24.12999999999999901, 3.110602869834277161E-16, -1.270000000000001128 ) ) ;
#4433 = FILL_AREA_STYLE ('',( #3463 ) ) ;
#4434 = SURFACE_STYLE_FILL_AREA ( #4492 ) ;
#4435 = VECTOR ( 'NONE', #6630, 1000.000000000000000 ) ;
#4436 = DIRECTION ( 'NONE',  ( 0.000000000000000000, 0.000000000000000000, 1.000000000000000000 ) ) ;
#4437 = ORIENTED_EDGE ( 'NONE', *, *, #7215, .F. ) ;
#4438 = DIRECTION ( 'NONE',  ( -0.5773502691896253980, 0.5773502691896253980, -0.5773502691896265082 ) ) ;
#4439 = ADVANCED_FACE ( 'NONE', ( #10124 ), #1520, .F. ) ;
#4440 = LINE ( 'NONE', #2841, #6984 ) ;
#4441 = VERTEX_POINT ( 'NONE', #3977 ) ;
#4442 = VECTOR ( 'NONE', #944, 1000.000000000000114 ) ;
#4443 = DIRECTION ( 'NONE',  ( -1.000000000000000000, -0.000000000000000000, -0.000000000000000000 ) ) ;
#4444 = EDGE_LOOP ( 'NONE', ( #6131, #7906, #3471, #9621 ) ) ;
#4445 = ORIENTED_EDGE ( 'NONE', *, *, #10141, .T. ) ;
#4446 = EDGE_CURVE ( 'NONE', #6063, #4227, #10006, .T. ) ;
#4447 = CARTESIAN_POINT ( 'NONE',  ( 24.38400000000000745, 0.5080000000000000071, 0.7528818102449925664 ) ) ;
#4448 = PLANE ( 'NONE',  #7381 ) ;
#4449 = DIRECTION ( 'NONE',  ( -1.000000000000000000, 0.000000000000000000, 0.000000000000000000 ) ) ;
#4450 = CARTESIAN_POINT ( 'NONE',  ( 14.85899999999999643, 7.239000000000000767, 0.3809999999999958975 ) ) ;
#4451 = DIRECTION ( 'NONE',  ( 0.000000000000000000, 5.054934237236841843E-31, 1.000000000000000000 ) ) ;
#4452 = VERTEX_POINT ( 'NONE', #10929 ) ;
#4453 = LINE ( 'NONE', #8892, #10812 ) ;
#4454 = CARTESIAN_POINT ( 'NONE',  ( 9.778999999999996362, 7.239000000000000767, -0.3810000000000028919 ) ) ;
#4455 = ORIENTED_EDGE ( 'NONE', *, *, #10705, .F. ) ;
#4456 = VERTEX_POINT ( 'NONE', #3124 ) ;
#4457 = EDGE_LOOP ( 'NONE', ( #8427, #8555, #8979, #8898, #8443, #620, #8336, #2805 ) ) ;
#4458 = VECTOR ( 'NONE', #7990, 1000.000000000000000 ) ;
#4459 = AXIS2_PLACEMENT_3D ( 'NONE', #358, #8999, #1190 ) ;
#4460 = PRODUCT_DEFINITION_SHAPE ( 'NONE', 'NONE',  #10572 ) ;
#4461 = LINE ( 'NONE', #5248, #3213 ) ;
#4462 = VERTEX_POINT ( 'NONE', #2663 ) ;
#4463 = CARTESIAN_POINT ( 'NONE',  ( 14.85899999999999643, 7.239000000000000767, 0.3809999999999958975 ) ) ;
#4464 = PLANE ( 'NONE',  #5287 ) ;
#4465 = VECTOR ( 'NONE', #3245, 1000.000000000000000 ) ;
#4466 = LINE ( 'NONE', #204, #309 ) ;
#4467 =( LENGTH_UNIT ( ) NAMED_UNIT ( * ) SI_UNIT ( .MILLI., .METRE. ) );
#4468 = ORIENTED_EDGE ( 'NONE', *, *, #9379, .T. ) ;
#4469 = AXIS2_PLACEMENT_3D ( 'NONE', #8637, #45, #7795 ) ;
#4470 = CARTESIAN_POINT ( 'NONE',  ( -15.62100000000000399, 7.239000000000000767, -0.3810000000000028919 ) ) ;
#4471 = ORIENTED_EDGE ( 'NONE', *, *, #10051, .F. ) ;
#4472 = MECHANICAL_DESIGN_GEOMETRIC_PRESENTATION_REPRESENTATION (  '', ( #1735 ), #9022 ) ;
#4473 = CARTESIAN_POINT ( 'NONE',  ( 13.08099999999999596, 7.239000000000000767, 0.3809999999999958975 ) ) ;
#4474 = DIRECTION ( 'NONE',  ( 0.000000000000000000, 0.000000000000000000, 1.000000000000000000 ) ) ;
#4475 = VECTOR ( 'NONE', #4068, 1000.000000000000000 ) ;
#4476 = CARTESIAN_POINT ( 'NONE',  ( -9.779000000000005244, 7.239000000000000767, 0.3809999999999958975 ) ) ;
#4477 = PLANE ( 'NONE',  #1585 ) ;
#4478 = CARTESIAN_POINT ( 'NONE',  ( 24.38400000000000745, 8.509000000000000341, -1.270000000000001128 ) ) ;
#4479 = FACE_OUTER_BOUND ( 'NONE', #2898, .T. ) ;
#4480 = DIRECTION ( 'NONE',  ( 0.000000000000000000, -2.449293598294710852E-16, 1.000000000000000000 ) ) ;
#4481 = VECTOR ( 'NONE', #90, 1000.000000000000000 ) ;
#4482 = CARTESIAN_POINT ( 'NONE',  ( 4.698999999999998067, 7.239000000000000767, 0.3809999999999958975 ) ) ;
#4483 = AXIS2_PLACEMENT_3D ( 'NONE', #7594, #10249, #2286 ) ;
#4484 = ORIENTED_EDGE ( 'NONE', *, *, #5884, .T. ) ;
#4485 = ADVANCED_FACE ( 'NONE', ( #6832 ), #10351, .F. ) ;
#4486 = EDGE_CURVE ( 'NONE', #7860, #912, #2553, .T. ) ;
#4487 = CARTESIAN_POINT ( 'NONE',  ( -10.54100000000000392, 8.064500000000000668, -0.3810000000000027809 ) ) ;
#4488 = ITEM_DEFINED_TRANSFORMATION ( 'NONE', 'NONE', #5777,  #4858 ) ;
#4489 = ADVANCED_FACE ( 'NONE', ( #3348 ), #5970, .T. ) ;
#4490 = CARTESIAN_POINT ( 'NONE',  ( 8.000999999999994117, 7.239000000000000767, 0.3809999999999958975 ) ) ;
#4491 = SURFACE_STYLE_FILL_AREA ( #2725 ) ;
#4492 = FILL_AREA_STYLE ('',( #2780 ) ) ;
#4493 = VECTOR ( 'NONE', #689, 1000.000000000000000 ) ;
#4494 = FACE_OUTER_BOUND ( 'NONE', #6898, .T. ) ;
#4495 = ORIENTED_EDGE ( 'NONE', *, *, #7053, .T. ) ;
#4496 = LINE ( 'NONE', #3686, #1316 ) ;
#4497 = DIRECTION ( 'NONE',  ( -1.000000000000000000, -0.000000000000000000, -0.000000000000000000 ) ) ;
#4498 = ORIENTED_EDGE ( 'NONE', *, *, #10352, .F. ) ;
#4499 = CARTESIAN_POINT ( 'NONE',  ( -21.59000000000000341, 3.110602869834277161E-16, -1.270000000000001128 ) ) ;
#4500 = VECTOR ( 'NONE', #9773, 1000.000000000000000 ) ;
#4501 = ORIENTED_EDGE ( 'NONE', *, *, #2075, .F. ) ;
#4502 = VECTOR ( 'NONE', #8566, 1000.000000000000000 ) ;
#4503 = ORIENTED_EDGE ( 'NONE', *, *, #6402, .T. ) ;
#4504 = CARTESIAN_POINT ( 'NONE',  ( 7.238999999999995438, 8.064500000000000668, 0.3809999999999958975 ) ) ;
#4505 = DIRECTION ( 'NONE',  ( -0.000000000000000000, 0.2588190451025140781, 0.9659258262890700886 ) ) ;
#4506 = CARTESIAN_POINT ( 'NONE',  ( -6.350000000000004974, 2.177422008883992879E-16, -0.8890000000000013447 ) ) ;
#4507 = DIRECTION ( 'NONE',  ( -0.5773502691896253980, 0.5773502691896253980, -0.5773502691896265082 ) ) ;
#4508 = VECTOR ( 'NONE', #9852, 1000.000000000000114 ) ;
#4509 = CARTESIAN_POINT ( 'NONE',  ( -8.890000000000004121, 0.5080000000000002292, -0.7528818102449945648 ) ) ;
#4510 = ORIENTED_EDGE ( 'NONE', *, *, #2037, .F. ) ;
#4511 = LINE ( 'NONE', #8719, #6457 ) ;
#4512 = DIRECTION ( 'NONE',  ( -0.000000000000000000, 0.000000000000000000, 1.000000000000000000 ) ) ;
#4513 = VECTOR ( 'NONE', #9454, 1000.000000000000000 ) ;
#4514 = EDGE_LOOP ( 'NONE', ( #3545, #10443, #4941, #8053 ) ) ;
#4515 = EDGE_CURVE ( 'NONE', #11088, #6186, #8755, .T. ) ;
#4516 = ORIENTED_EDGE ( 'NONE', *, *, #9356, .T. ) ;
#4517 = ORIENTED_EDGE ( 'NONE', *, *, #2893, .F. ) ;
#4518 = FACE_OUTER_BOUND ( 'NONE', #5952, .T. ) ;
#4519 = VECTOR ( 'NONE', #5840, 1000.000000000000000 ) ;
#4520 = ORIENTED_EDGE ( 'NONE', *, *, #10217, .F. ) ;
#4521 = DIRECTION ( 'NONE',  ( -1.000000000000000000, 0.000000000000000000, 0.000000000000000000 ) ) ;
#4522 = ORIENTED_EDGE ( 'NONE', *, *, #1212, .F. ) ;
#4523 = CARTESIAN_POINT ( 'NONE',  ( -24.13000000000000611, 8.509000000000000341, -1.270000000000001128 ) ) ;
#4524 = CARTESIAN_POINT ( 'NONE',  ( 0.3810000000000000053, 0.5079999999999998961, -0.2031999999999997419 ) ) ;
#4525 = CARTESIAN_POINT ( 'NONE',  ( 16.50999999999999801, 2.177422008883992879E-16, -0.8890000000000013447 ) ) ;
#4526 = CARTESIAN_POINT ( 'NONE',  ( 18.16099999999999781, 8.064500000000000668, 0.3809999999999960085 ) ) ;
#4527 = EDGE_CURVE ( 'NONE', #6173, #8639, #11155, .T. ) ;
#4528 = VERTEX_POINT ( 'NONE', #3577 ) ;
#4529 = LINE ( 'NONE', #10449, #2134 ) ;
#4530 = VERTEX_POINT ( 'NONE', #2500 ) ;
#4531 = DIRECTION ( 'NONE',  ( -1.000000000000000000, 0.000000000000000000, 0.000000000000000000 ) ) ;
#4532 = CARTESIAN_POINT ( 'NONE',  ( 16.50999999999999801, 8.509000000000000341, 1.270000000000001128 ) ) ;
#4533 = DIRECTION ( 'NONE',  ( 0.000000000000000000, -1.440069553722777130E-16, 1.000000000000000000 ) ) ;
#4534 = PLANE ( 'NONE',  #9407 ) ;
#4535 = LINE ( 'NONE', #6413, #8474 ) ;
#4536 = DIRECTION ( 'NONE',  ( 0.000000000000000000, 5.054934237236841843E-31, 1.000000000000000000 ) ) ;
#4537 = EDGE_CURVE ( 'NONE', #630, #378, #10292, .T. ) ;
#4538 = LINE ( 'NONE', #4372, #10448 ) ;
#4539 = CARTESIAN_POINT ( 'NONE',  ( 21.58999999999999631, 0.5080000000000002292, -0.7528818102449945648 ) ) ;
#4540 = ORIENTED_EDGE ( 'NONE', *, *, #6, .F. ) ;
#4541 = CARTESIAN_POINT ( 'NONE',  ( -14.85900000000000531, 8.064500000000000668, 0.3809999999999958975 ) ) ;
#4542 = PLANE ( 'NONE',  #8947 ) ;
#4543 = PRESENTATION_STYLE_ASSIGNMENT (( #9892 ) ) ;
#4544 = DIRECTION ( 'NONE',  ( -1.000000000000000000, -0.000000000000000000, -0.000000000000000000 ) ) ;
#4545 = VECTOR ( 'NONE', #9038, 1000.000000000000000 ) ;
#4546 = LINE ( 'NONE', #6316, #7615 ) ;
#4547 = ORIENTED_EDGE ( 'NONE', *, *, #5199, .T. ) ;
#4549 = ADVANCED_FACE ( 'NONE', ( #7804 ), #9445, .F. ) ;
#4548 = CARTESIAN_POINT ( 'NONE',  ( 2.920999999999996710, 7.239000000000000767, 0.3809999999999958975 ) ) ;
#4550 = ADVANCED_FACE ( 'NONE', ( #10410 ), #1627, .F. ) ;
#4551 = DIRECTION ( 'NONE',  ( 0.000000000000000000, 0.9659258262890700886, -0.2588190451025140781 ) ) ;
#4552 = VERTEX_POINT ( 'NONE', #779 ) ;
#4553 = CARTESIAN_POINT ( 'NONE',  ( 19.04999999999999716, 3.110602869834277161E-16, -1.270000000000001128 ) ) ;
#4554 = ADVANCED_FACE ( 'NONE', ( #7062 ), #2, .F. ) ;
#4555 = ORIENTED_EDGE ( 'NONE', *, *, #10939, .T. ) ;
#4556 = ORIENTED_EDGE ( 'NONE', *, *, #8608, .F. ) ;
#4557 = CARTESIAN_POINT ( 'NONE',  ( -18.16100000000000492, 8.064500000000000668, 0.3809999999999958975 ) ) ;
#4558 = FACE_OUTER_BOUND ( 'NONE', #10709, .T. ) ;
#4559 = LINE ( 'NONE', #7407, #241 ) ;
#4560 = CARTESIAN_POINT ( 'NONE',  ( -3.810000000000004494, 0.5080000000000002292, -0.7528818102449945648 ) ) ;
#4561 = DIRECTION ( 'NONE',  ( 0.000000000000000000, 1.000000000000000000, 0.000000000000000000 ) ) ;
#4562 = EDGE_LOOP ( 'NONE', ( #18, #9441, #4089, #8953 ) ) ;
#4563 = LINE ( 'NONE', #3541, #984 ) ;
#4564 = FACE_OUTER_BOUND ( 'NONE', #512, .T. ) ;
#4565 = ORIENTED_EDGE ( 'NONE', *, *, #2283, .T. ) ;
#4566 = PLANE ( 'NONE',  #1156 ) ;
#4567 = ORIENTED_EDGE ( 'NONE', *, *, #570, .F. ) ;
#4568 = EDGE_CURVE ( 'NONE', #2170, #7221, #3517, .T. ) ;
#4569 = ORIENTED_EDGE ( 'NONE', *, *, #8379, .T. ) ;
#4570 = ORIENTED_EDGE ( 'NONE', *, *, #6240, .T. ) ;
#4571 = ADVANCED_FACE ( 'NONE', ( #9387 ), #1801, .F. ) ;
#4572 = LINE ( 'NONE', #8057, #10675 ) ;
#4573 = AXIS2_PLACEMENT_3D ( 'NONE', #7905, #10578, #3573 ) ;
#4574 = EDGE_LOOP ( 'NONE', ( #8102, #1988, #9713, #6906 ) ) ;
#4575 = DIRECTION ( 'NONE',  ( 1.000000000000000000, -0.000000000000000000, -0.000000000000000000 ) ) ;
#4576 = CARTESIAN_POINT ( 'NONE',  ( -8.890000000000004121, 8.509000000000000341, 1.270000000000001128 ) ) ;
#4577 = PLANE ( 'NONE',  #8131 ) ;
#4578 = EDGE_LOOP ( 'NONE', ( #10110, #4498, #9012, #6759 ) ) ;
#4579 = ORIENTED_EDGE ( 'NONE', *, *, #10625, .F. ) ;
#4580 =( REPRESENTATION_RELATIONSHIP ('NONE','NONE', #5926, #187 ) REPRESENTATION_RELATIONSHIP_WITH_TRANSFORMATION ( #4488 )SHAPE_REPRESENTATION_RELATIONSHIP( ) );
#4581 = VECTOR ( 'NONE', #4885, 1000.000000000000000 ) ;
#4582 = EDGE_CURVE ( 'NONE', #6641, #11027, #1686, .T. ) ;
#4583 = DIRECTION ( 'NONE',  ( 1.000000000000000000, 0.000000000000000000, -0.000000000000000000 ) ) ;
#4584 = PLANE ( 'NONE',  #4942 ) ;
#4585 = PLANE ( 'NONE',  #6429 ) ;
#4586 = DIRECTION ( 'NONE',  ( 0.7071067811865475727, -0.7071067811865475727, 0.000000000000000000 ) ) ;
#4587 = CARTESIAN_POINT ( 'NONE',  ( -6.350000000000004974, 8.509000000000000341, 1.270000000000001128 ) ) ;
#4588 = CARTESIAN_POINT ( 'NONE',  ( 6.349999999999997868, 8.509000000000000341, 1.270000000000001128 ) ) ;
#4589 = CARTESIAN_POINT ( 'NONE',  ( 0.8254999999999963478, 8.509000000000000341, -0.8255000000000041194 ) ) ;
#4590 = VERTEX_POINT ( 'NONE', #6139 ) ;
#4591 = DIRECTION ( 'NONE',  ( -1.000000000000000000, -0.000000000000000000, -0.000000000000000000 ) ) ;
#4592 = AXIS2_PLACEMENT_3D ( 'NONE', #7291, #1981, #7974 ) ;
#4593 = ITEM_DEFINED_TRANSFORMATION ( 'NONE', 'NONE', #9950,  #4858 ) ;
#4594 = DIRECTION ( 'NONE',  ( 0.000000000000000000, -1.000000000000000000, -2.548365665731588345E-16 ) ) ;
#4595 = LINE ( 'NONE', #8875, #6239 ) ;
#4596 = PLANE ( 'NONE',  #3559 ) ;
#4597 = AXIS2_PLACEMENT_3D ( 'NONE', #11103, #5106, #6674 ) ;
#4598 = FACE_OUTER_BOUND ( 'NONE', #11124, .T. ) ;
#4599 = ORIENTED_EDGE ( 'NONE', *, *, #1694, .F. ) ;
#4600 = LINE ( 'NONE', #8250, #9692 ) ;
#4601 = CARTESIAN_POINT ( 'NONE',  ( 19.04999999999999716, 0.000000000000000000, 1.269999999999998908 ) ) ;
#4602 = ORIENTED_EDGE ( 'NONE', *, *, #1271, .F. ) ;
#4603 = DIRECTION ( 'NONE',  ( 0.000000000000000000, -0.9659258262890700886, 0.2588190451025140781 ) ) ;
#4604 = ORIENTED_EDGE ( 'NONE', *, *, #10674, .F. ) ;
#4605 = EDGE_CURVE ( 'NONE', #1008, #5923, #9552, .T. ) ;
#4606 = VECTOR ( 'NONE', #1481, 1000.000000000000000 ) ;
#4607 = VERTEX_POINT ( 'NONE', #1742 ) ;
#4608 = SHAPE_REPRESENTATION_RELATIONSHIP ( 'NONE' , 'NONE' ,  #8753, #8951 ) ;
#4609 = EDGE_CURVE ( 'NONE', #3906, #6721, #8703, .T. ) ;
#4610 = PLANE ( 'NONE',  #3652 ) ;
#4611 = CARTESIAN_POINT ( 'NONE',  ( 8.889999999999995239, 8.509000000000000341, 1.270000000000001128 ) ) ;
#4612 = VECTOR ( 'NONE', #3717, 1000.000000000000000 ) ;
#4613 = CARTESIAN_POINT ( 'NONE',  ( -3.810000000000004494, 2.177422008883992879E-16, -0.8890000000000013447 ) ) ;
#4614 = SURFACE_SIDE_STYLE ('',( #9851 ) ) ;
#4615 = CARTESIAN_POINT ( 'NONE',  ( 24.12999999999999901, 3.110602869834277161E-16, -1.270000000000001128 ) ) ;
#4616 = ORIENTED_EDGE ( 'NONE', *, *, #9602, .F. ) ;
#4617 = FACE_OUTER_BOUND ( 'NONE', #5399, .T. ) ;
#4618 = CARTESIAN_POINT ( 'NONE',  ( 21.58999999999999631, 0.5080000000000000071, 0.7528818102449925664 ) ) ;
#4619 = VECTOR ( 'NONE', #4207, 1000.000000000000000 ) ;
#4620 = ORIENTED_EDGE ( 'NONE', *, *, #9768, .F. ) ;
#4621 = PRESENTATION_STYLE_ASSIGNMENT (( #3764 ) ) ;
#4622 = ORIENTED_EDGE ( 'NONE', *, *, #8061, .F. ) ;
#4623 = ORIENTED_EDGE ( 'NONE', *, *, #7234, .F. ) ;
#4624 = ORIENTED_EDGE ( 'NONE', *, *, #6579, .T. ) ;
#4625 = ADVANCED_FACE ( 'NONE', ( #7852 ), #6997, .T. ) ;
#4626 = EDGE_CURVE ( 'NONE', #6279, #8511, #3797, .T. ) ;
#4627 = VECTOR ( 'NONE', #9439, 1000.000000000000114 ) ;
#4628 = ADVANCED_FACE ( 'NONE', ( #5391 ), #1112, .F. ) ;
#4629 =( NAMED_UNIT ( * ) SI_UNIT ( $, .STERADIAN. ) SOLID_ANGLE_UNIT ( ) );
#4630 = DIRECTION ( 'NONE',  ( 1.000000000000000000, 0.000000000000000000, 0.000000000000000000 ) ) ;
#4631 = EDGE_CURVE ( 'NONE', #8434, #364, #6190, .T. ) ;
#4632 = EDGE_CURVE ( 'NONE', #3458, #9873, #3628, .T. ) ;
#4633 = ORIENTED_EDGE ( 'NONE', *, *, #2906, .F. ) ;
#4634 = DIRECTION ( 'NONE',  ( 1.000000000000000000, 0.000000000000000000, -0.000000000000000000 ) ) ;
#4635 = PLANE ( 'NONE',  #9114 ) ;
#4636 = ORIENTED_EDGE ( 'NONE', *, *, #4150, .F. ) ;
#4637 = DIRECTION ( 'NONE',  ( -0.5773502691896252870, -0.5773502691896251759, -0.5773502691896267303 ) ) ;
#4638 = DIRECTION ( 'NONE',  ( 0.000000000000000000, 1.733406087350420004E-16, -1.000000000000000000 ) ) ;
#4639 = ADVANCED_FACE ( 'NONE', ( #10582 ), #8816, .F. ) ;
#4640 = VERTEX_POINT ( 'NONE', #2940 ) ;
#4641 = CLOSED_SHELL ( 'NONE', ( #322, #6761, #7620, #6718, #6415, #354, #4979, #3110 ) ) ;
#4642 = VERTEX_POINT ( 'NONE', #7290 ) ;
#4643 = LINE ( 'NONE', #3667, #11022 ) ;
#4644 = CARTESIAN_POINT ( 'NONE',  ( -1.270000000000003793, 8.509000000000000341, 1.270000000000001128 ) ) ;
#4645 = DIRECTION ( 'NONE',  ( 0.000000000000000000, 2.548365665731588345E-16, -1.000000000000000000 ) ) ;
#4646 = CARTESIAN_POINT ( 'NONE',  ( 1.269999999999996909, 8.509000000000000341, -1.270000000000001128 ) ) ;
#4647 = DIRECTION ( 'NONE',  ( -0.000000000000000000, 1.000000000000000000, 1.733406087350420004E-16 ) ) ;
#4648 = CARTESIAN_POINT ( 'NONE',  ( -14.85900000000000531, 7.239000000000000767, 0.3809999999999958975 ) ) ;
#4649 = EDGE_CURVE ( 'NONE', #4253, #5728, #4653, .T. ) ;
#4650 = VERTEX_POINT ( 'NONE', #10752 ) ;
#4651 = AXIS2_PLACEMENT_3D ( 'NONE', #5259, #2711, #936 ) ;
#4652 = FACE_OUTER_BOUND ( 'NONE', #1182, .T. ) ;
#4653 = LINE ( 'NONE', #1010, #6405 ) ;
#4654 = DIRECTION ( 'NONE',  ( 0.000000000000000000, 0.9659258262890700886, -0.2588190451025140781 ) ) ;
#4655 = LINE ( 'NONE', #496, #2698 ) ;
#4656 = ORIENTED_EDGE ( 'NONE', *, *, #514, .T. ) ;
#4657 = CARTESIAN_POINT ( 'NONE',  ( -8.001000000000004775, 7.239000000000000767, 0.3809999999999958975 ) ) ;
#4658 = VECTOR ( 'NONE', #10031, 1000.000000000000000 ) ;
#4659 = VECTOR ( 'NONE', #8495, 1000.000000000000000 ) ;
#4660 = CARTESIAN_POINT ( 'NONE',  ( 24.38400000000000745, 0.5080000000000002292, -0.7528818102449945648 ) ) ;
#4661 = EDGE_CURVE ( 'NONE', #1872, #3906, #7973, .T. ) ;
#4662 = VERTEX_POINT ( 'NONE', #9891 ) ;
#4663 = CARTESIAN_POINT ( 'NONE',  ( -1.270000000000003793, 8.509000000000000341, -1.270000000000001128 ) ) ;
#4664 = ORIENTED_EDGE ( 'NONE', *, *, #10760, .F. ) ;
#4665 = ORIENTED_EDGE ( 'NONE', *, *, #7367, .F. ) ;
#4666 = VECTOR ( 'NONE', #10977, 999.9999999999998863 ) ;
#4667 = SHAPE_REPRESENTATION_RELATIONSHIP ( 'NONE' , 'NONE' ,  #187, #10852 ) ;
#4668 = VECTOR ( 'NONE', #2123, 1000.000000000000000 ) ;
#4669 = CARTESIAN_POINT ( 'NONE',  ( 8.000999999999994117, 7.239000000000000767, -0.3810000000000028919 ) ) ;
#4670 = CARTESIAN_POINT ( 'NONE',  ( -20.70100000000000406, 8.064500000000000668, -0.3810000000000027809 ) ) ;
#4671 = SURFACE_STYLE_FILL_AREA ( #6269 ) ;
#4672 = FACE_OUTER_BOUND ( 'NONE', #4998, .T. ) ;
#4673 = EDGE_LOOP ( 'NONE', ( #10913, #4730, #1785, #2914 ) ) ;
#4674 = DIRECTION ( 'NONE',  ( -0.5773502691896252870, -0.5773502691896251759, -0.5773502691896267303 ) ) ;
#4675 = CARTESIAN_POINT ( 'NONE',  ( 24.38400000000000745, 8.509000000000000341, 1.270000000000001128 ) ) ;
#4676 = AXIS2_PLACEMENT_3D ( 'NONE', #9659, #105, #2596 ) ;
#4677 = ORIENTED_EDGE ( 'NONE', *, *, #8043, .T. ) ;
#4678 = CARTESIAN_POINT ( 'NONE',  ( 1.269999999999996909, 3.110602869834277161E-16, -1.270000000000001128 ) ) ;
#4679 = VERTEX_POINT ( 'NONE', #2091 ) ;
#4680 = VECTOR ( 'NONE', #9477, 1000.000000000000000 ) ;
#4681 = VERTEX_POINT ( 'NONE', #5330 ) ;
#4682 = ORIENTED_EDGE ( 'NONE', *, *, #9985, .F. ) ;
#4683 = VECTOR ( 'NONE', #5780, 1000.000000000000000 ) ;
#4684 = VECTOR ( 'NONE', #1476, 1000.000000000000000 ) ;
#4685 = PLANE ( 'NONE',  #4126 ) ;
#4686 = CARTESIAN_POINT ( 'NONE',  ( 8.889999999999995239, 3.110602869834277161E-16, -1.270000000000001128 ) ) ;
#4687 = ORIENTED_EDGE ( 'NONE', *, *, #8063, .T. ) ;
#4688 = CARTESIAN_POINT ( 'NONE',  ( -20.70100000000000406, 7.239000000000000767, -0.3810000000000028919 ) ) ;
#4689 = DIRECTION ( 'NONE',  ( -1.000000000000000000, 0.000000000000000000, 0.000000000000000000 ) ) ;
#4690 = ORIENTED_EDGE ( 'NONE', *, *, #1333, .T. ) ;
#4691 = FACE_OUTER_BOUND ( 'NONE', #6770, .T. ) ;
#4692 = ADVANCED_FACE ( 'NONE', ( #385 ), #3742, .F. ) ;
#4694 = ORIENTED_EDGE ( 'NONE', *, *, #6304, .T. ) ;
#4693 = EDGE_CURVE ( 'NONE', #1544, #21, #1067, .T. ) ;
#4695 = VECTOR ( 'NONE', #2334, 1000.000000000000000 ) ;
#4696 = ORIENTED_EDGE ( 'NONE', *, *, #6200, .F. ) ;
#4697 = ADVANCED_FACE ( 'NONE', ( #6254 ), #9726, .F. ) ;
#4698 =( GEOMETRIC_REPRESENTATION_CONTEXT ( 3 ) GLOBAL_UNCERTAINTY_ASSIGNED_CONTEXT ( ( #5637 ) ) GLOBAL_UNIT_ASSIGNED_CONTEXT ( ( #1453, #9386, #11152 ) ) REPRESENTATION_CONTEXT ( 'NONE', 'WORKASPACE' ) );
#4699 = PLANE ( 'NONE',  #5376 ) ;
#4700 = CARTESIAN_POINT ( 'NONE',  ( 9.778999999999996362, 7.239000000000000767, 0.3809999999999958975 ) ) ;
#4701 = ORIENTED_EDGE ( 'NONE', *, *, #872, .T. ) ;
#4702 = CARTESIAN_POINT ( 'NONE',  ( 8.889999999999995239, 2.177422008883992879E-16, -0.8890000000000013447 ) ) ;
#4703 = CARTESIAN_POINT ( 'NONE',  ( 24.38400000000000745, -1.925929944387235853E-31, 0.8889999999999991243 ) ) ;
#4704 = PLANE ( 'NONE',  #8698 ) ;
#4705 = CARTESIAN_POINT ( 'NONE',  ( 19.04999999999999716, 8.509000000000000341, 1.270000000000001128 ) ) ;
#4706 = ADVANCED_FACE ( 'NONE', ( #8874 ), #4542, .F. ) ;
#4707 = ADVANCED_FACE ( 'NONE', ( #1171 ), #7180, .F. ) ;
#4708 = VERTEX_POINT ( 'NONE', #6312 ) ;
#4709 = EDGE_CURVE ( 'NONE', #1110, #5845, #6367, .T. ) ;
#4710 = DIRECTION ( 'NONE',  ( -0.000000000000000000, 1.000000000000000000, 1.440069553722777130E-16 ) ) ;
#4711 = ADVANCED_FACE ( 'NONE', ( #1980 ), #5442, .F. ) ;
#4712 =( LENGTH_UNIT ( ) NAMED_UNIT ( * ) SI_UNIT ( .MILLI., .METRE. ) );
#4713 = DIRECTION ( 'NONE',  ( -0.000000000000000000, 1.000000000000000000, 1.733406087350420004E-16 ) ) ;
#4714 = ORIENTED_EDGE ( 'NONE', *, *, #604, .F. ) ;
#4715 = LINE ( 'NONE', #5623, #8411 ) ;
#4716 = CARTESIAN_POINT ( 'NONE',  ( -11.43000000000000504, 0.5080000000000000071, 0.7528818102449925664 ) ) ;
#4717 = CARTESIAN_POINT ( 'NONE',  ( -11.87450000000000472, 8.509000000000000341, -0.8255000000000041194 ) ) ;
#4718 = VERTEX_POINT ( 'NONE', #606 ) ;
#4719 = ORIENTED_EDGE ( 'NONE', *, *, #8931, .F. ) ;
#4720 = PLANE ( 'NONE',  #8228 ) ;
#4721 = FACE_OUTER_BOUND ( 'NONE', #3780, .T. ) ;
#4722 = EDGE_CURVE ( 'NONE', #7482, #1286, #10808, .T. ) ;
#4723 = LINE ( 'NONE', #9164, #9211 ) ;
#4724 = DIRECTION ( 'NONE',  ( -1.000000000000000000, -0.000000000000000000, -0.000000000000000000 ) ) ;
#4725 = ORIENTED_EDGE ( 'NONE', *, *, #8456, .T. ) ;
#4726 = DIRECTION ( 'NONE',  ( -1.000000000000000000, 0.000000000000000000, 0.000000000000000000 ) ) ;
#4727 = UNCERTAINTY_MEASURE_WITH_UNIT (LENGTH_MEASURE( 1.000000000000000082E-05 ), #8192, 'distance_accuracy_value', 'NONE');
#4728 = VERTEX_POINT ( 'NONE', #6651 ) ;
#4729 = DIRECTION ( 'NONE',  ( 0.000000000000000000, 2.449293598294710852E-16, -1.000000000000000000 ) ) ;
#4730 = ORIENTED_EDGE ( 'NONE', *, *, #5101, .F. ) ;
#4731 = CARTESIAN_POINT ( 'NONE',  ( 1.269999999999996909, 0.5080000000000002292, -0.7528818102449945648 ) ) ;
#4732 = VERTEX_POINT ( 'NONE', #7392 ) ;
#4733 = ORIENTED_EDGE ( 'NONE', *, *, #8069, .T. ) ;
#4734 = VECTOR ( 'NONE', #7800, 1000.000000000000000 ) ;
#4735 = DIRECTION ( 'NONE',  ( 1.000000000000000000, 0.000000000000000000, -0.000000000000000000 ) ) ;
#4736 = EDGE_CURVE ( 'NONE', #174, #8434, #4014, .T. ) ;
#4737 = CARTESIAN_POINT ( 'NONE',  ( -19.93900000000000361, 7.239000000000000767, 0.3809999999999958975 ) ) ;
#4738 = VERTEX_POINT ( 'NONE', #11032 ) ;
#4739 = CARTESIAN_POINT ( 'NONE',  ( 16.50999999999999801, 8.509000000000000341, -1.270000000000001128 ) ) ;
#4740 = PLANE ( 'NONE',  #3662 ) ;
#4741 = EDGE_LOOP ( 'NONE', ( #5181, #9894, #5108, #2040 ) ) ;
#4742 = VECTOR ( 'NONE', #1623, 1000.000000000000000 ) ;
#4743 = ORIENTED_EDGE ( 'NONE', *, *, #8668, .F. ) ;
#4744 = ORIENTED_EDGE ( 'NONE', *, *, #3499, .F. ) ;
#4745 = EDGE_CURVE ( 'NONE', #9131, #1811, #10161, .T. ) ;
#4746 = EDGE_CURVE ( 'NONE', #8842, #775, #2368, .T. ) ;
#4747 = DIRECTION ( 'NONE',  ( 1.000000000000000000, 0.000000000000000000, 0.000000000000000000 ) ) ;
#4748 = LINE ( 'NONE', #3893, #4037 ) ;
#4749 = ORIENTED_EDGE ( 'NONE', *, *, #3249, .T. ) ;
#4750 = CARTESIAN_POINT ( 'NONE',  ( 8.889999999999995239, 0.5080000000000002292, -0.7528818102449945648 ) ) ;
#4751 = ADVANCED_FACE ( 'NONE', ( #10865 ), #2312, .F. ) ;
#4752 = CARTESIAN_POINT ( 'NONE',  ( 3.365499999999996827, 8.509000000000000341, 0.8254999999999976801 ) ) ;
#4753 = LINE ( 'NONE', #434, #1781 ) ;
#4754 = VECTOR ( 'NONE', #5834, 1000.000000000000000 ) ;
#4755 = DIRECTION ( 'NONE',  ( 0.000000000000000000, -1.000000000000000000, 0.000000000000000000 ) ) ;
#4756 = ORIENTED_EDGE ( 'NONE', *, *, #10300, .T. ) ;
#4757 = CARTESIAN_POINT ( 'NONE',  ( 17.39899999999999736, 7.239000000000000767, 0.3809999999999958975 ) ) ;
#4758 =( GEOMETRIC_REPRESENTATION_CONTEXT ( 3 ) GLOBAL_UNCERTAINTY_ASSIGNED_CONTEXT ( ( #6557 ) ) GLOBAL_UNIT_ASSIGNED_CONTEXT ( ( #5285, #133, #909 ) ) REPRESENTATION_CONTEXT ( 'NONE', 'WORKASPACE' ) );
#4759 = EDGE_CURVE ( 'NONE', #8985, #3484, #6479, .T. ) ;
#4760 = DIRECTION ( 'NONE',  ( -1.000000000000000000, 0.000000000000000000, 0.000000000000000000 ) ) ;
#4761 = LINE ( 'NONE', #2093, #5004 ) ;
#4762 = EDGE_CURVE ( 'NONE', #8316, #8695, #9203, .T. ) ;
#4763 = EDGE_CURVE ( 'NONE', #1426, #5981, #7504, .T. ) ;
#4764 = CARTESIAN_POINT ( 'NONE',  ( -13.97000000000000419, 3.110602869834277161E-16, -1.270000000000001128 ) ) ;
#4765 = ORIENTED_EDGE ( 'NONE', *, *, #2877, .F. ) ;
#4766 = PLANE ( 'NONE',  #3324 ) ;
#4767 = VECTOR ( 'NONE', #191, 1000.000000000000000 ) ;
#4768 = FACE_OUTER_BOUND ( 'NONE', #9478, .T. ) ;
#4769 = LINE ( 'NONE', #4023, #711 ) ;
#4770 = PRESENTATION_LAYER_ASSIGNMENT (  '', '', ( #8414 ) ) ;
#4771 = ORIENTED_EDGE ( 'NONE', *, *, #2603, .T. ) ;
#4772 = ORIENTED_EDGE ( 'NONE', *, *, #1909, .F. ) ;
#4773 = SURFACE_SIDE_STYLE ('',( #7423 ) ) ;
#4774 = VECTOR ( 'NONE', #2096, 1000.000000000000000 ) ;
#4775 = LINE ( 'NONE', #10990, #3674 ) ;
#4776 = LINE ( 'NONE', #454, #5917 ) ;
#4777 = CARTESIAN_POINT ( 'NONE',  ( 0.3810000000000000053, 0.5079999999999997851, 0.2032000000000010465 ) ) ;
#4778 = ADVANCED_FACE ( 'NONE', ( #9095 ), #3225, .F. ) ;
#4779 = VECTOR ( 'NONE', #7731, 1000.000000000000000 ) ;
#4780 = CARTESIAN_POINT ( 'NONE',  ( 8.889999999999995239, 0.000000000000000000, 1.269999999999998908 ) ) ;
#4781 = ORIENTED_EDGE ( 'NONE', *, *, #1127, .F. ) ;
#4782 = LINE ( 'NONE', #1247, #10033 ) ;
#4783 = EDGE_LOOP ( 'NONE', ( #5719, #5520, #545, #10926 ) ) ;
#4784 = DIRECTION ( 'NONE',  ( -1.000000000000000000, -0.000000000000000000, -0.000000000000000000 ) ) ;
#4785 = ORIENTED_EDGE ( 'NONE', *, *, #4074, .T. ) ;
#4786 = DIRECTION ( 'NONE',  ( 1.000000000000000000, 0.000000000000000000, -0.000000000000000000 ) ) ;
#4787 = EDGE_LOOP ( 'NONE', ( #1397, #10058, #226, #10224 ) ) ;
#4788 = ADVANCED_FACE ( 'NONE', ( #6710 ), #4978, .F. ) ;
#4789 = VERTEX_POINT ( 'NONE', #1384 ) ;
#4790 = VECTOR ( 'NONE', #4806, 1000.000000000000000 ) ;
#4791 = FILL_AREA_STYLE_COLOUR ( '', #331 ) ;
#4792 = APPLICATION_CONTEXT ( 'automotive_design' ) ;
#4793 = DIRECTION ( 'NONE',  ( 0.000000000000000000, 5.054934237236841843E-31, 1.000000000000000000 ) ) ;
#4794 = VECTOR ( 'NONE', #9640, 1000.000000000000000 ) ;
#4795 = DIRECTION ( 'NONE',  ( 0.5773502691896252870, -0.5773502691896251759, -0.5773502691896267303 ) ) ;
#4796 = VERTEX_POINT ( 'NONE', #440 ) ;
#4797 = DIRECTION ( 'NONE',  ( -1.000000000000000000, -0.000000000000000000, -0.000000000000000000 ) ) ;
#4798 = CARTESIAN_POINT ( 'NONE',  ( 1.269999999999996909, 0.5080000000000000071, 0.7528818102449925664 ) ) ;
#4799 = EDGE_LOOP ( 'NONE', ( #10078, #4824, #5615, #3549 ) ) ;
#4800 = ORIENTED_EDGE ( 'NONE', *, *, #884, .T. ) ;
#4801 = ORIENTED_EDGE ( 'NONE', *, *, #9110, .F. ) ;
#4802 = AXIS2_PLACEMENT_3D ( 'NONE', #5664, #3736, #489 ) ;
#4803 = LINE ( 'NONE', #9023, #2476 ) ;
#4804 = LINE ( 'NONE', #10855, #8766 ) ;
#4805 = ORIENTED_EDGE ( 'NONE', *, *, #10853, .F. ) ;
#4806 = DIRECTION ( 'NONE',  ( 0.000000000000000000, -5.054934237236841843E-31, -1.000000000000000000 ) ) ;
#4807 = PLANE ( 'NONE',  #479 ) ;
#4808 = DIRECTION ( 'NONE',  ( 0.000000000000000000, 1.000000000000000000, 0.000000000000000000 ) ) ;
#4809 = PLANE ( 'NONE',  #7601 ) ;
#4810 = ORIENTED_EDGE ( 'NONE', *, *, #2427, .F. ) ;
#4811 = DIRECTION ( 'NONE',  ( 0.000000000000000000, 1.733406087350420004E-16, -1.000000000000000000 ) ) ;
#4812 = CARTESIAN_POINT ( 'NONE',  ( 19.93900000000000006, 8.064500000000000668, -0.3810000000000027809 ) ) ;
#4813 = DIRECTION ( 'NONE',  ( 0.000000000000000000, 0.000000000000000000, 1.000000000000000000 ) ) ;
#4814 = CARTESIAN_POINT ( 'NONE',  ( 0.3810000000000000053, -3.200400000000000134, -0.2032000000000001583 ) ) ;
#4815 = ORIENTED_EDGE ( 'NONE', *, *, #3859, .T. ) ;
#4816 = LINE ( 'NONE', #9154, #8070 ) ;
#4817 = CARTESIAN_POINT ( 'NONE',  ( -19.93900000000000361, 8.064500000000000668, 0.3809999999999958975 ) ) ;
#4818 = EDGE_CURVE ( 'NONE', #404, #11123, #4135, .T. ) ;
#4819 = ADVANCED_FACE ( 'NONE', ( #6536 ), #9995, .F. ) ;
#4820 = DIRECTION ( 'NONE',  ( 1.000000000000000000, -0.000000000000000000, -0.000000000000000000 ) ) ;
#4821 = EDGE_CURVE ( 'NONE', #2702, #3095, #5785, .T. ) ;
#4822 = ORIENTED_EDGE ( 'NONE', *, *, #9614, .T. ) ;
#4823 = ADVANCED_FACE ( 'NONE', ( #5667 ), #3168, .F. ) ;
#4824 = ORIENTED_EDGE ( 'NONE', *, *, #1496, .T. ) ;
#4825 = DIRECTION ( 'NONE',  ( 1.000000000000000000, 0.000000000000000000, 0.000000000000000000 ) ) ;
#4826 = CARTESIAN_POINT ( 'NONE',  ( 13.96999999999999709, 0.5080000000000002292, -0.7528818102449945648 ) ) ;
#4827 = VECTOR ( 'NONE', #2370, 1000.000000000000000 ) ;
#4828 = CARTESIAN_POINT ( 'NONE',  ( -10.03300000000000480, 7.810500000000001108, 0.1269999999999961438 ) ) ;
#4829 =( NAMED_UNIT ( * ) SI_UNIT ( $, .STERADIAN. ) SOLID_ANGLE_UNIT ( ) );
#4830 = AXIS2_PLACEMENT_3D ( 'NONE', #8341, #5549, #7439 ) ;
#4831 = LINE ( 'NONE', #1245, #2325 ) ;
#4832 = VERTEX_POINT ( 'NONE', #3966 ) ;
#4833 = DIRECTION ( 'NONE',  ( -1.000000000000000000, 0.000000000000000000, 0.000000000000000000 ) ) ;
#4834 = EDGE_LOOP ( 'NONE', ( #4097, #6384, #4455, #8349 ) ) ;
#4835 = LINE ( 'NONE', #4678, #7351 ) ;
#4836 = VERTEX_POINT ( 'NONE', #10045 ) ;
#4837 = EDGE_CURVE ( 'NONE', #7632, #2569, #2253, .T. ) ;
#4838 = CARTESIAN_POINT ( 'NONE',  ( 12.31899999999999729, 7.239000000000000767, 0.3809999999999958975 ) ) ;
#4839 = VECTOR ( 'NONE', #2487, 1000.000000000000000 ) ;
#4840 = VERTEX_POINT ( 'NONE', #8404 ) ;
#4841 = EDGE_LOOP ( 'NONE', ( #8796, #2005, #7274, #4624 ) ) ;
#4842 = EDGE_CURVE ( 'NONE', #10083, #5062, #8570, .T. ) ;
#4843 = VECTOR ( 'NONE', #4297, 1000.000000000000000 ) ;
#4844 = PLANE ( 'NONE',  #10505 ) ;
#4845 = AXIS2_PLACEMENT_3D ( 'NONE', #3232, #8694, #2717 ) ;
#4846 = PLANE ( 'NONE',  #10111 ) ;
#4847 = VECTOR ( 'NONE', #1616, 1000.000000000000000 ) ;
#4848 = CARTESIAN_POINT ( 'NONE',  ( 14.85899999999999643, 8.064500000000000668, 0.3809999999999958975 ) ) ;
#4849 = ORIENTED_EDGE ( 'NONE', *, *, #928, .T. ) ;
#4850 = EDGE_CURVE ( 'NONE', #2972, #6122, #1562, .T. ) ;
#4851 = CARTESIAN_POINT ( 'NONE',  ( 11.42999999999999616, 8.509000000000000341, 1.270000000000001128 ) ) ;
#4852 = DIRECTION ( 'NONE',  ( 0.000000000000000000, -1.000000000000000000, 0.000000000000000000 ) ) ;
#4853 = VECTOR ( 'NONE', #9565, 1000.000000000000000 ) ;
#4854 = VERTEX_POINT ( 'NONE', #2539 ) ;
#4855 = FACE_OUTER_BOUND ( 'NONE', #7299, .T. ) ;
#4856 = ORIENTED_EDGE ( 'NONE', *, *, #9234, .T. ) ;
#4857 = ORIENTED_EDGE ( 'NONE', *, *, #9174, .T. ) ;
#4858 = AXIS2_PLACEMENT_3D ( 'NONE', #10838, #9973, #2172 ) ;
#4859 = AXIS2_PLACEMENT_3D ( 'NONE', #10571, #1364, #6516 ) ;
#4860 = LINE ( 'NONE', #2299, #7225 ) ;
#4861 = CARTESIAN_POINT ( 'NONE',  ( 22.47899999999999920, 7.239000000000000767, -0.3810000000000028919 ) ) ;
#4862 = ORIENTED_EDGE ( 'NONE', *, *, #1387, .T. ) ;
#4863 = EDGE_CURVE ( 'NONE', #737, #9686, #7730, .T. ) ;
#4864 = PLANE ( 'NONE',  #9700 ) ;
#4865 = VECTOR ( 'NONE', #5634, 1000.000000000000000 ) ;
#4866 = CARTESIAN_POINT ( 'NONE',  ( -24.13000000000000611, -1.925929944387235853E-31, 0.8889999999999991243 ) ) ;
#4867 = FACE_OUTER_BOUND ( 'NONE', #7529, .T. ) ;
#4868 = LINE ( 'NONE', #4975, #9591 ) ;
#4869 = ORIENTED_EDGE ( 'NONE', *, *, #8141, .T. ) ;
#4870 = ORIENTED_EDGE ( 'NONE', *, *, #4709, .F. ) ;
#4871 = AXIS2_PLACEMENT_3D ( 'NONE', #6931, #2655, #6130 ) ;
#4872 = DIRECTION ( 'NONE',  ( 0.000000000000000000, 2.548365665731588345E-16, -1.000000000000000000 ) ) ;
#4873 = ADVANCED_FACE ( 'NONE', ( #4246 ), #2651, .F. ) ;
#4874 = CARTESIAN_POINT ( 'NONE',  ( -15.62100000000000399, 8.064500000000000668, -0.3810000000000027809 ) ) ;
#4875 = LINE ( 'NONE', #3231, #4271 ) ;
#4876 = CARTESIAN_POINT ( 'NONE',  ( 4.698999999999998067, 7.239000000000000767, 0.3809999999999958975 ) ) ;
#4877 = VERTEX_POINT ( 'NONE', #1668 ) ;
#4878 = LINE ( 'NONE', #7887, #8602 ) ;
#4879 = DIRECTION ( 'NONE',  ( 1.000000000000000000, 0.000000000000000000, -0.000000000000000000 ) ) ;
#4880 = FACE_OUTER_BOUND ( 'NONE', #5628, .T. ) ;
#4881 = ORIENTED_EDGE ( 'NONE', *, *, #627, .T. ) ;
#4882 = ORIENTED_EDGE ( 'NONE', *, *, #11190, .F. ) ;
#4883 = DIRECTION ( 'NONE',  ( 1.000000000000000000, 0.000000000000000000, 0.000000000000000000 ) ) ;
#4884 = ADVANCED_FACE ( 'NONE', ( #3279 ), #6874, .F. ) ;
#4885 = DIRECTION ( 'NONE',  ( 0.000000000000000000, 0.9659258262890699775, 0.2588190451025145222 ) ) ;
#4886 = CARTESIAN_POINT ( 'NONE',  ( 6.349999999999994316, 0.000000000000000000, 0.000000000000000000 ) ) ;
#4887 = EDGE_CURVE ( 'NONE', #10499, #5822, #4188, .T. ) ;
#4888 = PRESENTATION_STYLE_ASSIGNMENT (( #623 ) ) ;
#4889 = DIRECTION ( 'NONE',  ( -0.000000000000000000, 0.000000000000000000, 1.000000000000000000 ) ) ;
#4890 = ORIENTED_EDGE ( 'NONE', *, *, #5313, .F. ) ;
#4891 = LINE ( 'NONE', #6616, #6055 ) ;
#4892 = EDGE_CURVE ( 'NONE', #4040, #531, #6125, .T. ) ;
#4893 = ORIENTED_EDGE ( 'NONE', *, *, #3429, .T. ) ;
#4894 = CARTESIAN_POINT ( 'NONE',  ( -6.350000000000004974, 2.177422008883992879E-16, -0.8890000000000013447 ) ) ;
#4895 = EDGE_LOOP ( 'NONE', ( #5424, #4567, #6343, #9126 ) ) ;
#4896 = CARTESIAN_POINT ( 'NONE',  ( 7.238999999999995438, 8.064500000000000668, -0.3810000000000027809 ) ) ;
#4897 = VERTEX_POINT ( 'NONE', #5897 ) ;
#4898 = ORIENTED_EDGE ( 'NONE', *, *, #7894, .T. ) ;
#4899 = CARTESIAN_POINT ( 'NONE',  ( 1.269999999999996909, -1.925929944387235853E-31, 0.8889999999999991243 ) ) ;
#4900 = VECTOR ( 'NONE', #8990, 1000.000000000000000 ) ;
#4901 = DIRECTION ( 'NONE',  ( -1.000000000000000000, -0.000000000000000000, -0.000000000000000000 ) ) ;
#4902 = LINE ( 'NONE', #524, #1575 ) ;
#4903 = ORIENTED_EDGE ( 'NONE', *, *, #7792, .F. ) ;
#4904 = LINE ( 'NONE', #6690, #10246 ) ;
#4905 = DIRECTION ( 'NONE',  ( -0.000000000000000000, 0.2588190451025140781, 0.9659258262890700886 ) ) ;
#4906 = EDGE_CURVE ( 'NONE', #8151, #9209, #6925, .T. ) ;
#4907 = ORIENTED_EDGE ( 'NONE', *, *, #9494, .T. ) ;
#4908 = FILL_AREA_STYLE_COLOUR ( '', #7532 ) ;
#4909 = ORIENTED_EDGE ( 'NONE', *, *, #1702, .T. ) ;
#4910 = ORIENTED_EDGE ( 'NONE', *, *, #6801, .F. ) ;
#4911 = EDGE_CURVE ( 'NONE', #6535, #8615, #1729, .T. ) ;
#4912 = CARTESIAN_POINT ( 'NONE',  ( 11.42999999999999616, 3.110602869834277161E-16, -1.270000000000001128 ) ) ;
#4913 = LINE ( 'NONE', #5774, #758 ) ;
#4914 = ORIENTED_EDGE ( 'NONE', *, *, #1694, .T. ) ;
#4915 = DIRECTION ( 'NONE',  ( -0.000000000000000000, 1.000000000000000000, 1.733406087350420004E-16 ) ) ;
#4916 = EDGE_CURVE ( 'NONE', #10229, #6197, #5201, .T. ) ;
#4917 = DIRECTION ( 'NONE',  ( -0.000000000000000000, 0.000000000000000000, -1.000000000000000000 ) ) ;
#4918 = DIRECTION ( 'NONE',  ( 0.000000000000000000, 1.000000000000000000, 1.733406087350420004E-16 ) ) ;
#4919 = LINE ( 'NONE', #4010, #2676 ) ;
#4920 = ORIENTED_EDGE ( 'NONE', *, *, #380, .T. ) ;
#4921 = VERTEX_POINT ( 'NONE', #1790 ) ;
#4922 = EDGE_CURVE ( 'NONE', #10538, #10258, #7841, .T. ) ;
#4923 = DIRECTION ( 'NONE',  ( 0.000000000000000000, -5.054934237236841843E-31, -1.000000000000000000 ) ) ;
#4924 = CARTESIAN_POINT ( 'NONE',  ( -2.159000000000004693, 7.239000000000000767, -0.3810000000000028919 ) ) ;
#4925 = DIRECTION ( 'NONE',  ( 0.000000000000000000, 1.000000000000000000, 0.000000000000000000 ) ) ;
#4926 = CARTESIAN_POINT ( 'NONE',  ( 13.96999999999999709, 8.509000000000000341, 1.270000000000001128 ) ) ;
#4927 = ORIENTED_EDGE ( 'NONE', *, *, #5740, .T. ) ;
#4928 = PLANE ( 'NONE',  #9346 ) ;
#4929 = DIRECTION ( 'NONE',  ( 0.000000000000000000, 0.000000000000000000, -1.000000000000000000 ) ) ;
#4930 = EDGE_LOOP ( 'NONE', ( #2205, #9916, #1808, #1246 ) ) ;
#4931 = VERTEX_POINT ( 'NONE', #2485 ) ;
#4932 = AXIS2_PLACEMENT_3D ( 'NONE', #6421, #2724, #2889 ) ;
#4933 = CARTESIAN_POINT ( 'NONE',  ( -17.78000000000000469, 0.000000000000000000, 0.000000000000000000 ) ) ;
#4934 = LINE ( 'NONE', #10877, #4401 ) ;
#4935 = DIRECTION ( 'NONE',  ( 0.000000000000000000, 5.054934237236841843E-31, 1.000000000000000000 ) ) ;
#4936 = CARTESIAN_POINT ( 'NONE',  ( -21.59000000000000341, 0.000000000000000000, 0.000000000000000000 ) ) ;
#4937 = VECTOR ( 'NONE', #5648, 1000.000000000000000 ) ;
#4938 = FACE_OUTER_BOUND ( 'NONE', #3432, .T. ) ;
#4939 = VERTEX_POINT ( 'NONE', #8689 ) ;
#4940 = LINE ( 'NONE', #8652, #10225 ) ;
#4941 = ORIENTED_EDGE ( 'NONE', *, *, #5955, .F. ) ;
#4942 = AXIS2_PLACEMENT_3D ( 'NONE', #9025, #160, #5487 ) ;
#4943 = LINE ( 'NONE', #9505, #435 ) ;
#4944 = VERTEX_POINT ( 'NONE', #883 ) ;
#4945 = FACE_OUTER_BOUND ( 'NONE', #8908, .T. ) ;
#4946 = ORIENTED_EDGE ( 'NONE', *, *, #9356, .F. ) ;
#4947 = VECTOR ( 'NONE', #2706, 1000.000000000000114 ) ;
#4948 = ORIENTED_EDGE ( 'NONE', *, *, #1146, .F. ) ;
#4949 = FACE_OUTER_BOUND ( 'NONE', #5821, .T. ) ;
#4950 =( GEOMETRIC_REPRESENTATION_CONTEXT ( 3 ) GLOBAL_UNCERTAINTY_ASSIGNED_CONTEXT ( ( #11222 ) ) GLOBAL_UNIT_ASSIGNED_CONTEXT ( ( #10473, #1743, #11216 ) ) REPRESENTATION_CONTEXT ( 'NONE', 'WORKASPACE' ) );
#4951 = DIRECTION ( 'NONE',  ( 0.000000000000000000, -1.733406087350420004E-16, 1.000000000000000000 ) ) ;
#4952 = LINE ( 'NONE', #638, #2313 ) ;
#4953 = ORIENTED_EDGE ( 'NONE', *, *, #5048, .T. ) ;
#4954 = CARTESIAN_POINT ( 'NONE',  ( 8.889999999999995239, -1.925929944387235853E-31, 0.8889999999999991243 ) ) ;
#4955 = CARTESIAN_POINT ( 'NONE',  ( -19.93900000000000361, 7.239000000000000767, 0.3809999999999958975 ) ) ;
#4956 = ORIENTED_EDGE ( 'NONE', *, *, #8113, .F. ) ;
#4957 = CARTESIAN_POINT ( 'NONE',  ( -3.810000000000004494, 3.110602869834277161E-16, -1.270000000000001128 ) ) ;
#4958 = VERTEX_POINT ( 'NONE', #5260 ) ;
#4959 = AXIS2_PLACEMENT_3D ( 'NONE', #6298, #1105, #4533 ) ;
#4960 = ORIENTED_EDGE ( 'NONE', *, *, #10705, .T. ) ;
#4961 = EDGE_CURVE ( 'NONE', #9209, #1468, #11084, .T. ) ;
#4962 = EDGE_CURVE ( 'NONE', #5845, #834, #2591, .T. ) ;
#4963 = AXIS2_PLACEMENT_3D ( 'NONE', #4199, #776, #4259 ) ;
#4964 = EDGE_CURVE ( 'NONE', #2465, #7363, #6760, .T. ) ;
#4965 = VECTOR ( 'NONE', #3483, 1000.000000000000000 ) ;
#4966 = EDGE_CURVE ( 'NONE', #7468, #2632, #8742, .T. ) ;
#4967 = CARTESIAN_POINT ( 'NONE',  ( -10.98550000000000360, 8.509000000000000341, -1.270000000000001128 ) ) ;
#4968 = CARTESIAN_POINT ( 'NONE',  ( -14.85900000000000531, 7.239000000000000767, -0.3810000000000028919 ) ) ;
#4969 = VECTOR ( 'NONE', #8789, 1000.000000000000000 ) ;
#4970 = ORIENTED_EDGE ( 'NONE', *, *, #5246, .T. ) ;
#4971 = LINE ( 'NONE', #7386, #10618 ) ;
#4972 = CARTESIAN_POINT ( 'NONE',  ( -0.8255000000000033422, 8.509000000000000341, -0.8255000000000041194 ) ) ;
#4973 = DIRECTION ( 'NONE',  ( 0.000000000000000000, 1.733406087350420004E-16, -1.000000000000000000 ) ) ;
#4974 = AXIS2_PLACEMENT_3D ( 'NONE', #7630, #10112, #6016 ) ;
#4975 = CARTESIAN_POINT ( 'NONE',  ( -11.87450000000000472, 8.509000000000000341, -1.270000000000001128 ) ) ;
#4976 = ORIENTED_EDGE ( 'NONE', *, *, #10562, .T. ) ;
#4977 = ORIENTED_EDGE ( 'NONE', *, *, #2256, .T. ) ;
#4978 = PLANE ( 'NONE',  #4026 ) ;
#4979 = ADVANCED_FACE ( 'NONE', ( #6981 ), #10453, .F. ) ;
#4980 = CARTESIAN_POINT ( 'NONE',  ( -16.51000000000000512, 2.177422008883992879E-16, -0.8890000000000013447 ) ) ;
#4981 = CARTESIAN_POINT ( 'NONE',  ( -6.350000000000004974, 8.509000000000000341, 1.270000000000001128 ) ) ;
#4982 = DIRECTION ( 'NONE',  ( 0.7071067811865475727, -0.7071067811865475727, 0.000000000000000000 ) ) ;
#4983 = FACE_OUTER_BOUND ( 'NONE', #5056, .T. ) ;
#4984 = VERTEX_POINT ( 'NONE', #1614 ) ;
#4985 = PRODUCT ( 'Pin - Tin', 'Pin - Tin', '', ( #9616 ) ) ;
#4986 = ADVANCED_FACE ( 'NONE', ( #5087 ), #2821, .F. ) ;
#4987 = CARTESIAN_POINT ( 'NONE',  ( -13.97000000000000419, 8.509000000000000341, 1.270000000000001128 ) ) ;
#4988 = LINE ( 'NONE', #4197, #1275 ) ;
#4989 = VERTEX_POINT ( 'NONE', #8800 ) ;
#4990 = ORIENTED_EDGE ( 'NONE', *, *, #9768, .T. ) ;
#4991 = CARTESIAN_POINT ( 'NONE',  ( 17.77999999999999758, 0.000000000000000000, 0.000000000000000000 ) ) ;
#4992 = DIRECTION ( 'NONE',  ( 0.000000000000000000, 1.000000000000000000, -5.054934237236841843E-31 ) ) ;
#4993 = DIRECTION ( 'NONE',  ( 0.000000000000000000, 1.440069553722777130E-16, -1.000000000000000000 ) ) ;
#4994 = LINE ( 'NONE', #2555, #7971 ) ;
#4995 = ORIENTED_EDGE ( 'NONE', *, *, #115, .F. ) ;
#4996 = ADVANCED_FACE ( 'NONE', ( #3562 ), #4584, .F. ) ;
#4997 = CARTESIAN_POINT ( 'NONE',  ( -5.461000000000003851, 8.064500000000000668, -0.3810000000000027809 ) ) ;
#4998 = EDGE_LOOP ( 'NONE', ( #10607, #2787, #2074, #2692 ) ) ;
#4999 = PLANE ( 'NONE',  #2979 ) ;
#5000 = ORIENTED_EDGE ( 'NONE', *, *, #10624, .F. ) ;
#5001 = CARTESIAN_POINT ( 'NONE',  ( -0.3810000000000028919, 7.239000000000000767, 0.3809999999999958975 ) ) ;
#5002 = ORIENTED_EDGE ( 'NONE', *, *, #11108, .T. ) ;
#5003 = ORIENTED_EDGE ( 'NONE', *, *, #3314, .F. ) ;
#5004 = VECTOR ( 'NONE', #5563, 1000.000000000000000 ) ;
#5005 = LINE ( 'NONE', #2345, #833 ) ;
#5006 = EDGE_CURVE ( 'NONE', #6571, #2742, #6357, .T. ) ;
#5007 = CARTESIAN_POINT ( 'NONE',  ( -1.270000000000003793, -1.925929944387235853E-31, 0.8889999999999991243 ) ) ;
#5008 = DIRECTION ( 'NONE',  ( 0.000000000000000000, 0.000000000000000000, 1.000000000000000000 ) ) ;
#5009 = EDGE_LOOP ( 'NONE', ( #2450, #4484, #2337, #1139 ) ) ;
#5010 = CARTESIAN_POINT ( 'NONE',  ( 21.58999999999999631, 0.5080000000000000071, 0.7528818102449925664 ) ) ;
#5011 = LINE ( 'NONE', #10373, #10960 ) ;
#5012 = EDGE_CURVE ( 'NONE', #3975, #1036, #1160, .T. ) ;
#5013 = EDGE_LOOP ( 'NONE', ( #1344, #4714, #8988, #8788 ) ) ;
#5014 = ORIENTED_EDGE ( 'NONE', *, *, #7169, .T. ) ;
#5015 = VECTOR ( 'NONE', #2808, 1000.000000000000000 ) ;
#5016 = VERTEX_POINT ( 'NONE', #7045 ) ;
#5017 = LINE ( 'NONE', #10265, #3748 ) ;
#5018 = VECTOR ( 'NONE', #2173, 1000.000000000000000 ) ;
#5019 = FILL_AREA_STYLE_COLOUR ( '', #5491 ) ;
#5020 = EDGE_LOOP ( 'NONE', ( #6872, #10066, #6689, #3325, #3819, #3661, #5963, #1602 ) ) ;
#5021 = ADVANCED_FACE ( 'NONE', ( #9771 ), #3617, .F. ) ;
#5022 = DIRECTION ( 'NONE',  ( 0.000000000000000000, 2.449293598294710852E-16, -1.000000000000000000 ) ) ;
#5023 = LINE ( 'NONE', #2475, #10173 ) ;
#5024 = EDGE_CURVE ( 'NONE', #9789, #7275, #3785, .T. ) ;
#5025 = PLANE ( 'NONE',  #3383 ) ;
#5026 = DIRECTION ( 'NONE',  ( 0.000000000000000000, 2.449293598294710852E-16, -1.000000000000000000 ) ) ;
#5027 = ADVANCED_FACE ( 'NONE', ( #329 ), #5432, .F. ) ;
#5028 = PLANE ( 'NONE',  #9145 ) ;
#5029 = DIRECTION ( 'NONE',  ( 1.000000000000000000, 0.000000000000000000, -0.000000000000000000 ) ) ;
#5030 = ORIENTED_EDGE ( 'NONE', *, *, #7277, .F. ) ;
#5031 = VECTOR ( 'NONE', #9765, 1000.000000000000000 ) ;
#5032 = ORIENTED_EDGE ( 'NONE', *, *, #8257, .T. ) ;
#5033 = DIRECTION ( 'NONE',  ( 1.000000000000000000, 0.000000000000000000, 0.000000000000000000 ) ) ;
#5034 = VECTOR ( 'NONE', #8277, 1000.000000000000000 ) ;
#5035 = DIRECTION ( 'NONE',  ( 0.000000000000000000, -0.9659258262890700886, 0.2588190451025140781 ) ) ;
#5036 = LINE ( 'NONE', #609, #5384 ) ;
#5037 = ADVANCED_FACE ( 'NONE', ( #7279 ), #3727, .F. ) ;
#5038 = DIRECTION ( 'NONE',  ( 0.000000000000000000, 0.000000000000000000, 1.000000000000000000 ) ) ;
#5039 = FACE_BOUND ( 'NONE', #8734, .T. ) ;
#5040 = VERTEX_POINT ( 'NONE', #10741 ) ;
#5041 = ADVANCED_FACE ( 'NONE', ( #6408 ), #6178, .F. ) ;
#5042 = EDGE_CURVE ( 'NONE', #9642, #10837, #7226, .T. ) ;
#5043 = DIRECTION ( 'NONE',  ( 0.000000000000000000, 0.2588190451025145222, -0.9659258262890699775 ) ) ;
#5044 = AXIS2_PLACEMENT_3D ( 'NONE', #7683, #4027, #8477 ) ;
#5045 = LINE ( 'NONE', #5094, #3473 ) ;
#5046 = AXIS2_PLACEMENT_3D ( 'NONE', #6890, #8484, #625 ) ;
#5047 = ORIENTED_EDGE ( 'NONE', *, *, #3724, .T. ) ;
#5048 = EDGE_CURVE ( 'NONE', #136, #10450, #997, .T. ) ;
#5049 = EDGE_CURVE ( 'NONE', #7089, #6277, #2712, .T. ) ;
#5050 = ORIENTED_EDGE ( 'NONE', *, *, #3038, .F. ) ;
#5051 = CARTESIAN_POINT ( 'NONE',  ( 0.000000000000000000, 0.000000000000000000, 0.000000000000000000 ) ) ;
#5052 = EDGE_CURVE ( 'NONE', #3889, #491, #7955, .T. ) ;
#5053 = DIRECTION ( 'NONE',  ( 0.000000000000000000, 1.000000000000000000, 2.548365665731588345E-16 ) ) ;
#5054 = CARTESIAN_POINT ( 'NONE',  ( 22.47899999999999920, 7.239000000000000767, 0.3809999999999958975 ) ) ;
#5055 = LINE ( 'NONE', #4204, #687 ) ;
#5056 = EDGE_LOOP ( 'NONE', ( #1650, #9962, #3800, #5224 ) ) ;
#5057 = PLANE ( 'NONE',  #593 ) ;
#5058 = UNCERTAINTY_MEASURE_WITH_UNIT (LENGTH_MEASURE( 1.000000000000000082E-05 ), #9858, 'distance_accuracy_value', 'NONE');
#5059 = DIRECTION ( 'NONE',  ( 0.000000000000000000, -1.440069553722777130E-16, 1.000000000000000000 ) ) ;
#5060 = ORIENTED_EDGE ( 'NONE', *, *, #8568, .F. ) ;
#5061 = CARTESIAN_POINT ( 'NONE',  ( 16.50999999999999801, 8.509000000000000341, 1.270000000000001128 ) ) ;
#5062 = VERTEX_POINT ( 'NONE', #8971 ) ;
#5063 = ORIENTED_EDGE ( 'NONE', *, *, #6450, .T. ) ;
#5064 = FACE_OUTER_BOUND ( 'NONE', #645, .T. ) ;
#5065 = DIRECTION ( 'NONE',  ( 0.5773502691896252870, -0.5773502691896251759, -0.5773502691896267303 ) ) ;
#5066 = DIRECTION ( 'NONE',  ( -0.000000000000000000, -0.000000000000000000, 1.000000000000000000 ) ) ;
#5067 = VERTEX_POINT ( 'NONE', #10569 ) ;
#5068 = DIRECTION ( 'NONE',  ( -0.000000000000000000, 1.000000000000000000, 1.440069553722777130E-16 ) ) ;
#5069 = PLANE ( 'NONE',  #5302 ) ;
#5070 = ORIENTED_EDGE ( 'NONE', *, *, #6911, .F. ) ;
#5071 = LINE ( 'NONE', #6963, #6072 ) ;
#5072 = ORIENTED_EDGE ( 'NONE', *, *, #255, .F. ) ;
#5073 = VECTOR ( 'NONE', #4591, 1000.000000000000000 ) ;
#5074 = EDGE_LOOP ( 'NONE', ( #8273, #1753, #8452, #5453 ) ) ;
#5075 = EDGE_CURVE ( 'NONE', #11164, #4738, #100, .T. ) ;
#5076 = CARTESIAN_POINT ( 'NONE',  ( -19.05000000000000426, 0.000000000000000000, 1.269999999999998908 ) ) ;
#5077 = ORIENTED_EDGE ( 'NONE', *, *, #708, .T. ) ;
#5078 = DIRECTION ( 'NONE',  ( 0.000000000000000000, 1.000000000000000000, 1.733406087350420004E-16 ) ) ;
#5079 = DIRECTION ( 'NONE',  ( 0.000000000000000000, 0.000000000000000000, -1.000000000000000000 ) ) ;
#5080 = LINE ( 'NONE', #6917, #1930 ) ;
#5081 = CARTESIAN_POINT ( 'NONE',  ( -0.3810000000000028919, 7.239000000000000767, -0.3810000000000028919 ) ) ;
#5082 = CARTESIAN_POINT ( 'NONE',  ( -8.001000000000004775, 7.239000000000000767, -0.3810000000000028919 ) ) ;
#5083 = VERTEX_POINT ( 'NONE', #8017 ) ;
#5084 = ADVANCED_FACE ( 'NONE', ( #1905, #3668 ), #5377, .F. ) ;
#5085 = EDGE_LOOP ( 'NONE', ( #127, #9697, #4620, #3433 ) ) ;
#5086 = EDGE_CURVE ( 'NONE', #6218, #8710, #2301, .T. ) ;
#5087 = FACE_OUTER_BOUND ( 'NONE', #4337, .T. ) ;
#5088 = DIRECTION ( 'NONE',  ( -1.000000000000000000, 0.000000000000000000, -0.000000000000000000 ) ) ;
#5089 = DIRECTION ( 'NONE',  ( 0.000000000000000000, 1.000000000000000000, 0.000000000000000000 ) ) ;
#5090 = PLANE ( 'NONE',  #4469 ) ;
#5091 = DIRECTION ( 'NONE',  ( -0.000000000000000000, 1.000000000000000000, 1.733406087350420004E-16 ) ) ;
#5092 = ORIENTED_EDGE ( 'NONE', *, *, #7047, .F. ) ;
#5093 = DIRECTION ( 'NONE',  ( 0.000000000000000000, 2.548365665731588345E-16, -1.000000000000000000 ) ) ;
#5094 = CARTESIAN_POINT ( 'NONE',  ( 13.96999999999999709, 0.5080000000000000071, 0.7528818102449925664 ) ) ;
#5095 = ORIENTED_EDGE ( 'NONE', *, *, #6363, .T. ) ;
#5096 = EDGE_CURVE ( 'NONE', #5782, #2758, #5609, .T. ) ;
#5097 = DIRECTION ( 'NONE',  ( -0.5773502691896252870, -0.5773502691896251759, -0.5773502691896267303 ) ) ;
#5098 = CONTEXT_DEPENDENT_SHAPE_REPRESENTATION ( #10839, #3547 ) ;
#5099 = EDGE_CURVE ( 'NONE', #5471, #9642, #5655, .T. ) ;
#5100 = CARTESIAN_POINT ( 'NONE',  ( 0.3809999999999958975, 8.064500000000000668, 0.3809999999999958975 ) ) ;
#5101 = EDGE_CURVE ( 'NONE', #2481, #7042, #4804, .T. ) ;
#5102 = DIRECTION ( 'NONE',  ( 0.000000000000000000, -5.054934237236841843E-31, -1.000000000000000000 ) ) ;
#5103 = FILL_AREA_STYLE ('',( #624 ) ) ;
#5104 = DIRECTION ( 'NONE',  ( 0.5773502691896252870, -0.5773502691896251759, -0.5773502691896267303 ) ) ;
#5105 = VERTEX_POINT ( 'NONE', #1264 ) ;
#5106 = DIRECTION ( 'NONE',  ( 0.7071067811865475727, -0.7071067811865475727, 0.000000000000000000 ) ) ;
#5107 = CARTESIAN_POINT ( 'NONE',  ( -8.001000000000004775, 7.239000000000000767, 0.3809999999999958975 ) ) ;
#5108 = ORIENTED_EDGE ( 'NONE', *, *, #9498, .F. ) ;
#5109 = CARTESIAN_POINT ( 'NONE',  ( 11.42999999999999616, 8.509000000000000341, 1.270000000000001128 ) ) ;
#5110 = AXIS2_PLACEMENT_3D ( 'NONE', #10233, #4992, #6550 ) ;
#5111 = ORIENTED_EDGE ( 'NONE', *, *, #8048, .F. ) ;
#5112 = ORIENTED_EDGE ( 'NONE', *, *, #4224, .F. ) ;
#5113 = DIRECTION ( 'NONE',  ( 1.000000000000000000, 0.000000000000000000, 0.000000000000000000 ) ) ;
#5114 = EDGE_CURVE ( 'NONE', #8769, #4958, #10959, .T. ) ;
#5115 = CARTESIAN_POINT ( 'NONE',  ( 7.238999999999995438, 7.239000000000000767, 0.3809999999999958975 ) ) ;
#5116 = CARTESIAN_POINT ( 'NONE',  ( -19.05000000000000426, 8.509000000000000341, -1.270000000000001128 ) ) ;
#5117 = VECTOR ( 'NONE', #1324, 1000.000000000000000 ) ;
#5118 = PLANE ( 'NONE',  #5407 ) ;
#5119 = ORIENTED_EDGE ( 'NONE', *, *, #6819, .T. ) ;
#5120 = CARTESIAN_POINT ( 'NONE',  ( 19.04999999999999716, 0.5080000000000002292, -0.7528818102449945648 ) ) ;
#5121 = DIRECTION ( 'NONE',  ( 0.000000000000000000, 0.000000000000000000, -1.000000000000000000 ) ) ;
#5122 = EDGE_LOOP ( 'NONE', ( #1178, #5357, #5125, #7982 ) ) ;
#5123 = FILL_AREA_STYLE ('',( #5707 ) ) ;
#5124 = EDGE_CURVE ( 'NONE', #5127, #2221, #4913, .T. ) ;
#5125 = ORIENTED_EDGE ( 'NONE', *, *, #9360, .F. ) ;
#5126 = VECTOR ( 'NONE', #7361, 1000.000000000000000 ) ;
#5127 = VERTEX_POINT ( 'NONE', #7551 ) ;
#5128 =( GEOMETRIC_REPRESENTATION_CONTEXT ( 3 ) GLOBAL_UNCERTAINTY_ASSIGNED_CONTEXT ( ( #4035 ) ) GLOBAL_UNIT_ASSIGNED_CONTEXT ( ( #6833, #6191, #8757 ) ) REPRESENTATION_CONTEXT ( 'NONE', 'WORKASPACE' ) );
#5129 = CARTESIAN_POINT ( 'NONE',  ( 14.85899999999999643, 8.064500000000000668, 0.3809999999999958975 ) ) ;
#5130 = AXIS2_PLACEMENT_3D ( 'NONE', #10271, #4354, #2478 ) ;
#5131 = ORIENTED_EDGE ( 'NONE', *, *, #650, .T. ) ;
#5132 = FACE_OUTER_BOUND ( 'NONE', #10324, .T. ) ;
#5133 = DIRECTION ( 'NONE',  ( -0.000000000000000000, 1.000000000000000000, 1.733406087350420004E-16 ) ) ;
#5134 =( GEOMETRIC_REPRESENTATION_CONTEXT ( 3 ) GLOBAL_UNCERTAINTY_ASSIGNED_CONTEXT ( ( #2215 ) ) GLOBAL_UNIT_ASSIGNED_CONTEXT ( ( #341, #7564, #10220 ) ) REPRESENTATION_CONTEXT ( 'NONE', 'WORKASPACE' ) );
#5135 = CARTESIAN_POINT ( 'NONE',  ( 16.50999999999999801, 2.177422008883992879E-16, -0.8890000000000013447 ) ) ;
#5136 = CARTESIAN_POINT ( 'NONE',  ( -16.51000000000000512, 3.110602869834277161E-16, -1.270000000000001128 ) ) ;
#5137 = VERTEX_POINT ( 'NONE', #8287 ) ;
#5138 = CARTESIAN_POINT ( 'NONE',  ( 8.445499999999995566, 8.509000000000000341, 0.8254999999999976801 ) ) ;
#5139 = ORIENTED_EDGE ( 'NONE', *, *, #6301, .F. ) ;
#5140 = VECTOR ( 'NONE', #8722, 1000.000000000000000 ) ;
#5141 = ORIENTED_EDGE ( 'NONE', *, *, #3440, .T. ) ;
#5142 = VECTOR ( 'NONE', #9422, 1000.000000000000000 ) ;
#5143 = CARTESIAN_POINT ( 'NONE',  ( 6.349999999999994316, 8.509000000000000341, -1.270000000000001128 ) ) ;
#5144 = DIRECTION ( 'NONE',  ( -0.000000000000000000, -0.000000000000000000, 1.000000000000000000 ) ) ;
#5145 = LINE ( 'NONE', #4248, #4779 ) ;
#5146 = CARTESIAN_POINT ( 'NONE',  ( 19.04999999999999716, 8.509000000000000341, 1.270000000000001128 ) ) ;
#5147 = VECTOR ( 'NONE', #3414, 1000.000000000000000 ) ;
#5148 = DIRECTION ( 'NONE',  ( -0.000000000000000000, 1.000000000000000000, 1.733406087350420004E-16 ) ) ;
#5149 = CARTESIAN_POINT ( 'NONE',  ( 19.49449999999999861, 8.509000000000000341, -1.270000000000001128 ) ) ;
#5150 = ORIENTED_EDGE ( 'NONE', *, *, #3576, .T. ) ;
#5151 = CARTESIAN_POINT ( 'NONE',  ( -1.270000000000003793, 0.5080000000000002292, -0.7528818102449945648 ) ) ;
#5152 = CARTESIAN_POINT ( 'NONE',  ( 13.96999999999999709, 8.509000000000000341, -1.270000000000001128 ) ) ;
#5153 = ORIENTED_EDGE ( 'NONE', *, *, #4074, .F. ) ;
#5154 = VECTOR ( 'NONE', #7296, 1000.000000000000000 ) ;
#5155 = CARTESIAN_POINT ( 'NONE',  ( 11.42999999999999616, 8.509000000000000341, -1.270000000000001128 ) ) ;
#5156 = DIRECTION ( 'NONE',  ( 0.000000000000000000, 1.440069553722777130E-16, -1.000000000000000000 ) ) ;
#5157 = CARTESIAN_POINT ( 'NONE',  ( 12.31899999999999729, 7.239000000000000767, 0.3809999999999958975 ) ) ;
#5158 = DIRECTION ( 'NONE',  ( -0.7071067811865475727, -0.7071067811865475727, 0.000000000000000000 ) ) ;
#5159 = ORIENTED_EDGE ( 'NONE', *, *, #336, .F. ) ;
#5161 = EDGE_CURVE ( 'NONE', #8359, #5212, #2240, .T. ) ;
#5160 = CARTESIAN_POINT ( 'NONE',  ( 3.809999999999997389, -1.925929944387235853E-31, 0.8889999999999991243 ) ) ;
#5162 = ADVANCED_FACE ( 'NONE', ( #7440 ), #10907, .F. ) ;
#5163 = UNCERTAINTY_MEASURE_WITH_UNIT (LENGTH_MEASURE( 1.000000000000000082E-05 ), #11048, 'distance_accuracy_value', 'NONE');
#5164 = DIRECTION ( 'NONE',  ( 0.000000000000000000, 1.000000000000000000, 0.000000000000000000 ) ) ;
#5165 = ORIENTED_EDGE ( 'NONE', *, *, #402, .F. ) ;
#5166 = EDGE_CURVE ( 'NONE', #5496, #5359, #8178, .T. ) ;
#5167 = LINE ( 'NONE', #11107, #4513 ) ;
#5168 = VERTEX_POINT ( 'NONE', #4004 ) ;
#5169 = ORIENTED_EDGE ( 'NONE', *, *, #5124, .F. ) ;
#5170 = LINE ( 'NONE', #2621, #2577 ) ;
#5171 = VECTOR ( 'NONE', #2107, 1000.000000000000000 ) ;
#5172 = LINE ( 'NONE', #854, #8112 ) ;
#5173 = LINE ( 'NONE', #134, #8848 ) ;
#5174 = CARTESIAN_POINT ( 'NONE',  ( -15.11300000000000665, 7.810500000000000220, -0.1270000000000024998 ) ) ;
#5175 = ORIENTED_EDGE ( 'NONE', *, *, #659, .T. ) ;
#5176 = DIRECTION ( 'NONE',  ( 1.000000000000000000, 0.000000000000000000, 0.000000000000000000 ) ) ;
#5177 = DIRECTION ( 'NONE',  ( -0.000000000000000000, 0.000000000000000000, -1.000000000000000000 ) ) ;
#5178 = ADVANCED_FACE ( 'NONE', ( #2136 ), #6582, .F. ) ;
#5179 = VERTEX_POINT ( 'NONE', #3834 ) ;
#5180 = LINE ( 'NONE', #4172, #8981 ) ;
#5181 = ORIENTED_EDGE ( 'NONE', *, *, #3015, .T. ) ;
#5182 = COLOUR_RGB ( '',0.2509803921568627416, 0.2509803921568627416, 0.2509803921568627416 ) ;
#5183 = VERTEX_POINT ( 'NONE', #10032 ) ;
#5184 = VECTOR ( 'NONE', #1055, 1000.000000000000000 ) ;
#5185 = VECTOR ( 'NONE', #10964, 1000.000000000000000 ) ;
#5186 = EDGE_CURVE ( 'NONE', #4343, #5734, #3214, .T. ) ;
#5187 = CARTESIAN_POINT ( 'NONE',  ( 11.42999999999999616, 8.509000000000000341, 0.8254999999999976801 ) ) ;
#5188 = VERTEX_POINT ( 'NONE', #9190 ) ;
#5189 = DIRECTION ( 'NONE',  ( 0.000000000000000000, 0.000000000000000000, -1.000000000000000000 ) ) ;
#5190 = CARTESIAN_POINT ( 'NONE',  ( 20.70099999999999696, 7.239000000000000767, 0.3809999999999958975 ) ) ;
#5191 = VECTOR ( 'NONE', #6348, 1000.000000000000000 ) ;
#5192 = AXIS2_PLACEMENT_3D ( 'NONE', #1607, #6814, #10329 ) ;
#5193 = PLANE ( 'NONE',  #9390 ) ;
#5194 = PLANE ( 'NONE',  #9872 ) ;
#5195 = ORIENTED_EDGE ( 'NONE', *, *, #8681, .F. ) ;
#5196 = DIRECTION ( 'NONE',  ( 0.000000000000000000, 0.9659258262890700886, -0.2588190451025140781 ) ) ;
#5197 = ORIENTED_EDGE ( 'NONE', *, *, #8930, .F. ) ;
#5198 = VECTOR ( 'NONE', #2399, 1000.000000000000000 ) ;
#5199 = EDGE_CURVE ( 'NONE', #1823, #10138, #6700, .T. ) ;
#5200 = DIRECTION ( 'NONE',  ( 1.000000000000000000, 0.000000000000000000, 0.000000000000000000 ) ) ;
#5201 = LINE ( 'NONE', #11140, #3486 ) ;
#5202 = DIRECTION ( 'NONE',  ( 0.000000000000000000, 5.054934237236841843E-31, 1.000000000000000000 ) ) ;
#5203 = DIRECTION ( 'NONE',  ( 0.000000000000000000, -1.440069553722777130E-16, 1.000000000000000000 ) ) ;
#5204 = AXIS2_PLACEMENT_3D ( 'NONE', #3160, #1497, #10096 ) ;
#5205 = CARTESIAN_POINT ( 'NONE',  ( 8.889999999999995239, 8.509000000000000341, -1.270000000000001128 ) ) ;
#5206 = DIRECTION ( 'NONE',  ( 0.000000000000000000, 0.000000000000000000, -1.000000000000000000 ) ) ;
#5207 = FACE_OUTER_BOUND ( 'NONE', #948, .T. ) ;
#5208 = ORIENTED_EDGE ( 'NONE', *, *, #5894, .F. ) ;
#5209 = AXIS2_PLACEMENT_3D ( 'NONE', #2817, #1837, #7786 ) ;
#5210 = DIRECTION ( 'NONE',  ( 0.000000000000000000, 0.000000000000000000, 1.000000000000000000 ) ) ;
#5211 = DIRECTION ( 'NONE',  ( -1.000000000000000000, -0.000000000000000000, -0.000000000000000000 ) ) ;
#5212 = VERTEX_POINT ( 'NONE', #3049 ) ;
#5213 = DIRECTION ( 'NONE',  ( 0.000000000000000000, 0.000000000000000000, 1.000000000000000000 ) ) ;
#5214 = VECTOR ( 'NONE', #2401, 1000.000000000000000 ) ;
#5215 = EDGE_CURVE ( 'NONE', #9293, #3807, #3153, .T. ) ;
#5216 = DIRECTION ( 'NONE',  ( -0.000000000000000000, 0.000000000000000000, -1.000000000000000000 ) ) ;
#5217 = PRESENTATION_STYLE_ASSIGNMENT (( #9446 ) ) ;
#5218 = CARTESIAN_POINT ( 'NONE',  ( -16.51000000000000512, 0.5080000000000002292, -0.7528818102449945648 ) ) ;
#5219 = DIRECTION ( 'NONE',  ( 0.000000000000000000, 0.000000000000000000, 1.000000000000000000 ) ) ;
#5220 = ORIENTED_EDGE ( 'NONE', *, *, #5546, .T. ) ;
#5221 = CARTESIAN_POINT ( 'NONE',  ( -4.699000000000005173, 7.239000000000000767, 0.3809999999999958975 ) ) ;
#5222 = AXIS2_PLACEMENT_3D ( 'NONE', #3293, #1630, #11219 ) ;
#5223 = CARTESIAN_POINT ( 'NONE',  ( 19.04999999999999716, 0.000000000000000000, 0.000000000000000000 ) ) ;
#5224 = ORIENTED_EDGE ( 'NONE', *, *, #8808, .T. ) ;
#5225 = DIRECTION ( 'NONE',  ( -0.000000000000000000, 1.000000000000000000, 1.733406087350420004E-16 ) ) ;
#5226 = ORIENTED_EDGE ( 'NONE', *, *, #9587, .F. ) ;
#5227 = EDGE_CURVE ( 'NONE', #1034, #7065, #1434, .T. ) ;
#5228 = VERTEX_POINT ( 'NONE', #10153 ) ;
#5229 = ADVANCED_FACE ( 'NONE', ( #6640 ), #4064, .F. ) ;
#5230 = EDGE_CURVE ( 'NONE', #1034, #5137, #4748, .T. ) ;
#5231 = VECTOR ( 'NONE', #5091, 1000.000000000000000 ) ;
#5232 = CARTESIAN_POINT ( 'NONE',  ( -21.59000000000000341, 3.110602869834277161E-16, -1.270000000000001128 ) ) ;
#5233 = DIRECTION ( 'NONE',  ( 0.000000000000000000, 1.733406087350420004E-16, -1.000000000000000000 ) ) ;
#5234 = PRESENTATION_STYLE_ASSIGNMENT (( #8832 ) ) ;
#5235 = CARTESIAN_POINT ( 'NONE',  ( -21.59000000000000341, 8.509000000000000341, 1.270000000000001128 ) ) ;
#5236 = ADVANCED_FACE ( 'NONE', ( #7991 ), #6205, .F. ) ;
#5237 = DIRECTION ( 'NONE',  ( 0.5773502691896253980, 0.5773502691896253980, -0.5773502691896265082 ) ) ;
#5238 = EDGE_LOOP ( 'NONE', ( #3206, #4501, #10241, #9920 ) ) ;
#5239 = FACE_OUTER_BOUND ( 'NONE', #10832, .T. ) ;
#5240 = FACE_OUTER_BOUND ( 'NONE', #248, .T. ) ;
#5241 = ORIENTED_EDGE ( 'NONE', *, *, #6953, .T. ) ;
#5242 = PLANE ( 'NONE',  #6627 ) ;
#5243 = ORIENTED_EDGE ( 'NONE', *, *, #6862, .T. ) ;
#5244 = ORIENTED_EDGE ( 'NONE', *, *, #3197, .T. ) ;
#5245 = EDGE_CURVE ( 'NONE', #6173, #10258, #970, .T. ) ;
#5246 = EDGE_CURVE ( 'NONE', #243, #3597, #2414, .T. ) ;
#5247 = ADVANCED_FACE ( 'NONE', ( #2624, #2795 ), #647, .F. ) ;
#5248 = CARTESIAN_POINT ( 'NONE',  ( -4.699000000000005173, 8.064500000000000668, 0.3809999999999958975 ) ) ;
#5249 = ADVANCED_FACE ( 'NONE', ( #185 ), #9682, .F. ) ;
#5250 = ORIENTED_EDGE ( 'NONE', *, *, #11190, .T. ) ;
#5251 = PLANE ( 'NONE',  #7175 ) ;
#5252 = LINE ( 'NONE', #3776, #209 ) ;
#5253 = LINE ( 'NONE', #2582, #9027 ) ;
#5254 = PLANE ( 'NONE',  #5130 ) ;
#5255 = EDGE_CURVE ( 'NONE', #5856, #1516, #5348, .T. ) ;
#5256 = VERTEX_POINT ( 'NONE', #4968 ) ;
#5257 = CARTESIAN_POINT ( 'NONE',  ( 16.50999999999999801, -1.925929944387235853E-31, 0.8889999999999991243 ) ) ;
#5258 = ORIENTED_EDGE ( 'NONE', *, *, #9999, .T. ) ;
#5259 = CARTESIAN_POINT ( 'NONE',  ( -6.350000000000004974, 2.177422008883992879E-16, -0.8890000000000013447 ) ) ;
#5260 = CARTESIAN_POINT ( 'NONE',  ( -6.350000000000004974, 2.177422008883992879E-16, -0.8890000000000013447 ) ) ;
#5261 = EDGE_CURVE ( 'NONE', #3783, #5168, #8451, .T. ) ;
#5262 = PLANE ( 'NONE',  #2428 ) ;
#5263 = CARTESIAN_POINT ( 'NONE',  ( 10.98549999999999471, 8.509000000000000341, -0.8255000000000041194 ) ) ;
#5264 = LINE ( 'NONE', #4420, #5918 ) ;
#5265 = CARTESIAN_POINT ( 'NONE',  ( -3.810000000000004494, 0.000000000000000000, 1.269999999999998908 ) ) ;
#5266 = VERTEX_POINT ( 'NONE', #1760 ) ;
#5267 = CARTESIAN_POINT ( 'NONE',  ( 4.698999999999998067, 8.064500000000000668, 0.3809999999999958975 ) ) ;
#5268 = EDGE_CURVE ( 'NONE', #3564, #8233, #10492, .T. ) ;
#5269 = DIRECTION ( 'NONE',  ( -0.3420201433256659929, -0.9396926207859094271, -1.098928681830094149E-16 ) ) ;
#5270 = ORIENTED_EDGE ( 'NONE', *, *, #10669, .F. ) ;
#5271 = DIRECTION ( 'NONE',  ( -1.000000000000000000, -0.000000000000000000, -0.000000000000000000 ) ) ;
#5272 = CARTESIAN_POINT ( 'NONE',  ( -16.51000000000000512, 0.000000000000000000, 0.000000000000000000 ) ) ;
#5273 = PLANE ( 'NONE',  #4232 ) ;
#5274 = CARTESIAN_POINT ( 'NONE',  ( -19.05000000000000426, 2.177422008883992879E-16, -0.8890000000000013447 ) ) ;
#5275 = DIRECTION ( 'NONE',  ( 1.000000000000000000, 0.000000000000000000, -0.000000000000000000 ) ) ;
#5276 = ORIENTED_EDGE ( 'NONE', *, *, #7091, .T. ) ;
#5277 = LINE ( 'NONE', #3467, #10788 ) ;
#5278 = CARTESIAN_POINT ( 'NONE',  ( 9.334499999999994913, 8.509000000000000341, -0.8255000000000041194 ) ) ;
#5279 = VERTEX_POINT ( 'NONE', #4120 ) ;
#5280 = LINE ( 'NONE', #10648, #9954 ) ;
#5281 = EDGE_LOOP ( 'NONE', ( #10995, #7863, #229, #9363 ) ) ;
#5282 = ORIENTED_EDGE ( 'NONE', *, *, #5052, .F. ) ;
#5283 = LINE ( 'NONE', #3590, #6221 ) ;
#5284 = LINE ( 'NONE', #3640, #820 ) ;
#5285 =( LENGTH_UNIT ( ) NAMED_UNIT ( * ) SI_UNIT ( .MILLI., .METRE. ) );
#5286 = DIRECTION ( 'NONE',  ( 0.000000000000000000, -0.7071067811865484609, 0.7071067811865465735 ) ) ;
#5287 = AXIS2_PLACEMENT_3D ( 'NONE', #10561, #9760, #8903 ) ;
#5288 = LINE ( 'NONE', #7020, #1385 ) ;
#5289 = ORIENTED_EDGE ( 'NONE', *, *, #4961, .T. ) ;
#5290 = PLANE ( 'NONE',  #2452 ) ;
#5291 = CARTESIAN_POINT ( 'NONE',  ( 16.50999999999999801, 0.000000000000000000, 0.000000000000000000 ) ) ;
#5292 = VERTEX_POINT ( 'NONE', #1028 ) ;
#5293 = AXIS2_PLACEMENT_3D ( 'NONE', #10472, #9617, #3845 ) ;
#5294 = CARTESIAN_POINT ( 'NONE',  ( -23.24100000000000321, 7.239000000000000767, 0.3809999999999958975 ) ) ;
#5295 = ORIENTED_EDGE ( 'NONE', *, *, #6742, .T. ) ;
#5296 = ORIENTED_EDGE ( 'NONE', *, *, #10352, .T. ) ;
#5297 = AXIS2_PLACEMENT_3D ( 'NONE', #2879, #7896, #8130 ) ;
#5298 = DIRECTION ( 'NONE',  ( -0.000000000000000000, 1.000000000000000000, 1.733406087350420004E-16 ) ) ;
#5299 = VERTEX_POINT ( 'NONE', #10266 ) ;
#5300 = FACE_OUTER_BOUND ( 'NONE', #7268, .T. ) ;
#5301 = PLANE ( 'NONE',  #1637 ) ;
#5302 = AXIS2_PLACEMENT_3D ( 'NONE', #4170, #693, #5177 ) ;
#5303 = DIRECTION ( 'NONE',  ( 0.000000000000000000, 1.440069553722777130E-16, -1.000000000000000000 ) ) ;
#5304 = CARTESIAN_POINT ( 'NONE',  ( 3.809999999999997389, 8.509000000000000341, -0.8255000000000041194 ) ) ;
#5305 = EDGE_CURVE ( 'NONE', #2391, #2972, #6809, .T. ) ;
#5307 = EDGE_LOOP ( 'NONE', ( #6525, #9429, #1906, #4771 ) ) ;
#5306 = EDGE_CURVE ( 'NONE', #4958, #5703, #6749, .T. ) ;
#5308 = VECTOR ( 'NONE', #4030, 1000.000000000000000 ) ;
#5309 = CARTESIAN_POINT ( 'NONE',  ( -19.05000000000000426, 0.5080000000000000071, 0.7528818102449925664 ) ) ;
#5310 = ORIENTED_EDGE ( 'NONE', *, *, #8663, .F. ) ;
#5311 = EDGE_CURVE ( 'NONE', #7860, #2053, #7928, .T. ) ;
#5312 = MANIFOLD_SOLID_BREP ( 'LPattern1[10]', #6993 ) ;
#5313 = EDGE_CURVE ( 'NONE', #1203, #3441, #1129, .T. ) ;
#5314 = VECTOR ( 'NONE', #2260, 1000.000000000000000 ) ;
#5315 = DIRECTION ( 'NONE',  ( -1.000000000000000000, -0.000000000000000000, -0.000000000000000000 ) ) ;
#5316 = DIRECTION ( 'NONE',  ( 0.000000000000000000, 2.548365665731588345E-16, -1.000000000000000000 ) ) ;
#5317 = VECTOR ( 'NONE', #8924, 1000.000000000000000 ) ;
#5318 = LINE ( 'NONE', #4476, #7343 ) ;
#5319 = CARTESIAN_POINT ( 'NONE',  ( -19.05000000000000426, 0.5080000000000000071, 0.7528818102449925664 ) ) ;
#5320 = CARTESIAN_POINT ( 'NONE',  ( -24.38400000000000745, 0.5080000000000002292, -0.7528818102449945648 ) ) ;
#5321 = DIRECTION ( 'NONE',  ( 1.000000000000000000, 0.000000000000000000, -0.000000000000000000 ) ) ;
#5322 = PRESENTATION_LAYER_ASSIGNMENT (  '', '', ( #5873 ) ) ;
#5323 = LINE ( 'NONE', #2311, #8989 ) ;
#5324 = LINE ( 'NONE', #7174, #921 ) ;
#5325 = VECTOR ( 'NONE', #10325, 1000.000000000000000 ) ;
#5326 = ORIENTED_EDGE ( 'NONE', *, *, #11046, .T. ) ;
#5327 = CARTESIAN_POINT ( 'NONE',  ( -5.461000000000003851, 7.239000000000000767, 0.3809999999999958975 ) ) ;
#5328 = ITEM_DEFINED_TRANSFORMATION ( 'NONE', 'NONE', #1584,  #4858 ) ;
#5329 = AXIS2_PLACEMENT_3D ( 'NONE', #10299, #9337, #5059 ) ;
#5330 = CARTESIAN_POINT ( 'NONE',  ( 1.269999999999996909, -1.925929944387235853E-31, 0.8889999999999991243 ) ) ;
#5331 = EDGE_CURVE ( 'NONE', #7708, #4528, #1548, .T. ) ;
#5332 = CARTESIAN_POINT ( 'NONE',  ( 2.412999999999998479, 7.810500000000000220, -0.1270000000000024998 ) ) ;
#5333 = CARTESIAN_POINT ( 'NONE',  ( -11.43000000000000504, 3.110602869834277161E-16, -1.270000000000001128 ) ) ;
#5334 = VECTOR ( 'NONE', #6753, 1000.000000000000000 ) ;
#5335 = LINE ( 'NONE', #9788, #2146 ) ;
#5336 = ORIENTED_EDGE ( 'NONE', *, *, #10896, .F. ) ;
#5337 = PLANE ( 'NONE',  #6417 ) ;
#5338 = CARTESIAN_POINT ( 'NONE',  ( 21.58999999999999631, 3.110602869834277161E-16, -1.270000000000001128 ) ) ;
#5339 = ORIENTED_EDGE ( 'NONE', *, *, #6732, .F. ) ;
#5340 = VECTOR ( 'NONE', #6247, 1000.000000000000000 ) ;
#5341 = CARTESIAN_POINT ( 'NONE',  ( -3.810000000000004494, 3.110602869834277161E-16, -1.270000000000001128 ) ) ;
#5342 = ORIENTED_EDGE ( 'NONE', *, *, #8969, .T. ) ;
#5343 = EDGE_LOOP ( 'NONE', ( #3625, #7459, #6476, #1306 ) ) ;
#5344 = VECTOR ( 'NONE', #8778, 1000.000000000000000 ) ;
#5345 = PLANE ( 'NONE',  #6774 ) ;
#5346 = LINE ( 'NONE', #2738, #11194 ) ;
#5347 = EDGE_CURVE ( 'NONE', #7482, #2697, #1995, .T. ) ;
#5348 = LINE ( 'NONE', #9303, #2217 ) ;
#5349 = PLANE ( 'NONE',  #482 ) ;
#5350 = DIRECTION ( 'NONE',  ( -1.000000000000000000, 0.000000000000000000, 0.000000000000000000 ) ) ;
#5351 = ORIENTED_EDGE ( 'NONE', *, *, #6797, .T. ) ;
#5352 = CARTESIAN_POINT ( 'NONE',  ( -19.93900000000000361, 8.064500000000000668, -0.3810000000000027809 ) ) ;
#5353 = DIRECTION ( 'NONE',  ( -0.000000000000000000, 0.000000000000000000, -1.000000000000000000 ) ) ;
#5354 = MANIFOLD_SOLID_BREP ( 'LPattern1[8]', #7005 ) ;
#5355 = ORIENTED_EDGE ( 'NONE', *, *, #3457, .T. ) ;
#5356 = DIRECTION ( 'NONE',  ( 0.000000000000000000, 2.449293598294710852E-16, -1.000000000000000000 ) ) ;
#5357 = ORIENTED_EDGE ( 'NONE', *, *, #9090, .F. ) ;
#5358 = EDGE_LOOP ( 'NONE', ( #4269, #7710, #10517, #865 ) ) ;
#5359 = VERTEX_POINT ( 'NONE', #8205 ) ;
#5360 = EDGE_CURVE ( 'NONE', #5536, #10332, #7254, .T. ) ;
#5361 = CARTESIAN_POINT ( 'NONE',  ( 6.349999999999997868, 8.509000000000000341, -0.8255000000000041194 ) ) ;
#5362 = ORIENTED_EDGE ( 'NONE', *, *, #6161, .F. ) ;
#5363 = LINE ( 'NONE', #2069, #8978 ) ;
#5364 = FACE_OUTER_BOUND ( 'NONE', #6707, .T. ) ;
#5365 = VECTOR ( 'NONE', #3292, 1000.000000000000000 ) ;
#5366 = DIRECTION ( 'NONE',  ( 0.000000000000000000, 0.000000000000000000, -1.000000000000000000 ) ) ;
#5367 = DIRECTION ( 'NONE',  ( 1.000000000000000000, 0.000000000000000000, 0.000000000000000000 ) ) ;
#5368 = VERTEX_POINT ( 'NONE', #8100 ) ;
#5369 = VECTOR ( 'NONE', #3184, 1000.000000000000114 ) ;
#5370 = PLANE ( 'NONE',  #5209 ) ;
#5371 = ORIENTED_EDGE ( 'NONE', *, *, #73, .T. ) ;
#5372 =( REPRESENTATION_RELATIONSHIP ('NONE','NONE', #5926, #187 ) REPRESENTATION_RELATIONSHIP_WITH_TRANSFORMATION ( #7237 )SHAPE_REPRESENTATION_RELATIONSHIP( ) );
#5373 = EDGE_CURVE ( 'NONE', #360, #10737, #4559, .T. ) ;
#5374 = ADVANCED_FACE ( 'NONE', ( #295 ), #455, .F. ) ;
#5375 = DIRECTION ( 'NONE',  ( -1.000000000000000000, -0.000000000000000000, -0.000000000000000000 ) ) ;
#5376 = AXIS2_PLACEMENT_3D ( 'NONE', #5654, #6407, #6581 ) ;
#5377 = PLANE ( 'NONE',  #6772 ) ;
#5378 = VECTOR ( 'NONE', #10270, 1000.000000000000000 ) ;
#5379 = ORIENTED_EDGE ( 'NONE', *, *, #9968, .T. ) ;
#5380 = DIRECTION ( 'NONE',  ( 0.5773502691896253980, 0.5773502691896253980, -0.5773502691896265082 ) ) ;
#5381 = FACE_OUTER_BOUND ( 'NONE', #4930, .T. ) ;
#5382 = DIRECTION ( 'NONE',  ( -1.000000000000000000, 0.000000000000000000, 0.000000000000000000 ) ) ;
#5383 = DIRECTION ( 'NONE',  ( 0.000000000000000000, -1.000000000000000000, -2.548365665731588345E-16 ) ) ;
#5384 = VECTOR ( 'NONE', #5899, 1000.000000000000000 ) ;
#5385 = CARTESIAN_POINT ( 'NONE',  ( 40.64000000000000057, 7.239000000000000767, -2.201425730935033664E-16 ) ) ;
#5386 = STYLED_ITEM ( 'NONE', ( #3980 ), #9106 ) ;
#5387 = DIRECTION ( 'NONE',  ( 0.000000000000000000, -1.000000000000000000, 0.000000000000000000 ) ) ;
#5388 = VECTOR ( 'NONE', #5366, 1000.000000000000000 ) ;
#5389 = ORIENTED_EDGE ( 'NONE', *, *, #9214, .T. ) ;
#5390 = LINE ( 'NONE', #7177, #4186 ) ;
#5391 = FACE_OUTER_BOUND ( 'NONE', #6948, .T. ) ;
#5392 = MANIFOLD_SOLID_BREP ( 'LPattern1[9]', #7729 ) ;
#5393 = EDGE_CURVE ( 'NONE', #7708, #290, #7358, .T. ) ;
#5394 = LINE ( 'NONE', #9944, #3878 ) ;
#5395 = SURFACE_SIDE_STYLE ('',( #4434 ) ) ;
#5396 = VECTOR ( 'NONE', #2115, 1000.000000000000000 ) ;
#5397 = EDGE_CURVE ( 'NONE', #531, #1870, #1295, .T. ) ;
#5398 = DIRECTION ( 'NONE',  ( 0.000000000000000000, -0.000000000000000000, -1.000000000000000000 ) ) ;
#5399 = EDGE_LOOP ( 'NONE', ( #9071, #2931, #6598, #3106 ) ) ;
#5400 = LINE ( 'NONE', #3525, #6235 ) ;
#5401 = FACE_OUTER_BOUND ( 'NONE', #2112, .T. ) ;
#5402 = EDGE_CURVE ( 'NONE', #5168, #9177, #3812, .T. ) ;
#5403 = EDGE_CURVE ( 'NONE', #3597, #4642, #3291, .T. ) ;
#5404 = VERTEX_POINT ( 'NONE', #10063 ) ;
#5405 = VECTOR ( 'NONE', #1362, 1000.000000000000000 ) ;
#5406 = DIRECTION ( 'NONE',  ( 0.000000000000000000, 1.000000000000000000, 0.000000000000000000 ) ) ;
#5407 = AXIS2_PLACEMENT_3D ( 'NONE', #9347, #7764, #5008 ) ;
#5408 = ORIENTED_EDGE ( 'NONE', *, *, #7799, .T. ) ;
#5409 = ORIENTED_EDGE ( 'NONE', *, *, #5049, .T. ) ;
#5410 = DIRECTION ( 'NONE',  ( 0.000000000000000000, 0.000000000000000000, -1.000000000000000000 ) ) ;
#5411 = CARTESIAN_POINT ( 'NONE',  ( 0.3810000000000000053, 0.5079999999999998961, -0.2031999999999997419 ) ) ;
#5412 = DIRECTION ( 'NONE',  ( 0.000000000000000000, 0.000000000000000000, 1.000000000000000000 ) ) ;
#5413 = VECTOR ( 'NONE', #7807, 1000.000000000000000 ) ;
#5414 = DIRECTION ( 'NONE',  ( 1.000000000000000000, 0.000000000000000000, 0.000000000000000000 ) ) ;
#5415 = VERTEX_POINT ( 'NONE', #8365 ) ;
#5416 = CARTESIAN_POINT ( 'NONE',  ( -11.43000000000000504, 0.5080000000000000071, 0.7528818102449925664 ) ) ;
#5417 = LINE ( 'NONE', #4395, #4230 ) ;
#5418 = ORIENTED_EDGE ( 'NONE', *, *, #7145, .T. ) ;
#5419 = PLANE ( 'NONE',  #7539 ) ;
#5420 = ORIENTED_EDGE ( 'NONE', *, *, #6170, .F. ) ;
#5421 = ORIENTED_EDGE ( 'NONE', *, *, #7116, .T. ) ;
#5422 = EDGE_LOOP ( 'NONE', ( #1724, #3914, #5339, #915 ) ) ;
#5423 = FACE_OUTER_BOUND ( 'NONE', #6435, .T. ) ;
#5424 = ORIENTED_EDGE ( 'NONE', *, *, #1432, .T. ) ;
#5425 = DIRECTION ( 'NONE',  ( 0.000000000000000000, 5.054934237236841843E-31, 1.000000000000000000 ) ) ;
#5426 = CARTESIAN_POINT ( 'NONE',  ( 6.794499999999994877, 8.509000000000000341, 0.8254999999999976801 ) ) ;
#5427 = FACE_OUTER_BOUND ( 'NONE', #10277, .T. ) ;
#5428 = PLANE ( 'NONE',  #9329 ) ;
#5429 = ORIENTED_EDGE ( 'NONE', *, *, #6575, .T. ) ;
#5430 = VERTEX_POINT ( 'NONE', #4152 ) ;
#5431 = CARTESIAN_POINT ( 'NONE',  ( 24.13000000000000611, 8.509000000000000341, 1.270000000000001128 ) ) ;
#5432 = PLANE ( 'NONE',  #9133 ) ;
#5433 = FACE_OUTER_BOUND ( 'NONE', #5238, .T. ) ;
#5434 = CARTESIAN_POINT ( 'NONE',  ( -21.59000000000000341, 8.509000000000000341, -1.270000000000001128 ) ) ;
#5435 = LINE ( 'NONE', #8915, #6477 ) ;
#5436 = DIRECTION ( 'NONE',  ( 0.000000000000000000, 1.440069553722777130E-16, -1.000000000000000000 ) ) ;
#5437 = FACE_OUTER_BOUND ( 'NONE', #1448, .T. ) ;
#5438 = LINE ( 'NONE', #1064, #6580 ) ;
#5439 = VERTEX_POINT ( 'NONE', #1349 ) ;
#5440 = PLANE ( 'NONE',  #8904 ) ;
#5441 = CONTEXT_DEPENDENT_SHAPE_REPRESENTATION ( #4208, #10363 ) ;
#5442 = PLANE ( 'NONE',  #10763 ) ;
#5443 = SURFACE_STYLE_USAGE ( .BOTH. , #388 ) ;
#5444 =( NAMED_UNIT ( * ) SI_UNIT ( $, .STERADIAN. ) SOLID_ANGLE_UNIT ( ) );
#5445 = VECTOR ( 'NONE', #4293, 1000.000000000000000 ) ;
#5446 = PLANE ( 'NONE',  #9056 ) ;
#5447 = ORIENTED_EDGE ( 'NONE', *, *, #7566, .F. ) ;
#5448 = LINE ( 'NONE', #6260, #4414 ) ;
#5449 = CARTESIAN_POINT ( 'NONE',  ( 24.38400000000000745, 0.5080000000000002292, -0.7528818102449945648 ) ) ;
#5450 = ORIENTED_EDGE ( 'NONE', *, *, #9018, .T. ) ;
#5451 = EDGE_CURVE ( 'NONE', #6461, #3220, #1457, .T. ) ;
#5452 = CARTESIAN_POINT ( 'NONE',  ( -10.54100000000000392, 8.064500000000000668, 0.3809999999999960085 ) ) ;
#5453 = ORIENTED_EDGE ( 'NONE', *, *, #6301, .T. ) ;
#5454 = EDGE_CURVE ( 'NONE', #7300, #2742, #1402, .T. ) ;
#5455 = VERTEX_POINT ( 'NONE', #1579 ) ;
#5456 = EDGE_CURVE ( 'NONE', #2867, #8081, #10931, .T. ) ;
#5457 = SURFACE_STYLE_USAGE ( .BOTH. , #1992 ) ;
#5458 = DIRECTION ( 'NONE',  ( 0.000000000000000000, -0.9659258262890700886, 0.2588190451025140781 ) ) ;
#5459 = LINE ( 'NONE', #8204, #2824 ) ;
#5460 = DIRECTION ( 'NONE',  ( -1.000000000000000000, 0.000000000000000000, 0.000000000000000000 ) ) ;
#5461 = SURFACE_STYLE_FILL_AREA ( #3921 ) ;
#5462 = CARTESIAN_POINT ( 'NONE',  ( -13.97000000000000419, 2.177422008883992879E-16, -0.8890000000000013447 ) ) ;
#5463 = ORIENTED_EDGE ( 'NONE', *, *, #2527, .T. ) ;
#5464 = DIRECTION ( 'NONE',  ( 0.000000000000000000, -1.000000000000000000, -2.667820306312752381E-16 ) ) ;
#5465 = CARTESIAN_POINT ( 'NONE',  ( -8.890000000000004121, 8.509000000000000341, 1.270000000000001128 ) ) ;
#5466 = MANIFOLD_SOLID_BREP ( 'LPattern1[16]', #3353 ) ;
#5467 = EDGE_LOOP ( 'NONE', ( #10664, #6907, #9753, #5165 ) ) ;
#5468 = DIRECTION ( 'NONE',  ( -0.000000000000000000, 0.000000000000000000, 1.000000000000000000 ) ) ;
#5469 = ORIENTED_EDGE ( 'NONE', *, *, #9213, .T. ) ;
#5470 = ORIENTED_EDGE ( 'NONE', *, *, #4759, .T. ) ;
#5471 = VERTEX_POINT ( 'NONE', #2444 ) ;
#5472 = EDGE_CURVE ( 'NONE', #1764, #6741, #10009, .T. ) ;
#5473 = FACE_OUTER_BOUND ( 'NONE', #362, .T. ) ;
#5474 = CARTESIAN_POINT ( 'NONE',  ( -23.24100000000000321, 8.064500000000000668, -0.3810000000000027809 ) ) ;
#5475 = ORIENTED_EDGE ( 'NONE', *, *, #8808, .F. ) ;
#5476 = EDGE_CURVE ( 'NONE', #6378, #1726, #10126, .T. ) ;
#5477 = DIRECTION ( 'NONE',  ( -1.000000000000000000, -0.000000000000000000, -0.000000000000000000 ) ) ;
#5478 = DIRECTION ( 'NONE',  ( 0.000000000000000000, 0.000000000000000000, 1.000000000000000000 ) ) ;
#5479 = VERTEX_POINT ( 'NONE', #2210 ) ;
#5480 = PLANE ( 'NONE',  #4296 ) ;
#5481 = ORIENTED_EDGE ( 'NONE', *, *, #3872, .T. ) ;
#5482 = ORIENTED_EDGE ( 'NONE', *, *, #10629, .T. ) ;
#5483 = MANIFOLD_SOLID_BREP ( 'Mirror1', #280 ) ;
#5484 = VECTOR ( 'NONE', #2429, 1000.000000000000000 ) ;
#5485 = VECTOR ( 'NONE', #6954, 1000.000000000000000 ) ;
#5486 = DIRECTION ( 'NONE',  ( 0.000000000000000000, 2.449293598294710852E-16, -1.000000000000000000 ) ) ;
#5487 = DIRECTION ( 'NONE',  ( 0.000000000000000000, -0.000000000000000000, -1.000000000000000000 ) ) ;
#5488 = VECTOR ( 'NONE', #7200, 1000.000000000000114 ) ;
#5489 = EDGE_CURVE ( 'NONE', #3543, #1262, #9618, .T. ) ;
#5490 = PLANE ( 'NONE',  #782 ) ;
#5491 = COLOUR_RGB ( '',0.2509803921568627416, 0.2509803921568627416, 0.2509803921568627416 ) ;
#5492 = CARTESIAN_POINT ( 'NONE',  ( 21.58999999999999631, 0.5080000000000002292, -0.7528818102449945648 ) ) ;
#5493 = CARTESIAN_POINT ( 'NONE',  ( 3.809999999999997389, 0.5080000000000000071, 0.7528818102449925664 ) ) ;
#5494 = LINE ( 'NONE', #7389, #1890 ) ;
#5495 = AXIS2_PLACEMENT_3D ( 'NONE', #3352, #680, #10130 ) ;
#5496 = VERTEX_POINT ( 'NONE', #5799 ) ;
#5497 = CARTESIAN_POINT ( 'NONE',  ( 1.269999999999996909, -1.925929944387235853E-31, 0.8889999999999991243 ) ) ;
#5498 = CARTESIAN_POINT ( 'NONE',  ( 8.889999999999995239, 3.110602869834277161E-16, -1.270000000000001128 ) ) ;
#5499 = MANIFOLD_SOLID_BREP ( 'LPattern1[18]', #1900 ) ;
#5500 = SURFACE_SIDE_STYLE ('',( #1982 ) ) ;
#5501 = DIRECTION ( 'NONE',  ( 0.000000000000000000, -0.9659258262890700886, 0.2588190451025140781 ) ) ;
#5502 = ORIENTED_EDGE ( 'NONE', *, *, #508, .T. ) ;
#5503 = CARTESIAN_POINT ( 'NONE',  ( -20.19300000000000495, 7.810500000000001108, 0.1269999999999961438 ) ) ;
#5504 = PRESENTATION_LAYER_ASSIGNMENT (  '', '', ( #10427 ) ) ;
#5505 = CARTESIAN_POINT ( 'NONE',  ( -3.810000000000004494, 8.509000000000000341, 1.270000000000001128 ) ) ;
#5506 = ORIENTED_EDGE ( 'NONE', *, *, #9010, .F. ) ;
#5507 = CARTESIAN_POINT ( 'NONE',  ( -6.350000000000004974, 8.509000000000000341, -1.270000000000001128 ) ) ;
#5508 = ORIENTED_EDGE ( 'NONE', *, *, #3001, .T. ) ;
#5509 = VECTOR ( 'NONE', #7741, 1000.000000000000000 ) ;
#5510 = VECTOR ( 'NONE', #6559, 1000.000000000000000 ) ;
#5511 = ORIENTED_EDGE ( 'NONE', *, *, #2819, .F. ) ;
#5512 =( LENGTH_UNIT ( ) NAMED_UNIT ( * ) SI_UNIT ( .MILLI., .METRE. ) );
#5513 = PLANE ( 'NONE',  #4012 ) ;
#5514 = DIRECTION ( 'NONE',  ( -0.000000000000000000, 0.000000000000000000, 1.000000000000000000 ) ) ;
#5515 = VECTOR ( 'NONE', #1097, 1000.000000000000000 ) ;
#5516 = EDGE_CURVE ( 'NONE', #716, #9686, #1802, .T. ) ;
#5517 = ADVANCED_FACE ( 'NONE', ( #5972 ), #5273, .F. ) ;
#5518 = FILL_AREA_STYLE ('',( #2049 ) ) ;
#5519 = LINE ( 'NONE', #5580, #11063 ) ;
#5520 = ORIENTED_EDGE ( 'NONE', *, *, #2283, .F. ) ;
#5521 = CARTESIAN_POINT ( 'NONE',  ( 1.269999999999996909, 8.509000000000000341, -1.270000000000001128 ) ) ;
#5522 = LINE ( 'NONE', #1191, #5675 ) ;
#5523 = EDGE_CURVE ( 'NONE', #8784, #2126, #10411, .T. ) ;
#5524 = VECTOR ( 'NONE', #10001, 1000.000000000000000 ) ;
#5525 = MANIFOLD_SOLID_BREP ( 'LPattern1[12]', #4085 ) ;
#5526 = VERTEX_POINT ( 'NONE', #9499 ) ;
#5527 = CARTESIAN_POINT ( 'NONE',  ( 19.04999999999999716, 0.5080000000000000071, 0.7528818102449925664 ) ) ;
#5528 = ORIENTED_EDGE ( 'NONE', *, *, #9512, .T. ) ;
#5529 = VECTOR ( 'NONE', #6798, 1000.000000000000000 ) ;
#5530 = ORIENTED_EDGE ( 'NONE', *, *, #4527, .F. ) ;
#5531 = ORIENTED_EDGE ( 'NONE', *, *, #1769, .F. ) ;
#5532 = VECTOR ( 'NONE', #6361, 1000.000000000000000 ) ;
#5533 = DIRECTION ( 'NONE',  ( 0.000000000000000000, 0.000000000000000000, -1.000000000000000000 ) ) ;
#5534 = EDGE_CURVE ( 'NONE', #525, #7837, #7854, .T. ) ;
#5535 = CARTESIAN_POINT ( 'NONE',  ( 17.39899999999999736, 8.064500000000000668, -0.3810000000000027809 ) ) ;
#5536 = VERTEX_POINT ( 'NONE', #4263 ) ;
#5537 = LINE ( 'NONE', #8846, #4969 ) ;
#5538 = CARTESIAN_POINT ( 'NONE',  ( 19.93900000000000006, 8.064500000000000668, 0.3809999999999960085 ) ) ;
#5539 = ADVANCED_FACE ( 'NONE', ( #1628 ), #3407, .F. ) ;
#5540 = ORIENTED_EDGE ( 'NONE', *, *, #7773, .T. ) ;
#5541 = DIRECTION ( 'NONE',  ( 0.000000000000000000, -1.440069553722777130E-16, 1.000000000000000000 ) ) ;
#5542 = CARTESIAN_POINT ( 'NONE',  ( -18.16100000000000492, 8.064500000000000668, 0.3809999999999958975 ) ) ;
#5543 = ORIENTED_EDGE ( 'NONE', *, *, #6649, .T. ) ;
#5544 = CLOSED_SHELL ( 'NONE', ( #2977, #6856, #4348, #509, #5804, #6233, #4788, #3113, #6574, #8243, #253, #9060, #10422, #10924, #8449, #3037, #5681, #9035, #2404 ) ) ;
#5545 = ORIENTED_EDGE ( 'NONE', *, *, #4736, .F. ) ;
#5546 = EDGE_CURVE ( 'NONE', #3955, #6433, #6941, .T. ) ;
#5547 = VECTOR ( 'NONE', #4674, 1000.000000000000114 ) ;
#5548 = EDGE_CURVE ( 'NONE', #5728, #10229, #3519, .T. ) ;
#5549 = DIRECTION ( 'NONE',  ( 0.000000000000000000, 2.548365665731588345E-16, -1.000000000000000000 ) ) ;
#5550 = DIRECTION ( 'NONE',  ( 0.000000000000000000, -2.449293598294710852E-16, 1.000000000000000000 ) ) ;
#5551 = EDGE_LOOP ( 'NONE', ( #2908, #7648, #8968, #11094 ) ) ;
#5552 = PLANE ( 'NONE',  #8073 ) ;
#5553 = CARTESIAN_POINT ( 'NONE',  ( -24.38400000000000745, 8.509000000000000341, 1.270000000000001128 ) ) ;
#5554 = LINE ( 'NONE', #5493, #8142 ) ;
#5555 = FACE_OUTER_BOUND ( 'NONE', #9641, .T. ) ;
#5556 = COLOUR_RGB ( '',0.2509803921568627416, 0.2509803921568627416, 0.2509803921568627416 ) ;
#5557 = ORIENTED_EDGE ( 'NONE', *, *, #9579, .F. ) ;
#5558 = VECTOR ( 'NONE', #8856, 1000.000000000000114 ) ;
#5559 = DIRECTION ( 'NONE',  ( 1.000000000000000000, 0.000000000000000000, -0.000000000000000000 ) ) ;
#5560 = VECTOR ( 'NONE', #9307, 1000.000000000000000 ) ;
#5561 = DIRECTION ( 'NONE',  ( -0.000000000000000000, 0.2588190451025140781, 0.9659258262890700886 ) ) ;
#5562 = CARTESIAN_POINT ( 'NONE',  ( -0.8255000000000033422, 8.509000000000000341, -1.270000000000001128 ) ) ;
#5563 = DIRECTION ( 'NONE',  ( 1.000000000000000000, 0.000000000000000000, 0.000000000000000000 ) ) ;
#5564 = CARTESIAN_POINT ( 'NONE',  ( -16.51000000000000512, 8.509000000000000341, 1.270000000000001128 ) ) ;
#5565 = ORIENTED_EDGE ( 'NONE', *, *, #9262, .T. ) ;
#5566 = LINE ( 'NONE', #1117, #5682 ) ;
#5567 = VECTOR ( 'NONE', #11018, 1000.000000000000000 ) ;
#5568 = DIRECTION ( 'NONE',  ( 0.7071067811865475727, -0.7071067811865475727, 0.000000000000000000 ) ) ;
#5569 = ADVANCED_FACE ( 'NONE', ( #2092 ), #6422, .F. ) ;
#5570 = DIRECTION ( 'NONE',  ( 0.000000000000000000, -1.440069553722777130E-16, 1.000000000000000000 ) ) ;
#5571 = ORIENTED_EDGE ( 'NONE', *, *, #117, .T. ) ;
#5572 = ADVANCED_FACE ( 'NONE', ( #10809 ), #10642, .F. ) ;
#5573 = ORIENTED_EDGE ( 'NONE', *, *, #7694, .F. ) ;
#5574 = DIRECTION ( 'NONE',  ( 1.000000000000000000, 0.000000000000000000, 0.000000000000000000 ) ) ;
#5575 = AXIS2_PLACEMENT_3D ( 'NONE', #200, #10076, #4630 ) ;
#5576 = LINE ( 'NONE', #3695, #2402 ) ;
#5577 = DIRECTION ( 'NONE',  ( -0.000000000000000000, 1.000000000000000000, 2.449293598294710852E-16 ) ) ;
#5578 =( LENGTH_UNIT ( ) NAMED_UNIT ( * ) SI_UNIT ( .MILLI., .METRE. ) );
#5579 = CARTESIAN_POINT ( 'NONE',  ( 1.269999999999996909, 8.509000000000000341, -1.270000000000001128 ) ) ;
#5580 = CARTESIAN_POINT ( 'NONE',  ( 23.24099999999999611, 7.239000000000000767, 0.3809999999999958975 ) ) ;
#5581 = ORIENTED_EDGE ( 'NONE', *, *, #5489, .F. ) ;
#5582 = LINE ( 'NONE', #10828, #7697 ) ;
#5583 = MANIFOLD_SOLID_BREP ( 'LPattern1[14]', #7907 ) ;
#5584 = ORIENTED_EDGE ( 'NONE', *, *, #11153, .T. ) ;
#5585 = CARTESIAN_POINT ( 'NONE',  ( 3.809999999999997389, 2.177422008883992879E-16, -0.8890000000000013447 ) ) ;
#5586 = EDGE_LOOP ( 'NONE', ( #5355, #9566, #8490, #9639 ) ) ;
#5587 = ADVANCED_FACE ( 'NONE', ( #1277 ), #10584, .F. ) ;
#5588 = VECTOR ( 'NONE', #6174, 1000.000000000000114 ) ;
#5589 = LINE ( 'NONE', #9065, #4313 ) ;
#5590 = ORIENTED_EDGE ( 'NONE', *, *, #7623, .F. ) ;
#5591 = ADVANCED_FACE ( 'NONE', ( #2891 ), #7181, .F. ) ;
#5592 = ORIENTED_EDGE ( 'NONE', *, *, #1096, .T. ) ;
#5593 = EDGE_CURVE ( 'NONE', #6792, #7300, #8027, .T. ) ;
#5594 = VECTOR ( 'NONE', #4561, 1000.000000000000000 ) ;
#5595 = CARTESIAN_POINT ( 'NONE',  ( -19.93900000000000361, 8.064500000000000668, 0.3809999999999958975 ) ) ;
#5596 = DIRECTION ( 'NONE',  ( -1.000000000000000000, -0.000000000000000000, -0.000000000000000000 ) ) ;
#5597 = AXIS2_PLACEMENT_3D ( 'NONE', #5001, #6789, #7647 ) ;
#5598 = VERTEX_POINT ( 'NONE', #172 ) ;
#5599 = CARTESIAN_POINT ( 'NONE',  ( -4.254500000000004611, 8.509000000000000341, -0.8255000000000041194 ) ) ;
#5600 = CARTESIAN_POINT ( 'NONE',  ( -13.08100000000000485, 7.239000000000000767, 0.3809999999999958975 ) ) ;
#5601 = ORIENTED_EDGE ( 'NONE', *, *, #10689, .T. ) ;
#5602 = CARTESIAN_POINT ( 'NONE',  ( 11.42999999999999616, -1.925929944387235853E-31, 0.8889999999999991243 ) ) ;
#5603 = ORIENTED_EDGE ( 'NONE', *, *, #6914, .F. ) ;
#5604 = AXIS2_PLACEMENT_3D ( 'NONE', #5974, #9448, #728 ) ;
#5605 = VERTEX_POINT ( 'NONE', #9040 ) ;
#5606 = EDGE_CURVE ( 'NONE', #5455, #6167, #1114, .T. ) ;
#5607 = EDGE_CURVE ( 'NONE', #5690, #11118, #5394, .T. ) ;
#5608 = CARTESIAN_POINT ( 'NONE',  ( 6.349999999999994316, 2.177422008883992879E-16, -0.8890000000000013447 ) ) ;
#5609 = LINE ( 'NONE', #9137, #10030 ) ;
#5610 = ORIENTED_EDGE ( 'NONE', *, *, #6304, .F. ) ;
#5611 = FACE_OUTER_BOUND ( 'NONE', #4514, .T. ) ;
#5612 = LINE ( 'NONE', #381, #11211 ) ;
#5613 = FACE_OUTER_BOUND ( 'NONE', #4578, .T. ) ;
#5614 = CARTESIAN_POINT ( 'NONE',  ( -13.08100000000000485, 8.064500000000000668, -0.3810000000000027809 ) ) ;
#5615 = ORIENTED_EDGE ( 'NONE', *, *, #9940, .T. ) ;
#5616 = EDGE_CURVE ( 'NONE', #6498, #2748, #4595, .T. ) ;
#5617 = DIRECTION ( 'NONE',  ( -1.000000000000000000, -0.000000000000000000, -0.000000000000000000 ) ) ;
#5618 = MANIFOLD_SOLID_BREP ( 'LPattern1[11]', #1713 ) ;
#5619 = LINE ( 'NONE', #3062, #10845 ) ;
#5620 = LINE ( 'NONE', #4764, #3237 ) ;
#5621 = ORIENTED_EDGE ( 'NONE', *, *, #257, .T. ) ;
#5622 = ADVANCED_FACE ( 'NONE', ( #6537 ), #3798, .F. ) ;
#5623 = CARTESIAN_POINT ( 'NONE',  ( 19.04999999999999716, 8.509000000000000341, 1.270000000000001128 ) ) ;
#5624 = DIRECTION ( 'NONE',  ( -0.7071067811865475727, -0.7071067811865475727, 0.000000000000000000 ) ) ;
#5625 = DIRECTION ( 'NONE',  ( 0.000000000000000000, -0.000000000000000000, -1.000000000000000000 ) ) ;
#5626 = ORIENTED_EDGE ( 'NONE', *, *, #50, .T. ) ;
#5627 = VECTOR ( 'NONE', #2843, 1000.000000000000000 ) ;
#5628 = EDGE_LOOP ( 'NONE', ( #4677, #1635, #2628, #4540 ) ) ;
#5629 = DIRECTION ( 'NONE',  ( 0.000000000000000000, 0.000000000000000000, 1.000000000000000000 ) ) ;
#5630 = FACE_OUTER_BOUND ( 'NONE', #9549, .T. ) ;
#5631 = VECTOR ( 'NONE', #1228, 999.9999999999998863 ) ;
#5632 = CARTESIAN_POINT ( 'NONE',  ( -24.38400000000000745, 8.509000000000000341, 1.270000000000001128 ) ) ;
#5633 = PRESENTATION_STYLE_ASSIGNMENT (( #6381 ) ) ;
#5634 = DIRECTION ( 'NONE',  ( -1.000000000000000000, -0.000000000000000000, -0.000000000000000000 ) ) ;
#5635 = ORIENTED_EDGE ( 'NONE', *, *, #1702, .F. ) ;
#5636 = DIRECTION ( 'NONE',  ( -1.000000000000000000, -0.000000000000000000, -0.000000000000000000 ) ) ;
#5637 = UNCERTAINTY_MEASURE_WITH_UNIT (LENGTH_MEASURE( 1.000000000000000082E-05 ), #1453, 'distance_accuracy_value', 'NONE');
#5638 = EDGE_LOOP ( 'NONE', ( #4495, #6634, #1526, #7576 ) ) ;
#5639 = LINE ( 'NONE', #6447, #6434 ) ;
#5640 = VERTEX_POINT ( 'NONE', #4980 ) ;
#5641 = CARTESIAN_POINT ( 'NONE',  ( -24.13000000000000611, 0.5080000000000002292, -0.7528818102449945648 ) ) ;
#5642 = VERTEX_POINT ( 'NONE', #494 ) ;
#5643 = EDGE_LOOP ( 'NONE', ( #5276, #8270, #520, #47, #1304, #10216, #6880, #2601 ) ) ;
#5644 = CARTESIAN_POINT ( 'NONE',  ( -23.24100000000000321, 7.239000000000000767, 0.3809999999999958975 ) ) ;
#5645 = LINE ( 'NONE', #2227, #10310 ) ;
#5646 = ORIENTED_EDGE ( 'NONE', *, *, #6219, .T. ) ;
#5647 = CARTESIAN_POINT ( 'NONE',  ( 13.96999999999999709, 2.177422008883992879E-16, -0.8890000000000013447 ) ) ;
#5648 = DIRECTION ( 'NONE',  ( 1.000000000000000000, 0.000000000000000000, 0.000000000000000000 ) ) ;
#5649 = ORIENTED_EDGE ( 'NONE', *, *, #7910, .T. ) ;
#5650 = AXIS2_PLACEMENT_3D ( 'NONE', #10172, #676, #1293 ) ;
#5651 = LINE ( 'NONE', #9130, #6424 ) ;
#5652 = ORIENTED_EDGE ( 'NONE', *, *, #5534, .T. ) ;
#5653 = EDGE_LOOP ( 'NONE', ( #6576, #7432, #3288, #7101 ) ) ;
#5654 = CARTESIAN_POINT ( 'NONE',  ( 43.17999999999999972, 7.239000000000000767, -2.201425730935033664E-16 ) ) ;
#5655 = LINE ( 'NONE', #7383, #5117 ) ;
#5656 = ORIENTED_EDGE ( 'NONE', *, *, #3872, .F. ) ;
#5657 = EDGE_CURVE ( 'NONE', #2697, #9875, #9374, .T. ) ;
#5658 = CARTESIAN_POINT ( 'NONE',  ( -21.59000000000000341, 0.000000000000000000, 0.000000000000000000 ) ) ;
#5659 = ADVANCED_FACE ( 'NONE', ( #607 ), #2254, .F. ) ;
#5660 = DIRECTION ( 'NONE',  ( 0.000000000000000000, 0.000000000000000000, -1.000000000000000000 ) ) ;
#5661 = DIRECTION ( 'NONE',  ( 0.000000000000000000, -2.449293598294710852E-16, 1.000000000000000000 ) ) ;
#5662 = ADVANCED_FACE ( 'NONE', ( #10918 ), #3280, .F. ) ;
#5663 = VECTOR ( 'NONE', #5144, 1000.000000000000000 ) ;
#5664 = CARTESIAN_POINT ( 'NONE',  ( -19.05000000000000426, -1.925929944387235853E-31, 0.8889999999999991243 ) ) ;
#5665 = ORIENTED_EDGE ( 'NONE', *, *, #5305, .F. ) ;
#5666 = EDGE_CURVE ( 'NONE', #6673, #7136, #3967, .T. ) ;
#5667 = FACE_OUTER_BOUND ( 'NONE', #6952, .T. ) ;
#5668 = MANIFOLD_SOLID_BREP ( 'LPattern1[2]', #9358 ) ;
#5669 = VECTOR ( 'NONE', #9712, 999.9999999999998863 ) ;
#5670 = DIRECTION ( 'NONE',  ( 0.000000000000000000, -1.000000000000000000, 0.000000000000000000 ) ) ;
#5671 = CARTESIAN_POINT ( 'NONE',  ( 17.90699999999999648, 7.810500000000001108, 0.1269999999999961438 ) ) ;
#5672 = LINE ( 'NONE', #3850, #5778 ) ;
#5673 = ORIENTED_EDGE ( 'NONE', *, *, #9243, .T. ) ;
#5674 = CARTESIAN_POINT ( 'NONE',  ( 11.42999999999999616, 3.110602869834277161E-16, -1.270000000000001128 ) ) ;
#5675 = VECTOR ( 'NONE', #4726, 1000.000000000000000 ) ;
#5676 = PLANE ( 'NONE',  #6636 ) ;
#5677 = DIRECTION ( 'NONE',  ( -0.5773502691896252870, -0.5773502691896251759, -0.5773502691896267303 ) ) ;
#5678 = STYLED_ITEM ( 'NONE', ( #5217 ), #5525 ) ;
#5679 = ORIENTED_EDGE ( 'NONE', *, *, #4632, .F. ) ;
#5680 = ORIENTED_EDGE ( 'NONE', *, *, #7090, .T. ) ;
#5681 = ADVANCED_FACE ( 'NONE', ( #5898 ), #9204, .F. ) ;
#5682 = VECTOR ( 'NONE', #1237, 1000.000000000000114 ) ;
#5683 = CARTESIAN_POINT ( 'NONE',  ( -11.43000000000000504, 8.509000000000000341, 1.270000000000001128 ) ) ;
#5684 = CARTESIAN_POINT ( 'NONE',  ( 18.60549999999999571, 8.509000000000000341, 0.8254999999999976801 ) ) ;
#5685 =( LENGTH_UNIT ( ) NAMED_UNIT ( * ) SI_UNIT ( .MILLI., .METRE. ) );
#5686 = STYLED_ITEM ( 'NONE', ( #8465 ), #5668 ) ;
#5687 = PLANE ( 'NONE',  #8871 ) ;
#5688 = VERTEX_POINT ( 'NONE', #8245 ) ;
#5689 = LINE ( 'NONE', #3925, #5126 ) ;
#5690 = VERTEX_POINT ( 'NONE', #441 ) ;
#5691 = DIRECTION ( 'NONE',  ( 0.000000000000000000, 1.000000000000000000, 2.548365665731588345E-16 ) ) ;
#5692 = ORIENTED_EDGE ( 'NONE', *, *, #6448, .F. ) ;
#5693 = AXIS2_PLACEMENT_3D ( 'NONE', #6228, #3612, #7155 ) ;
#5694 = FACE_OUTER_BOUND ( 'NONE', #10184, .T. ) ;
#5695 = ORIENTED_EDGE ( 'NONE', *, *, #7756, .F. ) ;
#5696 = ORIENTED_EDGE ( 'NONE', *, *, #9629, .F. ) ;
#5697 = VECTOR ( 'NONE', #11077, 1000.000000000000000 ) ;
#5698 = ADVANCED_FACE ( 'NONE', ( #8406 ), #3061, .F. ) ;
#5699 = CARTESIAN_POINT ( 'NONE',  ( -4.699000000000005173, 7.239000000000000767, -0.3810000000000028919 ) ) ;
#5700 = DIRECTION ( 'NONE',  ( -1.000000000000000000, -0.000000000000000000, -0.000000000000000000 ) ) ;
#5701 = MECHANICAL_DESIGN_GEOMETRIC_PRESENTATION_REPRESENTATION (  '', ( #6253 ), #1330 ) ;
#5702 = FACE_OUTER_BOUND ( 'NONE', #10692, .T. ) ;
#5703 = VERTEX_POINT ( 'NONE', #548 ) ;
#5704 = DIRECTION ( 'NONE',  ( 0.000000000000000000, 0.9659258262890699775, 0.2588190451025145222 ) ) ;
#5705 = PLANE ( 'NONE',  #10780 ) ;
#5706 = ORIENTED_EDGE ( 'NONE', *, *, #5246, .F. ) ;
#5707 = FILL_AREA_STYLE_COLOUR ( '', #10232 ) ;
#5708 = ORIENTED_EDGE ( 'NONE', *, *, #5042, .F. ) ;
#5709 = ORIENTED_EDGE ( 'NONE', *, *, #1079, .F. ) ;
#5710 = VECTOR ( 'NONE', #6882, 1000.000000000000000 ) ;
#5711 = VECTOR ( 'NONE', #1032, 999.9999999999998863 ) ;
#5712 = LINE ( 'NONE', #5608, #6669 ) ;
#5713 = CARTESIAN_POINT ( 'NONE',  ( 2.158999999999997588, 8.064500000000000668, -0.3810000000000027809 ) ) ;
#5714 = ORIENTED_EDGE ( 'NONE', *, *, #804, .T. ) ;
#5715 = CARTESIAN_POINT ( 'NONE',  ( 16.50999999999999801, 3.110602869834277161E-16, -1.270000000000001128 ) ) ;
#5716 = CARTESIAN_POINT ( 'NONE',  ( -1.270000000000003793, 0.000000000000000000, 1.269999999999998908 ) ) ;
#5717 = CARTESIAN_POINT ( 'NONE',  ( -21.59000000000000341, 0.5080000000000000071, 0.7528818102449925664 ) ) ;
#5718 = LINE ( 'NONE', #10691, #9716 ) ;
#5719 = ORIENTED_EDGE ( 'NONE', *, *, #11099, .T. ) ;
#5720 = VERTEX_POINT ( 'NONE', #4015 ) ;
#5721 = EDGE_CURVE ( 'NONE', #1502, #1872, #7506, .T. ) ;
#5722 = ADVANCED_FACE ( 'NONE', ( #2714 ), #3503, .F. ) ;
#5723 = CARTESIAN_POINT ( 'NONE',  ( -21.59000000000000341, 0.000000000000000000, 1.269999999999998908 ) ) ;
#5724 = EDGE_CURVE ( 'NONE', #7680, #9955, #9542, .T. ) ;
#5725 = CARTESIAN_POINT ( 'NONE',  ( -10.54100000000000392, 7.239000000000000767, 0.3809999999999958975 ) ) ;
#5726 = DIRECTION ( 'NONE',  ( 0.000000000000000000, -2.449293598294710852E-16, 1.000000000000000000 ) ) ;
#5727 = CARTESIAN_POINT ( 'NONE',  ( 17.90699999999999648, 7.810500000000000220, -0.1270000000000024998 ) ) ;
#5728 = VERTEX_POINT ( 'NONE', #4364 ) ;
#5729 = LINE ( 'NONE', #5503, #2046 ) ;
#5730 = VECTOR ( 'NONE', #10064, 1000.000000000000000 ) ;
#5731 = DIRECTION ( 'NONE',  ( -0.000000000000000000, 0.000000000000000000, -1.000000000000000000 ) ) ;
#5732 = VECTOR ( 'NONE', #6006, 1000.000000000000000 ) ;
#5733 = DIRECTION ( 'NONE',  ( 0.000000000000000000, -1.000000000000000000, 0.000000000000000000 ) ) ;
#5734 = VERTEX_POINT ( 'NONE', #6009 ) ;
#5736 = ADVANCED_FACE ( 'NONE', ( #1791 ), #6179, .F. ) ;
#5735 = CARTESIAN_POINT ( 'NONE',  ( -8.890000000000004121, 8.509000000000000341, 0.8254999999999976801 ) ) ;
#5737 = CARTESIAN_POINT ( 'NONE',  ( 7.619999999999994778, 0.000000000000000000, 0.000000000000000000 ) ) ;
#5738 = ADVANCED_FACE ( 'NONE', ( #10280 ), #5262, .F. ) ;
#5739 = FACE_OUTER_BOUND ( 'NONE', #182, .T. ) ;
#5740 = EDGE_CURVE ( 'NONE', #196, #9285, #2593, .T. ) ;
#5741 = CARTESIAN_POINT ( 'NONE',  ( -13.97000000000000419, 0.000000000000000000, 1.269999999999998908 ) ) ;
#5742 = PRESENTATION_STYLE_ASSIGNMENT (( #6611 ) ) ;
#5743 = DIRECTION ( 'NONE',  ( 0.000000000000000000, -0.000000000000000000, -1.000000000000000000 ) ) ;
#5744 = VECTOR ( 'NONE', #481, 1000.000000000000000 ) ;
#5745 = AXIS2_PLACEMENT_3D ( 'NONE', #2457, #688, #3199 ) ;
#5746 = EDGE_CURVE ( 'NONE', #484, #7318, #712, .T. ) ;
#5747 = CARTESIAN_POINT ( 'NONE',  ( -5.461000000000003851, 8.064500000000000668, 0.3809999999999960085 ) ) ;
#5748 = ORIENTED_EDGE ( 'NONE', *, *, #8063, .F. ) ;
#5749 = PLANE ( 'NONE',  #3677 ) ;
#5750 = UNCERTAINTY_MEASURE_WITH_UNIT (LENGTH_MEASURE( 1.000000000000000082E-05 ), #6595, 'distance_accuracy_value', 'NONE');
#5751 = ORIENTED_EDGE ( 'NONE', *, *, #4568, .T. ) ;
#5752 = FACE_OUTER_BOUND ( 'NONE', #963, .T. ) ;
#5753 = VERTEX_POINT ( 'NONE', #10341 ) ;
#5754 = CARTESIAN_POINT ( 'NONE',  ( -24.38400000000000745, 3.110602869834277161E-16, -1.270000000000001128 ) ) ;
#5755 = ORIENTED_EDGE ( 'NONE', *, *, #5305, .T. ) ;
#5756 = VECTOR ( 'NONE', #8329, 1000.000000000000114 ) ;
#5757 = ORIENTED_EDGE ( 'NONE', *, *, #7623, .T. ) ;
#5758 = ADVANCED_FACE ( 'NONE', ( #7672 ), #2486, .F. ) ;
#5759 = DIRECTION ( 'NONE',  ( 0.000000000000000000, -1.169455476739838842E-16, 1.000000000000000000 ) ) ;
#5760 = AXIS2_PLACEMENT_3D ( 'NONE', #1108, #10745, #1224 ) ;
#5761 = DIRECTION ( 'NONE',  ( -0.000000000000000000, 0.2588190451025140781, 0.9659258262890700886 ) ) ;
#5762 = CARTESIAN_POINT ( 'NONE',  ( 6.349999999999994316, 0.5080000000000002292, -0.7528818102449945648 ) ) ;
#5763 = ORIENTED_EDGE ( 'NONE', *, *, #7172, .T. ) ;
#5764 = FACE_OUTER_BOUND ( 'NONE', #2453, .T. ) ;
#5765 = CARTESIAN_POINT ( 'NONE',  ( 19.93900000000000006, 8.064500000000000668, -0.3810000000000027809 ) ) ;
#5766 = AXIS2_PLACEMENT_3D ( 'NONE', #11081, #3275, #6816 ) ;
#5767 = ORIENTED_EDGE ( 'NONE', *, *, #3994, .F. ) ;
#5768 =( LENGTH_UNIT ( ) NAMED_UNIT ( * ) SI_UNIT ( .MILLI., .METRE. ) );
#5769 = EDGE_CURVE ( 'NONE', #4877, #9664, #766, .T. ) ;
#5770 = EDGE_LOOP ( 'NONE', ( #8603, #8425, #6337, #4164 ) ) ;
#5771 = ORIENTED_EDGE ( 'NONE', *, *, #6534, .F. ) ;
#5772 = VECTOR ( 'NONE', #2852, 1000.000000000000000 ) ;
#5773 = DIRECTION ( 'NONE',  ( 0.000000000000000000, 0.000000000000000000, -1.000000000000000000 ) ) ;
#5774 = CARTESIAN_POINT ( 'NONE',  ( -8.890000000000004121, -1.925929944387235853E-31, 0.8889999999999991243 ) ) ;
#5775 = EDGE_LOOP ( 'NONE', ( #9525, #3482, #497, #5482 ) ) ;
#5776 = CARTESIAN_POINT ( 'NONE',  ( 1.269999999999996909, 3.110602869834277161E-16, -1.270000000000001128 ) ) ;
#5777 = AXIS2_PLACEMENT_3D ( 'NONE', #9107, #1290, #10005 ) ;
#5778 = VECTOR ( 'NONE', #284, 1000.000000000000000 ) ;
#5779 = DIRECTION ( 'NONE',  ( -0.000000000000000000, 0.000000000000000000, -1.000000000000000000 ) ) ;
#5780 = DIRECTION ( 'NONE',  ( 0.000000000000000000, 0.000000000000000000, -1.000000000000000000 ) ) ;
#5781 = PLANE ( 'NONE',  #5766 ) ;
#5782 = VERTEX_POINT ( 'NONE', #9431 ) ;
#5783 = VERTEX_POINT ( 'NONE', #1615 ) ;
#5784 = VECTOR ( 'NONE', #4536, 1000.000000000000000 ) ;
#5785 = LINE ( 'NONE', #2196, #7317 ) ;
#5786 = DIRECTION ( 'NONE',  ( -0.000000000000000000, 1.000000000000000000, 1.440069553722777130E-16 ) ) ;
#5787 = EDGE_CURVE ( 'NONE', #8894, #4989, #5145, .T. ) ;
#5788 = CARTESIAN_POINT ( 'NONE',  ( -1.270000000000003793, 0.000000000000000000, 1.269999999999998908 ) ) ;
#5789 = CARTESIAN_POINT ( 'NONE',  ( 6.349999999999994316, 3.110602869834277161E-16, -1.270000000000001128 ) ) ;
#5790 = LINE ( 'NONE', #4142, #2306 ) ;
#5791 = ORIENTED_EDGE ( 'NONE', *, *, #2890, .F. ) ;
#5792 = DIRECTION ( 'NONE',  ( 0.000000000000000000, -1.000000000000000000, -2.548365665731588345E-16 ) ) ;
#5793 = CARTESIAN_POINT ( 'NONE',  ( 16.50999999999999801, -1.925929944387235853E-31, 0.8889999999999991243 ) ) ;
#5794 = ORIENTED_EDGE ( 'NONE', *, *, #3499, .T. ) ;
#5795 = ORIENTED_EDGE ( 'NONE', *, *, #269, .F. ) ;
#5796 = DIRECTION ( 'NONE',  ( 0.000000000000000000, 0.000000000000000000, 1.000000000000000000 ) ) ;
#5797 = CARTESIAN_POINT ( 'NONE',  ( -2.159000000000004693, 7.239000000000000767, 0.3809999999999958975 ) ) ;
#5798 = DIRECTION ( 'NONE',  ( 0.000000000000000000, -1.000000000000000000, -2.548365665731588345E-16 ) ) ;
#5799 = CARTESIAN_POINT ( 'NONE',  ( -10.54100000000000392, 7.239000000000000767, 0.3809999999999958975 ) ) ;
#5800 = LINE ( 'NONE', #727, #7015 ) ;
#5801 = CARTESIAN_POINT ( 'NONE',  ( 2.158999999999997588, 7.239000000000000767, -0.3810000000000028919 ) ) ;
#5802 = ORIENTED_EDGE ( 'NONE', *, *, #7792, .T. ) ;
#5803 = CARTESIAN_POINT ( 'NONE',  ( 21.58999999999999631, 3.110602869834277161E-16, -1.270000000000001128 ) ) ;
#5804 = ADVANCED_FACE ( 'NONE', ( #41 ), #11203, .F. ) ;
#5805 = ORIENTED_EDGE ( 'NONE', *, *, #8185, .T. ) ;
#5806 = CARTESIAN_POINT ( 'NONE',  ( 6.349999999999997868, 3.110602869834277161E-16, -1.270000000000001128 ) ) ;
#5807 = ORIENTED_EDGE ( 'NONE', *, *, #5724, .F. ) ;
#5808 = EDGE_CURVE ( 'NONE', #1599, #3955, #938, .T. ) ;
#5809 = PLANE ( 'NONE',  #6505 ) ;
#5810 = ADVANCED_FACE ( 'NONE', ( #4307 ), #5028, .F. ) ;
#5811 = ORIENTED_EDGE ( 'NONE', *, *, #1788, .F. ) ;
#5812 = ORIENTED_EDGE ( 'NONE', *, *, #2548, .T. ) ;
#5813 = CARTESIAN_POINT ( 'NONE',  ( 3.809999999999997389, 0.000000000000000000, 0.000000000000000000 ) ) ;
#5814 = PLANE ( 'NONE',  #8138 ) ;
#5815 = LINE ( 'NONE', #1536, #5214 ) ;
#5816 = EDGE_LOOP ( 'NONE', ( #10609, #265, #5863, #3121, #557, #153, #10148, #7752 ) ) ;
#5817 = PLANE ( 'NONE',  #3522 ) ;
#5818 = LINE ( 'NONE', #4955, #1666 ) ;
#5819 = ORIENTED_EDGE ( 'NONE', *, *, #1578, .T. ) ;
#5820 = CARTESIAN_POINT ( 'NONE',  ( 24.38400000000000745, 3.110602869834277161E-16, -1.270000000000001128 ) ) ;
#5821 = EDGE_LOOP ( 'NONE', ( #2938, #2572, #1543, #6564, #6404, #5807, #10404, #7877 ) ) ;
#5822 = VERTEX_POINT ( 'NONE', #8691 ) ;
#5823 = EDGE_CURVE ( 'NONE', #1151, #6396, #6982, .T. ) ;
#5824 = CARTESIAN_POINT ( 'NONE',  ( -1.270000000000003793, -1.925929944387235853E-31, 0.8889999999999991243 ) ) ;
#5825 = DIRECTION ( 'NONE',  ( 0.000000000000000000, 0.9659258262890700886, -0.2588190451025140781 ) ) ;
#5826 = ORIENTED_EDGE ( 'NONE', *, *, #320, .T. ) ;
#5827 = DIRECTION ( 'NONE',  ( -1.000000000000000000, 0.000000000000000000, -0.000000000000000000 ) ) ;
#5828 = LINE ( 'NONE', #2188, #9383 ) ;
#5829 = CARTESIAN_POINT ( 'NONE',  ( -13.08100000000000485, 7.239000000000000767, -0.3810000000000028919 ) ) ;
#5830 = VECTOR ( 'NONE', #9594, 1000.000000000000000 ) ;
#5831 = LINE ( 'NONE', #7499, #8677 ) ;
#5832 = ORIENTED_EDGE ( 'NONE', *, *, #10685, .F. ) ;
#5833 = ORIENTED_EDGE ( 'NONE', *, *, #4219, .F. ) ;
#5834 = DIRECTION ( 'NONE',  ( 0.000000000000000000, -5.054934237236841843E-31, -1.000000000000000000 ) ) ;
#5835 = VECTOR ( 'NONE', #580, 1000.000000000000000 ) ;
#5836 = SURFACE_SIDE_STYLE ('',( #3111 ) ) ;
#5837 = DIRECTION ( 'NONE',  ( 0.000000000000000000, -0.9659258262890699775, -0.2588190451025145222 ) ) ;
#5838 = AXIS2_PLACEMENT_3D ( 'NONE', #7403, #11098, #560 ) ;
#5839 = CARTESIAN_POINT ( 'NONE',  ( -16.51000000000000512, 2.177422008883992879E-16, -0.8890000000000013447 ) ) ;
#5840 = DIRECTION ( 'NONE',  ( -0.000000000000000000, 1.000000000000000000, 1.733406087350420004E-16 ) ) ;
#5841 = ORIENTED_EDGE ( 'NONE', *, *, #6914, .T. ) ;
#5842 = LINE ( 'NONE', #1676, #8628 ) ;
#5843 = PLANE ( 'NONE',  #8376 ) ;
#5844 = ORIENTED_EDGE ( 'NONE', *, *, #7438, .F. ) ;
#5845 = VERTEX_POINT ( 'NONE', #4418 ) ;
#5846 = VECTOR ( 'NONE', #1056, 1000.000000000000000 ) ;
#5847 = CARTESIAN_POINT ( 'NONE',  ( 0.000000000000000000, 0.000000000000000000, 0.000000000000000000 ) ) ;
#5848 = AXIS2_PLACEMENT_3D ( 'NONE', #1993, #8156, #5458 ) ;
#5849 = FACE_BOUND ( 'NONE', #1403, .T. ) ;
#5850 = FACE_OUTER_BOUND ( 'NONE', #6540, .T. ) ;
#5851 = VECTOR ( 'NONE', #1539, 1000.000000000000000 ) ;
#5852 = CARTESIAN_POINT ( 'NONE',  ( -13.97000000000000419, 8.509000000000000341, -1.270000000000001128 ) ) ;
#5853 = ORIENTED_EDGE ( 'NONE', *, *, #1024, .T. ) ;
#5854 = LINE ( 'NONE', #4156, #2415 ) ;
#5855 = UNCERTAINTY_MEASURE_WITH_UNIT (LENGTH_MEASURE( 1.000000000000000082E-05 ), #11181, 'distance_accuracy_value', 'NONE');
#5856 = VERTEX_POINT ( 'NONE', #7897 ) ;
#5857 = PRESENTATION_LAYER_ASSIGNMENT (  '', '', ( #6220 ) ) ;
#5858 = CARTESIAN_POINT ( 'NONE',  ( -24.38400000000000745, -1.925929944387235853E-31, 0.8889999999999991243 ) ) ;
#5859 = ORIENTED_EDGE ( 'NONE', *, *, #2671, .T. ) ;
#5860 = DIRECTION ( 'NONE',  ( 0.000000000000000000, 0.000000000000000000, -1.000000000000000000 ) ) ;
#5861 = ORIENTED_EDGE ( 'NONE', *, *, #1901, .F. ) ;
#5862 = VECTOR ( 'NONE', #2389, 1000.000000000000000 ) ;
#5863 = ORIENTED_EDGE ( 'NONE', *, *, #9282, .F. ) ;
#5864 = EDGE_CURVE ( 'NONE', #2056, #8434, #101, .T. ) ;
#5865 = ADVANCED_FACE ( 'NONE', ( #3730 ), #10630, .F. ) ;
#5866 = CARTESIAN_POINT ( 'NONE',  ( 0.3810000000000000053, 0.5079999999999998961, -0.2031999999999997419 ) ) ;
#5867 = DIRECTION ( 'NONE',  ( 0.000000000000000000, 0.9659258262890699775, 0.2588190451025145222 ) ) ;
#5868 = ADVANCED_FACE ( 'NONE', ( #1220 ), #1058, .F. ) ;
#5869 = DIRECTION ( 'NONE',  ( 0.000000000000000000, 0.000000000000000000, -1.000000000000000000 ) ) ;
#5870 = ORIENTED_EDGE ( 'NONE', *, *, #9703, .F. ) ;
#5871 = PLANE ( 'NONE',  #8621 ) ;
#5872 = DIRECTION ( 'NONE',  ( 0.000000000000000000, 0.000000000000000000, -1.000000000000000000 ) ) ;
#5873 = STYLED_ITEM ( 'NONE', ( #8616 ), #1810 ) ;
#5874 = ORIENTED_EDGE ( 'NONE', *, *, #6742, .F. ) ;
#5875 = CARTESIAN_POINT ( 'NONE',  ( -13.97000000000000419, 8.509000000000000341, -1.270000000000001128 ) ) ;
#5876 = ORIENTED_EDGE ( 'NONE', *, *, #9424, .T. ) ;
#5877 = STYLED_ITEM ( 'NONE', ( #9096 ), #5583 ) ;
#5878 = ORIENTED_EDGE ( 'NONE', *, *, #7091, .F. ) ;
#5879 = ADVANCED_FACE ( 'NONE', ( #9656 ), #5552, .F. ) ;
#5880 = EDGE_CURVE ( 'NONE', #1352, #5430, #1969, .T. ) ;
#5881 = DIRECTION ( 'NONE',  ( -1.000000000000000000, -0.000000000000000000, -0.000000000000000000 ) ) ;
#5882 = EDGE_CURVE ( 'NONE', #5359, #7468, #5318, .T. ) ;
#5883 = CARTESIAN_POINT ( 'NONE',  ( 12.57299999999999685, 7.810500000000000220, -0.1270000000000024998 ) ) ;
#5884 = EDGE_CURVE ( 'NONE', #6895, #1262, #7957, .T. ) ;
#5885 = VECTOR ( 'NONE', #3090, 1000.000000000000000 ) ;
#5886 = ORIENTED_EDGE ( 'NONE', *, *, #11092, .T. ) ;
#5887 = DIRECTION ( 'NONE',  ( -0.000000000000000000, 1.000000000000000000, 1.733406087350420004E-16 ) ) ;
#5888 = DIRECTION ( 'NONE',  ( -0.000000000000000000, 1.000000000000000000, 1.733406087350420004E-16 ) ) ;
#5889 = CARTESIAN_POINT ( 'NONE',  ( -24.38400000000000745, 8.509000000000000341, -1.270000000000001128 ) ) ;
#5890 = FACE_OUTER_BOUND ( 'NONE', #4396, .T. ) ;
#5891 = VECTOR ( 'NONE', #6988, 1000.000000000000000 ) ;
#5892 = PLANE ( 'NONE',  #3766 ) ;
#5893 = ORIENTED_EDGE ( 'NONE', *, *, #4661, .T. ) ;
#5894 = EDGE_CURVE ( 'NONE', #8695, #9285, #9882, .T. ) ;
#5895 = ORIENTED_EDGE ( 'NONE', *, *, #3952, .T. ) ;
#5896 = VECTOR ( 'NONE', #3915, 1000.000000000000000 ) ;
#5897 = CARTESIAN_POINT ( 'NONE',  ( -13.97000000000000419, 0.5080000000000002292, -0.7528818102449945648 ) ) ;
#5898 = FACE_OUTER_BOUND ( 'NONE', #3817, .T. ) ;
#5899 = DIRECTION ( 'NONE',  ( 0.000000000000000000, -0.9659258262890699775, -0.2588190451025145222 ) ) ;
#5900 = CARTESIAN_POINT ( 'NONE',  ( 19.93900000000000006, 7.239000000000000767, 0.3809999999999958975 ) ) ;
#5901 = DIRECTION ( 'NONE',  ( 1.000000000000000000, 0.000000000000000000, -0.000000000000000000 ) ) ;
#5902 = ORIENTED_EDGE ( 'NONE', *, *, #1213, .F. ) ;
#5903 = FACE_OUTER_BOUND ( 'NONE', #10015, .T. ) ;
#5904 = EDGE_CURVE ( 'NONE', #6648, #6003, #7106, .T. ) ;
#5905 = LINE ( 'NONE', #5965, #6187 ) ;
#5906 = ORIENTED_EDGE ( 'NONE', *, *, #8460, .T. ) ;
#5907 = ORIENTED_EDGE ( 'NONE', *, *, #7345, .T. ) ;
#5908 = VECTOR ( 'NONE', #2110, 1000.000000000000000 ) ;
#5909 = CARTESIAN_POINT ( 'NONE',  ( 15.23999999999999666, 0.000000000000000000, 0.000000000000000000 ) ) ;
#5910 = DIRECTION ( 'NONE',  ( -0.000000000000000000, 1.000000000000000000, 1.440069553722777130E-16 ) ) ;
#5911 = CARTESIAN_POINT ( 'NONE',  ( -13.97000000000000419, 8.509000000000000341, -1.270000000000001128 ) ) ;
#5912 = LINE ( 'NONE', #563, #5730 ) ;
#5913 = AXIS2_PLACEMENT_3D ( 'NONE', #954, #10355, #10474 ) ;
#5914 = DIRECTION ( 'NONE',  ( 0.000000000000000000, 0.000000000000000000, 1.000000000000000000 ) ) ;
#5915 = VERTEX_POINT ( 'NONE', #1846 ) ;
#5916 = FACE_OUTER_BOUND ( 'NONE', #6615, .T. ) ;
#5917 = VECTOR ( 'NONE', #3919, 1000.000000000000114 ) ;
#5918 = VECTOR ( 'NONE', #768, 1000.000000000000000 ) ;
#5919 = FACE_OUTER_BOUND ( 'NONE', #9913, .T. ) ;
#5920 = ORIENTED_EDGE ( 'NONE', *, *, #2764, .F. ) ;
#5921 = CARTESIAN_POINT ( 'NONE',  ( -2.921000000000003372, 8.064500000000000668, 0.3809999999999960085 ) ) ;
#5922 = VERTEX_POINT ( 'NONE', #4702 ) ;
#5923 = VERTEX_POINT ( 'NONE', #10684 ) ;
#5924 = DIRECTION ( 'NONE',  ( -0.000000000000000000, -0.000000000000000000, 1.000000000000000000 ) ) ;
#5925 = VECTOR ( 'NONE', #4124, 1000.000000000000000 ) ;
#5926 = SHAPE_REPRESENTATION ( 'NPTC191LFBN-RC', ( #6344, #11241, #7058, #5777, #6511, #1774, #1963, #1584, #7607, #3412, #2682, #2873, #4134, #7968, #10515, #3052, #8506, #3593, #9950, #7979, #5044 ), #4698 ) ;
#5927 = DIRECTION ( 'NONE',  ( 0.000000000000000000, -5.054934237236841843E-31, -1.000000000000000000 ) ) ;
#5928 = DIRECTION ( 'NONE',  ( 1.000000000000000000, 0.000000000000000000, -0.000000000000000000 ) ) ;
#5929 = ORIENTED_EDGE ( 'NONE', *, *, #5227, .T. ) ;
#5930 = DIRECTION ( 'NONE',  ( -0.7071067811865475727, -0.7071067811865475727, 0.000000000000000000 ) ) ;
#5931 = LINE ( 'NONE', #6960, #8062 ) ;
#5932 = EDGE_CURVE ( 'NONE', #9677, #4552, #10799, .T. ) ;
#5933 = VECTOR ( 'NONE', #4016, 1000.000000000000000 ) ;
#5934 = ORIENTED_EDGE ( 'NONE', *, *, #7393, .T. ) ;
#5935 =( NAMED_UNIT ( * ) PLANE_ANGLE_UNIT ( ) SI_UNIT ( $, .RADIAN. ) );
#5937 = ORIENTED_EDGE ( 'NONE', *, *, #3241, .F. ) ;
#5936 = EDGE_CURVE ( 'NONE', #7136, #2234, #7228, .T. ) ;
#5938 = AXIS2_PLACEMENT_3D ( 'NONE', #7651, #3364, #8436 ) ;
#5939 = ORIENTED_EDGE ( 'NONE', *, *, #4515, .F. ) ;
#5940 = ADVANCED_FACE ( 'NONE', ( #5433 ), #8858, .F. ) ;
#5941 = PLANE ( 'NONE',  #8483 ) ;
#5942 = AXIS2_PLACEMENT_3D ( 'NONE', #3476, #10428, #2625 ) ;
#5943 = EDGE_LOOP ( 'NONE', ( #3264, #9167, #3089, #8721 ) ) ;
#5944 = CARTESIAN_POINT ( 'NONE',  ( 11.42999999999999616, 0.5080000000000002292, -0.7528818102449945648 ) ) ;
#5945 = CARTESIAN_POINT ( 'NONE',  ( 15.62099999999999511, 7.239000000000000767, -0.3810000000000028919 ) ) ;
#5946 = CARTESIAN_POINT ( 'NONE',  ( 13.08099999999999596, 8.064500000000000668, 0.3809999999999958975 ) ) ;
#5947 = FILL_AREA_STYLE_COLOUR ( '', #9509 ) ;
#5948 = EDGE_CURVE ( 'NONE', #4796, #2175, #6410, .T. ) ;
#5949 = PRESENTATION_LAYER_ASSIGNMENT (  '', '', ( #9403 ) ) ;
#5950 = VECTOR ( 'NONE', #5986, 1000.000000000000000 ) ;
#5951 = FACE_BOUND ( 'NONE', #1805, .T. ) ;
#5952 = EDGE_LOOP ( 'NONE', ( #7605, #11016, #7704, #2132 ) ) ;
#5953 = VECTOR ( 'NONE', #2394, 1000.000000000000000 ) ;
#5954 = ADVANCED_FACE ( 'NONE', ( #8973 ), #4585, .F. ) ;
#5955 = EDGE_CURVE ( 'NONE', #3142, #10940, #6358, .T. ) ;
#5956 = ORIENTED_EDGE ( 'NONE', *, *, #3532, .T. ) ;
#5957 = DIRECTION ( 'NONE',  ( 1.000000000000000000, 0.000000000000000000, 0.000000000000000000 ) ) ;
#5958 = VECTOR ( 'NONE', #7583, 1000.000000000000000 ) ;
#5959 = DIRECTION ( 'NONE',  ( 0.000000000000000000, 0.9659258262890699775, 0.2588190451025145222 ) ) ;
#5960 = CARTESIAN_POINT ( 'NONE',  ( -15.62100000000000399, 7.239000000000000767, 0.3809999999999958975 ) ) ;
#5961 = DIRECTION ( 'NONE',  ( 1.000000000000000000, 0.000000000000000000, 0.000000000000000000 ) ) ;
#5962 = PLANE ( 'NONE',  #845 ) ;
#5963 = ORIENTED_EDGE ( 'NONE', *, *, #5523, .F. ) ;
#5964 = FACE_OUTER_BOUND ( 'NONE', #11060, .T. ) ;
#5965 = CARTESIAN_POINT ( 'NONE',  ( -13.08100000000000485, 8.064500000000000668, 0.3809999999999958975 ) ) ;
#5966 = EDGE_CURVE ( 'NONE', #10952, #4650, #7165, .T. ) ;
#5967 = ORIENTED_EDGE ( 'NONE', *, *, #8748, .F. ) ;
#5968 = LINE ( 'NONE', #5327, #9905 ) ;
#5969 = DIRECTION ( 'NONE',  ( 0.000000000000000000, 0.000000000000000000, 1.000000000000000000 ) ) ;
#5970 = PLANE ( 'NONE',  #7140 ) ;
#5971 = ADVANCED_FACE ( 'NONE', ( #2022 ), #5490, .F. ) ;
#5972 = FACE_OUTER_BOUND ( 'NONE', #6727, .T. ) ;
#5973 = CARTESIAN_POINT ( 'NONE',  ( -1.270000000000003793, 2.177422008883992879E-16, -0.8890000000000013447 ) ) ;
#5974 = CARTESIAN_POINT ( 'NONE',  ( -20.70100000000000406, 7.239000000000000767, 0.3809999999999958975 ) ) ;
#5975 = EDGE_LOOP ( 'NONE', ( #10770, #3004, #9397, #1649 ) ) ;
#5976 = LINE ( 'NONE', #10239, #10970 ) ;
#5977 = PRODUCT_DEFINITION_CONTEXT ( 'detailed design', #7931, 'design' ) ;
#5978 = DIRECTION ( 'NONE',  ( 0.000000000000000000, 0.000000000000000000, 1.000000000000000000 ) ) ;
#5979 = ORIENTED_EDGE ( 'NONE', *, *, #8969, .F. ) ;
#5980 = LINE ( 'NONE', #1696, #2309 ) ;
#5981 = VERTEX_POINT ( 'NONE', #9029 ) ;
#5982 = EDGE_LOOP ( 'NONE', ( #8254, #7688, #4805, #3175 ) ) ;
#5983 = DIRECTION ( 'NONE',  ( 0.000000000000000000, -0.000000000000000000, -1.000000000000000000 ) ) ;
#5984 = LINE ( 'NONE', #9459, #7037 ) ;
#5985 = FACE_OUTER_BOUND ( 'NONE', #6563, .T. ) ;
#5986 = DIRECTION ( 'NONE',  ( -0.000000000000000000, -0.000000000000000000, 1.000000000000000000 ) ) ;
#5987 = ORIENTED_EDGE ( 'NONE', *, *, #3707, .F. ) ;
#5988 = PLANE ( 'NONE',  #1158 ) ;
#5989 = PLANE ( 'NONE',  #7328 ) ;
#5990 = ORIENTED_EDGE ( 'NONE', *, *, #5904, .F. ) ;
#5991 = SURFACE_STYLE_FILL_AREA ( #806 ) ;
#5992 = ORIENTED_EDGE ( 'NONE', *, *, #4736, .T. ) ;
#5993 = ORIENTED_EDGE ( 'NONE', *, *, #8429, .F. ) ;
#5994 = PRODUCT_DEFINITION_SHAPE ( 'NONE', 'NONE',  #10518 ) ;
#5995 = LINE ( 'NONE', #10377, #8129 ) ;
#5996 = ORIENTED_EDGE ( 'NONE', *, *, #319, .T. ) ;
#5997 = DIRECTION ( 'NONE',  ( 0.000000000000000000, 1.000000000000000000, 0.000000000000000000 ) ) ;
#5998 = DIRECTION ( 'NONE',  ( 1.000000000000000000, 0.000000000000000000, 0.000000000000000000 ) ) ;
#5999 = LINE ( 'NONE', #6060, #4116 ) ;
#6000 = ORIENTED_EDGE ( 'NONE', *, *, #4709, .T. ) ;
#6001 = DIRECTION ( 'NONE',  ( 0.7071067811865475727, -0.7071067811865475727, 0.000000000000000000 ) ) ;
#6002 = VERTEX_POINT ( 'NONE', #5776 ) ;
#6003 = VERTEX_POINT ( 'NONE', #4006 ) ;
#6004 = EDGE_CURVE ( 'NONE', #6958, #9416, #4122, .T. ) ;
#6005 = ADVANCED_FACE ( 'NONE', ( #7494 ), #4864, .F. ) ;
#6006 = DIRECTION ( 'NONE',  ( 0.000000000000000000, 0.000000000000000000, 1.000000000000000000 ) ) ;
#6007 = EDGE_CURVE ( 'NONE', #10466, #4836, #2187, .T. ) ;
#6008 = CARTESIAN_POINT ( 'NONE',  ( -13.08100000000000485, 7.239000000000000767, 0.3809999999999958975 ) ) ;
#6009 = CARTESIAN_POINT ( 'NONE',  ( -21.59000000000000341, 2.177422008883992879E-16, -0.8890000000000013447 ) ) ;
#6010 = LINE ( 'NONE', #3566, #8507 ) ;
#6011 = EDGE_CURVE ( 'NONE', #4939, #4155, #10962, .T. ) ;
#6012 = VECTOR ( 'NONE', #7780, 1000.000000000000000 ) ;
#6013 = LINE ( 'NONE', #9433, #10470 ) ;
#6014 = CARTESIAN_POINT ( 'NONE',  ( 19.93900000000000006, 7.239000000000000767, -0.3810000000000028919 ) ) ;
#6015 = ORIENTED_EDGE ( 'NONE', *, *, #5616, .T. ) ;
#6016 = DIRECTION ( 'NONE',  ( -0.000000000000000000, 0.000000000000000000, -1.000000000000000000 ) ) ;
#6017 = VECTOR ( 'NONE', #6719, 1000.000000000000000 ) ;
#6018 = CARTESIAN_POINT ( 'NONE',  ( -17.39900000000000446, 8.064500000000000668, -0.3810000000000027809 ) ) ;
#6019 = ORIENTED_EDGE ( 'NONE', *, *, #5331, .F. ) ;
#6020 = DIRECTION ( 'NONE',  ( -1.000000000000000000, 0.000000000000000000, 0.000000000000000000 ) ) ;
#6021 = CONTEXT_DEPENDENT_SHAPE_REPRESENTATION ( #1879, #717 ) ;
#6022 = ADVANCED_FACE ( 'NONE', ( #8453 ), #2138, .F. ) ;
#6023 = ADVANCED_FACE ( 'NONE', ( #651 ), #10155, .F. ) ;
#6024 = CARTESIAN_POINT ( 'NONE',  ( -6.350000000000004974, 0.5080000000000000071, 0.7528818102449925664 ) ) ;
#6025 = PRESENTATION_STYLE_ASSIGNMENT (( #838 ) ) ;
#6026 = LINE ( 'NONE', #1459, #8328 ) ;
#6027 = ORIENTED_EDGE ( 'NONE', *, *, #1828, .T. ) ;
#6028 = LINE ( 'NONE', #9503, #2589 ) ;
#6029 = LINE ( 'NONE', #5107, #4619 ) ;
#6030 = ADVANCED_FACE ( 'NONE', ( #5611 ), #6530, .F. ) ;
#6031 = ORIENTED_EDGE ( 'NONE', *, *, #9021, .F. ) ;
#6032 = DIRECTION ( 'NONE',  ( -0.000000000000000000, 1.000000000000000000, 1.733406087350420004E-16 ) ) ;
#6033 = VECTOR ( 'NONE', #9161, 1000.000000000000000 ) ;
#6034 = ORIENTED_EDGE ( 'NONE', *, *, #3666, .F. ) ;
#6035 = VECTOR ( 'NONE', #5113, 1000.000000000000000 ) ;
#6036 = EDGE_CURVE ( 'NONE', #700, #9789, #4971, .T. ) ;
#6037 = ORIENTED_EDGE ( 'NONE', *, *, #3415, .F. ) ;
#6038 = AXIS2_PLACEMENT_3D ( 'NONE', #8104, #2630, #1948 ) ;
#6039 = CARTESIAN_POINT ( 'NONE',  ( 7.238999999999995438, 7.239000000000000767, 0.3809999999999958975 ) ) ;
#6040 = DIRECTION ( 'NONE',  ( 0.000000000000000000, -1.000000000000000000, 0.000000000000000000 ) ) ;
#6041 = CARTESIAN_POINT ( 'NONE',  ( 8.889999999999995239, 3.110602869834277161E-16, -1.270000000000001128 ) ) ;
#6042 = AXIS2_PLACEMENT_3D ( 'NONE', #10520, #5316, #7104 ) ;
#6043 = CARTESIAN_POINT ( 'NONE',  ( -24.38400000000000745, 0.000000000000000000, 1.269999999999998908 ) ) ;
#6044 = VERTEX_POINT ( 'NONE', #2243 ) ;
#6045 = CARTESIAN_POINT ( 'NONE',  ( -21.59000000000000341, 3.110602869834277161E-16, -1.270000000000001128 ) ) ;
#6046 = CARTESIAN_POINT ( 'NONE',  ( -11.43000000000000504, 0.5080000000000002292, -0.7528818102449945648 ) ) ;
#6047 = ORIENTED_EDGE ( 'NONE', *, *, #5006, .T. ) ;
#6048 = CARTESIAN_POINT ( 'NONE',  ( 22.47899999999999920, 7.239000000000000767, -0.3810000000000028919 ) ) ;
#6049 = ORIENTED_EDGE ( 'NONE', *, *, #7148, .T. ) ;
#6050 = VECTOR ( 'NONE', #1071, 1000.000000000000000 ) ;
#6051 = VERTEX_POINT ( 'NONE', #432 ) ;
#6052 = EDGE_CURVE ( 'NONE', #9993, #6265, #2303, .T. ) ;
#6053 = STYLED_ITEM ( 'NONE', ( #4888 ), #5466 ) ;
#6054 = CARTESIAN_POINT ( 'NONE',  ( -16.06550000000000367, 8.509000000000000341, -0.8255000000000041194 ) ) ;
#6055 = VECTOR ( 'NONE', #8369, 1000.000000000000000 ) ;
#6056 = ORIENTED_EDGE ( 'NONE', *, *, #6448, .T. ) ;
#6057 = CARTESIAN_POINT ( 'NONE',  ( 21.58999999999999631, 0.5080000000000002292, -0.7528818102449945648 ) ) ;
#6058 = DIRECTION ( 'NONE',  ( 0.000000000000000000, 1.000000000000000000, 2.338910953479677683E-16 ) ) ;
#6059 = PRESENTATION_LAYER_ASSIGNMENT (  '', '', ( #5686 ) ) ;
#6060 = CARTESIAN_POINT ( 'NONE',  ( -13.97000000000000419, 3.110602869834277161E-16, -1.270000000000001128 ) ) ;
#6061 = CARTESIAN_POINT ( 'NONE',  ( -6.350000000000004974, 0.000000000000000000, 1.269999999999998908 ) ) ;
#6062 = EDGE_CURVE ( 'NONE', #3574, #7482, #1436, .T. ) ;
#6063 = VERTEX_POINT ( 'NONE', #596 ) ;
#6064 = DIRECTION ( 'NONE',  ( 0.000000000000000000, -0.000000000000000000, 1.000000000000000000 ) ) ;
#6065 = ORIENTED_EDGE ( 'NONE', *, *, #111, .F. ) ;
#6066 =( GEOMETRIC_REPRESENTATION_CONTEXT ( 3 ) GLOBAL_UNCERTAINTY_ASSIGNED_CONTEXT ( ( #3250 ) ) GLOBAL_UNIT_ASSIGNED_CONTEXT ( ( #6119, #9596, #7720 ) ) REPRESENTATION_CONTEXT ( 'NONE', 'WORKASPACE' ) );
#6067 = AXIS2_PLACEMENT_3D ( 'NONE', #9305, #6584, #6642 ) ;
#6068 = CARTESIAN_POINT ( 'NONE',  ( 21.58999999999999631, -1.925929944387235853E-31, 0.8889999999999991243 ) ) ;
#6069 = DIRECTION ( 'NONE',  ( -0.000000000000000000, 1.000000000000000000, 1.169455476739838842E-16 ) ) ;
#6070 = DIRECTION ( 'NONE',  ( -0.000000000000000000, -0.7071067811865482389, -0.7071067811865469066 ) ) ;
#6071 = DIRECTION ( 'NONE',  ( 0.000000000000000000, 0.000000000000000000, -1.000000000000000000 ) ) ;
#6072 = VECTOR ( 'NONE', #8556, 999.9999999999998863 ) ;
#6073 = CARTESIAN_POINT ( 'NONE',  ( -21.59000000000000341, -1.925929944387235853E-31, 0.8889999999999991243 ) ) ;
#6074 = CARTESIAN_POINT ( 'NONE',  ( 4.254499999999997506, 8.509000000000000341, 0.8254999999999976801 ) ) ;
#6075 = ORIENTED_EDGE ( 'NONE', *, *, #6528, .T. ) ;
#6076 = ADVANCED_FACE ( 'NONE', ( #8396 ), #9934, .F. ) ;
#6077 = CARTESIAN_POINT ( 'NONE',  ( -1.270000000000003793, 0.000000000000000000, 0.000000000000000000 ) ) ;
#6078 = ADVANCED_FACE ( 'NONE', ( #10909 ), #9989, .F. ) ;
#6079 = CARTESIAN_POINT ( 'NONE',  ( 10.54099999999999504, 8.064500000000000668, 0.3809999999999958975 ) ) ;
#6080 = ORIENTED_EDGE ( 'NONE', *, *, #11171, .T. ) ;
#6081 = VECTOR ( 'NONE', #10923, 1000.000000000000000 ) ;
#6082 = LINE ( 'NONE', #2552, #10262 ) ;
#6083 = EDGE_CURVE ( 'NONE', #2968, #9642, #1327, .T. ) ;
#6084 = CARTESIAN_POINT ( 'NONE',  ( 11.42999999999999616, 0.5080000000000000071, 0.7528818102449925664 ) ) ;
#6085 = DIRECTION ( 'NONE',  ( 0.000000000000000000, 0.000000000000000000, 1.000000000000000000 ) ) ;
#6086 = CARTESIAN_POINT ( 'NONE',  ( -3.810000000000004494, -1.925929944387235853E-31, 0.8889999999999991243 ) ) ;
#6087 = VERTEX_POINT ( 'NONE', #8290 ) ;
#6088 = CARTESIAN_POINT ( 'NONE',  ( -1.270000000000003793, 0.000000000000000000, 1.269999999999998908 ) ) ;
#6089 = CARTESIAN_POINT ( 'NONE',  ( 19.04999999999999716, 2.177422008883992879E-16, -0.8890000000000013447 ) ) ;
#6090 = ORIENTED_EDGE ( 'NONE', *, *, #884, .F. ) ;
#6091 = LINE ( 'NONE', #11, #11227 ) ;
#6092 = ORIENTED_EDGE ( 'NONE', *, *, #115, .T. ) ;
#6093 = PRODUCT_DEFINITION_SHAPE ( 'NONE', 'NONE',  #11259 ) ;
#6094 = ADVANCED_FACE ( 'NONE', ( #486 ), #3956, .F. ) ;
#6095 = ORIENTED_EDGE ( 'NONE', *, *, #9018, .F. ) ;
#6096 = DIRECTION ( 'NONE',  ( -0.000000000000000000, 0.000000000000000000, -1.000000000000000000 ) ) ;
#6097 = AXIS2_PLACEMENT_3D ( 'NONE', #2211, #10932, #5743 ) ;
#6098 = CARTESIAN_POINT ( 'NONE',  ( 23.24099999999999611, 7.239000000000000767, 0.3809999999999958975 ) ) ;
#6099 = DIRECTION ( 'NONE',  ( 0.000000000000000000, -1.000000000000000000, 0.000000000000000000 ) ) ;
#6100 = FACE_OUTER_BOUND ( 'NONE', #10955, .T. ) ;
#6101 = VECTOR ( 'NONE', #7016, 1000.000000000000000 ) ;
#6102 = DIRECTION ( 'NONE',  ( 0.000000000000000000, 0.000000000000000000, 1.000000000000000000 ) ) ;
#6103 = ORIENTED_EDGE ( 'NONE', *, *, #5616, .F. ) ;
#6104 = CARTESIAN_POINT ( 'NONE',  ( -19.05000000000000426, 3.110602869834277161E-16, -1.270000000000001128 ) ) ;
#6105 = LINE ( 'NONE', #3702, #4767 ) ;
#6106 = ORIENTED_EDGE ( 'NONE', *, *, #4446, .T. ) ;
#6107 = ORIENTED_EDGE ( 'NONE', *, *, #9213, .F. ) ;
#6108 = ORIENTED_EDGE ( 'NONE', *, *, #7690, .T. ) ;
#6109 = VECTOR ( 'NONE', #2820, 1000.000000000000000 ) ;
#6110 = EDGE_CURVE ( 'NONE', #4796, #9131, #3102, .T. ) ;
#6111 = VECTOR ( 'NONE', #8625, 1000.000000000000000 ) ;
#6112 = CARTESIAN_POINT ( 'NONE',  ( -15.62100000000000399, 7.239000000000000767, 0.3809999999999958975 ) ) ;
#6113 = VERTEX_POINT ( 'NONE', #4292 ) ;
#6114 = EDGE_CURVE ( 'NONE', #10332, #8370, #3326, .T. ) ;
#6115 = CARTESIAN_POINT ( 'NONE',  ( -21.59000000000000341, 3.110602869834277161E-16, -1.270000000000001128 ) ) ;
#6116 = FACE_OUTER_BOUND ( 'NONE', #503, .T. ) ;
#6117 = VECTOR ( 'NONE', #3268, 1000.000000000000000 ) ;
#6118 = CARTESIAN_POINT ( 'NONE',  ( 1.269999999999996909, 8.509000000000000341, -1.270000000000001128 ) ) ;
#6119 =( LENGTH_UNIT ( ) NAMED_UNIT ( * ) SI_UNIT ( .MILLI., .METRE. ) );
#6120 = ORIENTED_EDGE ( 'NONE', *, *, #3445, .T. ) ;
#6121 = DIRECTION ( 'NONE',  ( 0.000000000000000000, 2.548365665731588345E-16, -1.000000000000000000 ) ) ;
#6122 = VERTEX_POINT ( 'NONE', #8512 ) ;
#6123 = VECTOR ( 'NONE', #10655, 1000.000000000000000 ) ;
#6124 = CARTESIAN_POINT ( 'NONE',  ( -6.350000000000004974, 0.5080000000000000071, 0.7528818102449925664 ) ) ;
#6125 = LINE ( 'NONE', #9604, #3665 ) ;
#6126 = DIRECTION ( 'NONE',  ( 0.5773502691896253980, 0.5773502691896253980, -0.5773502691896265082 ) ) ;
#6127 = PLANE ( 'NONE',  #2140 ) ;
#6128 = CARTESIAN_POINT ( 'NONE',  ( 21.58999999999999631, 3.110602869834277161E-16, -1.270000000000001128 ) ) ;
#6129 = DIRECTION ( 'NONE',  ( -0.000000000000000000, 1.000000000000000000, 1.733406087350420004E-16 ) ) ;
#6130 = DIRECTION ( 'NONE',  ( 0.000000000000000000, 1.000000000000000000, 1.733406087350420004E-16 ) ) ;
#6131 = ORIENTED_EDGE ( 'NONE', *, *, #6534, .T. ) ;
#6132 = AXIS2_PLACEMENT_3D ( 'NONE', #7041, #10386, #2586 ) ;
#6133 = FACE_OUTER_BOUND ( 'NONE', #8124, .T. ) ;
#6134 = CARTESIAN_POINT ( 'NONE',  ( -0.3810000000000000053, 0.5079999999999998961, -0.2031999999999997419 ) ) ;
#6135 = ORIENTED_EDGE ( 'NONE', *, *, #10099, .T. ) ;
#6136 = LINE ( 'NONE', #1625, #2456 ) ;
#6137 = AXIS2_PLACEMENT_3D ( 'NONE', #8664, #5928, #11232 ) ;
#6138 = ITEM_DEFINED_TRANSFORMATION ( 'NONE', 'NONE', #7607,  #4858 ) ;
#6139 = CARTESIAN_POINT ( 'NONE',  ( 20.70099999999999696, 8.064500000000000668, -0.3810000000000027809 ) ) ;
#6140 = DIRECTION ( 'NONE',  ( 0.000000000000000000, -0.9659258262890699775, -0.2588190451025145222 ) ) ;
#6141 = LINE ( 'NONE', #4379, #866 ) ;
#6142 = VERTEX_POINT ( 'NONE', #2417 ) ;
#6143 = LINE ( 'NONE', #7978, #8961 ) ;
#6144 = VECTOR ( 'NONE', #2150, 1000.000000000000000 ) ;
#6145 = CARTESIAN_POINT ( 'NONE',  ( 3.809999999999997389, 0.5080000000000002292, -0.7528818102449945648 ) ) ;
#6146 = ORIENTED_EDGE ( 'NONE', *, *, #1410, .F. ) ;
#6147 = PLANE ( 'NONE',  #3086 ) ;
#6148 = ORIENTED_EDGE ( 'NONE', *, *, #9586, .F. ) ;
#6149 = EDGE_LOOP ( 'NONE', ( #7951, #5475, #7749, #7812 ) ) ;
#6150 = DIRECTION ( 'NONE',  ( 0.000000000000000000, -1.000000000000000000, 0.000000000000000000 ) ) ;
#6151 = CARTESIAN_POINT ( 'NONE',  ( 6.349999999999997868, -1.925929944387235853E-31, 0.8889999999999991243 ) ) ;
#6152 = EDGE_CURVE ( 'NONE', #2731, #3458, #6970, .T. ) ;
#6153 = EDGE_CURVE ( 'NONE', #4049, #5299, #3271, .T. ) ;
#6154 = FILL_AREA_STYLE ('',( #5019 ) ) ;
#6155 = CARTESIAN_POINT ( 'NONE',  ( -1.270000000000003793, 3.110602869834277161E-16, -1.270000000000001128 ) ) ;
#6156 = DIRECTION ( 'NONE',  ( 1.000000000000000000, 0.000000000000000000, -0.000000000000000000 ) ) ;
#6157 = ORIENTED_EDGE ( 'NONE', *, *, #10231, .T. ) ;
#6158 = DIRECTION ( 'NONE',  ( 0.000000000000000000, -1.000000000000000000, -1.733406087350420004E-16 ) ) ;
#6159 = DIRECTION ( 'NONE',  ( 0.000000000000000000, 0.9659258262890699775, 0.2588190451025145222 ) ) ;
#6160 = ADVANCED_FACE ( 'NONE', ( #5132 ), #9364, .F. ) ;
#6161 = EDGE_CURVE ( 'NONE', #4452, #775, #1605, .T. ) ;
#6162 = ORIENTED_EDGE ( 'NONE', *, *, #11034, .T. ) ;
#6163 = ORIENTED_EDGE ( 'NONE', *, *, #4486, .F. ) ;
#6164 = ORIENTED_EDGE ( 'NONE', *, *, #5721, .F. ) ;
#6165 = CARTESIAN_POINT ( 'NONE',  ( 24.12999999999999901, 0.5080000000000000071, 0.7528818102449925664 ) ) ;
#6166 = EDGE_CURVE ( 'NONE', #6142, #8965, #4351, .T. ) ;
#6167 = VERTEX_POINT ( 'NONE', #10209 ) ;
#6168 = DIRECTION ( 'NONE',  ( 1.000000000000000000, 0.000000000000000000, 0.000000000000000000 ) ) ;
#6169 = LINE ( 'NONE', #7152, #7671 ) ;
#6170 = EDGE_CURVE ( 'NONE', #6403, #6197, #7829, .T. ) ;
#6171 = CARTESIAN_POINT ( 'NONE',  ( -1.270000000000003793, 8.509000000000000341, 1.270000000000001128 ) ) ;
#6172 = DIRECTION ( 'NONE',  ( 1.000000000000000000, 0.000000000000000000, 0.000000000000000000 ) ) ;
#6173 = VERTEX_POINT ( 'NONE', #1550 ) ;
#6174 = DIRECTION ( 'NONE',  ( 0.000000000000000000, 0.9659258262890700886, -0.2588190451025140781 ) ) ;
#6175 = VERTEX_POINT ( 'NONE', #9593 ) ;
#6176 = ADVANCED_FACE ( 'NONE', ( #3380 ), #7663, .F. ) ;
#6177 = LINE ( 'NONE', #8016, #3198 ) ;
#6178 = PLANE ( 'NONE',  #940 ) ;
#6179 = PLANE ( 'NONE',  #3687 ) ;
#6180 = FACE_OUTER_BOUND ( 'NONE', #5653, .T. ) ;
#6181 = FACE_OUTER_BOUND ( 'NONE', #4399, .T. ) ;
#6182 = CARTESIAN_POINT ( 'NONE',  ( 11.42999999999999616, 8.509000000000000341, 1.270000000000001128 ) ) ;
#6183 = EDGE_LOOP ( 'NONE', ( #8272, #6321, #3057, #9266 ) ) ;
#6184 = LINE ( 'NONE', #217, #3712 ) ;
#6185 = CARTESIAN_POINT ( 'NONE',  ( 22.86000000000000298, 7.239000000000000767, -2.201425730935033664E-16 ) ) ;
#6186 = VERTEX_POINT ( 'NONE', #4237 ) ;
#6187 = VECTOR ( 'NONE', #1679, 1000.000000000000000 ) ;
#6188 = DIRECTION ( 'NONE',  ( 0.000000000000000000, 1.000000000000000000, 0.000000000000000000 ) ) ;
#6189 = CONTEXT_DEPENDENT_SHAPE_REPRESENTATION ( #2029, #11005 ) ;
#6190 = LINE ( 'NONE', #282, #3122 ) ;
#6191 =( NAMED_UNIT ( * ) PLANE_ANGLE_UNIT ( ) SI_UNIT ( $, .RADIAN. ) );
#6192 = PLANE ( 'NONE',  #2105 ) ;
#6193 = CARTESIAN_POINT ( 'NONE',  ( 17.39899999999999736, 8.064500000000000668, 0.3809999999999960085 ) ) ;
#6194 = ORIENTED_EDGE ( 'NONE', *, *, #540, .T. ) ;
#6195 = LINE ( 'NONE', #958, #7334 ) ;
#6196 = DIRECTION ( 'NONE',  ( 0.000000000000000000, -1.000000000000000000, -0.000000000000000000 ) ) ;
#6197 = VERTEX_POINT ( 'NONE', #11131 ) ;
#6198 = FACE_OUTER_BOUND ( 'NONE', #3454, .T. ) ;
#6199 = ORIENTED_EDGE ( 'NONE', *, *, #2981, .F. ) ;
#6200 = EDGE_CURVE ( 'NONE', #1567, #9293, #2641, .T. ) ;
#6201 = ORIENTED_EDGE ( 'NONE', *, *, #7173, .T. ) ;
#6202 = VECTOR ( 'NONE', #8750, 1000.000000000000000 ) ;
#6203 = CARTESIAN_POINT ( 'NONE',  ( 19.04999999999999716, -1.925929944387235853E-31, 0.8889999999999991243 ) ) ;
#6204 = DIRECTION ( 'NONE',  ( -1.000000000000000000, -0.000000000000000000, -0.000000000000000000 ) ) ;
#6205 = PLANE ( 'NONE',  #1659 ) ;
#6206 = CARTESIAN_POINT ( 'NONE',  ( 0.8254999999999963478, 8.509000000000000341, -1.270000000000001128 ) ) ;
#6207 = DIRECTION ( 'NONE',  ( 0.000000000000000000, 0.000000000000000000, 1.000000000000000000 ) ) ;
#6208 = EDGE_LOOP ( 'NONE', ( #2278, #2709, #8005, #6677 ) ) ;
#6209 = LINE ( 'NONE', #1882, #5344 ) ;
#6210 = FACE_OUTER_BOUND ( 'NONE', #5643, .T. ) ;
#6211 = VERTEX_POINT ( 'NONE', #8679 ) ;
#6212 = VECTOR ( 'NONE', #5617, 1000.000000000000000 ) ;
#6213 = VECTOR ( 'NONE', #6379, 1000.000000000000114 ) ;
#6214 = VERTEX_POINT ( 'NONE', #6811 ) ;
#6215 = ORIENTED_EDGE ( 'NONE', *, *, #10391, .F. ) ;
#6216 = EDGE_CURVE ( 'NONE', #11088, #3574, #7779, .T. ) ;
#6217 = EDGE_CURVE ( 'NONE', #3305, #9758, #3436, .T. ) ;
#6218 = VERTEX_POINT ( 'NONE', #11188 ) ;
#6219 = EDGE_CURVE ( 'NONE', #6214, #9837, #6863, .T. ) ;
#6220 = STYLED_ITEM ( 'NONE', ( #5633 ), #5354 ) ;
#6221 = VECTOR ( 'NONE', #10542, 1000.000000000000000 ) ;
#6222 = DIRECTION ( 'NONE',  ( 0.000000000000000000, -5.054934237236841843E-31, -1.000000000000000000 ) ) ;
#6223 = ORIENTED_EDGE ( 'NONE', *, *, #10760, .T. ) ;
#6224 = FACE_OUTER_BOUND ( 'NONE', #601, .T. ) ;
#6225 = DIRECTION ( 'NONE',  ( -0.000000000000000000, -0.000000000000000000, 1.000000000000000000 ) ) ;
#6226 = AXIS2_PLACEMENT_3D ( 'NONE', #10497, #2800, #3542 ) ;
#6227 = DIRECTION ( 'NONE',  ( 0.000000000000000000, -2.449293598294710852E-16, 1.000000000000000000 ) ) ;
#6228 = CARTESIAN_POINT ( 'NONE',  ( 8.889999999999995239, 2.177422008883992879E-16, -0.8890000000000013447 ) ) ;
#6229 = ORIENTED_EDGE ( 'NONE', *, *, #10853, .T. ) ;
#6230 = DIRECTION ( 'NONE',  ( 0.000000000000000000, -0.9659258262890699775, -0.2588190451025145222 ) ) ;
#6231 = ORIENTED_EDGE ( 'NONE', *, *, #9494, .F. ) ;
#6232 = EDGE_CURVE ( 'NONE', #9965, #5292, #6915, .T. ) ;
#6233 = ADVANCED_FACE ( 'NONE', ( #10381 ), #2580, .F. ) ;
#6234 = ADVANCED_FACE ( 'NONE', ( #875 ), #5251, .F. ) ;
#6235 = VECTOR ( 'NONE', #4438, 999.9999999999998863 ) ;
#6236 = EDGE_CURVE ( 'NONE', #6167, #2647, #5537, .T. ) ;
#6237 = CARTESIAN_POINT ( 'NONE',  ( 3.809999999999997389, 3.110602869834277161E-16, -1.270000000000001128 ) ) ;
#6238 = DIRECTION ( 'NONE',  ( 0.000000000000000000, -1.000000000000000000, -2.548365665731588345E-16 ) ) ;
#6239 = VECTOR ( 'NONE', #8085, 1000.000000000000000 ) ;
#6240 = EDGE_CURVE ( 'NONE', #10011, #3955, #3609, .T. ) ;
#6241 = DIRECTION ( 'NONE',  ( 1.000000000000000000, 0.000000000000000000, -0.000000000000000000 ) ) ;
#6242 = CARTESIAN_POINT ( 'NONE',  ( 12.31899999999999729, 7.239000000000000767, -0.3810000000000028919 ) ) ;
#6243 = CARTESIAN_POINT ( 'NONE',  ( -19.05000000000000426, 0.5080000000000002292, -0.7528818102449945648 ) ) ;
#6244 = CARTESIAN_POINT ( 'NONE',  ( 1.269999999999996909, -1.925929944387235853E-31, 0.8889999999999991243 ) ) ;
#6245 = EDGE_CURVE ( 'NONE', #5105, #5430, #5363, .T. ) ;
#6246 = VECTOR ( 'NONE', #1427, 1000.000000000000000 ) ;
#6247 = DIRECTION ( 'NONE',  ( -0.000000000000000000, 1.000000000000000000, 1.733406087350420004E-16 ) ) ;
#6248 = FACE_OUTER_BOUND ( 'NONE', #9050, .T. ) ;
#6249 = AXIS2_PLACEMENT_3D ( 'NONE', #7883, #8562, #9471 ) ;
#6250 = ORIENTED_EDGE ( 'NONE', *, *, #3860, .T. ) ;
#6251 = CARTESIAN_POINT ( 'NONE',  ( 20.70099999999999696, 7.239000000000000767, 0.3809999999999958975 ) ) ;
#6252 = SHAPE_DEFINITION_REPRESENTATION ( #4460, #8753 ) ;
#6253 = STYLED_ITEM ( 'NONE', ( #4621 ), #1934 ) ;
#6254 = FACE_OUTER_BOUND ( 'NONE', #9933, .T. ) ;
#6255 = CARTESIAN_POINT ( 'NONE',  ( 6.349999999999997868, -1.925929944387235853E-31, 0.8889999999999991243 ) ) ;
#6256 = DIRECTION ( 'NONE',  ( 0.000000000000000000, 1.000000000000000000, -5.054934237236841843E-31 ) ) ;
#6257 = CARTESIAN_POINT ( 'NONE',  ( 13.96999999999999709, 8.509000000000000341, -1.270000000000001128 ) ) ;
#6258 = ORIENTED_EDGE ( 'NONE', *, *, #10727, .T. ) ;
#6259 = ADVANCED_FACE ( 'NONE', ( #6224 ), #9870, .T. ) ;
#6260 = CARTESIAN_POINT ( 'NONE',  ( 3.809999999999997389, 0.000000000000000000, 1.269999999999998908 ) ) ;
#6261 = DIRECTION ( 'NONE',  ( 0.000000000000000000, 0.000000000000000000, 1.000000000000000000 ) ) ;
#6262 = ORIENTED_EDGE ( 'NONE', *, *, #3842, .F. ) ;
#6263 = AXIS2_PLACEMENT_3D ( 'NONE', #67, #1807, #6261 ) ;
#6264 = CARTESIAN_POINT ( 'NONE',  ( -19.05000000000000426, 8.509000000000000341, -1.270000000000001128 ) ) ;
#6265 = VERTEX_POINT ( 'NONE', #8059 ) ;
#6266 = ORIENTED_EDGE ( 'NONE', *, *, #8048, .T. ) ;
#6267 = LINE ( 'NONE', #4504, #3310 ) ;
#6268 = CARTESIAN_POINT ( 'NONE',  ( 30.48000000000000043, 7.239000000000000767, -2.201425730935033664E-16 ) ) ;
#6269 = FILL_AREA_STYLE ('',( #8260 ) ) ;
#6270 = CARTESIAN_POINT ( 'NONE',  ( -8.001000000000004775, 7.239000000000000767, -0.3810000000000028919 ) ) ;
#6271 = VECTOR ( 'NONE', #6188, 1000.000000000000000 ) ;
#6272 = CARTESIAN_POINT ( 'NONE',  ( 13.96999999999999709, 0.000000000000000000, 0.000000000000000000 ) ) ;
#6273 = ORIENTED_EDGE ( 'NONE', *, *, #8113, .T. ) ;
#6274 = EDGE_CURVE ( 'NONE', #3142, #5266, #10510, .T. ) ;
#6275 = FACE_OUTER_BOUND ( 'NONE', #8123, .T. ) ;
#6276 = LINE ( 'NONE', #8945, #10596 ) ;
#6277 = VERTEX_POINT ( 'NONE', #1046 ) ;
#6278 = CARTESIAN_POINT ( 'NONE',  ( -20.19300000000000495, 7.810500000000000220, -0.1270000000000024998 ) ) ;
#6279 = VERTEX_POINT ( 'NONE', #9698 ) ;
#6280 = ORIENTED_EDGE ( 'NONE', *, *, #9579, .T. ) ;
#6281 = EDGE_LOOP ( 'NONE', ( #1830, #6120, #3767, #10905 ) ) ;
#6282 = ADVANCED_FACE ( 'NONE', ( #2920 ), #986, .F. ) ;
#6283 = LINE ( 'NONE', #1094, #9389 ) ;
#6284 = ORIENTED_EDGE ( 'NONE', *, *, #8526, .T. ) ;
#6285 = DIRECTION ( 'NONE',  ( -0.000000000000000000, -0.7071067811865482389, -0.7071067811865469066 ) ) ;
#6286 = CARTESIAN_POINT ( 'NONE',  ( 13.96999999999999709, 3.110602869834277161E-16, -1.270000000000001128 ) ) ;
#6287 = MECHANICAL_DESIGN_GEOMETRIC_PRESENTATION_REPRESENTATION (  '', ( #2648 ), #9015 ) ;
#6288 = CARTESIAN_POINT ( 'NONE',  ( -19.05000000000000426, 3.110602869834277161E-16, -1.270000000000001128 ) ) ;
#6289 = PLANE ( 'NONE',  #4052 ) ;
#6290 = ORIENTED_EDGE ( 'NONE', *, *, #4842, .T. ) ;
#6291 = AXIS2_PLACEMENT_3D ( 'NONE', #3125, #10062, #4935 ) ;
#6292 = VECTOR ( 'NONE', #8134, 1000.000000000000000 ) ;
#6293 = CARTESIAN_POINT ( 'NONE',  ( 8.889999999999995239, 0.5080000000000002292, -0.7528818102449945648 ) ) ;
#6294 = ORIENTED_EDGE ( 'NONE', *, *, #788, .F. ) ;
#6295 = LINE ( 'NONE', #7954, #5558 ) ;
#6296 = CARTESIAN_POINT ( 'NONE',  ( 19.04999999999999716, 0.5080000000000000071, 0.7528818102449925664 ) ) ;
#6297 = VECTOR ( 'NONE', #2141, 1000.000000000000000 ) ;
#6298 = CARTESIAN_POINT ( 'NONE',  ( 24.12999999999999901, 0.5080000000000000071, 0.7528818102449925664 ) ) ;
#6299 = CARTESIAN_POINT ( 'NONE',  ( 1.269999999999996909, 0.5080000000000000071, 0.7528818102449925664 ) ) ;
#6300 = EDGE_CURVE ( 'NONE', #9664, #11052, #1148, .T. ) ;
#6301 = EDGE_CURVE ( 'NONE', #9506, #2844, #8902, .T. ) ;
#6302 = FACE_BOUND ( 'NONE', #9078, .T. ) ;
#6303 = PLANE ( 'NONE',  #2880 ) ;
#6304 = EDGE_CURVE ( 'NONE', #7380, #5598, #9013, .T. ) ;
#6305 = EDGE_CURVE ( 'NONE', #6122, #7936, #8118, .T. ) ;
#6306 = CARTESIAN_POINT ( 'NONE',  ( -16.51000000000000512, 8.509000000000000341, 1.270000000000001128 ) ) ;
#6307 = VECTOR ( 'NONE', #4521, 1000.000000000000000 ) ;
#6308 = DIRECTION ( 'NONE',  ( -0.7071067811865475727, -0.7071067811865475727, 0.000000000000000000 ) ) ;
#6309 = ORIENTED_EDGE ( 'NONE', *, *, #5311, .F. ) ;
#6310 = LINE ( 'NONE', #5497, #9089 ) ;
#6311 = ITEM_DEFINED_TRANSFORMATION ( 'NONE', 'NONE', #7979,  #4858 ) ;
#6312 = CARTESIAN_POINT ( 'NONE',  ( -11.87450000000000472, 8.509000000000000341, 0.8254999999999976801 ) ) ;
#6313 = DIRECTION ( 'NONE',  ( 0.000000000000000000, 0.2588190451025145222, -0.9659258262890699775 ) ) ;
#6314 = DIRECTION ( 'NONE',  ( 0.000000000000000000, 0.000000000000000000, -1.000000000000000000 ) ) ;
#6315 = VECTOR ( 'NONE', #6733, 1000.000000000000000 ) ;
#6316 = CARTESIAN_POINT ( 'NONE',  ( -16.51000000000000512, 0.5080000000000000071, 0.7528818102449925664 ) ) ;
#6317 = ORIENTED_EDGE ( 'NONE', *, *, #5882, .F. ) ;
#6318 = DIRECTION ( 'NONE',  ( 0.000000000000000000, -5.054934237236841843E-31, -1.000000000000000000 ) ) ;
#6319 = EDGE_CURVE ( 'NONE', #3945, #2011, #93, .T. ) ;
#6320 = DIRECTION ( 'NONE',  ( -1.000000000000000000, -0.000000000000000000, -0.000000000000000000 ) ) ;
#6321 = ORIENTED_EDGE ( 'NONE', *, *, #5402, .F. ) ;
#6322 = MECHANICAL_DESIGN_GEOMETRIC_PRESENTATION_REPRESENTATION (  '', ( #9403 ), #6697 ) ;
#6323 = CARTESIAN_POINT ( 'NONE',  ( -11.43000000000000504, 0.5080000000000000071, 0.7528818102449925664 ) ) ;
#6324 = VECTOR ( 'NONE', #7732, 1000.000000000000000 ) ;
#6325 = ORIENTED_EDGE ( 'NONE', *, *, #8108, .F. ) ;
#6326 = EDGE_CURVE ( 'NONE', #9689, #316, #9819, .T. ) ;
#6327 = EDGE_LOOP ( 'NONE', ( #747, #10650, #8991, #985 ) ) ;
#6328 = FILL_AREA_STYLE_COLOUR ( '', #2139 ) ;
#6329 = EDGE_CURVE ( 'NONE', #10166, #9352, #3550, .T. ) ;
#6330 = FACE_OUTER_BOUND ( 'NONE', #8440, .T. ) ;
#6331 = DIRECTION ( 'NONE',  ( 0.000000000000000000, -2.449293598294710852E-16, 1.000000000000000000 ) ) ;
#6332 = SURFACE_SIDE_STYLE ('',( #4671 ) ) ;
#6333 = LINE ( 'NONE', #3073, #6492 ) ;
#6334 = VECTOR ( 'NONE', #1069, 1000.000000000000000 ) ;
#6335 = FACE_OUTER_BOUND ( 'NONE', #2753, .T. ) ;
#6336 =( REPRESENTATION_RELATIONSHIP ('NONE','NONE', #5926, #187 ) REPRESENTATION_RELATIONSHIP_WITH_TRANSFORMATION ( #8815 )SHAPE_REPRESENTATION_RELATIONSHIP( ) );
#6337 = ORIENTED_EDGE ( 'NONE', *, *, #4346, .F. ) ;
#6338 = FACE_OUTER_BOUND ( 'NONE', #4834, .T. ) ;
#6339 = DIRECTION ( 'NONE',  ( -1.000000000000000000, 0.000000000000000000, 0.000000000000000000 ) ) ;
#6340 = VERTEX_POINT ( 'NONE', #3657 ) ;
#6341 = SURFACE_SIDE_STYLE ('',( #10500 ) ) ;
#6342 = EDGE_LOOP ( 'NONE', ( #7447, #4687, #2521, #6919 ) ) ;
#6343 = ORIENTED_EDGE ( 'NONE', *, *, #8006, .F. ) ;
#6344 = AXIS2_PLACEMENT_3D ( 'NONE', #5051, #8754, #10407 ) ;
#6345 = VECTOR ( 'NONE', #8638, 1000.000000000000000 ) ;
#6346 = VERTEX_POINT ( 'NONE', #1204 ) ;
#6347 = CARTESIAN_POINT ( 'NONE',  ( 16.50999999999999801, 3.110602869834277161E-16, -1.270000000000001128 ) ) ;
#6348 = DIRECTION ( 'NONE',  ( 1.000000000000000000, 0.000000000000000000, 0.000000000000000000 ) ) ;
#6349 = VERTEX_POINT ( 'NONE', #4523 ) ;
#6350 = CARTESIAN_POINT ( 'NONE',  ( 13.96999999999999709, 0.5080000000000002292, -0.7528818102449945648 ) ) ;
#6351 = PLANE ( 'NONE',  #2023 ) ;
#6352 = CARTESIAN_POINT ( 'NONE',  ( 4.698999999999998067, 8.064500000000000668, -0.3810000000000027809 ) ) ;
#6353 = PLANE ( 'NONE',  #7170 ) ;
#6354 = ORIENTED_EDGE ( 'NONE', *, *, #3991, .T. ) ;
#6355 = ORIENTED_EDGE ( 'NONE', *, *, #2324, .T. ) ;
#6356 = DIRECTION ( 'NONE',  ( -0.000000000000000000, 0.000000000000000000, 1.000000000000000000 ) ) ;
#6357 = LINE ( 'NONE', #2081, #5669 ) ;
#6358 = LINE ( 'NONE', #2994, #10052 ) ;
#6359 = CARTESIAN_POINT ( 'NONE',  ( -6.350000000000004974, 0.5080000000000000071, 0.7528818102449925664 ) ) ;
#6360 = CARTESIAN_POINT ( 'NONE',  ( 13.96999999999999709, 2.177422008883992879E-16, -0.8890000000000013447 ) ) ;
#6361 = DIRECTION ( 'NONE',  ( 1.000000000000000000, 0.000000000000000000, 0.000000000000000000 ) ) ;
#6362 = ORIENTED_EDGE ( 'NONE', *, *, #10594, .F. ) ;
#6363 = EDGE_CURVE ( 'NONE', #2151, #243, #7943, .T. ) ;
#6364 = ADVANCED_FACE ( 'NONE', ( #3775 ), #2012, .F. ) ;
#6365 = CARTESIAN_POINT ( 'NONE',  ( -13.97000000000000419, 0.5080000000000002292, -0.7528818102449945648 ) ) ;
#6366 = EDGE_CURVE ( 'NONE', #7754, #8166, #7269, .T. ) ;
#6367 = LINE ( 'NONE', #5498, #1840 ) ;
#6368 = CARTESIAN_POINT ( 'NONE',  ( 11.42999999999999616, 0.5080000000000000071, 0.7528818102449925664 ) ) ;
#6369 =( LENGTH_UNIT ( ) NAMED_UNIT ( * ) SI_UNIT ( .MILLI., .METRE. ) );
#6370 = CARTESIAN_POINT ( 'NONE',  ( 24.12999999999999901, 8.509000000000000341, 1.270000000000001128 ) ) ;
#6371 = VERTEX_POINT ( 'NONE', #4688 ) ;
#6372 = FACE_OUTER_BOUND ( 'NONE', #6745, .T. ) ;
#6373 = LINE ( 'NONE', #2039, #3529 ) ;
#6374 = VERTEX_POINT ( 'NONE', #1831 ) ;
#6375 = CARTESIAN_POINT ( 'NONE',  ( -16.51000000000000512, 0.5080000000000002292, -0.7528818102449945648 ) ) ;
#6376 = ORIENTED_EDGE ( 'NONE', *, *, #9290, .T. ) ;
#6377 = ADVANCED_FACE ( 'NONE', ( #5300 ), #3883, .F. ) ;
#6378 = VERTEX_POINT ( 'NONE', #3825 ) ;
#6379 = DIRECTION ( 'NONE',  ( 0.000000000000000000, 0.9659258262890700886, -0.2588190451025140781 ) ) ;
#6380 = CARTESIAN_POINT ( 'NONE',  ( 16.50999999999999801, 0.000000000000000000, 1.269999999999998908 ) ) ;
#6381 = SURFACE_STYLE_USAGE ( .BOTH. , #6332 ) ;
#6382 = FILL_AREA_STYLE_COLOUR ( '', #3935 ) ;
#6383 = CARTESIAN_POINT ( 'NONE',  ( 19.93900000000000006, 7.239000000000000767, 0.3809999999999958975 ) ) ;
#6384 = ORIENTED_EDGE ( 'NONE', *, *, #6681, .T. ) ;
#6385 = CARTESIAN_POINT ( 'NONE',  ( 13.96999999999999709, 0.5080000000000002292, -0.7528818102449945648 ) ) ;
#6386 = DIRECTION ( 'NONE',  ( 0.000000000000000000, 0.000000000000000000, 1.000000000000000000 ) ) ;
#6387 = ORIENTED_EDGE ( 'NONE', *, *, #10408, .F. ) ;
#6388 = CARTESIAN_POINT ( 'NONE',  ( -5.461000000000003851, 7.239000000000000767, 0.3809999999999958975 ) ) ;
#6389 = ADVANCED_FACE ( 'NONE', ( #7319 ), #10079, .F. ) ;
#6390 = ORIENTED_EDGE ( 'NONE', *, *, #8095, .F. ) ;
#6391 = ORIENTED_EDGE ( 'NONE', *, *, #5186, .F. ) ;
#6392 = ORIENTED_EDGE ( 'NONE', *, *, #1828, .F. ) ;
#6393 = VECTOR ( 'NONE', #1205, 1000.000000000000000 ) ;
#6394 = LINE ( 'NONE', #7315, #9227 ) ;
#6395 = FACE_OUTER_BOUND ( 'NONE', #8670, .T. ) ;
#6396 = VERTEX_POINT ( 'NONE', #5599 ) ;
#6397 = DIRECTION ( 'NONE',  ( 0.000000000000000000, -5.054934237236841843E-31, -1.000000000000000000 ) ) ;
#6398 = CARTESIAN_POINT ( 'NONE',  ( -3.810000000000004494, 0.5080000000000000071, 0.7528818102449925664 ) ) ;
#6399 = ORIENTED_EDGE ( 'NONE', *, *, #6166, .F. ) ;
#6400 = DIRECTION ( 'NONE',  ( -1.000000000000000000, -0.000000000000000000, -0.000000000000000000 ) ) ;
#6401 = FACE_OUTER_BOUND ( 'NONE', #2393, .T. ) ;
#6402 = EDGE_CURVE ( 'NONE', #3484, #4441, #2290, .T. ) ;
#6403 = VERTEX_POINT ( 'NONE', #8384 ) ;
#6404 = ORIENTED_EDGE ( 'NONE', *, *, #10562, .F. ) ;
#6405 = VECTOR ( 'NONE', #7239, 1000.000000000000114 ) ;
#6406 = VECTOR ( 'NONE', #1813, 1000.000000000000000 ) ;
#6407 = DIRECTION ( 'NONE',  ( 0.000000000000000000, -1.000000000000000000, 0.000000000000000000 ) ) ;
#6408 = FACE_OUTER_BOUND ( 'NONE', #9463, .T. ) ;
#6409 = ORIENTED_EDGE ( 'NONE', *, *, #5261, .T. ) ;
#6410 = LINE ( 'NONE', #8018, #76 ) ;
#6411 = ADVANCED_FACE ( 'NONE', ( #7480, #6518 ), #5817, .F. ) ;
#6412 = VECTOR ( 'NONE', #2681, 1000.000000000000000 ) ;
#6413 = CARTESIAN_POINT ( 'NONE',  ( -0.3810000000000028919, 7.239000000000000767, 0.3809999999999958975 ) ) ;
#6414 = LINE ( 'NONE', #7230, #1379 ) ;
#6415 = ADVANCED_FACE ( 'NONE', ( #9921 ), #1257, .T. ) ;
#6416 = LINE ( 'NONE', #335, #5532 ) ;
#6417 = AXIS2_PLACEMENT_3D ( 'NONE', #7, #3581, #4325 ) ;
#6418 = ORIENTED_EDGE ( 'NONE', *, *, #36, .T. ) ;
#6419 = LINE ( 'NONE', #2939, #10739 ) ;
#6420 = VECTOR ( 'NONE', #2161, 1000.000000000000114 ) ;
#6421 = CARTESIAN_POINT ( 'NONE',  ( -4.699000000000005173, 7.239000000000000767, 0.3809999999999958975 ) ) ;
#6422 = PLANE ( 'NONE',  #4592 ) ;
#6423 =( NAMED_UNIT ( * ) PLANE_ANGLE_UNIT ( ) SI_UNIT ( $, .RADIAN. ) );
#6424 = VECTOR ( 'NONE', #3093, 1000.000000000000000 ) ;
#6425 = CARTESIAN_POINT ( 'NONE',  ( -23.24100000000000321, 7.239000000000000767, 0.3809999999999958975 ) ) ;
#6426 = ORIENTED_EDGE ( 'NONE', *, *, #9634, .F. ) ;
#6428 = EDGE_CURVE ( 'NONE', #11118, #10789, #7375, .T. ) ;
#6427 = DIRECTION ( 'NONE',  ( 0.000000000000000000, 1.000000000000000000, 1.733406087350420004E-16 ) ) ;
#6429 = AXIS2_PLACEMENT_3D ( 'NONE', #2083, #2881, #1162 ) ;
#6430 = CARTESIAN_POINT ( 'NONE',  ( -0.1961031209927691366, -3.200400000000000134, 0.2032000000000001583 ) ) ;
#6431 = CARTESIAN_POINT ( 'NONE',  ( 5.080000000000000071, 7.239000000000000767, -2.201425730935033664E-16 ) ) ;
#6432 = EDGE_CURVE ( 'NONE', #10501, #3602, #1366, .T. ) ;
#6433 = VERTEX_POINT ( 'NONE', #3997 ) ;
#6434 = VECTOR ( 'NONE', #9116, 1000.000000000000000 ) ;
#6435 = EDGE_LOOP ( 'NONE', ( #2859, #1343, #384, #5791 ) ) ;
#6436 = LINE ( 'NONE', #238, #7684 ) ;
#6437 = DIRECTION ( 'NONE',  ( -1.000000000000000000, 0.000000000000000000, -0.000000000000000000 ) ) ;
#6438 = VECTOR ( 'NONE', #5477, 1000.000000000000000 ) ;
#6439 = PRESENTATION_STYLE_ASSIGNMENT (( #6495 ) ) ;
#6440 = CARTESIAN_POINT ( 'NONE',  ( 0.1961031209927693308, -3.200400000000000134, 0.2032000000000001583 ) ) ;
#6441 = CARTESIAN_POINT ( 'NONE',  ( -5.461000000000003851, 7.239000000000000767, 0.3809999999999958975 ) ) ;
#6442 = ORIENTED_EDGE ( 'NONE', *, *, #7090, .F. ) ;
#6443 = LINE ( 'NONE', #5521, #11003 ) ;
#6444 = CARTESIAN_POINT ( 'NONE',  ( 8.889999999999995239, 3.110602869834277161E-16, -1.270000000000001128 ) ) ;
#6445 = AXIS2_PLACEMENT_3D ( 'NONE', #718, #10346, #2374 ) ;
#6446 = EDGE_LOOP ( 'NONE', ( #4300, #4556, #6987, #9863 ) ) ;
#6447 = CARTESIAN_POINT ( 'NONE',  ( 2.158999999999997588, 7.239000000000000767, 0.3809999999999958975 ) ) ;
#6448 = EDGE_CURVE ( 'NONE', #4355, #6721, #1478, .T. ) ;
#6449 = EDGE_LOOP ( 'NONE', ( #1899, #9236, #2853, #1391 ) ) ;
#6450 = EDGE_CURVE ( 'NONE', #929, #1381, #10949, .T. ) ;
#6451 = EDGE_CURVE ( 'NONE', #7956, #2838, #8223, .T. ) ;
#6452 = ORIENTED_EDGE ( 'NONE', *, *, #8241, .T. ) ;
#6453 = VERTEX_POINT ( 'NONE', #368 ) ;
#6454 = EDGE_CURVE ( 'NONE', #5640, #9064, #6459, .T. ) ;
#6455 = CARTESIAN_POINT ( 'NONE',  ( 19.93900000000000006, 8.064500000000000668, 0.3809999999999958975 ) ) ;
#6456 = FACE_OUTER_BOUND ( 'NONE', #6449, .T. ) ;
#6457 = VECTOR ( 'NONE', #7995, 1000.000000000000000 ) ;
#6458 = ORIENTED_EDGE ( 'NONE', *, *, #5523, .T. ) ;
#6459 = LINE ( 'NONE', #7429, #10805 ) ;
#6460 = CARTESIAN_POINT ( 'NONE',  ( 13.96999999999999709, 2.177422008883992879E-16, -0.8890000000000013447 ) ) ;
#6461 = VERTEX_POINT ( 'NONE', #2351 ) ;
#6462 = DIRECTION ( 'NONE',  ( -0.5773502691896252870, -0.5773502691896251759, -0.5773502691896267303 ) ) ;
#6463 = ORIENTED_EDGE ( 'NONE', *, *, #8935, .F. ) ;
#6464 = VECTOR ( 'NONE', #11151, 1000.000000000000000 ) ;
#6465 = EDGE_CURVE ( 'NONE', #4528, #859, #10843, .T. ) ;
#6466 = ORIENTED_EDGE ( 'NONE', *, *, #8473, .F. ) ;
#6467 = ADVANCED_FACE ( 'NONE', ( #5764 ), #9244, .F. ) ;
#6468 = FACE_OUTER_BOUND ( 'NONE', #3894, .T. ) ;
#6469 = CARTESIAN_POINT ( 'NONE',  ( -21.59000000000000341, 0.5080000000000002292, -0.7528818102449945648 ) ) ;
#6470 = VECTOR ( 'NONE', #9619, 1000.000000000000000 ) ;
#6471 = EDGE_LOOP ( 'NONE', ( #4953, #2308, #3041, #8718, #6622, #6080, #70, #7846 ) ) ;
#6472 = CARTESIAN_POINT ( 'NONE',  ( 4.698999999999998067, 7.239000000000000767, -0.3810000000000028919 ) ) ;
#6473 = LINE ( 'NONE', #8235, #10656 ) ;
#6474 = DIRECTION ( 'NONE',  ( -0.000000000000000000, 1.000000000000000000, 1.440069553722777130E-16 ) ) ;
#6475 = PLANE ( 'NONE',  #4802 ) ;
#6476 = ORIENTED_EDGE ( 'NONE', *, *, #6152, .F. ) ;
#6477 = VECTOR ( 'NONE', #1107, 1000.000000000000000 ) ;
#6478 = ITEM_DEFINED_TRANSFORMATION ( 'NONE', 'NONE', #3052,  #4858 ) ;
#6479 = LINE ( 'NONE', #6592, #6587 ) ;
#6480 = DIRECTION ( 'NONE',  ( 0.000000000000000000, 1.000000000000000000, 1.733406087350420004E-16 ) ) ;
#6481 = CARTESIAN_POINT ( 'NONE',  ( 13.08099999999999596, 8.064500000000000668, 0.3809999999999960085 ) ) ;
#6482 = CARTESIAN_POINT ( 'NONE',  ( -8.890000000000004121, -1.925929944387235853E-31, 0.8889999999999991243 ) ) ;
#6483 = VERTEX_POINT ( 'NONE', #1424 ) ;
#6484 = CARTESIAN_POINT ( 'NONE',  ( 16.50999999999999801, 0.5080000000000000071, 0.7528818102449925664 ) ) ;
#6485 = VECTOR ( 'NONE', #10568, 1000.000000000000000 ) ;
#6486 = VECTOR ( 'NONE', #5303, 1000.000000000000000 ) ;
#6487 = DIRECTION ( 'NONE',  ( 0.000000000000000000, 0.000000000000000000, 1.000000000000000000 ) ) ;
#6488 = DIRECTION ( 'NONE',  ( 0.000000000000000000, -0.7071067811865484609, 0.7071067811865465735 ) ) ;
#6489 = ORIENTED_EDGE ( 'NONE', *, *, #6961, .T. ) ;
#6490 = ORIENTED_EDGE ( 'NONE', *, *, #812, .F. ) ;
#6491 =( NAMED_UNIT ( * ) SI_UNIT ( $, .STERADIAN. ) SOLID_ANGLE_UNIT ( ) );
#6492 = VECTOR ( 'NONE', #8261, 1000.000000000000000 ) ;
#6493 = CARTESIAN_POINT ( 'NONE',  ( 0.3810000000000000053, -2.692399999999995686, 0.2032000000000002971 ) ) ;
#6494 = LINE ( 'NONE', #10715, #3189 ) ;
#6495 = SURFACE_STYLE_USAGE ( .BOTH. , #2962 ) ;
#6496 = LINE ( 'NONE', #9959, #3728 ) ;
#6497 = PLANE ( 'NONE',  #1592 ) ;
#6498 = VERTEX_POINT ( 'NONE', #3204 ) ;
#6499 = LINE ( 'NONE', #9963, #422 ) ;
#6500 =( GEOMETRIC_REPRESENTATION_CONTEXT ( 3 ) GLOBAL_UNCERTAINTY_ASSIGNED_CONTEXT ( ( #10998 ) ) GLOBAL_UNIT_ASSIGNED_CONTEXT ( ( #522, #6565, #4629 ) ) REPRESENTATION_CONTEXT ( 'NONE', 'WORKASPACE' ) );
#6501 = VECTOR ( 'NONE', #8382, 1000.000000000000000 ) ;
#6502 = ORIENTED_EDGE ( 'NONE', *, *, #2179, .T. ) ;
#6503 = CARTESIAN_POINT ( 'NONE',  ( -8.890000000000005898, 2.177422008883992879E-16, -0.8890000000000013447 ) ) ;
#6504 = ORIENTED_EDGE ( 'NONE', *, *, #927, .T. ) ;
#6505 = AXIS2_PLACEMENT_3D ( 'NONE', #4731, #411, #3987 ) ;
#6506 = DIRECTION ( 'NONE',  ( 0.000000000000000000, 1.000000000000000000, 2.548365665731588345E-16 ) ) ;
#6507 = EDGE_LOOP ( 'NONE', ( #5195, #8195, #3299, #5795 ) ) ;
#6508 = ORIENTED_EDGE ( 'NONE', *, *, #1268, .F. ) ;
#6509 = EDGE_CURVE ( 'NONE', #2035, #2056, #4904, .T. ) ;
#6510 = ADVANCED_FACE ( 'NONE', ( #579, #10146 ), #9295, .F. ) ;
#6511 = AXIS2_PLACEMENT_3D ( 'NONE', #4933, #3240, #10059 ) ;
#6512 = CARTESIAN_POINT ( 'NONE',  ( -14.85900000000000531, 7.239000000000000767, -0.3810000000000028919 ) ) ;
#6513 = DIRECTION ( 'NONE',  ( 0.000000000000000000, 0.000000000000000000, 1.000000000000000000 ) ) ;
#6514 = EDGE_CURVE ( 'NONE', #4330, #9066, #11068, .T. ) ;
#6515 = EDGE_CURVE ( 'NONE', #5479, #5822, #2405, .T. ) ;
#6516 = DIRECTION ( 'NONE',  ( 0.000000000000000000, -0.9659258262890700886, 0.2588190451025140781 ) ) ;
#6517 = ORIENTED_EDGE ( 'NONE', *, *, #8598, .F. ) ;
#6518 = FACE_OUTER_BOUND ( 'NONE', #9175, .T. ) ;
#6519 = DIRECTION ( 'NONE',  ( -1.000000000000000000, -0.000000000000000000, -0.000000000000000000 ) ) ;
#6520 = ORIENTED_EDGE ( 'NONE', *, *, #6363, .F. ) ;
#6521 = DIRECTION ( 'NONE',  ( 0.000000000000000000, -2.449293598294710852E-16, 1.000000000000000000 ) ) ;
#6522 = ORIENTED_EDGE ( 'NONE', *, *, #7756, .T. ) ;
#6523 = COLOUR_RGB ( '',0.2509803921568627416, 0.2509803921568627416, 0.2509803921568627416 ) ;
#6524 = VECTOR ( 'NONE', #4724, 1000.000000000000000 ) ;
#6525 = ORIENTED_EDGE ( 'NONE', *, *, #8568, .T. ) ;
#6526 = PLANE ( 'NONE',  #7397 ) ;
#6527 = DIRECTION ( 'NONE',  ( 1.000000000000000000, 0.000000000000000000, 0.000000000000000000 ) ) ;
#6528 = EDGE_CURVE ( 'NONE', #4642, #2632, #6848, .T. ) ;
#6529 = ORIENTED_EDGE ( 'NONE', *, *, #7988, .T. ) ;
#6530 = PLANE ( 'NONE',  #6805 ) ;
#6531 = CARTESIAN_POINT ( 'NONE',  ( -15.62100000000000399, 7.239000000000000767, 0.3809999999999958975 ) ) ;
#6532 = FACE_OUTER_BOUND ( 'NONE', #2886, .T. ) ;
#6533 = DIRECTION ( 'NONE',  ( 0.000000000000000000, 0.9659258262890700886, -0.2588190451025140781 ) ) ;
#6534 = EDGE_CURVE ( 'NONE', #9557, #7401, #10195, .T. ) ;
#6535 = VERTEX_POINT ( 'NONE', #5120 ) ;
#6536 = FACE_OUTER_BOUND ( 'NONE', #5586, .T. ) ;
#6537 = FACE_OUTER_BOUND ( 'NONE', #2872, .T. ) ;
#6538 = DIRECTION ( 'NONE',  ( 0.000000000000000000, 0.000000000000000000, 1.000000000000000000 ) ) ;
#6539 = FACE_BOUND ( 'NONE', #4787, .T. ) ;
#6540 = EDGE_LOOP ( 'NONE', ( #1483, #6796, #6463, #5418 ) ) ;
#6541 = LINE ( 'NONE', #10000, #11146 ) ;
#6542 = VECTOR ( 'NONE', #3626, 1000.000000000000000 ) ;
#6543 = CARTESIAN_POINT ( 'NONE',  ( -11.43000000000000504, 3.110602869834277161E-16, -1.270000000000001128 ) ) ;
#6544 = EDGE_CURVE ( 'NONE', #7649, #1681, #1707, .T. ) ;
#6545 = CARTESIAN_POINT ( 'NONE',  ( -11.43000000000000504, 0.5080000000000002292, -0.7528818102449945648 ) ) ;
#6546 = EDGE_LOOP ( 'NONE', ( #2118, #1965, #1984, #4977 ) ) ;
#6547 = VECTOR ( 'NONE', #9796, 1000.000000000000000 ) ;
#6548 = ORIENTED_EDGE ( 'NONE', *, *, #3990, .F. ) ;
#6549 =( NAMED_UNIT ( * ) SI_UNIT ( $, .STERADIAN. ) SOLID_ANGLE_UNIT ( ) );
#6550 = DIRECTION ( 'NONE',  ( 0.000000000000000000, 5.054934237236841843E-31, 1.000000000000000000 ) ) ;
#6551 = CARTESIAN_POINT ( 'NONE',  ( 3.809999999999997389, 3.110602869834277161E-16, -1.270000000000001128 ) ) ;
#6552 = SURFACE_SIDE_STYLE ('',( #10174 ) ) ;
#6553 = SURFACE_STYLE_USAGE ( .BOTH. , #9803 ) ;
#6554 = LINE ( 'NONE', #10933, #8690 ) ;
#6555 = VERTEX_POINT ( 'NONE', #4954 ) ;
#6556 = FACE_OUTER_BOUND ( 'NONE', #9563, .T. ) ;
#6557 = UNCERTAINTY_MEASURE_WITH_UNIT (LENGTH_MEASURE( 1.000000000000000082E-05 ), #5285, 'distance_accuracy_value', 'NONE');
#6558 = ORIENTED_EDGE ( 'NONE', *, *, #9817, .T. ) ;
#6559 = DIRECTION ( 'NONE',  ( 0.000000000000000000, 1.440069553722777130E-16, -1.000000000000000000 ) ) ;
#6561 = EDGE_LOOP ( 'NONE', ( #5295, #6838, #1122, #8109 ) ) ;
#6560 = ADVANCED_FACE ( 'NONE', ( #6904 ), #5871, .F. ) ;
#6562 = DIRECTION ( 'NONE',  ( 1.000000000000000000, -0.000000000000000000, -0.000000000000000000 ) ) ;
#6563 = EDGE_LOOP ( 'NONE', ( #4147, #9270, #4870, #6354 ) ) ;
#6564 = ORIENTED_EDGE ( 'NONE', *, *, #9359, .F. ) ;
#6565 =( NAMED_UNIT ( * ) PLANE_ANGLE_UNIT ( ) SI_UNIT ( $, .RADIAN. ) );
#6566 = CARTESIAN_POINT ( 'NONE',  ( 19.04999999999999716, -1.925929944387235853E-31, 0.8889999999999991243 ) ) ;
#6567 = CARTESIAN_POINT ( 'NONE',  ( -24.13000000000000611, 0.000000000000000000, 1.269999999999998908 ) ) ;
#6568 = VERTEX_POINT ( 'NONE', #6104 ) ;
#6569 = DIRECTION ( 'NONE',  ( 1.000000000000000000, 0.000000000000000000, 0.000000000000000000 ) ) ;
#6570 = DIRECTION ( 'NONE',  ( 0.000000000000000000, 1.733406087350420004E-16, -1.000000000000000000 ) ) ;
#6571 = VERTEX_POINT ( 'NONE', #9410 ) ;
#6572 = LINE ( 'NONE', #10027, #256 ) ;
#6573 = VECTOR ( 'NONE', #8641, 1000.000000000000000 ) ;
#6574 = ADVANCED_FACE ( 'NONE', ( #1538 ), #5988, .T. ) ;
#6576 = ORIENTED_EDGE ( 'NONE', *, *, #3516, .T. ) ;
#6575 = EDGE_CURVE ( 'NONE', #2619, #5228, #3312, .T. ) ;
#6577 = ORIENTED_EDGE ( 'NONE', *, *, #10835, .F. ) ;
#6578 = VECTOR ( 'NONE', #2581, 1000.000000000000000 ) ;
#6579 = EDGE_CURVE ( 'NONE', #10806, #7916, #860, .T. ) ;
#6580 = VECTOR ( 'NONE', #5211, 1000.000000000000000 ) ;
#6581 = DIRECTION ( 'NONE',  ( 0.000000000000000000, -0.000000000000000000, -1.000000000000000000 ) ) ;
#6582 = PLANE ( 'NONE',  #1302 ) ;
#6583 = ORIENTED_EDGE ( 'NONE', *, *, #9848, .F. ) ;
#6584 = DIRECTION ( 'NONE',  ( -0.000000000000000000, 1.000000000000000000, 1.440069553722777130E-16 ) ) ;
#6585 = LINE ( 'NONE', #2304, #3200 ) ;
#6586 = LINE ( 'NONE', #4069, #7049 ) ;
#6587 = VECTOR ( 'NONE', #3902, 1000.000000000000000 ) ;
#6588 = LINE ( 'NONE', #10040, #1952 ) ;
#6589 = ORIENTED_EDGE ( 'NONE', *, *, #1415, .T. ) ;
#6590 = EDGE_CURVE ( 'NONE', #9138, #4386, #3427, .T. ) ;
#6591 = VERTEX_POINT ( 'NONE', #4338 ) ;
#6592 = CARTESIAN_POINT ( 'NONE',  ( 12.31899999999999729, 7.239000000000000767, -0.3810000000000028919 ) ) ;
#6593 = VECTOR ( 'NONE', #5957, 1000.000000000000000 ) ;
#6594 = VECTOR ( 'NONE', #3290, 1000.000000000000000 ) ;
#6595 =( LENGTH_UNIT ( ) NAMED_UNIT ( * ) SI_UNIT ( .MILLI., .METRE. ) );
#6596 = LINE ( 'NONE', #11033, #11215 ) ;
#6597 = CARTESIAN_POINT ( 'NONE',  ( -2.921000000000003372, 7.239000000000000767, -0.3810000000000028919 ) ) ;
#6598 = ORIENTED_EDGE ( 'NONE', *, *, #9902, .F. ) ;
#6599 = DIRECTION ( 'NONE',  ( 0.000000000000000000, 1.440069553722777130E-16, -1.000000000000000000 ) ) ;
#6600 = AXIS2_PLACEMENT_3D ( 'NONE', #359, #3816, #1353 ) ;
#6601 = DIRECTION ( 'NONE',  ( 0.000000000000000000, -1.440069553722777377E-16, 1.000000000000000000 ) ) ;
#6602 = FACE_OUTER_BOUND ( 'NONE', #10194, .T. ) ;
#6603 = VECTOR ( 'NONE', #9727, 1000.000000000000000 ) ;
#6604 = ORIENTED_EDGE ( 'NONE', *, *, #2736, .T. ) ;
#6605 = ORIENTED_EDGE ( 'NONE', *, *, #1410, .T. ) ;
#6606 = DIRECTION ( 'NONE',  ( 1.000000000000000000, 0.000000000000000000, 0.000000000000000000 ) ) ;
#6607 = VECTOR ( 'NONE', #3747, 1000.000000000000000 ) ;
#6608 = DIRECTION ( 'NONE',  ( 0.000000000000000000, -1.000000000000000000, -2.548365665731588345E-16 ) ) ;
#6609 = DIRECTION ( 'NONE',  ( -1.000000000000000000, 0.000000000000000000, 0.000000000000000000 ) ) ;
#6610 = EDGE_CURVE ( 'NONE', #7202, #5439, #802, .T. ) ;
#6611 = SURFACE_STYLE_USAGE ( .BOTH. , #7580 ) ;
#6612 = LINE ( 'NONE', #1521, #8288 ) ;
#6613 = AXIS2_PLACEMENT_3D ( 'NONE', #3395, #8634, #10522 ) ;
#6614 = DIRECTION ( 'NONE',  ( -1.000000000000000000, -0.000000000000000000, -0.000000000000000000 ) ) ;
#6615 = EDGE_LOOP ( 'NONE', ( #5987, #9764, #8992, #5748 ) ) ;
#6616 = CARTESIAN_POINT ( 'NONE',  ( 20.70099999999999696, 8.064500000000000668, 0.3809999999999958975 ) ) ;
#6617 = ORIENTED_EDGE ( 'NONE', *, *, #7072, .T. ) ;
#6618 = LINE ( 'NONE', #3985, #2067 ) ;
#6619 = EDGE_LOOP ( 'NONE', ( #10177, #7052, #2063, #8461 ) ) ;
#6620 = MECHANICAL_DESIGN_GEOMETRIC_PRESENTATION_REPRESENTATION (  '', ( #8418 ), #602 ) ;
#6621 = CARTESIAN_POINT ( 'NONE',  ( -22.47900000000000631, 7.239000000000000767, 0.3809999999999958975 ) ) ;
#6622 = ORIENTED_EDGE ( 'NONE', *, *, #8325, .T. ) ;
#6623 = ORIENTED_EDGE ( 'NONE', *, *, #1077, .F. ) ;
#6624 = AXIS2_PLACEMENT_3D ( 'NONE', #3895, #10857, #4067 ) ;
#6625 = DIRECTION ( 'NONE',  ( -1.000000000000000000, -0.000000000000000000, -0.000000000000000000 ) ) ;
#6626 = DIRECTION ( 'NONE',  ( 0.000000000000000000, -0.9659258262890700886, 0.2588190451025140781 ) ) ;
#6627 = AXIS2_PLACEMENT_3D ( 'NONE', #6851, #10318, #2522 ) ;
#6628 = CARTESIAN_POINT ( 'NONE',  ( 21.58999999999999631, 0.5080000000000000071, 0.7528818102449925664 ) ) ;
#6629 = ORIENTED_EDGE ( 'NONE', *, *, #9360, .T. ) ;
#6630 = DIRECTION ( 'NONE',  ( 0.000000000000000000, -5.054934237236841843E-31, -1.000000000000000000 ) ) ;
#6631 = CARTESIAN_POINT ( 'NONE',  ( 24.38400000000000745, 0.000000000000000000, 1.269999999999998908 ) ) ;
#6632 = ORIENTED_EDGE ( 'NONE', *, *, #1842, .F. ) ;
#6633 = DIRECTION ( 'NONE',  ( 0.000000000000000000, 0.000000000000000000, 1.000000000000000000 ) ) ;
#6634 = ORIENTED_EDGE ( 'NONE', *, *, #6509, .F. ) ;
#6635 = ORIENTED_EDGE ( 'NONE', *, *, #9972, .T. ) ;
#6636 = AXIS2_PLACEMENT_3D ( 'NONE', #499, #446, #8198 ) ;
#6637 = ADVANCED_FACE ( 'NONE', ( #2629 ), #8612, .F. ) ;
#6638 = ADVANCED_FACE ( 'NONE', ( #8553 ), #743, .F. ) ;
#6639 = DIRECTION ( 'NONE',  ( 0.000000000000000000, -0.000000000000000000, -1.000000000000000000 ) ) ;
#6640 = FACE_OUTER_BOUND ( 'NONE', #3379, .T. ) ;
#6641 = VERTEX_POINT ( 'NONE', #7821 ) ;
#6642 = DIRECTION ( 'NONE',  ( 0.000000000000000000, -1.440069553722777130E-16, 1.000000000000000000 ) ) ;
#6643 = CLOSED_SHELL ( 'NONE', ( #1409, #3362, #7609, #4697, #11050, #6377, #2814, #8445, #4625, #9846, #6638, #1350, #7914, #8531, #2257, #2564, #5722, #448, #6076 ) ) ;
#6644 = DIRECTION ( 'NONE',  ( -1.000000000000000000, 0.000000000000000000, 0.000000000000000000 ) ) ;
#6645 = LINE ( 'NONE', #8516, #1211 ) ;
#6646 = FACE_OUTER_BOUND ( 'NONE', #4205, .T. ) ;
#6647 = VERTEX_POINT ( 'NONE', #3480 ) ;
#6648 = VERTEX_POINT ( 'NONE', #7705 ) ;
#6649 = EDGE_CURVE ( 'NONE', #2748, #9199, #11176, .T. ) ;
#6650 = EDGE_CURVE ( 'NONE', #10200, #10778, #9518, .T. ) ;
#6651 = CARTESIAN_POINT ( 'NONE',  ( 8.889999999999995239, 3.110602869834277161E-16, -1.270000000000001128 ) ) ;
#6652 = DIRECTION ( 'NONE',  ( 1.000000000000000000, 0.000000000000000000, 0.000000000000000000 ) ) ;
#6653 = DIRECTION ( 'NONE',  ( 0.000000000000000000, 1.440069553722777130E-16, -1.000000000000000000 ) ) ;
#6654 = ADVANCED_FACE ( 'NONE', ( #6959 ), #10496, .F. ) ;
#6655 = ADVANCED_FACE ( 'NONE', ( #6275 ), #9687, .F. ) ;
#6656 = DIRECTION ( 'NONE',  ( 0.000000000000000000, 0.9659258262890700886, -0.2588190451025140781 ) ) ;
#6657 = LINE ( 'NONE', #6714, #5231 ) ;
#6658 = ORIENTED_EDGE ( 'NONE', *, *, #2588, .T. ) ;
#6659 = FACE_OUTER_BOUND ( 'NONE', #10495, .T. ) ;
#6660 = CARTESIAN_POINT ( 'NONE',  ( 6.349999999999997868, 0.5080000000000002292, -0.7528818102449945648 ) ) ;
#6661 = FACE_OUTER_BOUND ( 'NONE', #6747, .T. ) ;
#6662 = VECTOR ( 'NONE', #5382, 1000.000000000000000 ) ;
#6663 = ORIENTED_EDGE ( 'NONE', *, *, #5075, .F. ) ;
#6664 = VERTEX_POINT ( 'NONE', #5352 ) ;
#6665 = CARTESIAN_POINT ( 'NONE',  ( -8.001000000000004775, 7.239000000000000767, -0.3810000000000028919 ) ) ;
#6666 = COLOUR_RGB ( '',0.2509803921568627416, 0.2509803921568627416, 0.2509803921568627416 ) ;
#6667 = DIRECTION ( 'NONE',  ( 0.000000000000000000, 0.000000000000000000, -1.000000000000000000 ) ) ;
#6668 = CARTESIAN_POINT ( 'NONE',  ( -3.810000000000004494, 8.509000000000000341, -1.270000000000001128 ) ) ;
#6669 = VECTOR ( 'NONE', #9081, 1000.000000000000000 ) ;
#6670 = EDGE_CURVE ( 'NONE', #2597, #5083, #4453, .T. ) ;
#6671 = VECTOR ( 'NONE', #6400, 1000.000000000000000 ) ;
#6672 = DIRECTION ( 'NONE',  ( 0.000000000000000000, -2.449293598294710852E-16, 1.000000000000000000 ) ) ;
#6673 = VERTEX_POINT ( 'NONE', #1086 ) ;
#6674 = DIRECTION ( 'NONE',  ( 0.000000000000000000, 0.000000000000000000, -1.000000000000000000 ) ) ;
#6675 = ORIENTED_EDGE ( 'NONE', *, *, #586, .F. ) ;
#6676 = CARTESIAN_POINT ( 'NONE',  ( -21.59000000000000341, 2.177422008883992879E-16, -0.8890000000000013447 ) ) ;
#6677 = ORIENTED_EDGE ( 'NONE', *, *, #655, .F. ) ;
#6678 = DIRECTION ( 'NONE',  ( 0.000000000000000000, 2.548365665731588345E-16, -1.000000000000000000 ) ) ;
#6679 = EDGE_CURVE ( 'NONE', #5368, #3107, #4563, .T. ) ;
#6680 = ORIENTED_EDGE ( 'NONE', *, *, #2558, .F. ) ;
#6681 = EDGE_CURVE ( 'NONE', #2524, #2916, #6209, .T. ) ;
#6682 = AXIS2_PLACEMENT_3D ( 'NONE', #1311, #10895, #4793 ) ;
#6683 = ORIENTED_EDGE ( 'NONE', *, *, #8095, .T. ) ;
#6684 = CARTESIAN_POINT ( 'NONE',  ( -19.05000000000000426, 8.509000000000000341, -1.270000000000001128 ) ) ;
#6685 = AXIS2_PLACEMENT_3D ( 'NONE', #10344, #5321, #10525 ) ;
#6686 = LINE ( 'NONE', #6739, #7043 ) ;
#6687 = ORIENTED_EDGE ( 'NONE', *, *, #3724, .F. ) ;
#6688 = FACE_OUTER_BOUND ( 'NONE', #1653, .T. ) ;
#6689 = ORIENTED_EDGE ( 'NONE', *, *, #1914, .F. ) ;
#6690 = CARTESIAN_POINT ( 'NONE',  ( -6.350000000000004974, 2.177422008883992879E-16, -0.8890000000000013447 ) ) ;
#6691 = CARTESIAN_POINT ( 'NONE',  ( -21.59000000000000341, 0.5080000000000002292, -0.7528818102449945648 ) ) ;
#6692 = VECTOR ( 'NONE', #4299, 1000.000000000000000 ) ;
#6693 = ORIENTED_EDGE ( 'NONE', *, *, #6717, .T. ) ;
#6694 = CARTESIAN_POINT ( 'NONE',  ( -13.97000000000000419, 0.5080000000000000071, 0.7528818102449925664 ) ) ;
#6695 = ORIENTED_EDGE ( 'NONE', *, *, #3608, .T. ) ;
#6696 = EDGE_LOOP ( 'NONE', ( #3613, #11193, #5757, #8264 ) ) ;
#6697 =( GEOMETRIC_REPRESENTATION_CONTEXT ( 3 ) GLOBAL_UNCERTAINTY_ASSIGNED_CONTEXT ( ( #3354 ) ) GLOBAL_UNIT_ASSIGNED_CONTEXT ( ( #9051, #3011, #6491 ) ) REPRESENTATION_CONTEXT ( 'NONE', 'WORKASPACE' ) );
#6698 = VECTOR ( 'NONE', #5406, 1000.000000000000000 ) ;
#6699 = PLANE ( 'NONE',  #7036 ) ;
#6700 = LINE ( 'NONE', #4861, #7870 ) ;
#6701 = ORIENTED_EDGE ( 'NONE', *, *, #6451, .F. ) ;
#6702 = DIRECTION ( 'NONE',  ( 0.000000000000000000, -1.440069553722777130E-16, 1.000000000000000000 ) ) ;
#6703 = VECTOR ( 'NONE', #7409, 1000.000000000000000 ) ;
#6704 = FACE_OUTER_BOUND ( 'NONE', #9399, .T. ) ;
#6705 = DIRECTION ( 'NONE',  ( -1.000000000000000000, -0.000000000000000000, -0.000000000000000000 ) ) ;
#6706 = LINE ( 'NONE', #9369, #7242 ) ;
#6707 = EDGE_LOOP ( 'NONE', ( #2310, #2713, #4340, #7071 ) ) ;
#6708 = ORIENTED_EDGE ( 'NONE', *, *, #10689, .F. ) ;
#6709 = VECTOR ( 'NONE', #3897, 1000.000000000000000 ) ;
#6710 = FACE_OUTER_BOUND ( 'NONE', #4783, .T. ) ;
#6711 = CARTESIAN_POINT ( 'NONE',  ( -21.59000000000000341, 0.5080000000000000071, 0.7528818102449925664 ) ) ;
#6712 = DIRECTION ( 'NONE',  ( 1.000000000000000000, 0.000000000000000000, 0.000000000000000000 ) ) ;
#6713 = CARTESIAN_POINT ( 'NONE',  ( -0.8255000000000033422, 8.509000000000000341, 0.8254999999999976801 ) ) ;
#6714 = CARTESIAN_POINT ( 'NONE',  ( -0.3810000000000028919, 7.239000000000000767, -0.3810000000000028919 ) ) ;
#6715 = ORIENTED_EDGE ( 'NONE', *, *, #5787, .F. ) ;
#6716 = DIRECTION ( 'NONE',  ( -1.000000000000000000, -0.000000000000000000, -0.000000000000000000 ) ) ;
#6717 = EDGE_CURVE ( 'NONE', #7765, #10837, #8046, .T. ) ;
#6718 = ADVANCED_FACE ( 'NONE', ( #8837 ), #1765, .F. ) ;
#6719 = DIRECTION ( 'NONE',  ( -1.000000000000000000, -0.000000000000000000, -0.000000000000000000 ) ) ;
#6720 = ORIENTED_EDGE ( 'NONE', *, *, #3844, .F. ) ;
#6721 = VERTEX_POINT ( 'NONE', #2799 ) ;
#6722 = CARTESIAN_POINT ( 'NONE',  ( -15.24000000000000554, 0.000000000000000000, 0.000000000000000000 ) ) ;
#6723 = CARTESIAN_POINT ( 'NONE',  ( -6.350000000000004974, 8.509000000000000341, -1.270000000000001128 ) ) ;
#6724 = FILL_AREA_STYLE ('',( #8314 ) ) ;
#6725 = PRESENTATION_STYLE_ASSIGNMENT (( #9278 ) ) ;
#6726 = DIRECTION ( 'NONE',  ( -0.000000000000000000, -0.000000000000000000, 1.000000000000000000 ) ) ;
#6727 = EDGE_LOOP ( 'NONE', ( #425, #1321, #480, #11180 ) ) ;
#6728 = DIRECTION ( 'NONE',  ( 0.000000000000000000, 1.000000000000000000, -5.054934237236841843E-31 ) ) ;
#6729 = EDGE_LOOP ( 'NONE', ( #5895, #697, #1040, #4995 ) ) ;
#6730 = CARTESIAN_POINT ( 'NONE',  ( -21.59000000000000341, 0.000000000000000000, 1.269999999999998908 ) ) ;
#6731 = VERTEX_POINT ( 'NONE', #913 ) ;
#6732 = EDGE_CURVE ( 'NONE', #5822, #1441, #974, .T. ) ;
#6733 = DIRECTION ( 'NONE',  ( -1.000000000000000000, -0.000000000000000000, -0.000000000000000000 ) ) ;
#6734 = ADVANCED_FACE ( 'NONE', ( #5239 ), #8944, .F. ) ;
#6735 = ORIENTED_EDGE ( 'NONE', *, *, #4582, .F. ) ;
#6736 = VERTEX_POINT ( 'NONE', #8103 ) ;
#6737 = DIRECTION ( 'NONE',  ( 0.000000000000000000, 0.000000000000000000, 1.000000000000000000 ) ) ;
#6738 = ADVANCED_FACE ( 'NONE', ( #300 ), #9807, .F. ) ;
#6739 = CARTESIAN_POINT ( 'NONE',  ( 16.50999999999999801, 0.5080000000000002292, -0.7528818102449945648 ) ) ;
#6740 = DIRECTION ( 'NONE',  ( -1.000000000000000000, -0.000000000000000000, -0.000000000000000000 ) ) ;
#6741 = VERTEX_POINT ( 'NONE', #9745 ) ;
#6742 = EDGE_CURVE ( 'NONE', #7099, #1888, #4511, .T. ) ;
#6743 = CARTESIAN_POINT ( 'NONE',  ( 19.04999999999999716, 2.177422008883992879E-16, -0.8890000000000013447 ) ) ;
#6744 = DIRECTION ( 'NONE',  ( -0.000000000000000000, 1.000000000000000000, 1.733406087350420004E-16 ) ) ;
#6745 = EDGE_LOOP ( 'NONE', ( #8730, #8494, #458, #3763 ) ) ;
#6746 = VERTEX_POINT ( 'NONE', #1947 ) ;
#6747 = EDGE_LOOP ( 'NONE', ( #8216, #745, #10986, #6390 ) ) ;
#6748 = FACE_OUTER_BOUND ( 'NONE', #3469, .T. ) ;
#6749 = LINE ( 'NONE', #4506, #1848 ) ;
#6750 = VECTOR ( 'NONE', #7631, 1000.000000000000000 ) ;
#6751 = ORIENTED_EDGE ( 'NONE', *, *, #5373, .F. ) ;
#6752 = ADVANCED_FACE ( 'NONE', ( #1819 ), #10548, .F. ) ;
#6753 = DIRECTION ( 'NONE',  ( 0.000000000000000000, 0.000000000000000000, 1.000000000000000000 ) ) ;
#6754 = CARTESIAN_POINT ( 'NONE',  ( 7.238999999999995438, 7.239000000000000767, -0.3810000000000028919 ) ) ;
#6755 = PLANE ( 'NONE',  #4107 ) ;
#6756 = CARTESIAN_POINT ( 'NONE',  ( 16.50999999999999801, 8.509000000000000341, 1.270000000000001128 ) ) ;
#6757 = LINE ( 'NONE', #7723, #326 ) ;
#6758 = ORIENTED_EDGE ( 'NONE', *, *, #413, .F. ) ;
#6759 = ORIENTED_EDGE ( 'NONE', *, *, #2696, .F. ) ;
#6760 = LINE ( 'NONE', #10218, #6593 ) ;
#6761 = ADVANCED_FACE ( 'NONE', ( #6338 ), #5290, .F. ) ;
#6762 =( NAMED_UNIT ( * ) SI_UNIT ( $, .STERADIAN. ) SOLID_ANGLE_UNIT ( ) );
#6763 = CARTESIAN_POINT ( 'NONE',  ( -9.779000000000005244, 7.239000000000000767, 0.3809999999999958975 ) ) ;
#6764 = VECTOR ( 'NONE', #5156, 1000.000000000000000 ) ;
#6765 = FACE_OUTER_BOUND ( 'NONE', #4168, .T. ) ;
#6766 = FACE_OUTER_BOUND ( 'NONE', #6183, .T. ) ;
#6767 = ORIENTED_EDGE ( 'NONE', *, *, #4262, .T. ) ;
#6768 = DIRECTION ( 'NONE',  ( 0.000000000000000000, 0.000000000000000000, 1.000000000000000000 ) ) ;
#6769 = CARTESIAN_POINT ( 'NONE',  ( -16.51000000000000512, 8.509000000000000341, 1.270000000000001128 ) ) ;
#6770 = EDGE_LOOP ( 'NONE', ( #2901, #3986, #4324, #1140 ) ) ;
#6771 = EDGE_LOOP ( 'NONE', ( #38, #1092, #5557, #1085 ) ) ;
#6772 = AXIS2_PLACEMENT_3D ( 'NONE', #8857, #7162, #2358 ) ;
#6773 = DIRECTION ( 'NONE',  ( 1.000000000000000000, 0.000000000000000000, 0.000000000000000000 ) ) ;
#6774 = AXIS2_PLACEMENT_3D ( 'NONE', #4447, #4216, #2565 ) ;
#6775 = EDGE_CURVE ( 'NONE', #4944, #7857, #3598, .T. ) ;
#6776 = LINE ( 'NONE', #8258, #10008 ) ;
#6777 = ADVANCED_FACE ( 'NONE', ( #4617 ), #7259, .F. ) ;
#6778 = DIRECTION ( 'NONE',  ( 1.000000000000000000, 0.000000000000000000, 0.000000000000000000 ) ) ;
#6779 = SURFACE_SIDE_STYLE ('',( #2272 ) ) ;
#6780 = VECTOR ( 'NONE', #8500, 1000.000000000000000 ) ;
#6781 = FACE_OUTER_BOUND ( 'NONE', #4427, .T. ) ;
#6782 = ORIENTED_EDGE ( 'NONE', *, *, #3842, .T. ) ;
#6783 = DIRECTION ( 'NONE',  ( 0.000000000000000000, 5.054934237236841843E-31, 1.000000000000000000 ) ) ;
#6784 = EDGE_CURVE ( 'NONE', #10961, #6453, #7508, .T. ) ;
#6785 = UNCERTAINTY_MEASURE_WITH_UNIT (LENGTH_MEASURE( 1.000000000000000082E-05 ), #5685, 'distance_accuracy_value', 'NONE');
#6786 = STYLED_ITEM ( 'NONE', ( #5742 ), #5483 ) ;
#6787 = CARTESIAN_POINT ( 'NONE',  ( 8.889999999999995239, 8.509000000000000341, 1.270000000000001128 ) ) ;
#6788 = ORIENTED_EDGE ( 'NONE', *, *, #570, .T. ) ;
#6789 = DIRECTION ( 'NONE',  ( 0.000000000000000000, -1.733406087350420004E-16, 1.000000000000000000 ) ) ;
#6790 = ORIENTED_EDGE ( 'NONE', *, *, #928, .F. ) ;
#6791 = VECTOR ( 'NONE', #10358, 1000.000000000000000 ) ;
#6792 = VERTEX_POINT ( 'NONE', #6713 ) ;
#6793 = FACE_OUTER_BOUND ( 'NONE', #11145, .T. ) ;
#6794 = DIRECTION ( 'NONE',  ( 0.000000000000000000, -5.054934237236841843E-31, -1.000000000000000000 ) ) ;
#6795 = DIRECTION ( 'NONE',  ( 0.000000000000000000, 1.000000000000000000, -5.054934237236841843E-31 ) ) ;
#6796 = ORIENTED_EDGE ( 'NONE', *, *, #1759, .F. ) ;
#6797 = EDGE_CURVE ( 'NONE', #7442, #156, #6443, .T. ) ;
#6798 = DIRECTION ( 'NONE',  ( 0.000000000000000000, 0.000000000000000000, -1.000000000000000000 ) ) ;
#6799 = FACE_OUTER_BOUND ( 'NONE', #6208, .T. ) ;
#6800 = ADVANCED_FACE ( 'NONE', ( #6765 ), #3339, .F. ) ;
#6801 = EDGE_CURVE ( 'NONE', #7003, #634, #9854, .T. ) ;
#6802 = EDGE_LOOP ( 'NONE', ( #9253, #1298, #5696, #9824 ) ) ;
#6803 = SURFACE_SIDE_STYLE ('',( #5991 ) ) ;
#6804 = ORIENTED_EDGE ( 'NONE', *, *, #1283, .T. ) ;
#6805 = AXIS2_PLACEMENT_3D ( 'NONE', #4750, #1493, #10036 ) ;
#6806 = ORIENTED_EDGE ( 'NONE', *, *, #1347, .F. ) ;
#6807 = AXIS2_PLACEMENT_3D ( 'NONE', #5223, #1119, #9792 ) ;
#6808 = DIRECTION ( 'NONE',  ( 0.000000000000000000, 1.000000000000000000, 1.733406087350420004E-16 ) ) ;
#6809 = LINE ( 'NONE', #7611, #6412 ) ;
#6810 = ORIENTED_EDGE ( 'NONE', *, *, #9984, .T. ) ;
#6811 = CARTESIAN_POINT ( 'NONE',  ( -21.59000000000000341, 3.110602869834277161E-16, -1.270000000000001128 ) ) ;
#6812 = DIRECTION ( 'NONE',  ( 1.000000000000000000, 0.000000000000000000, 0.000000000000000000 ) ) ;
#6813 = EDGE_CURVE ( 'NONE', #9184, #1599, #8408, .T. ) ;
#6814 = DIRECTION ( 'NONE',  ( 1.000000000000000000, 0.000000000000000000, -0.000000000000000000 ) ) ;
#6815 = AXIS2_PLACEMENT_3D ( 'NONE', #5385, #2771, #2827 ) ;
#6816 = DIRECTION ( 'NONE',  ( 0.000000000000000000, 1.000000000000000000, 2.548365665731588345E-16 ) ) ;
#6817 = ORIENTED_EDGE ( 'NONE', *, *, #3098, .T. ) ;
#6818 = ORIENTED_EDGE ( 'NONE', *, *, #1698, .F. ) ;
#6819 = EDGE_CURVE ( 'NONE', #3430, #5016, #7675, .T. ) ;
#6820 = CLOSED_SHELL ( 'NONE', ( #2343, #668, #7834, #7511, #7428, #9775, #891, #112, #873, #10185 ) ) ;
#6821 = CARTESIAN_POINT ( 'NONE',  ( -0.1961031209927693308, -3.200400000000000134, 0.2032000000000001583 ) ) ;
#6822 = DIRECTION ( 'NONE',  ( -1.000000000000000000, 0.000000000000000000, 0.000000000000000000 ) ) ;
#6823 = CARTESIAN_POINT ( 'NONE',  ( -1.270000000000003793, 0.5080000000000002292, -0.7528818102449945648 ) ) ;
#6824 = CARTESIAN_POINT ( 'NONE',  ( 14.85899999999999643, 7.239000000000000767, -0.3810000000000028919 ) ) ;
#6825 = PLANE ( 'NONE',  #10521 ) ;
#6826 = VERTEX_POINT ( 'NONE', #611 ) ;
#6827 = DIRECTION ( 'NONE',  ( 0.000000000000000000, -1.733406087350420004E-16, 1.000000000000000000 ) ) ;
#6828 = DIRECTION ( 'NONE',  ( -1.000000000000000000, 0.000000000000000000, 0.000000000000000000 ) ) ;
#6829 = VERTEX_POINT ( 'NONE', #2966 ) ;
#6830 = VECTOR ( 'NONE', #6204, 1000.000000000000000 ) ;
#6831 = CARTESIAN_POINT ( 'NONE',  ( -24.38400000000000745, 0.000000000000000000, 1.269999999999998908 ) ) ;
#6832 = FACE_OUTER_BOUND ( 'NONE', #6446, .T. ) ;
#6833 =( LENGTH_UNIT ( ) NAMED_UNIT ( * ) SI_UNIT ( .MILLI., .METRE. ) );
#6834 = LINE ( 'NONE', #7641, #3053 ) ;
#6835 = ORIENTED_EDGE ( 'NONE', *, *, #1487, .F. ) ;
#6836 = CARTESIAN_POINT ( 'NONE',  ( -17.90700000000000358, 7.810500000000000220, -0.1270000000000024998 ) ) ;
#6837 = DIRECTION ( 'NONE',  ( -0.000000000000000000, 1.000000000000000000, 1.733406087350420004E-16 ) ) ;
#6838 = ORIENTED_EDGE ( 'NONE', *, *, #3666, .T. ) ;
#6839 = LINE ( 'NONE', #69, #6315 ) ;
#6840 = EDGE_LOOP ( 'NONE', ( #4403, #396, #4604, #4171 ) ) ;
#6841 = ORIENTED_EDGE ( 'NONE', *, *, #9843, .T. ) ;
#6842 = VECTOR ( 'NONE', #3099, 1000.000000000000114 ) ;
#6843 = DIRECTION ( 'NONE',  ( 1.000000000000000000, 0.000000000000000000, 0.000000000000000000 ) ) ;
#6844 = CARTESIAN_POINT ( 'NONE',  ( 1.269999999999996909, 8.509000000000000341, 1.270000000000001128 ) ) ;
#6845 = CARTESIAN_POINT ( 'NONE',  ( -11.43000000000000504, -1.925929944387235853E-31, 0.8889999999999991243 ) ) ;
#6846 = LINE ( 'NONE', #1595, #3769 ) ;
#6847 = ORIENTED_EDGE ( 'NONE', *, *, #7216, .T. ) ;
#6848 = LINE ( 'NONE', #3262, #1887 ) ;
#6849 = CARTESIAN_POINT ( 'NONE',  ( 18.16099999999999781, 7.239000000000000767, 0.3809999999999958975 ) ) ;
#6850 = ORIENTED_EDGE ( 'NONE', *, *, #7277, .T. ) ;
#6851 = CARTESIAN_POINT ( 'NONE',  ( 1.269999999999996909, 0.5080000000000000071, 0.7528818102449925664 ) ) ;
#6852 = ORIENTED_EDGE ( 'NONE', *, *, #1841, .F. ) ;
#6853 = PRESENTATION_LAYER_ASSIGNMENT (  '', '', ( #5386 ) ) ;
#6854 = EDGE_LOOP ( 'NONE', ( #1460, #7028, #3970, #9942 ) ) ;
#6855 = EDGE_CURVE ( 'NONE', #9736, #9873, #4081, .T. ) ;
#6856 = ADVANCED_FACE ( 'NONE', ( #714 ), #10164, .F. ) ;
#6857 = ADVANCED_FACE ( 'NONE', ( #9319 ), #3815, .F. ) ;
#6858 = EDGE_CURVE ( 'NONE', #10228, #10961, #10771, .T. ) ;
#6859 = CARTESIAN_POINT ( 'NONE',  ( -20.70100000000000406, 7.239000000000000767, 0.3809999999999958975 ) ) ;
#6860 = VECTOR ( 'NONE', #6032, 1000.000000000000000 ) ;
#6861 = EDGE_LOOP ( 'NONE', ( #4849, #2408, #10736, #4565 ) ) ;
#6862 = EDGE_CURVE ( 'NONE', #5734, #10737, #9908, .T. ) ;
#6863 = LINE ( 'NONE', #6115, #5325 ) ;
#6864 = CARTESIAN_POINT ( 'NONE',  ( -18.16100000000000492, 7.239000000000000767, -0.3810000000000028919 ) ) ;
#6865 = PLANE ( 'NONE',  #5192 ) ;
#6866 = FACE_OUTER_BOUND ( 'NONE', #8686, .T. ) ;
#6867 = ORIENTED_EDGE ( 'NONE', *, *, #6216, .F. ) ;
#6868 = AXIS2_PLACEMENT_3D ( 'NONE', #1763, #1817, #5350 ) ;
#6869 = DIRECTION ( 'NONE',  ( 0.000000000000000000, 1.000000000000000000, 1.733406087350420004E-16 ) ) ;
#6870 = ORIENTED_EDGE ( 'NONE', *, *, #1901, .T. ) ;
#6871 = EDGE_CURVE ( 'NONE', #906, #1034, #4875, .T. ) ;
#6872 = ORIENTED_EDGE ( 'NONE', *, *, #8738, .F. ) ;
#6873 = LINE ( 'NONE', #9162, #10849 ) ;
#6874 = PLANE ( 'NONE',  #8050 ) ;
#6875 = VECTOR ( 'NONE', #9042, 1000.000000000000000 ) ;
#6876 = DIRECTION ( 'NONE',  ( 0.000000000000000000, 0.000000000000000000, 1.000000000000000000 ) ) ;
#6877 = CARTESIAN_POINT ( 'NONE',  ( -1.270000000000003793, 3.110602869834277161E-16, -1.270000000000001128 ) ) ;
#6878 = CARTESIAN_POINT ( 'NONE',  ( 24.13000000000000611, 0.000000000000000000, 1.269999999999998908 ) ) ;
#6879 = PLANE ( 'NONE',  #6685 ) ;
#6880 = ORIENTED_EDGE ( 'NONE', *, *, #7353, .T. ) ;
#6881 = EDGE_CURVE ( 'NONE', #2838, #288, #550, .T. ) ;
#6882 = DIRECTION ( 'NONE',  ( -1.000000000000000000, -0.000000000000000000, -0.000000000000000000 ) ) ;
#6883 = LINE ( 'NONE', #6079, #2925 ) ;
#6884 = VECTOR ( 'NONE', #11037, 1000.000000000000000 ) ;
#6885 = EDGE_LOOP ( 'NONE', ( #5244, #3508, #7808, #5389 ) ) ;
#6886 = PLANE ( 'NONE',  #3879 ) ;
#6887 = CARTESIAN_POINT ( 'NONE',  ( -11.43000000000000504, 2.177422008883992879E-16, -0.8890000000000013447 ) ) ;
#6888 = DIRECTION ( 'NONE',  ( 0.000000000000000000, 0.000000000000000000, 1.000000000000000000 ) ) ;
#6889 = PLANE ( 'NONE',  #5913 ) ;
#6890 = CARTESIAN_POINT ( 'NONE',  ( 3.809999999999997389, 2.177422008883992879E-16, -0.8890000000000013447 ) ) ;
#6891 = ORIENTED_EDGE ( 'NONE', *, *, #1677, .T. ) ;
#6892 = DIRECTION ( 'NONE',  ( -1.000000000000000000, 0.000000000000000000, 0.000000000000000000 ) ) ;
#6893 = UNCERTAINTY_MEASURE_WITH_UNIT (LENGTH_MEASURE( 1.000000000000000082E-05 ), #10879, 'distance_accuracy_value', 'NONE');
#6894 = PLANE ( 'NONE',  #83 ) ;
#6895 = VERTEX_POINT ( 'NONE', #2317 ) ;
#6896 = DIRECTION ( 'NONE',  ( 0.000000000000000000, -0.9659258262890699775, -0.2588190451025145222 ) ) ;
#6897 = ORIENTED_EDGE ( 'NONE', *, *, #3031, .T. ) ;
#6898 = EDGE_LOOP ( 'NONE', ( #5646, #2326, #10169, #9187 ) ) ;
#6899 = LINE ( 'NONE', #853, #10400 ) ;
#6900 = DIRECTION ( 'NONE',  ( 0.000000000000000000, 2.449293598294710852E-16, -1.000000000000000000 ) ) ;
#6901 = LINE ( 'NONE', #637, #315 ) ;
#6902 = CARTESIAN_POINT ( 'NONE',  ( 6.349999999999997868, 0.000000000000000000, 1.269999999999998908 ) ) ;
#6903 = ORIENTED_EDGE ( 'NONE', *, *, #5548, .F. ) ;
#6904 = FACE_OUTER_BOUND ( 'NONE', #7797, .T. ) ;
#6905 = LINE ( 'NONE', #9350, #237 ) ;
#6906 = ORIENTED_EDGE ( 'NONE', *, *, #7385, .F. ) ;
#6907 = ORIENTED_EDGE ( 'NONE', *, *, #4632, .T. ) ;
#6908 = VERTEX_POINT ( 'NONE', #5839 ) ;
#6909 =( REPRESENTATION_RELATIONSHIP ('NONE','NONE', #5926, #187 ) REPRESENTATION_RELATIONSHIP_WITH_TRANSFORMATION ( #3741 )SHAPE_REPRESENTATION_RELATIONSHIP( ) );
#6910 = PRODUCT_DEFINITION_SHAPE ( 'NONE', 'NONE',  #11270 ) ;
#6911 = EDGE_CURVE ( 'NONE', #3890, #4718, #1509, .T. ) ;
#6912 = DIRECTION ( 'NONE',  ( 0.000000000000000000, 1.733406087350420004E-16, -1.000000000000000000 ) ) ;
#6913 = EDGE_LOOP ( 'NONE', ( #8592, #6715, #7591, #1021 ) ) ;
#6914 = EDGE_CURVE ( 'NONE', #7184, #5783, #8467, .T. ) ;
#6915 = LINE ( 'NONE', #1779, #3334 ) ;
#6916 = PLANE ( 'NONE',  #386 ) ;
#6917 = CARTESIAN_POINT ( 'NONE',  ( 11.87449999999999584, 8.509000000000000341, -1.270000000000001128 ) ) ;
#6918 = CARTESIAN_POINT ( 'NONE',  ( -6.350000000000004974, -1.925929944387235853E-31, 0.8889999999999991243 ) ) ;
#6919 = ORIENTED_EDGE ( 'NONE', *, *, #9769, .F. ) ;
#6920 = EDGE_CURVE ( 'NONE', #290, #10773, #3282, .T. ) ;
#6921 = CARTESIAN_POINT ( 'NONE',  ( -13.97000000000000419, 8.509000000000000341, 1.270000000000001128 ) ) ;
#6922 = ORIENTED_EDGE ( 'NONE', *, *, #6929, .T. ) ;
#6923 = EDGE_LOOP ( 'NONE', ( #3704, #4910, #2109, #1073, #8897, #8569, #572, #4622 ) ) ;
#6924 = DIRECTION ( 'NONE',  ( 0.000000000000000000, 0.000000000000000000, -1.000000000000000000 ) ) ;
#6925 = LINE ( 'NONE', #709, #2031 ) ;
#6926 = DIRECTION ( 'NONE',  ( 0.000000000000000000, 0.2588190451025145222, -0.9659258262890699775 ) ) ;
#6927 = DIRECTION ( 'NONE',  ( -0.000000000000000000, 1.000000000000000000, 1.440069553722777130E-16 ) ) ;
#6928 = EDGE_CURVE ( 'NONE', #2376, #9758, #9376, .T. ) ;
#6929 = EDGE_CURVE ( 'NONE', #5923, #1755, #8693, .T. ) ;
#6930 = CARTESIAN_POINT ( 'NONE',  ( -24.38400000000000745, 0.000000000000000000, 1.269999999999998908 ) ) ;
#6931 = CARTESIAN_POINT ( 'NONE',  ( -23.24100000000000321, 7.239000000000000767, -0.3810000000000028919 ) ) ;
#6932 = ORIENTED_EDGE ( 'NONE', *, *, #130, .F. ) ;
#6933 = ADVANCED_FACE ( 'NONE', ( #9608 ), #8575, .F. ) ;
#6934 = EDGE_CURVE ( 'NONE', #7569, #9416, #887, .T. ) ;
#6935 = DIRECTION ( 'NONE',  ( 1.000000000000000000, 0.000000000000000000, -0.000000000000000000 ) ) ;
#6936 = LINE ( 'NONE', #3402, #10190 ) ;
#6937 = ORIENTED_EDGE ( 'NONE', *, *, #650, .F. ) ;
#6938 = DIRECTION ( 'NONE',  ( -1.000000000000000000, -0.000000000000000000, -0.000000000000000000 ) ) ;
#6939 = VECTOR ( 'NONE', #3658, 1000.000000000000000 ) ;
#6940 = CARTESIAN_POINT ( 'NONE',  ( 5.460999999999996746, 7.239000000000000767, -0.3810000000000028919 ) ) ;
#6941 = LINE ( 'NONE', #8648, #9504 ) ;
#6942 = DIRECTION ( 'NONE',  ( -0.000000000000000000, 1.000000000000000000, 1.733406087350420004E-16 ) ) ;
#6943 = LINE ( 'NONE', #2727, #10874 ) ;
#6944 = ORIENTED_EDGE ( 'NONE', *, *, #3297, .F. ) ;
#6945 = CARTESIAN_POINT ( 'NONE',  ( 24.38400000000000745, 0.000000000000000000, 1.269999999999998908 ) ) ;
#6946 = EDGE_CURVE ( 'NONE', #6211, #8784, #6013, .T. ) ;
#6947 = FACE_OUTER_BOUND ( 'NONE', #7500, .T. ) ;
#6948 = EDGE_LOOP ( 'NONE', ( #7466, #10435, #3101, #6806 ) ) ;
#6949 = CARTESIAN_POINT ( 'NONE',  ( -8.890000000000004121, 3.110602869834277161E-16, -1.270000000000001128 ) ) ;
#6950 = VECTOR ( 'NONE', #8587, 1000.000000000000000 ) ;
#6951 = ORIENTED_EDGE ( 'NONE', *, *, #5024, .F. ) ;
#6952 = EDGE_LOOP ( 'NONE', ( #4862, #6847, #3137, #5811 ) ) ;
#6953 = EDGE_CURVE ( 'NONE', #11123, #7176, #165, .T. ) ;
#6954 = DIRECTION ( 'NONE',  ( -0.000000000000000000, 1.000000000000000000, 1.733406087350420004E-16 ) ) ;
#6955 = CARTESIAN_POINT ( 'NONE',  ( 8.889999999999995239, 2.177422008883992879E-16, -0.8890000000000013447 ) ) ;
#6956 = DIRECTION ( 'NONE',  ( 1.000000000000000000, 0.000000000000000000, -0.000000000000000000 ) ) ;
#6957 = PLANE ( 'NONE',  #8319 ) ;
#6958 = VERTEX_POINT ( 'NONE', #1003 ) ;
#6959 = FACE_OUTER_BOUND ( 'NONE', #4019, .T. ) ;
#6960 = CARTESIAN_POINT ( 'NONE',  ( 19.93900000000000006, 7.239000000000000767, 0.3809999999999958975 ) ) ;
#6961 = EDGE_CURVE ( 'NONE', #1549, #288, #2716, .T. ) ;
#6962 = ORIENTED_EDGE ( 'NONE', *, *, #3361, .T. ) ;
#6963 = CARTESIAN_POINT ( 'NONE',  ( -20.44700000000000273, 7.810500000000000220, -0.1270000000000024998 ) ) ;
#6964 = EDGE_LOOP ( 'NONE', ( #2973, #7662, #850, #8433 ) ) ;
#6965 = AXIS2_PLACEMENT_3D ( 'NONE', #3188, #8540, #1461 ) ;
#6966 = EDGE_LOOP ( 'NONE', ( #5876, #3691, #2728, #6695 ) ) ;
#6967 =( GEOMETRIC_REPRESENTATION_CONTEXT ( 3 ) GLOBAL_UNCERTAINTY_ASSIGNED_CONTEXT ( ( #11104 ) ) GLOBAL_UNIT_ASSIGNED_CONTEXT ( ( #5578, #9054, #9958 ) ) REPRESENTATION_CONTEXT ( 'NONE', 'WORKASPACE' ) );
#6968 = DIRECTION ( 'NONE',  ( 0.000000000000000000, 0.000000000000000000, 1.000000000000000000 ) ) ;
#6969 = ORIENTED_EDGE ( 'NONE', *, *, #3429, .F. ) ;
#6970 = LINE ( 'NONE', #29, #3885 ) ;
#6971 = CARTESIAN_POINT ( 'NONE',  ( 2.920999999999996710, 7.239000000000000767, -0.3810000000000028919 ) ) ;
#6972 = VECTOR ( 'NONE', #2822, 1000.000000000000000 ) ;
#6973 = LINE ( 'NONE', #6171, #7582 ) ;
#6974 = SURFACE_SIDE_STYLE ('',( #8565 ) ) ;
#6975 = ORIENTED_EDGE ( 'NONE', *, *, #2772, .F. ) ;
#6976 = CARTESIAN_POINT ( 'NONE',  ( 16.50999999999999801, 8.509000000000000341, 1.270000000000001128 ) ) ;
#6977 = ORIENTED_EDGE ( 'NONE', *, *, #7289, .T. ) ;
#6978 = AXIS2_PLACEMENT_3D ( 'NONE', #2113, #462, #5691 ) ;
#6979 = VECTOR ( 'NONE', #6397, 1000.000000000000000 ) ;
#6980 = LINE ( 'NONE', #1727, #3561 ) ;
#6981 = FACE_OUTER_BOUND ( 'NONE', #7261, .T. ) ;
#6982 = LINE ( 'NONE', #10456, #11149 ) ;
#6983 = CARTESIAN_POINT ( 'NONE',  ( 0.3809999999999958975, 7.239000000000000767, 0.3809999999999958975 ) ) ;
#6984 = VECTOR ( 'NONE', #6320, 1000.000000000000000 ) ;
#6985 = CARTESIAN_POINT ( 'NONE',  ( 24.38400000000000745, 8.509000000000000341, 1.270000000000001128 ) ) ;
#6986 = FACE_BOUND ( 'NONE', #6281, .T. ) ;
#6987 = ORIENTED_EDGE ( 'NONE', *, *, #3710, .F. ) ;
#6988 = DIRECTION ( 'NONE',  ( -1.000000000000000000, -0.000000000000000000, -0.000000000000000000 ) ) ;
#6989 = LINE ( 'NONE', #892, #2383 ) ;
#6990 = EDGE_LOOP ( 'NONE', ( #10208, #2842, #3447, #4920 ) ) ;
#6991 = EDGE_CURVE ( 'NONE', #5471, #7765, #7901, .T. ) ;
#6992 = ADVANCED_FACE ( 'NONE', ( #10282 ), #5090, .F. ) ;
#6993 = CLOSED_SHELL ( 'NONE', ( #5084, #11112, #10035, #10567, #2191, #11061, #10335, #8480, #3224, #10951, #1345, #9077, #5738, #1485, #595, #9923, #5162, #9314, #6560 ) ) ;
#6994 = FACE_OUTER_BOUND ( 'NONE', #1673, .T. ) ;
#6995 = CONTEXT_DEPENDENT_SHAPE_REPRESENTATION ( #1505, #1716 ) ;
#6996 = EDGE_CURVE ( 'NONE', #4662, #9689, #1794, .T. ) ;
#6997 = PLANE ( 'NONE',  #5293 ) ;
#6998 = ADVANCED_FACE ( 'NONE', ( #10524 ), #3506, .F. ) ;
#6999 = AXIS2_PLACEMENT_3D ( 'NONE', #5416, #7933, #3701 ) ;
#7000 = SURFACE_SIDE_STYLE ('',( #2554 ) ) ;
#7001 = CARTESIAN_POINT ( 'NONE',  ( -16.51000000000000512, 0.5080000000000002292, -0.7528818102449945648 ) ) ;
#7002 = LINE ( 'NONE', #8877, #6334 ) ;
#7003 = VERTEX_POINT ( 'NONE', #1619 ) ;
#7004 = DIRECTION ( 'NONE',  ( -0.000000000000000000, 1.000000000000000000, 1.733406087350420004E-16 ) ) ;
#7005 = CLOSED_SHELL ( 'NONE', ( #1528, #1022, #5810, #8462, #587, #8525, #7938, #9564, #2951, #1558, #5587, #2622, #235, #5178, #5021, #2534, #868, #1474, #4707 ) ) ;
#7006 = VECTOR ( 'NONE', #8996, 1000.000000000000000 ) ;
#7007 = CARTESIAN_POINT ( 'NONE',  ( 13.96999999999999709, 0.000000000000000000, 1.269999999999998908 ) ) ;
#7008 = EDGE_LOOP ( 'NONE', ( #7033, #3356, #232, #7205 ) ) ;
#7009 = DIRECTION ( 'NONE',  ( 0.000000000000000000, -1.000000000000000000, -1.733406087350420004E-16 ) ) ;
#7010 = EDGE_LOOP ( 'NONE', ( #9842, #10898, #10948, #2875 ) ) ;
#7011 = VERTEX_POINT ( 'NONE', #6930 ) ;
#7012 = EDGE_CURVE ( 'NONE', #156, #4025, #5264, .T. ) ;
#7013 = LINE ( 'NONE', #10489, #6406 ) ;
#7014 = EDGE_CURVE ( 'NONE', #4989, #7143, #4127, .T. ) ;
#7015 = VECTOR ( 'NONE', #3349, 1000.000000000000000 ) ;
#7016 = DIRECTION ( 'NONE',  ( -0.000000000000000000, 1.000000000000000000, 1.733406087350420004E-16 ) ) ;
#7017 = DIRECTION ( 'NONE',  ( -0.000000000000000000, -0.7071067811865482389, -0.7071067811865469066 ) ) ;
#7018 = DIRECTION ( 'NONE',  ( 0.000000000000000000, 0.000000000000000000, -1.000000000000000000 ) ) ;
#7019 = VECTOR ( 'NONE', #7194, 1000.000000000000000 ) ;
#7020 = CARTESIAN_POINT ( 'NONE',  ( -16.95450000000000301, 8.509000000000000341, -1.270000000000001128 ) ) ;
#7021 = ORIENTED_EDGE ( 'NONE', *, *, #4906, .T. ) ;
#7022 = CARTESIAN_POINT ( 'NONE',  ( 22.98699999999999832, 7.810500000000000220, -0.1270000000000024998 ) ) ;
#7023 = PLANE ( 'NONE',  #7502 ) ;
#7024 = EDGE_CURVE ( 'NONE', #3782, #7042, #104, .T. ) ;
#7025 = VERTEX_POINT ( 'NONE', #1671 ) ;
#7026 = CARTESIAN_POINT ( 'NONE',  ( -11.43000000000000504, 2.177422008883992879E-16, -0.8890000000000013447 ) ) ;
#7027 = EDGE_CURVE ( 'NONE', #11052, #4298, #7050, .T. ) ;
#7028 = ORIENTED_EDGE ( 'NONE', *, *, #1827, .F. ) ;
#7029 = ORIENTED_EDGE ( 'NONE', *, *, #1082, .F. ) ;
#7030 = VECTOR ( 'NONE', #7789, 1000.000000000000114 ) ;
#7031 = VECTOR ( 'NONE', #1971, 1000.000000000000000 ) ;
#7032 = LINE ( 'NONE', #10506, #4481 ) ;
#7033 = ORIENTED_EDGE ( 'NONE', *, *, #6515, .T. ) ;
#7034 = DIRECTION ( 'NONE',  ( 0.000000000000000000, 0.2588190451025145222, -0.9659258262890699775 ) ) ;
#7035 = CARTESIAN_POINT ( 'NONE',  ( -13.97000000000000419, 0.5080000000000002292, -0.7528818102449945648 ) ) ;
#7036 = AXIS2_PLACEMENT_3D ( 'NONE', #2471, #4349, #8450 ) ;
#7037 = VECTOR ( 'NONE', #5924, 1000.000000000000000 ) ;
#7038 = DIRECTION ( 'NONE',  ( 0.000000000000000000, 1.440069553722777130E-16, -1.000000000000000000 ) ) ;
#7039 = ADVANCED_FACE ( 'NONE', ( #6181 ), #2595, .F. ) ;
#7040 = ORIENTED_EDGE ( 'NONE', *, *, #4236, .F. ) ;
#7041 = CARTESIAN_POINT ( 'NONE',  ( 35.56000000000000227, 7.239000000000000767, -2.201425730935033664E-16 ) ) ;
#7042 = VERTEX_POINT ( 'NONE', #10343 ) ;
#7043 = VECTOR ( 'NONE', #4220, 1000.000000000000000 ) ;
#7044 = DIRECTION ( 'NONE',  ( -0.000000000000000000, 1.000000000000000000, 1.733406087350420004E-16 ) ) ;
#7045 = CARTESIAN_POINT ( 'NONE',  ( -11.43000000000000504, 3.110602869834277161E-16, -1.270000000000001128 ) ) ;
#7046 = DIRECTION ( 'NONE',  ( 0.000000000000000000, 2.449293598294710852E-16, -1.000000000000000000 ) ) ;
#7047 = EDGE_CURVE ( 'NONE', #128, #5605, #828, .T. ) ;
#7048 = DIRECTION ( 'NONE',  ( -0.000000000000000000, 1.000000000000000000, 1.733406087350420004E-16 ) ) ;
#7049 = VECTOR ( 'NONE', #8346, 1000.000000000000000 ) ;
#7050 = LINE ( 'NONE', #6878, #3913 ) ;
#7051 = LINE ( 'NONE', #216, #3762 ) ;
#7052 = ORIENTED_EDGE ( 'NONE', *, *, #10953, .F. ) ;
#7053 = EDGE_CURVE ( 'NONE', #7479, #2056, #4310, .T. ) ;
#7054 = AXIS2_PLACEMENT_3D ( 'NONE', #3105, #9886, #2088 ) ;
#7055 = PLANE ( 'NONE',  #10068 ) ;
#7056 = CARTESIAN_POINT ( 'NONE',  ( 10.54099999999999504, 8.064500000000000668, 0.3809999999999960085 ) ) ;
#7057 = EDGE_LOOP ( 'NONE', ( #7612, #1531, #7726, #2349 ) ) ;
#7058 = AXIS2_PLACEMENT_3D ( 'NONE', #399, #5629, #234 ) ;
#7059 = DIRECTION ( 'NONE',  ( 0.000000000000000000, 0.000000000000000000, -1.000000000000000000 ) ) ;
#7060 = VECTOR ( 'NONE', #2542, 1000.000000000000000 ) ;
#7061 = CONTEXT_DEPENDENT_SHAPE_REPRESENTATION ( #2831, #4369 ) ;
#7062 = FACE_OUTER_BOUND ( 'NONE', #1253, .T. ) ;
#7063 = DIRECTION ( 'NONE',  ( -1.000000000000000000, -0.000000000000000000, -0.000000000000000000 ) ) ;
#7064 = DIRECTION ( 'NONE',  ( -0.000000000000000000, 1.000000000000000000, 1.733406087350420004E-16 ) ) ;
#7065 = VERTEX_POINT ( 'NONE', #215 ) ;
#7067 = EDGE_CURVE ( 'NONE', #4024, #1381, #3734, .T. ) ;
#7066 = CARTESIAN_POINT ( 'NONE',  ( -21.14550000000000551, 8.509000000000000341, -1.270000000000001128 ) ) ;
#7068 = EDGE_CURVE ( 'NONE', #9003, #5188, #3790, .T. ) ;
#7069 = VECTOR ( 'NONE', #5104, 1000.000000000000114 ) ;
#7070 = CARTESIAN_POINT ( 'NONE',  ( -11.43000000000000504, -1.925929944387235853E-31, 0.8889999999999991243 ) ) ;
#7071 = ORIENTED_EDGE ( 'NONE', *, *, #1146, .T. ) ;
#7072 = EDGE_CURVE ( 'NONE', #2175, #1123, #2024, .T. ) ;
#7073 = CARTESIAN_POINT ( 'NONE',  ( 2.158999999999997588, 8.064500000000000668, -0.3810000000000027809 ) ) ;
#7074 = EDGE_LOOP ( 'NONE', ( #2645, #10189, #7323, #10554 ) ) ;
#7075 = ORIENTED_EDGE ( 'NONE', *, *, #9110, .T. ) ;
#7076 = STYLED_ITEM ( 'NONE', ( #510 ), #9123 ) ;
#7077 = CARTESIAN_POINT ( 'NONE',  ( -13.08100000000000485, 8.064500000000000668, 0.3809999999999958975 ) ) ;
#7078 = FACE_OUTER_BOUND ( 'NONE', #7008, .T. ) ;
#7079 = FACE_OUTER_BOUND ( 'NONE', #943, .T. ) ;
#7080 = DIRECTION ( 'NONE',  ( -0.000000000000000000, 0.000000000000000000, -1.000000000000000000 ) ) ;
#7081 = ORIENTED_EDGE ( 'NONE', *, *, #10388, .F. ) ;
#7082 = DIRECTION ( 'NONE',  ( 0.5773502691896253980, 0.5773502691896253980, -0.5773502691896265082 ) ) ;
#7083 = PLANE ( 'NONE',  #9679 ) ;
#7084 = ORIENTED_EDGE ( 'NONE', *, *, #9080, .F. ) ;
#7085 = DIRECTION ( 'NONE',  ( 1.000000000000000000, 0.000000000000000000, -0.000000000000000000 ) ) ;
#7086 = EDGE_CURVE ( 'NONE', #7184, #3564, #2825, .T. ) ;
#7087 = ORIENTED_EDGE ( 'NONE', *, *, #9910, .F. ) ;
#7088 = EDGE_CURVE ( 'NONE', #3685, #7065, #9828, .T. ) ;
#7089 = VERTEX_POINT ( 'NONE', #10633 ) ;
#7090 = EDGE_CURVE ( 'NONE', #6571, #3488, #2769, .T. ) ;
#7091 = EDGE_CURVE ( 'NONE', #8058, #11164, #6473, .T. ) ;
#7092 = PLANE ( 'NONE',  #5575 ) ;
#7093 = ORIENTED_EDGE ( 'NONE', *, *, #9589, .T. ) ;
#7094 = CARTESIAN_POINT ( 'NONE',  ( -1.270000000000003793, 3.110602869834277161E-16, -1.270000000000001128 ) ) ;
#7095 = CARTESIAN_POINT ( 'NONE',  ( -23.24100000000000321, 7.239000000000000767, 0.3809999999999958975 ) ) ;
#7096 = AXIS2_PLACEMENT_3D ( 'NONE', #1066, #5559, #2028 ) ;
#7097 = PLANE ( 'NONE',  #1561 ) ;
#7098 = DIRECTION ( 'NONE',  ( 1.000000000000000000, 0.000000000000000000, 0.000000000000000000 ) ) ;
#7099 = VERTEX_POINT ( 'NONE', #8861 ) ;
#7100 = CARTESIAN_POINT ( 'NONE',  ( -19.05000000000000426, 2.177422008883992879E-16, -0.8890000000000013447 ) ) ;
#7101 = ORIENTED_EDGE ( 'NONE', *, *, #6326, .T. ) ;
#7102 = EDGE_CURVE ( 'NONE', #10337, #3543, #273, .T. ) ;
#7103 = CARTESIAN_POINT ( 'NONE',  ( 19.04999999999999716, 0.000000000000000000, 0.000000000000000000 ) ) ;
#7104 = DIRECTION ( 'NONE',  ( 0.000000000000000000, 1.000000000000000000, 2.548365665731588345E-16 ) ) ;
#7105 = VERTEX_POINT ( 'NONE', #4703 ) ;
#7106 = LINE ( 'NONE', #10570, #2064 ) ;
#7107 = PLANE ( 'NONE',  #1222 ) ;
#7108 = DIRECTION ( 'NONE',  ( -1.000000000000000000, 0.000000000000000000, 0.000000000000000000 ) ) ;
#7109 = LINE ( 'NONE', #3453, #10680 ) ;
#7110 = VECTOR ( 'NONE', #8732, 1000.000000000000000 ) ;
#7111 = FACE_OUTER_BOUND ( 'NONE', #6696, .T. ) ;
#7112 = CARTESIAN_POINT ( 'NONE',  ( -19.05000000000000426, 8.509000000000000341, -0.8255000000000041194 ) ) ;
#7113 = ORIENTED_EDGE ( 'NONE', *, *, #8068, .T. ) ;
#7114 = LINE ( 'NONE', #8025, #8009 ) ;
#7115 = ITEM_DEFINED_TRANSFORMATION ( 'NONE', 'NONE', #6511,  #4858 ) ;
#7116 = EDGE_CURVE ( 'NONE', #7547, #6591, #4535, .T. ) ;
#7117 = CARTESIAN_POINT ( 'NONE',  ( -6.350000000000004974, -1.925929944387235853E-31, 0.8889999999999991243 ) ) ;
#7118 = DIRECTION ( 'NONE',  ( -1.000000000000000000, -0.000000000000000000, -0.000000000000000000 ) ) ;
#7119 = CARTESIAN_POINT ( 'NONE',  ( -8.890000000000004121, 2.177422008883992879E-16, -0.8890000000000013447 ) ) ;
#7120 = EDGE_LOOP ( 'NONE', ( #2213, #10480, #4579, #8557, #3075, #6325, #9401, #9129 ) ) ;
#7121 = VECTOR ( 'NONE', #11148, 1000.000000000000000 ) ;
#7122 = CARTESIAN_POINT ( 'NONE',  ( 4.254499999999997506, 8.509000000000000341, -0.8255000000000041194 ) ) ;
#7123 = CARTESIAN_POINT ( 'NONE',  ( -19.05000000000000426, -1.925929944387235853E-31, 0.8889999999999991243 ) ) ;
#7124 = ORIENTED_EDGE ( 'NONE', *, *, #7216, .F. ) ;
#7125 = CARTESIAN_POINT ( 'NONE',  ( -19.49450000000000571, 8.509000000000000341, -0.8255000000000041194 ) ) ;
#7126 = VERTEX_POINT ( 'NONE', #4752 ) ;
#7127 = EDGE_LOOP ( 'NONE', ( #10755, #3700, #864, #5063 ) ) ;
#7128 = VECTOR ( 'NONE', #8919, 1000.000000000000000 ) ;
#7129 = EDGE_CURVE ( 'NONE', #6673, #8891, #8020, .T. ) ;
#7130 = LINE ( 'NONE', #2159, #3847 ) ;
#7131 = CARTESIAN_POINT ( 'NONE',  ( -24.13000000000000611, 0.5080000000000000071, 0.7528818102449925664 ) ) ;
#7132 = CARTESIAN_POINT ( 'NONE',  ( 6.349999999999997868, 0.000000000000000000, 1.269999999999998908 ) ) ;
#7133 = DIRECTION ( 'NONE',  ( 0.000000000000000000, -1.000000000000000000, -1.733406087350420004E-16 ) ) ;
#7134 = DIRECTION ( 'NONE',  ( 0.000000000000000000, -0.7071067811865484609, 0.7071067811865465735 ) ) ;
#7135 =( REPRESENTATION_RELATIONSHIP ('NONE','NONE', #5926, #187 ) REPRESENTATION_RELATIONSHIP_WITH_TRANSFORMATION ( #10696 )SHAPE_REPRESENTATION_RELATIONSHIP( ) );
#7136 = VERTEX_POINT ( 'NONE', #2085 ) ;
#7137 = DIRECTION ( 'NONE',  ( -1.000000000000000000, -0.000000000000000000, -0.000000000000000000 ) ) ;
#7138 = LINE ( 'NONE', #5465, #11139 ) ;
#7139 = EDGE_LOOP ( 'NONE', ( #2615, #9860, #5603, #1167 ) ) ;
#7140 = AXIS2_PLACEMENT_3D ( 'NONE', #5272, #7911, #5216 ) ;
#7141 = DIRECTION ( 'NONE',  ( -1.000000000000000000, 0.000000000000000000, -0.000000000000000000 ) ) ;
#7142 = EDGE_LOOP ( 'NONE', ( #9898, #10117, #3540, #3664 ) ) ;
#7143 = VERTEX_POINT ( 'NONE', #10800 ) ;
#7144 = ORIENTED_EDGE ( 'NONE', *, *, #4295, .T. ) ;
#7145 = EDGE_CURVE ( 'NONE', #1886, #7924, #2995, .T. ) ;
#7146 = AXIS2_PLACEMENT_3D ( 'NONE', #77, #6099, #3536 ) ;
#7147 = CARTESIAN_POINT ( 'NONE',  ( -11.43000000000000504, 8.509000000000000341, -0.8255000000000041194 ) ) ;
#7148 = EDGE_CURVE ( 'NONE', #3444, #10436, #5612, .T. ) ;
#7149 = EDGE_CURVE ( 'NONE', #961, #10934, #9030, .T. ) ;
#7150 = ORIENTED_EDGE ( 'NONE', *, *, #8737, .F. ) ;
#7151 = DIRECTION ( 'NONE',  ( -0.000000000000000000, 1.000000000000000000, 1.733406087350420004E-16 ) ) ;
#7152 = CARTESIAN_POINT ( 'NONE',  ( -1.270000000000003793, 8.509000000000000341, -1.270000000000001128 ) ) ;
#7153 = VECTOR ( 'NONE', #5636, 1000.000000000000000 ) ;
#7154 = LINE ( 'NONE', #6288, #7761 ) ;
#7155 = DIRECTION ( 'NONE',  ( 0.000000000000000000, -2.449293598294710852E-16, 1.000000000000000000 ) ) ;
#7156 = EDGE_LOOP ( 'NONE', ( #10526, #5420, #3187, #8630 ) ) ;
#7157 = VECTOR ( 'NONE', #3126, 1000.000000000000114 ) ;
#7158 = FACE_OUTER_BOUND ( 'NONE', #7127, .T. ) ;
#7159 = ORIENTED_EDGE ( 'NONE', *, *, #9088, .T. ) ;
#7160 = AXIS2_PLACEMENT_3D ( 'NONE', #3385, #9210, #9426 ) ;
#7161 = CARTESIAN_POINT ( 'NONE',  ( 21.58999999999999631, 8.509000000000000341, -1.270000000000001128 ) ) ;
#7162 = DIRECTION ( 'NONE',  ( 0.000000000000000000, -1.000000000000000000, 0.000000000000000000 ) ) ;
#7163 = ADVANCED_FACE ( 'NONE', ( #6302, #2883 ), #9777, .F. ) ;
#7164 = VECTOR ( 'NONE', #7046, 1000.000000000000000 ) ;
#7165 = LINE ( 'NONE', #8133, #8618 ) ;
#7166 = PLANE ( 'NONE',  #7960 ) ;
#7167 = DIRECTION ( 'NONE',  ( -0.5773502691896253980, 0.5773502691896253980, -0.5773502691896265082 ) ) ;
#7168 = DIRECTION ( 'NONE',  ( 0.000000000000000000, -0.9659258262890700886, 0.2588190451025140781 ) ) ;
#7169 = EDGE_CURVE ( 'NONE', #3488, #6647, #5435, .T. ) ;
#7170 = AXIS2_PLACEMENT_3D ( 'NONE', #989, #1208, #8174 ) ;
#7172 = EDGE_CURVE ( 'NONE', #21, #8769, #8076, .T. ) ;
#7171 = PLANE ( 'NONE',  #3891 ) ;
#7173 = EDGE_CURVE ( 'NONE', #378, #8214, #333, .T. ) ;
#7174 = CARTESIAN_POINT ( 'NONE',  ( -11.43000000000000504, -1.925929944387235853E-31, 0.8889999999999991243 ) ) ;
#7175 = AXIS2_PLACEMENT_3D ( 'NONE', #8731, #923, #9759 ) ;
#7176 = VERTEX_POINT ( 'NONE', #1223 ) ;
#7177 = CARTESIAN_POINT ( 'NONE',  ( -7.239000000000006096, 8.064500000000000668, 0.3809999999999958975 ) ) ;
#7178 = CONTEXT_DEPENDENT_SHAPE_REPRESENTATION ( #10987, #4273 ) ;
#7179 = AXIS2_PLACEMENT_3D ( 'NONE', #9966, #9396, #3355 ) ;
#7180 = PLANE ( 'NONE',  #222 ) ;
#7181 = PLANE ( 'NONE',  #426 ) ;
#7182 = LINE ( 'NONE', #2836, #3918 ) ;
#7183 = PLANE ( 'NONE',  #502 ) ;
#7184 = VERTEX_POINT ( 'NONE', #8182 ) ;
#7185 = FACE_BOUND ( 'NONE', #5307, .T. ) ;
#7186 = DIRECTION ( 'NONE',  ( 0.000000000000000000, 0.000000000000000000, -1.000000000000000000 ) ) ;
#7187 = EDGE_LOOP ( 'NONE', ( #6049, #6031, #7427, #4044 ) ) ;
#7188 = VECTOR ( 'NONE', #6487, 1000.000000000000000 ) ;
#7189 = LINE ( 'NONE', #6323, #6547 ) ;
#7190 = ORIENTED_EDGE ( 'NONE', *, *, #3302, .T. ) ;
#7191 = ORIENTED_EDGE ( 'NONE', *, *, #6991, .F. ) ;
#7192 = AXIS2_PLACEMENT_3D ( 'NONE', #4191, #4982, #8527 ) ;
#7193 = DIRECTION ( 'NONE',  ( 0.000000000000000000, 1.440069553722777130E-16, -1.000000000000000000 ) ) ;
#7194 = DIRECTION ( 'NONE',  ( -1.000000000000000000, -0.000000000000000000, -0.000000000000000000 ) ) ;
#7195 = DIRECTION ( 'NONE',  ( 0.000000000000000000, -0.9659258262890699775, -0.2588190451025145222 ) ) ;
#7196 = CARTESIAN_POINT ( 'NONE',  ( -24.38400000000000745, 8.509000000000000341, 1.270000000000001128 ) ) ;
#7197 = CARTESIAN_POINT ( 'NONE',  ( 24.12999999999999901, 0.000000000000000000, 0.000000000000000000 ) ) ;
#7198 = ORIENTED_EDGE ( 'NONE', *, *, #1168, .T. ) ;
#7199 = DIRECTION ( 'NONE',  ( 0.000000000000000000, -5.054934237236841843E-31, -1.000000000000000000 ) ) ;
#7200 = DIRECTION ( 'NONE',  ( 0.000000000000000000, 0.9659258262890700886, -0.2588190451025140781 ) ) ;
#7201 = VECTOR ( 'NONE', #6656, 1000.000000000000114 ) ;
#7202 = VERTEX_POINT ( 'NONE', #11024 ) ;
#7203 = PLANE ( 'NONE',  #976 ) ;
#7204 = ORIENTED_EDGE ( 'NONE', *, *, #5313, .T. ) ;
#7205 = ORIENTED_EDGE ( 'NONE', *, *, #1496, .F. ) ;
#7206 = VERTEX_POINT ( 'NONE', #9140 ) ;
#7207 = VECTOR ( 'NONE', #9681, 1000.000000000000000 ) ;
#7208 = VECTOR ( 'NONE', #1269, 1000.000000000000000 ) ;
#7209 = PLANE ( 'NONE',  #10103 ) ;
#7210 = ORIENTED_EDGE ( 'NONE', *, *, #5476, .F. ) ;
#7211 = DIRECTION ( 'NONE',  ( -0.000000000000000000, 0.000000000000000000, -1.000000000000000000 ) ) ;
#7212 = LINE ( 'NONE', #149, #7487 ) ;
#7213 = DIRECTION ( 'NONE',  ( -1.000000000000000000, -0.000000000000000000, -0.000000000000000000 ) ) ;
#7214 = CARTESIAN_POINT ( 'NONE',  ( 16.50999999999999801, 0.000000000000000000, 1.269999999999998908 ) ) ;
#7215 = EDGE_CURVE ( 'NONE', #6736, #9506, #3217, .T. ) ;
#7217 = ORIENTED_EDGE ( 'NONE', *, *, #10833, .F. ) ;
#7216 = EDGE_CURVE ( 'NONE', #5212, #3270, #1328, .T. ) ;
#7218 = VECTOR ( 'NONE', #5200, 1000.000000000000000 ) ;
#7219 = ADVANCED_FACE ( 'NONE', ( #3159 ), #6755, .F. ) ;
#7220 = VECTOR ( 'NONE', #7108, 1000.000000000000000 ) ;
#7221 = VERTEX_POINT ( 'NONE', #4866 ) ;
#7222 = ADVANCED_FACE ( 'NONE', ( #2421 ), #3054, .F. ) ;
#7223 = VECTOR ( 'NONE', #6140, 1000.000000000000000 ) ;
#7224 = DIRECTION ( 'NONE',  ( 0.000000000000000000, -1.000000000000000000, -2.338910953479677683E-16 ) ) ;
#7225 = VECTOR ( 'NONE', #536, 1000.000000000000000 ) ;
#7226 = LINE ( 'NONE', #10683, #408 ) ;
#7227 = VECTOR ( 'NONE', #4408, 1000.000000000000000 ) ;
#7228 = LINE ( 'NONE', #9714, #9880 ) ;
#7229 = DIRECTION ( 'NONE',  ( 0.000000000000000000, -1.000000000000000000, 0.000000000000000000 ) ) ;
#7230 = CARTESIAN_POINT ( 'NONE',  ( -6.350000000000004974, 3.110602869834277161E-16, -1.270000000000001128 ) ) ;
#7231 = EDGE_CURVE ( 'NONE', #8842, #10679, #6585, .T. ) ;
#7232 = CARTESIAN_POINT ( 'NONE',  ( -3.810000000000004494, 2.177422008883992879E-16, -0.8890000000000013447 ) ) ;
#7233 = VECTOR ( 'NONE', #5065, 1000.000000000000114 ) ;
#7234 = EDGE_CURVE ( 'NONE', #3685, #2376, #5828, .T. ) ;
#7235 = EDGE_LOOP ( 'NONE', ( #465, #538, #106, #9976 ) ) ;
#7236 = PLANE ( 'NONE',  #8537 ) ;
#7237 = ITEM_DEFINED_TRANSFORMATION ( 'NONE', 'NONE', #5044,  #4858 ) ;
#7238 = VECTOR ( 'NONE', #1554, 1000.000000000000000 ) ;
#7239 = DIRECTION ( 'NONE',  ( 0.000000000000000000, 0.9659258262890700886, -0.2588190451025140781 ) ) ;
#7240 = CARTESIAN_POINT ( 'NONE',  ( -11.43000000000000504, 0.5080000000000002292, -0.7528818102449945648 ) ) ;
#7241 = FACE_OUTER_BOUND ( 'NONE', #6913, .T. ) ;
#7242 = VECTOR ( 'NONE', #10158, 1000.000000000000000 ) ;
#7243 = LINE ( 'NONE', #6482, #10695 ) ;
#7244 = ORIENTED_EDGE ( 'NONE', *, *, #10974, .T. ) ;
#7245 = CARTESIAN_POINT ( 'NONE',  ( 11.42999999999999616, 8.509000000000000341, -1.270000000000001128 ) ) ;
#7246 = DIRECTION ( 'NONE',  ( 0.000000000000000000, -1.440069553722777130E-16, 1.000000000000000000 ) ) ;
#7247 = ORIENTED_EDGE ( 'NONE', *, *, #4055, .F. ) ;
#7248 = DIRECTION ( 'NONE',  ( 0.000000000000000000, -0.7071067811865484609, 0.7071067811865465735 ) ) ;
#7249 = VECTOR ( 'NONE', #10631, 1000.000000000000000 ) ;
#7250 = EDGE_LOOP ( 'NONE', ( #450, #4302, #2802, #8395 ) ) ;
#7251 = ORIENTED_EDGE ( 'NONE', *, *, #10105, .F. ) ;
#7252 = DIRECTION ( 'NONE',  ( 0.5773502691896252870, -0.5773502691896251759, -0.5773502691896267303 ) ) ;
#7253 = DIRECTION ( 'NONE',  ( -1.000000000000000000, -0.000000000000000000, -0.000000000000000000 ) ) ;
#7254 = LINE ( 'NONE', #4613, #3856 ) ;
#7255 = LINE ( 'NONE', #6440, #10084 ) ;
#7256 = VECTOR ( 'NONE', #9946, 1000.000000000000000 ) ;
#7257 = DIRECTION ( 'NONE',  ( 0.000000000000000000, 0.000000000000000000, 1.000000000000000000 ) ) ;
#7258 = ORIENTED_EDGE ( 'NONE', *, *, #8829, .F. ) ;
#7259 = PLANE ( 'NONE',  #7192 ) ;
#7260 = PLANE ( 'NONE',  #8232 ) ;
#7261 = EDGE_LOOP ( 'NONE', ( #2068, #5092, #4946, #893 ) ) ;
#7262 = DIRECTION ( 'NONE',  ( -1.000000000000000000, 0.000000000000000000, -0.000000000000000000 ) ) ;
#7263 = ORIENTED_EDGE ( 'NONE', *, *, #947, .T. ) ;
#7264 = ORIENTED_EDGE ( 'NONE', *, *, #2470, .F. ) ;
#7265 = ORIENTED_EDGE ( 'NONE', *, *, #9421, .F. ) ;
#7266 = LINE ( 'NONE', #6512, #7959 ) ;
#7267 = CARTESIAN_POINT ( 'NONE',  ( 1.269999999999996909, -1.925929944387235853E-31, 0.8889999999999991243 ) ) ;
#7268 = EDGE_LOOP ( 'NONE', ( #6522, #4520, #1090, #11187 ) ) ;
#7269 = LINE ( 'NONE', #9646, #6979 ) ;
#7270 = LINE ( 'NONE', #8960, #9476 ) ;
#7271 = EDGE_LOOP ( 'NONE', ( #2377, #10722, #10081, #2721, #1946, #10637, #11006, #918 ) ) ;
#7272 = LINE ( 'NONE', #10734, #6486 ) ;
#7273 = CARTESIAN_POINT ( 'NONE',  ( 12.31899999999999729, 8.064500000000000668, 0.3809999999999960085 ) ) ;
#7274 = ORIENTED_EDGE ( 'NONE', *, *, #3498, .F. ) ;
#7275 = VERTEX_POINT ( 'NONE', #5716 ) ;
#7276 = ADVANCED_FACE ( 'NONE', ( #6704 ), #4807, .F. ) ;
#7277 = EDGE_CURVE ( 'NONE', #10848, #10387, #9255, .T. ) ;
#7278 = CARTESIAN_POINT ( 'NONE',  ( -21.59000000000000341, 8.509000000000000341, -1.270000000000001128 ) ) ;
#7279 = FACE_OUTER_BOUND ( 'NONE', #8170, .T. ) ;
#7280 = ORIENTED_EDGE ( 'NONE', *, *, #9282, .T. ) ;
#7281 = DIRECTION ( 'NONE',  ( 0.000000000000000000, -1.000000000000000000, -1.733406087350420004E-16 ) ) ;
#7282 = ADVANCED_FACE ( 'NONE', ( #1495 ), #5025, .F. ) ;
#7283 = CARTESIAN_POINT ( 'NONE',  ( 24.12999999999999901, 8.509000000000000341, -1.270000000000001128 ) ) ;
#7284 = FACE_OUTER_BOUND ( 'NONE', #8878, .T. ) ;
#7285 = CARTESIAN_POINT ( 'NONE',  ( -6.350000000000004974, 0.5080000000000000071, 0.7528818102449925664 ) ) ;
#7286 = ORIENTED_EDGE ( 'NONE', *, *, #28, .T. ) ;
#7287 = CARTESIAN_POINT ( 'NONE',  ( -19.05000000000000426, 8.509000000000000341, 1.270000000000001128 ) ) ;
#7288 = EDGE_CURVE ( 'NONE', #8200, #1468, #9196, .T. ) ;
#7289 = EDGE_CURVE ( 'NONE', #10972, #2968, #433, .T. ) ;
#7290 = CARTESIAN_POINT ( 'NONE',  ( -9.779000000000005244, 8.064500000000000668, 0.3809999999999960085 ) ) ;
#7291 = CARTESIAN_POINT ( 'NONE',  ( -9.779000000000005244, 7.239000000000000767, 0.3809999999999958975 ) ) ;
#7292 = ADVANCED_FACE ( 'NONE', ( #3896 ), #7556, .F. ) ;
#7293 = DIRECTION ( 'NONE',  ( 0.000000000000000000, 0.9659258262890699775, 0.2588190451025145222 ) ) ;
#7294 = ORIENTED_EDGE ( 'NONE', *, *, #5230, .T. ) ;
#7295 = FACE_OUTER_BOUND ( 'NONE', #11020, .T. ) ;
#7296 = DIRECTION ( 'NONE',  ( -0.000000000000000000, 1.000000000000000000, 1.733406087350420004E-16 ) ) ;
#7297 = EDGE_CURVE ( 'NONE', #929, #630, #10038, .T. ) ;
#7298 = CARTESIAN_POINT ( 'NONE',  ( -10.54100000000000392, 8.064500000000000668, 0.3809999999999960085 ) ) ;
#7299 = EDGE_LOOP ( 'NONE', ( #6162, #6680, #10541, #10284 ) ) ;
#7300 = VERTEX_POINT ( 'NONE', #4972 ) ;
#7301 = CARTESIAN_POINT ( 'NONE',  ( -16.51000000000000512, 0.000000000000000000, 1.269999999999998908 ) ) ;
#7302 = PLANE ( 'NONE',  #9381 ) ;
#7303 = CARTESIAN_POINT ( 'NONE',  ( -21.59000000000000341, 8.509000000000000341, 0.8254999999999976801 ) ) ;
#7304 = EDGE_CURVE ( 'NONE', #8066, #8777, #10910, .T. ) ;
#7305 = LINE ( 'NONE', #298, #7980 ) ;
#7306 = ORIENTED_EDGE ( 'NONE', *, *, #8950, .F. ) ;
#7307 = CARTESIAN_POINT ( 'NONE',  ( -6.350000000000004974, 0.5080000000000002292, -0.7528818102449945648 ) ) ;
#7308 = LINE ( 'NONE', #3076, #3683 ) ;
#7309 = ORIENTED_EDGE ( 'NONE', *, *, #4295, .F. ) ;
#7310 = DIRECTION ( 'NONE',  ( -1.000000000000000000, 0.000000000000000000, 0.000000000000000000 ) ) ;
#7311 = ORIENTED_EDGE ( 'NONE', *, *, #7578, .F. ) ;
#7312 = ORIENTED_EDGE ( 'NONE', *, *, #4344, .F. ) ;
#7313 = ORIENTED_EDGE ( 'NONE', *, *, #8663, .T. ) ;
#7314 = VECTOR ( 'NONE', #8385, 1000.000000000000000 ) ;
#7315 = CARTESIAN_POINT ( 'NONE',  ( -15.62100000000000399, 8.064500000000000668, 0.3809999999999958975 ) ) ;
#7316 = PLANE ( 'NONE',  #9584 ) ;
#7317 = VECTOR ( 'NONE', #7450, 1000.000000000000000 ) ;
#7318 = VERTEX_POINT ( 'NONE', #3273 ) ;
#7319 = FACE_OUTER_BOUND ( 'NONE', #1078, .T. ) ;
#7320 = CARTESIAN_POINT ( 'NONE',  ( 8.889999999999995239, 0.000000000000000000, 1.269999999999998908 ) ) ;
#7321 = ORIENTED_EDGE ( 'NONE', *, *, #5099, .T. ) ;
#7322 = PLANE ( 'NONE',  #5693 ) ;
#7323 = ORIENTED_EDGE ( 'NONE', *, *, #3926, .F. ) ;
#7324 = ORIENTED_EDGE ( 'NONE', *, *, #3558, .F. ) ;
#7325 = VECTOR ( 'NONE', #6238, 1000.000000000000000 ) ;
#7326 = CARTESIAN_POINT ( 'NONE',  ( 11.42999999999999616, 0.5080000000000000071, 0.7528818102449925664 ) ) ;
#7327 = CARTESIAN_POINT ( 'NONE',  ( -2.921000000000003372, 7.239000000000000767, -0.3810000000000028919 ) ) ;
#7328 = AXIS2_PLACEMENT_3D ( 'NONE', #6849, #10196, #3313 ) ;
#7329 = ORIENTED_EDGE ( 'NONE', *, *, #7745, .F. ) ;
#7330 = DIRECTION ( 'NONE',  ( 0.000000000000000000, 0.000000000000000000, -1.000000000000000000 ) ) ;
#7331 = CARTESIAN_POINT ( 'NONE',  ( -3.810000000000004494, 0.000000000000000000, 1.269999999999998908 ) ) ;
#7332 = PLANE ( 'NONE',  #3786 ) ;
#7333 = CARTESIAN_POINT ( 'NONE',  ( -24.38400000000000745, 3.110602869834277161E-16, -1.270000000000001128 ) ) ;
#7334 = VECTOR ( 'NONE', #7809, 1000.000000000000000 ) ;
#7335 = ORIENTED_EDGE ( 'NONE', *, *, #2384, .T. ) ;
#7336 = VECTOR ( 'NONE', #7063, 1000.000000000000000 ) ;
#7337 = DIRECTION ( 'NONE',  ( 0.000000000000000000, -1.000000000000000000, -2.548365665731588345E-16 ) ) ;
#7338 = SURFACE_STYLE_FILL_AREA ( #9834 ) ;
#7339 = VECTOR ( 'NONE', #7098, 1000.000000000000000 ) ;
#7340 = DIRECTION ( 'NONE',  ( -1.000000000000000000, 0.000000000000000000, -0.000000000000000000 ) ) ;
#7341 = VERTEX_POINT ( 'NONE', #5889 ) ;
#7342 = PLANE ( 'NONE',  #1675 ) ;
#7343 = VECTOR ( 'NONE', #7330, 1000.000000000000000 ) ;
#7344 = PLANE ( 'NONE',  #10807 ) ;
#7345 = EDGE_CURVE ( 'NONE', #2687, #6371, #4007, .T. ) ;
#7346 = EDGE_CURVE ( 'NONE', #1036, #8998, #7495, .T. ) ;
#7347 = LINE ( 'NONE', #2203, #1999 ) ;
#7348 = ORIENTED_EDGE ( 'NONE', *, *, #65, .F. ) ;
#7349 = APPLICATION_CONTEXT ( 'automotive_design' ) ;
#7350 = EDGE_CURVE ( 'NONE', #4789, #5168, #5080, .T. ) ;
#7351 = VECTOR ( 'NONE', #9171, 1000.000000000000000 ) ;
#7352 = ORIENTED_EDGE ( 'NONE', *, *, #2124, .F. ) ;
#7353 = EDGE_CURVE ( 'NONE', #7588, #11236, #3552, .T. ) ;
#7354 = SURFACE_STYLE_USAGE ( .BOTH. , #4773 ) ;
#7355 = CARTESIAN_POINT ( 'NONE',  ( -21.59000000000000341, 0.5080000000000002292, -0.7528818102449945648 ) ) ;
#7356 = LINE ( 'NONE', #3811, #9550 ) ;
#7357 = VECTOR ( 'NONE', #4405, 1000.000000000000000 ) ;
#7358 = LINE ( 'NONE', #3016, #6420 ) ;
#7359 = DIRECTION ( 'NONE',  ( 0.000000000000000000, 0.000000000000000000, 1.000000000000000000 ) ) ;
#7360 = ORIENTED_EDGE ( 'NONE', *, *, #848, .T. ) ;
#7361 = DIRECTION ( 'NONE',  ( 0.000000000000000000, 0.9659258262890699775, 0.2588190451025145222 ) ) ;
#7362 = AXIS2_PLACEMENT_3D ( 'NONE', #3802, #1284, #7398 ) ;
#7363 = VERTEX_POINT ( 'NONE', #7719 ) ;
#7364 = LINE ( 'NONE', #3191, #8797 ) ;
#7365 = ORIENTED_EDGE ( 'NONE', *, *, #8429, .T. ) ;
#7366 = DIRECTION ( 'NONE',  ( 0.000000000000000000, -1.733406087350420004E-16, 1.000000000000000000 ) ) ;
#7367 = EDGE_CURVE ( 'NONE', #9789, #770, #6973, .T. ) ;
#7368 = EDGE_LOOP ( 'NONE', ( #3689, #7619, #10761, #6019 ) ) ;
#7369 = EDGE_LOOP ( 'NONE', ( #3239, #7787, #5581, #2574 ) ) ;
#7370 = AXIS2_PLACEMENT_3D ( 'NONE', #8644, #9551, #4429 ) ;
#7371 = DIRECTION ( 'NONE',  ( -0.5773502691896253980, 0.5773502691896253980, -0.5773502691896265082 ) ) ;
#7372 = PLANE ( 'NONE',  #9952 ) ;
#7373 = ORIENTED_EDGE ( 'NONE', *, *, #664, .F. ) ;
#7374 = EDGE_CURVE ( 'NONE', #6826, #6498, #8515, .T. ) ;
#7375 = LINE ( 'NONE', #2229, #9343 ) ;
#7376 = LINE ( 'NONE', #2983, #7314 ) ;
#7377 = ORIENTED_EDGE ( 'NONE', *, *, #7853, .T. ) ;
#7378 = CARTESIAN_POINT ( 'NONE',  ( -24.13000000000000611, 3.110602869834277161E-16, -1.270000000000001128 ) ) ;
#7379 = ORIENTED_EDGE ( 'NONE', *, *, #6007, .F. ) ;
#7380 = VERTEX_POINT ( 'NONE', #817 ) ;
#7381 = AXIS2_PLACEMENT_3D ( 'NONE', #184, #5233, #10367 ) ;
#7382 = LINE ( 'NONE', #2080, #5744 ) ;
#7383 = CARTESIAN_POINT ( 'NONE',  ( 19.04999999999999716, 8.509000000000000341, -1.270000000000001128 ) ) ;
#7384 = ORIENTED_EDGE ( 'NONE', *, *, #10509, .F. ) ;
#7385 = EDGE_CURVE ( 'NONE', #4530, #2481, #4181, .T. ) ;
#7386 = CARTESIAN_POINT ( 'NONE',  ( -1.270000000000003793, 8.509000000000000341, -1.270000000000001128 ) ) ;
#7387 = DIRECTION ( 'NONE',  ( 0.000000000000000000, 0.000000000000000000, 1.000000000000000000 ) ) ;
#7388 = DIRECTION ( 'NONE',  ( 0.000000000000000000, -1.000000000000000000, 0.000000000000000000 ) ) ;
#7389 = CARTESIAN_POINT ( 'NONE',  ( 13.08099999999999596, 7.239000000000000767, -0.3810000000000028919 ) ) ;
#7390 = ORIENTED_EDGE ( 'NONE', *, *, #10319, .F. ) ;
#7391 = AXIS2_PLACEMENT_3D ( 'NONE', #487, #3959, #8345 ) ;
#7392 = CARTESIAN_POINT ( 'NONE',  ( -16.95450000000000301, 8.509000000000000341, 0.8254999999999976801 ) ) ;
#7393 = EDGE_CURVE ( 'NONE', #8316, #196, #10864, .T. ) ;
#7394 = CARTESIAN_POINT ( 'NONE',  ( -8.890000000000004121, 0.5080000000000000071, 0.7528818102449925664 ) ) ;
#7395 = ORIENTED_EDGE ( 'NONE', *, *, #8794, .F. ) ;
#7396 = LINE ( 'NONE', #10871, #3497 ) ;
#7397 = AXIS2_PLACEMENT_3D ( 'NONE', #4912, #7550, #10088 ) ;
#7398 = DIRECTION ( 'NONE',  ( 1.000000000000000000, 0.000000000000000000, 0.000000000000000000 ) ) ;
#7399 = DIRECTION ( 'NONE',  ( 0.5773502691896252870, -0.5773502691896251759, -0.5773502691896267303 ) ) ;
#7400 = EDGE_LOOP ( 'NONE', ( #10485, #2927, #667, #7124 ) ) ;
#7401 = VERTEX_POINT ( 'NONE', #4239 ) ;
#7402 = AXIS2_PLACEMENT_3D ( 'NONE', #2515, #11172, #3365 ) ;
#7403 = CARTESIAN_POINT ( 'NONE',  ( 6.349999999999997868, 8.509000000000000341, -1.270000000000001128 ) ) ;
#7404 = CARTESIAN_POINT ( 'NONE',  ( 24.12999999999999901, 0.000000000000000000, 1.269999999999998908 ) ) ;
#7405 = EDGE_CURVE ( 'NONE', #3814, #1990, #3438, .T. ) ;
#7406 = EDGE_CURVE ( 'NONE', #10151, #3807, #7831, .T. ) ;
#7407 = CARTESIAN_POINT ( 'NONE',  ( -24.13000000000000611, 0.5080000000000002292, -0.7528818102449945648 ) ) ;
#7408 = FACE_OUTER_BOUND ( 'NONE', #8348, .T. ) ;
#7409 = DIRECTION ( 'NONE',  ( 0.000000000000000000, -5.054934237236841843E-31, -1.000000000000000000 ) ) ;
#7410 = ORIENTED_EDGE ( 'NONE', *, *, #10550, .T. ) ;
#7411 = DIRECTION ( 'NONE',  ( 0.000000000000000000, 0.000000000000000000, -1.000000000000000000 ) ) ;
#7412 = EDGE_CURVE ( 'NONE', #8639, #10538, #6394, .T. ) ;
#7413 = AXIS2_PLACEMENT_3D ( 'NONE', #3309, #6795, #4280 ) ;
#7414 = ORIENTED_EDGE ( 'NONE', *, *, #8338, .T. ) ;
#7415 = DIRECTION ( 'NONE',  ( 0.000000000000000000, 0.000000000000000000, 1.000000000000000000 ) ) ;
#7416 = ORIENTED_EDGE ( 'NONE', *, *, #1777, .T. ) ;
#7417 = AXIS2_PLACEMENT_3D ( 'NONE', #1555, #3389, #6869 ) ;
#7418 = LINE ( 'NONE', #6621, #10507 ) ;
#7419 = VERTEX_POINT ( 'NONE', #10383 ) ;
#7420 = ORIENTED_EDGE ( 'NONE', *, *, #4404, .T. ) ;
#7421 =( GEOMETRIC_REPRESENTATION_CONTEXT ( 3 ) GLOBAL_UNCERTAINTY_ASSIGNED_CONTEXT ( ( #10298 ) ) GLOBAL_UNIT_ASSIGNED_CONTEXT ( ( #9799, #3916, #6549 ) ) REPRESENTATION_CONTEXT ( 'NONE', 'WORKASPACE' ) );
#7422 = VECTOR ( 'NONE', #10920, 1000.000000000000000 ) ;
#7423 = SURFACE_STYLE_FILL_AREA ( #3938 ) ;
#7424 = PLANE ( 'NONE',  #6682 ) ;
#7425 = EDGE_CURVE ( 'NONE', #4931, #5266, #5253, .T. ) ;
#7426 = CARTESIAN_POINT ( 'NONE',  ( 5.460999999999996746, 8.064500000000000668, 0.3809999999999960085 ) ) ;
#7427 = ORIENTED_EDGE ( 'NONE', *, *, #8950, .T. ) ;
#7428 = ADVANCED_FACE ( 'NONE', ( #8564 ), #1656, .F. ) ;
#7429 = CARTESIAN_POINT ( 'NONE',  ( -16.51000000000000512, 2.177422008883992879E-16, -0.8890000000000013447 ) ) ;
#7430 = LINE ( 'NONE', #5600, #6393 ) ;
#7431 = ADVANCED_FACE ( 'NONE', ( #8682 ), #5193, .F. ) ;
#7432 = ORIENTED_EDGE ( 'NONE', *, *, #4568, .F. ) ;
#7433 = CARTESIAN_POINT ( 'NONE',  ( 6.349999999999997868, 8.509000000000000341, -1.270000000000001128 ) ) ;
#7434 = EDGE_LOOP ( 'NONE', ( #4976, #8001, #7977, #10018 ) ) ;
#7435 = VECTOR ( 'NONE', #3283, 1000.000000000000000 ) ;
#7436 = ADVANCED_FACE ( 'NONE', ( #11133 ), #3492, .F. ) ;
#7437 = ORIENTED_EDGE ( 'NONE', *, *, #10551, .T. ) ;
#7438 = EDGE_CURVE ( 'NONE', #9283, #1601, #5999, .T. ) ;
#7439 = DIRECTION ( 'NONE',  ( 0.000000000000000000, 1.000000000000000000, 2.548365665731588345E-16 ) ) ;
#7440 = FACE_OUTER_BOUND ( 'NONE', #7369, .T. ) ;
#7441 = ADVANCED_FACE ( 'NONE', ( #10446 ), #6865, .F. ) ;
#7442 = VERTEX_POINT ( 'NONE', #6118 ) ;
#7443 = DIRECTION ( 'NONE',  ( 1.000000000000000000, 0.000000000000000000, -0.000000000000000000 ) ) ;
#7444 = DIRECTION ( 'NONE',  ( 0.000000000000000000, 2.449293598294710852E-16, -1.000000000000000000 ) ) ;
#7445 = LINE ( 'NONE', #8455, #1751 ) ;
#7446 = FACE_OUTER_BOUND ( 'NONE', #7120, .T. ) ;
#7447 = ORIENTED_EDGE ( 'NONE', *, *, #10835, .T. ) ;
#7448 = EDGE_LOOP ( 'NONE', ( #10438, #10004, #10312, #3877 ) ) ;
#7449 = EDGE_CURVE ( 'NONE', #2575, #125, #703, .T. ) ;
#7450 = DIRECTION ( 'NONE',  ( -1.000000000000000000, -0.000000000000000000, -0.000000000000000000 ) ) ;
#7451 = DIRECTION ( 'NONE',  ( 0.000000000000000000, -1.440069553722777130E-16, 1.000000000000000000 ) ) ;
#7452 = DIRECTION ( 'NONE',  ( 0.000000000000000000, 1.000000000000000000, 0.000000000000000000 ) ) ;
#7453 = PLANE ( 'NONE',  #10322 ) ;
#7454 = ORIENTED_EDGE ( 'NONE', *, *, #3376, .T. ) ;
#7455 = LINE ( 'NONE', #9895, #4774 ) ;
#7456 = LINE ( 'NONE', #5505, #2251 ) ;
#7457 = CARTESIAN_POINT ( 'NONE',  ( 24.38400000000000745, 8.509000000000000341, 1.270000000000001128 ) ) ;
#7458 = ORIENTED_EDGE ( 'NONE', *, *, #8262, .F. ) ;
#7459 = ORIENTED_EDGE ( 'NONE', *, *, #10060, .T. ) ;
#7460 = CARTESIAN_POINT ( 'NONE',  ( 10.15999999999999481, 0.000000000000000000, 0.000000000000000000 ) ) ;
#7461 = DIRECTION ( 'NONE',  ( 0.000000000000000000, -1.000000000000000000, -2.548365665731588345E-16 ) ) ;
#7462 = LINE ( 'NONE', #763, #1919 ) ;
#7463 = CARTESIAN_POINT ( 'NONE',  ( 8.889999999999995239, -1.925929944387235853E-31, 0.8889999999999991243 ) ) ;
#7464 = CARTESIAN_POINT ( 'NONE',  ( -19.05000000000000426, -1.925929944387235853E-31, 0.8889999999999991243 ) ) ;
#7465 = FACE_OUTER_BOUND ( 'NONE', #10943, .T. ) ;
#7466 = ORIENTED_EDGE ( 'NONE', *, *, #2468, .T. ) ;
#7467 = LINE ( 'NONE', #10935, #10413 ) ;
#7468 = VERTEX_POINT ( 'NONE', #10512 ) ;
#7469 = CARTESIAN_POINT ( 'NONE',  ( 0.3810000000000000053, -2.692399999999995686, -0.2032000000000001583 ) ) ;
#7470 = ORIENTED_EDGE ( 'NONE', *, *, #2699, .T. ) ;
#7471 = EDGE_CURVE ( 'NONE', #6396, #5690, #756, .T. ) ;
#7472 = FACE_OUTER_BOUND ( 'NONE', #11111, .T. ) ;
#7473 = ORIENTED_EDGE ( 'NONE', *, *, #4390, .F. ) ;
#7474 = ORIENTED_EDGE ( 'NONE', *, *, #7566, .T. ) ;
#7475 = VECTOR ( 'NONE', #10758, 1000.000000000000000 ) ;
#7476 = DIRECTION ( 'NONE',  ( 1.000000000000000000, 0.000000000000000000, -0.000000000000000000 ) ) ;
#7477 = DIRECTION ( 'NONE',  ( -1.000000000000000000, 0.000000000000000000, 0.000000000000000000 ) ) ;
#7478 = DIRECTION ( 'NONE',  ( 0.000000000000000000, -1.000000000000000000, -2.548365665731588345E-16 ) ) ;
#7479 = VERTEX_POINT ( 'NONE', #1833 ) ;
#7480 = FACE_BOUND ( 'NONE', #7010, .T. ) ;
#7481 = PLANE ( 'NONE',  #8571 ) ;
#7482 = VERTEX_POINT ( 'NONE', #6352 ) ;
#7483 = SURFACE_STYLE_USAGE ( .BOTH. , #9298 ) ;
#7484 = ORIENTED_EDGE ( 'NONE', *, *, #6036, .F. ) ;
#7485 = EDGE_LOOP ( 'NONE', ( #6106, #10296, #3750, #1541 ) ) ;
#7486 = EDGE_CURVE ( 'NONE', #3488, #7300, #4466, .T. ) ;
#7487 = VECTOR ( 'NONE', #260, 1000.000000000000000 ) ;
#7488 = EDGE_CURVE ( 'NONE', #4708, #1591, #262, .T. ) ;
#7489 = EDGE_CURVE ( 'NONE', #8058, #5292, #8121, .T. ) ;
#7490 = DIRECTION ( 'NONE',  ( 0.000000000000000000, 0.000000000000000000, 1.000000000000000000 ) ) ;
#7491 = DIRECTION ( 'NONE',  ( -0.000000000000000000, 1.000000000000000000, 1.733406087350420004E-16 ) ) ;
#7492 = ORIENTED_EDGE ( 'NONE', *, *, #10690, .F. ) ;
#7493 = EDGE_CURVE ( 'NONE', #9066, #2968, #2812, .T. ) ;
#7494 = FACE_OUTER_BOUND ( 'NONE', #7788, .T. ) ;
#7495 = LINE ( 'NONE', #9366, #5378 ) ;
#7496 = DIRECTION ( 'NONE',  ( -1.000000000000000000, -0.000000000000000000, -0.000000000000000000 ) ) ;
#7497 =( REPRESENTATION_RELATIONSHIP ('NONE','NONE', #5926, #187 ) REPRESENTATION_RELATIONSHIP_WITH_TRANSFORMATION ( #6478 )SHAPE_REPRESENTATION_RELATIONSHIP( ) );
#7498 = VECTOR ( 'NONE', #7685, 1000.000000000000000 ) ;
#7499 = CARTESIAN_POINT ( 'NONE',  ( 1.269999999999996909, 0.5080000000000002292, -0.7528818102449945648 ) ) ;
#7500 = EDGE_LOOP ( 'NONE', ( #6977, #3190, #8176, #7420 ) ) ;
#7501 = ORIENTED_EDGE ( 'NONE', *, *, #2197, .T. ) ;
#7502 = AXIS2_PLACEMENT_3D ( 'NONE', #3599, #8047, #1766 ) ;
#7503 = ADVANCED_FACE ( 'NONE', ( #5427 ), #4577, .F. ) ;
#7504 = LINE ( 'NONE', #5723, #4754 ) ;
#7505 = VECTOR ( 'NONE', #8393, 1000.000000000000000 ) ;
#7506 = LINE ( 'NONE', #11141, #2785 ) ;
#7507 = FACE_OUTER_BOUND ( 'NONE', #2114, .T. ) ;
#7508 = LINE ( 'NONE', #11143, #2087 ) ;
#7509 = CARTESIAN_POINT ( 'NONE',  ( 10.54099999999999504, 7.239000000000000767, 0.3809999999999958975 ) ) ;
#7510 = ORIENTED_EDGE ( 'NONE', *, *, #1393, .T. ) ;
#7511 = ADVANCED_FACE ( 'NONE', ( #8010 ), #7947, .F. ) ;
#7512 = CARTESIAN_POINT ( 'NONE',  ( -1.270000000000003793, 8.509000000000000341, -1.270000000000001128 ) ) ;
#7513 = VECTOR ( 'NONE', #2784, 1000.000000000000000 ) ;
#7514 = CARTESIAN_POINT ( 'NONE',  ( 19.93900000000000006, 8.064500000000000668, 0.3809999999999958975 ) ) ;
#7515 = CARTESIAN_POINT ( 'NONE',  ( 2.158999999999997588, 8.064500000000000668, 0.3809999999999960085 ) ) ;
#7516 = PRESENTATION_LAYER_ASSIGNMENT (  '', '', ( #2420 ) ) ;
#7517 = ORIENTED_EDGE ( 'NONE', *, *, #10777, .F. ) ;
#7518 = EDGE_LOOP ( 'NONE', ( #807, #9336, #1196, #5601 ) ) ;
#7519 = MECHANICAL_DESIGN_GEOMETRIC_PRESENTATION_REPRESENTATION (  '', ( #9150 ), #6066 ) ;
#7520 = DIRECTION ( 'NONE',  ( 0.000000000000000000, -1.000000000000000000, 0.000000000000000000 ) ) ;
#7521 = FACE_OUTER_BOUND ( 'NONE', #8852, .T. ) ;
#7522 = CARTESIAN_POINT ( 'NONE',  ( 17.39899999999999736, 7.239000000000000767, -0.3810000000000028919 ) ) ;
#7523 = CARTESIAN_POINT ( 'NONE',  ( 8.889999999999995239, 8.509000000000000341, -1.270000000000001128 ) ) ;
#7524 = MECHANICAL_DESIGN_GEOMETRIC_PRESENTATION_REPRESENTATION (  '', ( #10427 ), #5134 ) ;
#7525 = CARTESIAN_POINT ( 'NONE',  ( -13.97000000000000419, 0.5080000000000000071, 0.7528818102449925664 ) ) ;
#7526 = ORIENTED_EDGE ( 'NONE', *, *, #7913, .F. ) ;
#7527 = ADVANCED_FACE ( 'NONE', ( #3659 ), #5480, .F. ) ;
#7528 = LINE ( 'NONE', #731, #6791 ) ;
#7529 = EDGE_LOOP ( 'NONE', ( #9914, #1252, #2178, #6867 ) ) ;
#7530 = DIRECTION ( 'NONE',  ( 0.000000000000000000, 0.000000000000000000, 1.000000000000000000 ) ) ;
#7531 = ORIENTED_EDGE ( 'NONE', *, *, #10047, .F. ) ;
#7532 = COLOUR_RGB ( '',0.2509803921568627416, 0.2509803921568627416, 0.2509803921568627416 ) ;
#7533 = PLANE ( 'NONE',  #490 ) ;
#7534 = EDGE_LOOP ( 'NONE', ( #4380, #5967, #2845, #5695, #8283, #1428, #6937, #4212 ) ) ;
#7535 = ORIENTED_EDGE ( 'NONE', *, *, #5666, .T. ) ;
#7536 = AXIS2_PLACEMENT_3D ( 'NONE', #6057, #9532, #1720 ) ;
#7537 = CARTESIAN_POINT ( 'NONE',  ( -9.334500000000003794, 8.509000000000000341, 0.8254999999999976801 ) ) ;
#7538 = CARTESIAN_POINT ( 'NONE',  ( -10.54100000000000392, 7.239000000000000767, 0.3809999999999958975 ) ) ;
#7539 = AXIS2_PLACEMENT_3D ( 'NONE', #303, #7085, #8051 ) ;
#7540 = CARTESIAN_POINT ( 'NONE',  ( -16.51000000000000512, 0.000000000000000000, 1.269999999999998908 ) ) ;
#7541 = EDGE_LOOP ( 'NONE', ( #13, #9201, #10254, #10792 ) ) ;
#7542 = DIRECTION ( 'NONE',  ( 0.000000000000000000, 0.000000000000000000, -1.000000000000000000 ) ) ;
#7543 = LINE ( 'NONE', #6460, #5835 ) ;
#7544 = VECTOR ( 'NONE', #9464, 1000.000000000000000 ) ;
#7545 = ORIENTED_EDGE ( 'NONE', *, *, #130, .T. ) ;
#7546 = PLANE ( 'NONE',  #8247 ) ;
#7547 = VERTEX_POINT ( 'NONE', #1960 ) ;
#7548 = ORIENTED_EDGE ( 'NONE', *, *, #9134, .T. ) ;
#7549 = AXIS2_PLACEMENT_3D ( 'NONE', #383, #10746, #9034 ) ;
#7550 = DIRECTION ( 'NONE',  ( 0.000000000000000000, 0.000000000000000000, 1.000000000000000000 ) ) ;
#7551 = CARTESIAN_POINT ( 'NONE',  ( -8.890000000000004121, -1.925929944387235853E-31, 0.8889999999999991243 ) ) ;
#7552 = EDGE_LOOP ( 'NONE', ( #7410, #7535, #2319, #7093, #10593, #1590, #3962, #5819 ) ) ;
#7553 = EDGE_CURVE ( 'NONE', #9067, #6374, #7154, .T. ) ;
#7554 = DIRECTION ( 'NONE',  ( 0.000000000000000000, 1.000000000000000000, 0.000000000000000000 ) ) ;
#7555 = EDGE_CURVE ( 'NONE', #10371, #2137, #3719, .T. ) ;
#7556 = PLANE ( 'NONE',  #7391 ) ;
#7557 = DIRECTION ( 'NONE',  ( 0.000000000000000000, -0.9659258262890699775, -0.2588190451025145222 ) ) ;
#7558 = EDGE_CURVE ( 'NONE', #8777, #10579, #8963, .T. ) ;
#7559 = VECTOR ( 'NONE', #5961, 1000.000000000000000 ) ;
#7560 = PLANE ( 'NONE',  #7775 ) ;
#7561 = ORIENTED_EDGE ( 'NONE', *, *, #10102, .T. ) ;
#7562 = ORIENTED_EDGE ( 'NONE', *, *, #852, .T. ) ;
#7563 = DIRECTION ( 'NONE',  ( -0.5773502691896253980, 0.5773502691896253980, -0.5773502691896265082 ) ) ;
#7564 =( NAMED_UNIT ( * ) PLANE_ANGLE_UNIT ( ) SI_UNIT ( $, .RADIAN. ) );
#7565 = LINE ( 'NONE', #6823, #10498 ) ;
#7566 = EDGE_CURVE ( 'NONE', #1811, #7184, #7272, .T. ) ;
#7567 = DIRECTION ( 'NONE',  ( 0.000000000000000000, 0.9659258262890699775, 0.2588190451025145222 ) ) ;
#7568 = PLANE ( 'NONE',  #4845 ) ;
#7569 = VERTEX_POINT ( 'NONE', #2923 ) ;
#7570 = FACE_OUTER_BOUND ( 'NONE', #5467, .T. ) ;
#7571 = VECTOR ( 'NONE', #10125, 1000.000000000000000 ) ;
#7572 = FACE_OUTER_BOUND ( 'NONE', #4357, .T. ) ;
#7573 = AXIS2_PLACEMENT_3D ( 'NONE', #4646, #7229, #10687 ) ;
#7574 = ORIENTED_EDGE ( 'NONE', *, *, #2060, .F. ) ;
#7575 = ADVANCED_FACE ( 'NONE', ( #3611 ), #7097, .F. ) ;
#7576 = ORIENTED_EDGE ( 'NONE', *, *, #8608, .T. ) ;
#7577 = DIRECTION ( 'NONE',  ( 0.000000000000000000, 0.000000000000000000, 1.000000000000000000 ) ) ;
#7578 = EDGE_CURVE ( 'NONE', #10934, #11122, #9701, .T. ) ;
#7579 = FACE_BOUND ( 'NONE', #8212, .T. ) ;
#7580 = SURFACE_SIDE_STYLE ('',( #3979 ) ) ;
#7581 = DIRECTION ( 'NONE',  ( 0.000000000000000000, 0.000000000000000000, 1.000000000000000000 ) ) ;
#7582 = VECTOR ( 'NONE', #2531, 1000.000000000000000 ) ;
#7583 = DIRECTION ( 'NONE',  ( 0.000000000000000000, -5.054934237236841843E-31, -1.000000000000000000 ) ) ;
#7584 = ORIENTED_EDGE ( 'NONE', *, *, #3723, .T. ) ;
#7585 = PLANE ( 'NONE',  #4597 ) ;
#7586 = ORIENTED_EDGE ( 'NONE', *, *, #10594, .T. ) ;
#7587 = DIRECTION ( 'NONE',  ( -0.000000000000000000, 0.2588190451025140781, 0.9659258262890700886 ) ) ;
#7588 = VERTEX_POINT ( 'NONE', #4525 ) ;
#7589 = PLANE ( 'NONE',  #1754 ) ;
#7590 = VECTOR ( 'NONE', #8352, 999.9999999999998863 ) ;
#7591 = ORIENTED_EDGE ( 'NONE', *, *, #1540, .T. ) ;
#7592 = VECTOR ( 'NONE', #8716, 1000.000000000000000 ) ;
#7593 = ORIENTED_EDGE ( 'NONE', *, *, #1473, .T. ) ;
#7594 = CARTESIAN_POINT ( 'NONE',  ( 11.42999999999999616, 0.000000000000000000, 1.269999999999998908 ) ) ;
#7595 = VECTOR ( 'NONE', #467, 1000.000000000000000 ) ;
#7596 = DIRECTION ( 'NONE',  ( 0.000000000000000000, 0.2588190451025145222, -0.9659258262890699775 ) ) ;
#7597 = CARTESIAN_POINT ( 'NONE',  ( -16.51000000000000512, 8.509000000000000341, 1.270000000000001128 ) ) ;
#7598 = ORIENTED_EDGE ( 'NONE', *, *, #3361, .F. ) ;
#7599 = DIRECTION ( 'NONE',  ( 0.000000000000000000, 0.000000000000000000, -1.000000000000000000 ) ) ;
#7600 = PLANE ( 'NONE',  #1118 ) ;
#7601 = AXIS2_PLACEMENT_3D ( 'NONE', #2997, #4755, #8237 ) ;
#7602 = ORIENTED_EDGE ( 'NONE', *, *, #2608, .F. ) ;
#7603 = LINE ( 'NONE', #582, #2237 ) ;
#7604 = ORIENTED_EDGE ( 'NONE', *, *, #8257, .F. ) ;
#7605 = ORIENTED_EDGE ( 'NONE', *, *, #1431, .F. ) ;
#7606 = EDGE_CURVE ( 'NONE', #11027, #8200, #8850, .T. ) ;
#7607 = AXIS2_PLACEMENT_3D ( 'NONE', #2329, #10230, #3976 ) ;
#7608 = VECTOR ( 'NONE', #9635, 1000.000000000000000 ) ;
#7609 = ADVANCED_FACE ( 'NONE', ( #6793 ), #4217, .F. ) ;
#7610 = DIRECTION ( 'NONE',  ( 0.000000000000000000, 1.000000000000000000, -5.054934237236841843E-31 ) ) ;
#7611 = CARTESIAN_POINT ( 'NONE',  ( -18.16100000000000492, 7.239000000000000767, -0.3810000000000028919 ) ) ;
#7612 = ORIENTED_EDGE ( 'NONE', *, *, #9480, .T. ) ;
#7613 = CARTESIAN_POINT ( 'NONE',  ( -18.16100000000000492, 8.064500000000000668, 0.3809999999999960085 ) ) ;
#7614 = DIRECTION ( 'NONE',  ( 0.000000000000000000, 0.000000000000000000, -1.000000000000000000 ) ) ;
#7615 = VECTOR ( 'NONE', #8029, 1000.000000000000000 ) ;
#7616 = DIRECTION ( 'NONE',  ( 0.000000000000000000, -5.054934237236841843E-31, -1.000000000000000000 ) ) ;
#7617 = CARTESIAN_POINT ( 'NONE',  ( 22.03449999999999775, 8.509000000000000341, -0.8255000000000041194 ) ) ;
#7618 = LINE ( 'NONE', #4240, #3400 ) ;
#7619 = ORIENTED_EDGE ( 'NONE', *, *, #2993, .F. ) ;
#7620 = ADVANCED_FACE ( 'NONE', ( #9402 ), #2398, .F. ) ;
#7621 = ORIENTED_EDGE ( 'NONE', *, *, #3739, .F. ) ;
#7622 = ADVANCED_FACE ( 'NONE', ( #5064 ), #9344, .F. ) ;
#7623 = EDGE_CURVE ( 'NONE', #2867, #7025, #5984, .T. ) ;
#7624 = DIRECTION ( 'NONE',  ( 0.000000000000000000, 2.449293598294710852E-16, -1.000000000000000000 ) ) ;
#7625 = EDGE_CURVE ( 'NONE', #4732, #8096, #5005, .T. ) ;
#7626 = LINE ( 'NONE', #11085, #11208 ) ;
#7627 = DIRECTION ( 'NONE',  ( 0.000000000000000000, -0.9659258262890699775, -0.2588190451025145222 ) ) ;
#7628 = DIRECTION ( 'NONE',  ( 0.000000000000000000, 0.000000000000000000, 1.000000000000000000 ) ) ;
#7629 = VERTEX_POINT ( 'NONE', #5115 ) ;
#7630 = CARTESIAN_POINT ( 'NONE',  ( -11.43000000000000504, 0.000000000000000000, 0.000000000000000000 ) ) ;
#7631 = DIRECTION ( 'NONE',  ( -1.000000000000000000, -0.000000000000000000, -0.000000000000000000 ) ) ;
#7632 = VERTEX_POINT ( 'NONE', #4045 ) ;
#7633 = ORIENTED_EDGE ( 'NONE', *, *, #3991, .F. ) ;
#7634 = DIRECTION ( 'NONE',  ( 0.000000000000000000, 0.000000000000000000, 1.000000000000000000 ) ) ;
#7635 = ADVANCED_FACE ( 'NONE', ( #3138 ), #1593, .T. ) ;
#7636 = EDGE_CURVE ( 'NONE', #6374, #10371, #9238, .T. ) ;
#7637 = DIRECTION ( 'NONE',  ( 0.000000000000000000, -2.449293598294710852E-16, 1.000000000000000000 ) ) ;
#7638 = EDGE_CURVE ( 'NONE', #2562, #694, #11064, .T. ) ;
#7639 =( NAMED_UNIT ( * ) SI_UNIT ( $, .STERADIAN. ) SOLID_ANGLE_UNIT ( ) );
#7640 = DIRECTION ( 'NONE',  ( 0.000000000000000000, -5.054934237236841843E-31, -1.000000000000000000 ) ) ;
#7641 = CARTESIAN_POINT ( 'NONE',  ( 8.889999999999995239, -1.925929944387235853E-31, 0.8889999999999991243 ) ) ;
#7642 = ORIENTED_EDGE ( 'NONE', *, *, #5489, .T. ) ;
#7643 = FACE_OUTER_BOUND ( 'NONE', #11212, .T. ) ;
#7644 = ORIENTED_EDGE ( 'NONE', *, *, #3948, .T. ) ;
#7645 = FACE_OUTER_BOUND ( 'NONE', #475, .T. ) ;
#7646 = ORIENTED_EDGE ( 'NONE', *, *, #10353, .T. ) ;
#7647 = DIRECTION ( 'NONE',  ( 0.000000000000000000, -1.000000000000000000, -1.733406087350420004E-16 ) ) ;
#7648 = ORIENTED_EDGE ( 'NONE', *, *, #10486, .T. ) ;
#7649 = VERTEX_POINT ( 'NONE', #10142 ) ;
#7650 = ADVANCED_FACE ( 'NONE', ( #8606 ), #1420, .F. ) ;
#7651 = CARTESIAN_POINT ( 'NONE',  ( -8.890000000000004121, 0.000000000000000000, 0.000000000000000000 ) ) ;
#7652 = LINE ( 'NONE', #10369, #4493 ) ;
#7653 = CARTESIAN_POINT ( 'NONE',  ( -16.51000000000000512, 0.5080000000000000071, 0.7528818102449925664 ) ) ;
#7654 = ORIENTED_EDGE ( 'NONE', *, *, #8804, .F. ) ;
#7655 = CARTESIAN_POINT ( 'NONE',  ( -13.97000000000000419, 0.000000000000000000, 1.269999999999998908 ) ) ;
#7656 = DIRECTION ( 'NONE',  ( 0.000000000000000000, 0.000000000000000000, -1.000000000000000000 ) ) ;
#7657 = VERTEX_POINT ( 'NONE', #7537 ) ;
#7658 = ADVANCED_FACE ( 'NONE', ( #4949 ), #8548, .F. ) ;
#7659 = ORIENTED_EDGE ( 'NONE', *, *, #10766, .F. ) ;
#7660 = ORIENTED_EDGE ( 'NONE', *, *, #1714, .F. ) ;
#7661 = LINE ( 'NONE', #9469, #3209 ) ;
#7662 = ORIENTED_EDGE ( 'NONE', *, *, #10938, .T. ) ;
#7663 = PLANE ( 'NONE',  #261 ) ;
#7664 = DIRECTION ( 'NONE',  ( 0.000000000000000000, -0.7071067811865484609, 0.7071067811865465735 ) ) ;
#7665 = CARTESIAN_POINT ( 'NONE',  ( -8.001000000000004775, 8.064500000000000668, 0.3809999999999958975 ) ) ;
#7666 = VECTOR ( 'NONE', #4406, 1000.000000000000000 ) ;
#7667 = CARTESIAN_POINT ( 'NONE',  ( 16.50999999999999801, 0.5080000000000002292, -0.7528818102449945648 ) ) ;
#7668 = EDGE_LOOP ( 'NONE', ( #80, #5573, #5197, #6502 ) ) ;
#7669 = EDGE_LOOP ( 'NONE', ( #34, #10921, #11109, #7324 ) ) ;
#7670 = DIRECTION ( 'NONE',  ( -0.000000000000000000, 0.000000000000000000, 1.000000000000000000 ) ) ;
#7671 = VECTOR ( 'NONE', #1832, 1000.000000000000000 ) ;
#7672 = FACE_OUTER_BOUND ( 'NONE', #9818, .T. ) ;
#7673 = LINE ( 'NONE', #1564, #3933 ) ;
#7674 = VECTOR ( 'NONE', #837, 1000.000000000000000 ) ;
#7675 = LINE ( 'NONE', #11086, #2267 ) ;
#7676 = PLANE ( 'NONE',  #1968 ) ;
#7677 = EDGE_LOOP ( 'NONE', ( #6683, #5907, #1463, #9592 ) ) ;
#7678 = CARTESIAN_POINT ( 'NONE',  ( 21.58999999999999631, 0.5080000000000000071, 0.7528818102449925664 ) ) ;
#7679 = DIRECTION ( 'NONE',  ( 0.000000000000000000, 0.000000000000000000, -1.000000000000000000 ) ) ;
#7680 = VERTEX_POINT ( 'NONE', #4165 ) ;
#7681 = LINE ( 'NONE', #2496, #6464 ) ;
#7682 = PRESENTATION_LAYER_ASSIGNMENT (  '', '', ( #8405 ) ) ;
#7683 = CARTESIAN_POINT ( 'NONE',  ( 22.85999999999999943, 0.000000000000000000, 0.000000000000000000 ) ) ;
#7684 = VECTOR ( 'NONE', #10652, 999.9999999999998863 ) ;
#7685 = DIRECTION ( 'NONE',  ( 0.000000000000000000, 1.000000000000000000, 0.000000000000000000 ) ) ;
#7686 = AXIS2_PLACEMENT_3D ( 'NONE', #9519, #3263, #10432 ) ;
#7687 = PLANE ( 'NONE',  #7791 ) ;
#7688 = ORIENTED_EDGE ( 'NONE', *, *, #11156, .F. ) ;
#7690 = EDGE_CURVE ( 'NONE', #5067, #3082, #4106, .T. ) ;
#7689 = DIRECTION ( 'NONE',  ( 0.000000000000000000, -0.7071067811865484609, 0.7071067811865465735 ) ) ;
#7691 = EDGE_CURVE ( 'NONE', #3722, #9809, #3258, .T. ) ;
#7692 = DIRECTION ( 'NONE',  ( 0.5773502691896252870, -0.5773502691896251759, -0.5773502691896267303 ) ) ;
#7693 = ORIENTED_EDGE ( 'NONE', *, *, #8822, .F. ) ;
#7694 = EDGE_CURVE ( 'NONE', #4681, #2569, #10075, .T. ) ;
#7695 = CARTESIAN_POINT ( 'NONE',  ( 19.04999999999999716, -1.925929944387235853E-31, 0.8889999999999991243 ) ) ;
#7696 = ORIENTED_EDGE ( 'NONE', *, *, #9442, .T. ) ;
#7697 = VECTOR ( 'NONE', #3021, 1000.000000000000000 ) ;
#7698 = VERTEX_POINT ( 'NONE', #11170 ) ;
#7699 = CARTESIAN_POINT ( 'NONE',  ( 24.38400000000000745, 0.5080000000000000071, 0.7528818102449925664 ) ) ;
#7700 = CARTESIAN_POINT ( 'NONE',  ( -22.03450000000000486, 8.509000000000000341, 0.8254999999999976801 ) ) ;
#7701 = VECTOR ( 'NONE', #163, 1000.000000000000000 ) ;
#7702 = FACE_OUTER_BOUND ( 'NONE', #7235, .T. ) ;
#7703 = FACE_OUTER_BOUND ( 'NONE', #5775, .T. ) ;
#7704 = ORIENTED_EDGE ( 'NONE', *, *, #10141, .F. ) ;
#7705 = CARTESIAN_POINT ( 'NONE',  ( -12.31900000000000617, 7.239000000000000767, -0.3810000000000028919 ) ) ;
#7706 = FACE_OUTER_BOUND ( 'NONE', #9467, .T. ) ;
#7707 = MECHANICAL_DESIGN_GEOMETRIC_PRESENTATION_REPRESENTATION (  '', ( #5873 ), #1322 ) ;
#7708 = VERTEX_POINT ( 'NONE', #7700 ) ;
#7709 = SURFACE_STYLE_USAGE ( .BOTH. , #6803 ) ;
#7710 = ORIENTED_EDGE ( 'NONE', *, *, #5403, .T. ) ;
#7711 = AXIS2_PLACEMENT_3D ( 'NONE', #10560, #6285, #1958 ) ;
#7712 = EDGE_LOOP ( 'NONE', ( #8782, #9522, #7721, #9947 ) ) ;
#7713 = AXIS2_PLACEMENT_3D ( 'NONE', #6388, #7262, #1136 ) ;
#7714 = EDGE_CURVE ( 'NONE', #156, #8724, #2514, .T. ) ;
#7715 = PLANE ( 'NONE',  #8297 ) ;
#7716 = EDGE_LOOP ( 'NONE', ( #8665, #5996, #8430, #7265 ) ) ;
#7717 = DIRECTION ( 'NONE',  ( 0.5773502691896253980, 0.5773502691896253980, -0.5773502691896265082 ) ) ;
#7718 = CARTESIAN_POINT ( 'NONE',  ( 13.08099999999999596, 7.239000000000000767, 0.3809999999999958975 ) ) ;
#7719 = CARTESIAN_POINT ( 'NONE',  ( -16.95450000000000301, 8.509000000000000341, -0.8255000000000041194 ) ) ;
#7720 =( NAMED_UNIT ( * ) SI_UNIT ( $, .STERADIAN. ) SOLID_ANGLE_UNIT ( ) );
#7721 = ORIENTED_EDGE ( 'NONE', *, *, #485, .F. ) ;
#7722 = VECTOR ( 'NONE', #2549, 1000.000000000000000 ) ;
#7723 = CARTESIAN_POINT ( 'NONE',  ( -23.24100000000000321, 8.064500000000000668, 0.3809999999999960085 ) ) ;
#7724 = ORIENTED_EDGE ( 'NONE', *, *, #5724, .T. ) ;
#7725 = AXIS2_PLACEMENT_3D ( 'NONE', #3646, #5464, #7873 ) ;
#7726 = ORIENTED_EDGE ( 'NONE', *, *, #3888, .F. ) ;
#7727 = EDGE_CURVE ( 'NONE', #10940, #3753, #10307, .T. ) ;
#7728 = LINE ( 'NONE', #882, #7939 ) ;
#7729 = CLOSED_SHELL ( 'NONE', ( #7163, #1617, #1157, #8761, #1845, #3265, #2752, #4009, #8377, #2678, #5865, #3461, #5736, #710, #4022, #4550, #10580, #7622, #8896 ) ) ;
#7730 = LINE ( 'NONE', #9541, #5484 ) ;
#7731 = DIRECTION ( 'NONE',  ( 0.000000000000000000, 0.000000000000000000, -1.000000000000000000 ) ) ;
#7732 = DIRECTION ( 'NONE',  ( -1.000000000000000000, -0.000000000000000000, -0.000000000000000000 ) ) ;
#7733 = AXIS2_PLACEMENT_3D ( 'NONE', #7307, #10108, #7567 ) ;
#7734 = DIRECTION ( 'NONE',  ( 0.000000000000000000, 1.000000000000000000, 2.548365665731588345E-16 ) ) ;
#7735 = CARTESIAN_POINT ( 'NONE',  ( -21.59000000000000341, 8.509000000000000341, -1.270000000000001128 ) ) ;
#7736 = ORIENTED_EDGE ( 'NONE', *, *, #3300, .F. ) ;
#7737 = CARTESIAN_POINT ( 'NONE',  ( 10.54099999999999504, 7.239000000000000767, -0.3810000000000028919 ) ) ;
#7738 = LINE ( 'NONE', #11093, #7121 ) ;
#7739 =( GEOMETRIC_REPRESENTATION_CONTEXT ( 3 ) GLOBAL_UNCERTAINTY_ASSIGNED_CONTEXT ( ( #4157 ) ) GLOBAL_UNIT_ASSIGNED_CONTEXT ( ( #3865, #9904, #4829 ) ) REPRESENTATION_CONTEXT ( 'NONE', 'WORKASPACE' ) );
#7740 = ORIENTED_EDGE ( 'NONE', *, *, #2124, .T. ) ;
#7741 = DIRECTION ( 'NONE',  ( -0.000000000000000000, 1.000000000000000000, 1.733406087350420004E-16 ) ) ;
#7742 = VECTOR ( 'NONE', #8805, 1000.000000000000000 ) ;
#7743 = CONTEXT_DEPENDENT_SHAPE_REPRESENTATION ( #4580, #811 ) ;
#7744 = ADVANCED_FACE ( 'NONE', ( #2680 ), #3423, .F. ) ;
#7745 = EDGE_CURVE ( 'NONE', #6371, #8539, #5346, .T. ) ;
#7746 = DIRECTION ( 'NONE',  ( -1.000000000000000000, -0.000000000000000000, -0.000000000000000000 ) ) ;
#7747 = PLANE ( 'NONE',  #1917 ) ;
#7748 = CARTESIAN_POINT ( 'NONE',  ( 0.8254999999999963478, 8.509000000000000341, 0.8254999999999976801 ) ) ;
#7749 = ORIENTED_EDGE ( 'NONE', *, *, #6011, .F. ) ;
#7750 = CARTESIAN_POINT ( 'NONE',  ( 24.38400000000000745, 2.177422008883992879E-16, -0.8890000000000013447 ) ) ;
#7751 = CARTESIAN_POINT ( 'NONE',  ( -6.350000000000004974, -1.925929944387235853E-31, 0.8889999999999991243 ) ) ;
#7752 = ORIENTED_EDGE ( 'NONE', *, *, #4626, .F. ) ;
#7753 = FACE_OUTER_BOUND ( 'NONE', #1770, .T. ) ;
#7754 = VERTEX_POINT ( 'NONE', #8660 ) ;
#7755 = EDGE_LOOP ( 'NONE', ( #10305, #4193, #10041, #5665 ) ) ;
#7756 = EDGE_CURVE ( 'NONE', #6197, #5922, #3535, .T. ) ;
#7757 = EDGE_CURVE ( 'NONE', #5922, #4728, #9631, .T. ) ;
#7758 = VECTOR ( 'NONE', #2135, 1000.000000000000000 ) ;
#7759 = CARTESIAN_POINT ( 'NONE',  ( -24.13000000000000611, 0.000000000000000000, 0.000000000000000000 ) ) ;
#7760 = LINE ( 'NONE', #7131, #7207 ) ;
#7761 = VECTOR ( 'NONE', #8064, 1000.000000000000000 ) ;
#7762 = LINE ( 'NONE', #3424, #10861 ) ;
#7763 = EDGE_CURVE ( 'NONE', #3804, #2335, #1814, .T. ) ;
#7764 = DIRECTION ( 'NONE',  ( -0.7071067811865475727, -0.7071067811865475727, 0.000000000000000000 ) ) ;
#7765 = VERTEX_POINT ( 'NONE', #1026 ) ;
#7766 = DIRECTION ( 'NONE',  ( 1.000000000000000000, 0.000000000000000000, 0.000000000000000000 ) ) ;
#7767 = DIRECTION ( 'NONE',  ( 1.000000000000000000, 0.000000000000000000, 0.000000000000000000 ) ) ;
#7768 = EDGE_LOOP ( 'NONE', ( #8927, #2133, #10820, #9674 ) ) ;
#7769 = ORIENTED_EDGE ( 'NONE', *, *, #4911, .F. ) ;
#7770 = AXIS2_PLACEMENT_3D ( 'NONE', #7992, #3643, #7133 ) ;
#7771 = ORIENTED_EDGE ( 'NONE', *, *, #11178, .F. ) ;
#7772 = ADVANCED_FACE ( 'NONE', ( #7078 ), #4448, .F. ) ;
#7773 = EDGE_CURVE ( 'NONE', #1203, #1248, #15, .T. ) ;
#7774 = DIRECTION ( 'NONE',  ( 0.000000000000000000, 1.733406087350420004E-16, -1.000000000000000000 ) ) ;
#7775 = AXIS2_PLACEMENT_3D ( 'NONE', #11135, #6001, #759 ) ;
#7776 = EDGE_CURVE ( 'NONE', #1872, #4355, #4334, .T. ) ;
#7777 = EDGE_CURVE ( 'NONE', #531, #3974, #908, .T. ) ;
#7778 = ORIENTED_EDGE ( 'NONE', *, *, #3843, .F. ) ;
#7779 = LINE ( 'NONE', #11247, #8080 ) ;
#7780 = DIRECTION ( 'NONE',  ( 0.000000000000000000, 2.449293598294710852E-16, -1.000000000000000000 ) ) ;
#7781 = CARTESIAN_POINT ( 'NONE',  ( -13.97000000000000419, 2.177422008883992879E-16, -0.8890000000000013447 ) ) ;
#7782 = DIRECTION ( 'NONE',  ( 0.000000000000000000, -0.000000000000000000, -1.000000000000000000 ) ) ;
#7783 = EDGE_CURVE ( 'NONE', #9845, #4024, #5284, .T. ) ;
#7784 = ORIENTED_EDGE ( 'NONE', *, *, #3586, .T. ) ;
#7785 = VECTOR ( 'NONE', #1878, 1000.000000000000000 ) ;
#7786 = DIRECTION ( 'NONE',  ( 0.000000000000000000, -2.449293598294710852E-16, 1.000000000000000000 ) ) ;
#7787 = ORIENTED_EDGE ( 'NONE', *, *, #1613, .F. ) ;
#7788 = EDGE_LOOP ( 'NONE', ( #1953, #3638, #9235, #7087 ) ) ;
#7789 = DIRECTION ( 'NONE',  ( 0.5773502691896252870, -0.5773502691896251759, -0.5773502691896267303 ) ) ;
#7790 = CARTESIAN_POINT ( 'NONE',  ( -18.16100000000000492, 7.239000000000000767, 0.3809999999999958975 ) ) ;
#7791 = AXIS2_PLACEMENT_3D ( 'NONE', #2387, #8367, #8424 ) ;
#7792 = EDGE_CURVE ( 'NONE', #4650, #4291, #8831, .T. ) ;
#7793 = CARTESIAN_POINT ( 'NONE',  ( -21.59000000000000341, 8.509000000000000341, 1.270000000000001128 ) ) ;
#7794 = DIRECTION ( 'NONE',  ( 0.7071067811865475727, -0.7071067811865475727, 0.000000000000000000 ) ) ;
#7795 = DIRECTION ( 'NONE',  ( 0.000000000000000000, 0.000000000000000000, -1.000000000000000000 ) ) ;
#7796 = CARTESIAN_POINT ( 'NONE',  ( 8.889999999999995239, 2.177422008883992879E-16, -0.8890000000000013447 ) ) ;
#7797 = EDGE_LOOP ( 'NONE', ( #7642, #583, #7740, #3311 ) ) ;
#7798 = LINE ( 'NONE', #10226, #4627 ) ;
#7799 = EDGE_CURVE ( 'NONE', #10360, #5415, #967, .T. ) ;
#7800 = DIRECTION ( 'NONE',  ( 1.000000000000000000, 0.000000000000000000, 0.000000000000000000 ) ) ;
#7801 = AXIS2_PLACEMENT_3D ( 'NONE', #2934, #3791, #3673 ) ;
#7802 = EDGE_LOOP ( 'NONE', ( #6355, #4948, #8547, #6788 ) ) ;
#7803 = DIRECTION ( 'NONE',  ( -0.000000000000000000, -0.000000000000000000, 1.000000000000000000 ) ) ;
#7804 = FACE_OUTER_BOUND ( 'NONE', #8447, .T. ) ;
#7805 = DIRECTION ( 'NONE',  ( 0.000000000000000000, -1.000000000000000000, -1.733406087350420004E-16 ) ) ;
#7806 = CARTESIAN_POINT ( 'NONE',  ( 2.158999999999997588, 8.064500000000000668, 0.3809999999999960085 ) ) ;
#7807 = DIRECTION ( 'NONE',  ( 0.000000000000000000, -5.054934237236841843E-31, -1.000000000000000000 ) ) ;
#7808 = ORIENTED_EDGE ( 'NONE', *, *, #3031, .F. ) ;
#7809 = DIRECTION ( 'NONE',  ( 1.000000000000000000, 0.000000000000000000, 0.000000000000000000 ) ) ;
#7810 = UNCERTAINTY_MEASURE_WITH_UNIT (LENGTH_MEASURE( 1.000000000000000082E-05 ), #296, 'distance_accuracy_value', 'NONE');
#7811 = PLANE ( 'NONE',  #266 ) ;
#7812 = ORIENTED_EDGE ( 'NONE', *, *, #8737, .T. ) ;
#7813 = CARTESIAN_POINT ( 'NONE',  ( 3.809999999999997389, 0.5080000000000002292, -0.7528818102449945648 ) ) ;
#7814 = EDGE_LOOP ( 'NONE', ( #9982, #3708, #5003, #7458 ) ) ;
#7815 = EDGE_LOOP ( 'NONE', ( #2791, #8054, #9246, #8723 ) ) ;
#7816 = CARTESIAN_POINT ( 'NONE',  ( -24.13000000000000611, 8.509000000000000341, -1.270000000000001128 ) ) ;
#7817 = CARTESIAN_POINT ( 'NONE',  ( 8.889999999999995239, 0.5080000000000002292, -0.7528818102449945648 ) ) ;
#7818 = PLANE ( 'NONE',  #5942 ) ;
#7819 = DIRECTION ( 'NONE',  ( 0.000000000000000000, 0.000000000000000000, 1.000000000000000000 ) ) ;
#7820 = ORIENTED_EDGE ( 'NONE', *, *, #11110, .T. ) ;
#7821 = CARTESIAN_POINT ( 'NONE',  ( 11.42999999999999616, 0.5080000000000000071, 0.7528818102449925664 ) ) ;
#7822 = FACE_OUTER_BOUND ( 'NONE', #9576, .T. ) ;
#7823 = ORIENTED_EDGE ( 'NONE', *, *, #49, .T. ) ;
#7824 = DIRECTION ( 'NONE',  ( 1.000000000000000000, 0.000000000000000000, 0.000000000000000000 ) ) ;
#7825 = EDGE_LOOP ( 'NONE', ( #7604, #9037, #8767, #7879 ) ) ;
#7826 = ORIENTED_EDGE ( 'NONE', *, *, #4922, .T. ) ;
#7827 = FACE_OUTER_BOUND ( 'NONE', #8302, .T. ) ;
#7828 = ORIENTED_EDGE ( 'NONE', *, *, #6428, .F. ) ;
#7829 = LINE ( 'NONE', #5944, #5142 ) ;
#7830 = LINE ( 'NONE', #5190, #7110 ) ;
#7831 = LINE ( 'NONE', #7781, #2999 ) ;
#7832 = DIRECTION ( 'NONE',  ( 0.000000000000000000, -1.000000000000000000, 0.000000000000000000 ) ) ;
#7833 = EDGE_CURVE ( 'NONE', #2758, #360, #7760, .T. ) ;
#7835 = ORIENTED_EDGE ( 'NONE', *, *, #10319, .T. ) ;
#7834 = ADVANCED_FACE ( 'NONE', ( #8715 ), #2566, .F. ) ;
#7836 = FACE_OUTER_BOUND ( 'NONE', #7074, .T. ) ;
#7837 = VERTEX_POINT ( 'NONE', #10543 ) ;
#7838 = EDGE_CURVE ( 'NONE', #9249, #9875, #131, .T. ) ;
#7839 = ADVANCED_FACE ( 'NONE', ( #75 ), #2793, .F. ) ;
#7840 = PLANE ( 'NONE',  #3018 ) ;
#7841 = LINE ( 'NONE', #8633, #1475 ) ;
#7842 = CARTESIAN_POINT ( 'NONE',  ( -1.270000000000003793, 0.000000000000000000, 1.269999999999998908 ) ) ;
#7843 = LINE ( 'NONE', #6242, #9033 ) ;
#7844 = DIRECTION ( 'NONE',  ( 0.000000000000000000, 0.000000000000000000, 1.000000000000000000 ) ) ;
#7845 = CARTESIAN_POINT ( 'NONE',  ( -10.54100000000000392, 8.064500000000000668, -0.3810000000000027809 ) ) ;
#7846 = ORIENTED_EDGE ( 'NONE', *, *, #9559, .T. ) ;
#7847 = CARTESIAN_POINT ( 'NONE',  ( 1.269999999999996909, 2.177422008883992879E-16, -0.8890000000000013447 ) ) ;
#7848 = DIRECTION ( 'NONE',  ( 0.000000000000000000, 0.9659258262890700886, -0.2588190451025140781 ) ) ;
#7849 = ORIENTED_EDGE ( 'NONE', *, *, #10610, .F. ) ;
#7850 = CARTESIAN_POINT ( 'NONE',  ( -13.97000000000000419, 3.110602869834277161E-16, -1.270000000000001128 ) ) ;
#7851 = PRODUCT_CONTEXT ( 'NONE', #3992, 'mechanical' ) ;
#7852 = FACE_OUTER_BOUND ( 'NONE', #6471, .T. ) ;
#7853 = EDGE_CURVE ( 'NONE', #8684, #9287, #5172, .T. ) ;
#7854 = LINE ( 'NONE', #2501, #2963 ) ;
#7855 = LINE ( 'NONE', #9669, #10090 ) ;
#7856 = LINE ( 'NONE', #3523, #1051 ) ;
#7857 = VERTEX_POINT ( 'NONE', #6098 ) ;
#7858 = DIRECTION ( 'NONE',  ( 0.000000000000000000, -1.000000000000000000, -1.733406087350420004E-16 ) ) ;
#7859 = DIRECTION ( 'NONE',  ( 0.000000000000000000, -5.054934237236841843E-31, -1.000000000000000000 ) ) ;
#7860 = VERTEX_POINT ( 'NONE', #1243 ) ;
#7861 = DIRECTION ( 'NONE',  ( 0.000000000000000000, 1.000000000000000000, 2.548365665731588345E-16 ) ) ;
#7862 = VECTOR ( 'NONE', #4594, 1000.000000000000000 ) ;
#7863 = ORIENTED_EDGE ( 'NONE', *, *, #627, .F. ) ;
#7864 = ORIENTED_EDGE ( 'NONE', *, *, #8935, .T. ) ;
#7865 = DIRECTION ( 'NONE',  ( 0.000000000000000000, -1.000000000000000000, -1.733406087350420004E-16 ) ) ;
#7866 = CARTESIAN_POINT ( 'NONE',  ( -24.38400000000000745, 3.110602869834277161E-16, -1.270000000000001128 ) ) ;
#7867 = EDGE_CURVE ( 'NONE', #9837, #2137, #3696, .T. ) ;
#7868 = DIRECTION ( 'NONE',  ( 0.000000000000000000, 1.000000000000000000, -5.054934237236841843E-31 ) ) ;
#7869 = LINE ( 'NONE', #4560, #2847 ) ;
#7870 = VECTOR ( 'NONE', #8342, 1000.000000000000000 ) ;
#7871 = FACE_OUTER_BOUND ( 'NONE', #4457, .T. ) ;
#7872 = VERTEX_POINT ( 'NONE', #5684 ) ;
#7873 = DIRECTION ( 'NONE',  ( 0.000000000000000000, 2.667820306312752381E-16, -1.000000000000000000 ) ) ;
#7874 = LINE ( 'NONE', #2744, #10403 ) ;
#7875 = VERTEX_POINT ( 'NONE', #6551 ) ;
#7876 = CARTESIAN_POINT ( 'NONE',  ( 6.349999999999997868, 8.509000000000000341, 1.270000000000001128 ) ) ;
#7877 = ORIENTED_EDGE ( 'NONE', *, *, #3898, .F. ) ;
#7878 = VECTOR ( 'NONE', #3983, 1000.000000000000114 ) ;
#7879 = ORIENTED_EDGE ( 'NONE', *, *, #9587, .T. ) ;
#7880 = PRESENTATION_LAYER_ASSIGNMENT (  '', '', ( #5678 ) ) ;
#7881 = LINE ( 'NONE', #7147, #5191 ) ;
#7882 = ORIENTED_EDGE ( 'NONE', *, *, #721, .T. ) ;
#7883 = CARTESIAN_POINT ( 'NONE',  ( -11.43000000000000504, 0.000000000000000000, 1.269999999999998908 ) ) ;
#7884 = CARTESIAN_POINT ( 'NONE',  ( -19.05000000000000426, 8.509000000000000341, -1.270000000000001128 ) ) ;
#7885 = VECTOR ( 'NONE', #2314, 1000.000000000000000 ) ;
#7886 = CARTESIAN_POINT ( 'NONE',  ( -21.59000000000000341, 8.509000000000000341, -1.270000000000001128 ) ) ;
#7887 = CARTESIAN_POINT ( 'NONE',  ( -13.08100000000000485, 7.239000000000000767, 0.3809999999999958975 ) ) ;
#7888 = ORIENTED_EDGE ( 'NONE', *, *, #25, .F. ) ;
#7889 = CARTESIAN_POINT ( 'NONE',  ( -5.461000000000003851, 7.239000000000000767, 0.3809999999999958975 ) ) ;
#7890 = EDGE_LOOP ( 'NONE', ( #8529, #2447, #1658, #7593 ) ) ;
#7891 = VECTOR ( 'NONE', #9451, 1000.000000000000000 ) ;
#7892 = VECTOR ( 'NONE', #4797, 1000.000000000000000 ) ;
#7893 = EDGE_CURVE ( 'NONE', #3889, #7363, #6494, .T. ) ;
#7894 = EDGE_CURVE ( 'NONE', #834, #9019, #353, .T. ) ;
#7895 = LINE ( 'NONE', #3560, #1737 ) ;
#7896 = DIRECTION ( 'NONE',  ( 0.000000000000000000, 0.000000000000000000, 1.000000000000000000 ) ) ;
#7897 = CARTESIAN_POINT ( 'NONE',  ( 0.3809999999999958975, 7.239000000000000767, -0.3810000000000028919 ) ) ;
#7898 = DIRECTION ( 'NONE',  ( -0.000000000000000000, 1.000000000000000000, 1.733406087350420004E-16 ) ) ;
#7899 = EDGE_CURVE ( 'NONE', #2569, #5067, #2961, .T. ) ;
#7900 = VECTOR ( 'NONE', #4551, 1000.000000000000114 ) ;
#7901 = LINE ( 'NONE', #941, #3555 ) ;
#7902 = DIRECTION ( 'NONE',  ( 0.000000000000000000, 1.000000000000000000, 0.000000000000000000 ) ) ;
#7903 = EDGE_LOOP ( 'NONE', ( #2181, #3835, #3472, #9392 ) ) ;
#7904 = LINE ( 'NONE', #6306, #10252 ) ;
#7905 = CARTESIAN_POINT ( 'NONE',  ( 1.269999999999996909, 3.110602869834277161E-16, -1.270000000000001128 ) ) ;
#7906 = ORIENTED_EDGE ( 'NONE', *, *, #8143, .T. ) ;
#7907 = CLOSED_SHELL ( 'NONE', ( #10544, #2974, #8559, #7282, #10762, #6654, #6467, #9628, #10115, #5879, #365, #5517, #3226, #10850, #3096, #7431, #10810, #1664, #9928 ) ) ;
#7908 = LINE ( 'NONE', #1800, #4061 ) ;
#7909 = PRODUCT_CONTEXT ( 'NONE', #4792, 'mechanical' ) ;
#7910 = EDGE_CURVE ( 'NONE', #9003, #7341, #8259, .T. ) ;
#7911 = DIRECTION ( 'NONE',  ( 1.000000000000000000, 0.000000000000000000, -0.000000000000000000 ) ) ;
#7912 = SURFACE_STYLE_USAGE ( .BOTH. , #5395 ) ;
#7913 = EDGE_CURVE ( 'NONE', #10364, #6908, #8038, .T. ) ;
#7914 = ADVANCED_FACE ( 'NONE', ( #8099 ), #3013, .F. ) ;
#7915 = FACE_OUTER_BOUND ( 'NONE', #5943, .T. ) ;
#7916 = VERTEX_POINT ( 'NONE', #10878 ) ;
#7917 = DIRECTION ( 'NONE',  ( 1.000000000000000000, 0.000000000000000000, 0.000000000000000000 ) ) ;
#7918 = LINE ( 'NONE', #10479, #619 ) ;
#7919 = EDGE_CURVE ( 'NONE', #6113, #6498, #1081, .T. ) ;
#7920 = ORIENTED_EDGE ( 'NONE', *, *, #6575, .F. ) ;
#7921 = FACE_OUTER_BOUND ( 'NONE', #5122, .T. ) ;
#7922 = EDGE_LOOP ( 'NONE', ( #706, #54, #10244, #8308 ) ) ;
#7923 = EDGE_CURVE ( 'NONE', #10483, #929, #5459, .T. ) ;
#7924 = VERTEX_POINT ( 'NONE', #3864 ) ;
#7925 = CARTESIAN_POINT ( 'NONE',  ( 0.1961031209927693864, -3.200400000000000134, 0.2032000000000001583 ) ) ;
#7926 = VECTOR ( 'NONE', #7118, 1000.000000000000000 ) ;
#7927 = DIRECTION ( 'NONE',  ( 0.000000000000000000, -0.9659258262890700886, 0.2588190451025140781 ) ) ;
#7928 = LINE ( 'NONE', #3269, #3132 ) ;
#7929 = CARTESIAN_POINT ( 'NONE',  ( -3.365500000000003933, 8.509000000000000341, -1.270000000000001128 ) ) ;
#7930 = CARTESIAN_POINT ( 'NONE',  ( -2.921000000000003372, 8.064500000000000668, 0.3809999999999958975 ) ) ;
#7931 = APPLICATION_CONTEXT ( 'automotive_design' ) ;
#7932 = ORIENTED_EDGE ( 'NONE', *, *, #4486, .T. ) ;
#7933 = DIRECTION ( 'NONE',  ( -0.000000000000000000, 1.000000000000000000, 1.440069553722777130E-16 ) ) ;
#7934 = CARTESIAN_POINT ( 'NONE',  ( -24.38400000000000745, -1.925929944387235853E-31, 0.8889999999999991243 ) ) ;
#7935 = EDGE_LOOP ( 'NONE', ( #847, #6376, #4160, #2668 ) ) ;
#7936 = VERTEX_POINT ( 'NONE', #10653 ) ;
#7937 = ORIENTED_EDGE ( 'NONE', *, *, #7983, .F. ) ;
#7938 = ADVANCED_FACE ( 'NONE', ( #4558 ), #2048, .F. ) ;
#7939 = VECTOR ( 'NONE', #4305, 1000.000000000000000 ) ;
#7940 = VECTOR ( 'NONE', #9717, 1000.000000000000114 ) ;
#7941 = CARTESIAN_POINT ( 'NONE',  ( 2.158999999999997588, 8.064500000000000668, -0.3810000000000027809 ) ) ;
#7942 = ORIENTED_EDGE ( 'NONE', *, *, #7350, .T. ) ;
#7943 = LINE ( 'NONE', #8007, #2794 ) ;
#7944 = CARTESIAN_POINT ( 'NONE',  ( -8.890000000000004121, 8.509000000000000341, -1.270000000000001128 ) ) ;
#7945 = AXIS2_PLACEMENT_3D ( 'NONE', #5129, #9302, #9419 ) ;
#7946 = AXIS2_PLACEMENT_3D ( 'NONE', #3329, #9425, #3384 ) ;
#7947 = PLANE ( 'NONE',  #1535 ) ;
#7948 = PLANE ( 'NONE',  #2061 ) ;
#7949 = ORIENTED_EDGE ( 'NONE', *, *, #10711, .T. ) ;
#7950 = DIRECTION ( 'NONE',  ( -1.000000000000000000, -0.000000000000000000, -0.000000000000000000 ) ) ;
#7951 = ORIENTED_EDGE ( 'NONE', *, *, #6451, .T. ) ;
#7952 = ADVANCED_FACE ( 'NONE', ( #294 ), #9801, .F. ) ;
#7953 = VECTOR ( 'NONE', #7018, 1000.000000000000000 ) ;
#7954 = CARTESIAN_POINT ( 'NONE',  ( 12.82699999999999463, 7.810500000000001108, 0.1269999999999961438 ) ) ;
#7955 = LINE ( 'NONE', #4416, #9316 ) ;
#7956 = VERTEX_POINT ( 'NONE', #6380 ) ;
#7957 = LINE ( 'NONE', #8913, #2600 ) ;
#7958 = FACE_OUTER_BOUND ( 'NONE', #6507, .T. ) ;
#7959 = VECTOR ( 'NONE', #9178, 1000.000000000000000 ) ;
#7960 = AXIS2_PLACEMENT_3D ( 'NONE', #8859, #4586, #3995 ) ;
#7961 = DIRECTION ( 'NONE',  ( 1.000000000000000000, 0.000000000000000000, 0.000000000000000000 ) ) ;
#7962 = DIRECTION ( 'NONE',  ( -0.000000000000000000, -0.7071067811865482389, -0.7071067811865469066 ) ) ;
#7963 = EDGE_CURVE ( 'NONE', #5526, #7479, #7356, .T. ) ;
#7964 = VECTOR ( 'NONE', #10834, 1000.000000000000000 ) ;
#7965 = CARTESIAN_POINT ( 'NONE',  ( -24.13000000000000611, 0.5080000000000000071, 0.7528818102449925664 ) ) ;
#7966 = CARTESIAN_POINT ( 'NONE',  ( -5.461000000000003851, 7.239000000000000767, -0.3810000000000028919 ) ) ;
#7967 = VERTEX_POINT ( 'NONE', #2160 ) ;
#7968 = AXIS2_PLACEMENT_3D ( 'NONE', #4149, #2442, #9328 ) ;
#7969 = FACE_OUTER_BOUND ( 'NONE', #720, .T. ) ;
#7970 = EDGE_CURVE ( 'NONE', #10564, #4452, #1994, .T. ) ;
#7971 = VECTOR ( 'NONE', #8591, 1000.000000000000000 ) ;
#7972 = SHAPE_DEFINITION_REPRESENTATION ( #11089, #187 ) ;
#7973 = LINE ( 'NONE', #1860, #7862 ) ;
#7974 = DIRECTION ( 'NONE',  ( 0.000000000000000000, 0.000000000000000000, -1.000000000000000000 ) ) ;
#7975 = LINE ( 'NONE', #5274, #6470 ) ;
#7976 = CARTESIAN_POINT ( 'NONE',  ( 24.12999999999999901, 0.000000000000000000, 1.269999999999998908 ) ) ;
#7977 = ORIENTED_EDGE ( 'NONE', *, *, #8185, .F. ) ;
#7978 = CARTESIAN_POINT ( 'NONE',  ( 8.889999999999995239, 2.177422008883992879E-16, -0.8890000000000013447 ) ) ;
#7979 = AXIS2_PLACEMENT_3D ( 'NONE', #8361, #10291, #8535 ) ;
#7980 = VECTOR ( 'NONE', #9166, 1000.000000000000000 ) ;
#7981 = DIRECTION ( 'NONE',  ( -1.000000000000000000, -0.000000000000000000, -0.000000000000000000 ) ) ;
#7982 = ORIENTED_EDGE ( 'NONE', *, *, #327, .T. ) ;
#7983 = EDGE_CURVE ( 'NONE', #6664, #6142, #9850, .T. ) ;
#7984 = DIRECTION ( 'NONE',  ( 0.000000000000000000, 0.000000000000000000, 1.000000000000000000 ) ) ;
#7985 = ORIENTED_EDGE ( 'NONE', *, *, #7763, .F. ) ;
#7986 = ADVANCED_FACE ( 'NONE', ( #4721 ), #7302, .F. ) ;
#7987 = EDGE_LOOP ( 'NONE', ( #3496, #5635, #11070, #2344 ) ) ;
#7988 = EDGE_CURVE ( 'NONE', #5981, #11083, #4776, .T. ) ;
#7989 = FACE_OUTER_BOUND ( 'NONE', #7755, .T. ) ;
#7990 = DIRECTION ( 'NONE',  ( -1.000000000000000000, -0.000000000000000000, -0.000000000000000000 ) ) ;
#7991 = FACE_OUTER_BOUND ( 'NONE', #208, .T. ) ;
#7992 = CARTESIAN_POINT ( 'NONE',  ( 19.93900000000000006, 7.239000000000000767, 0.3809999999999958975 ) ) ;
#7993 = PLANE ( 'NONE',  #9048 ) ;
#7994 = ORIENTED_EDGE ( 'NONE', *, *, #2238, .F. ) ;
#7995 = DIRECTION ( 'NONE',  ( -0.000000000000000000, 1.000000000000000000, 1.733406087350420004E-16 ) ) ;
#7996 = DIRECTION ( 'NONE',  ( 0.000000000000000000, 1.000000000000000000, -5.054934237236841843E-31 ) ) ;
#7997 = ORIENTED_EDGE ( 'NONE', *, *, #1432, .F. ) ;
#7998 = CARTESIAN_POINT ( 'NONE',  ( 22.47899999999999920, 7.239000000000000767, 0.3809999999999958975 ) ) ;
#7999 = ORIENTED_EDGE ( 'NONE', *, *, #2734, .T. ) ;
#8000 = ORIENTED_EDGE ( 'NONE', *, *, #9301, .T. ) ;
#8001 = ORIENTED_EDGE ( 'NONE', *, *, #540, .F. ) ;
#8002 = EDGE_CURVE ( 'NONE', #7202, #2481, #1348, .T. ) ;
#8003 = EDGE_CURVE ( 'NONE', #5642, #8214, #2270, .T. ) ;
#8004 = FACE_OUTER_BOUND ( 'NONE', #5281, .T. ) ;
#8005 = ORIENTED_EDGE ( 'NONE', *, *, #7449, .F. ) ;
#8006 = EDGE_CURVE ( 'NONE', #716, #2597, #7728, .T. ) ;
#8007 = CARTESIAN_POINT ( 'NONE',  ( -10.54100000000000392, 7.239000000000000767, -0.3810000000000028919 ) ) ;
#8008 = LINE ( 'NONE', #8119, #10573 ) ;
#8009 = VECTOR ( 'NONE', #220, 999.9999999999998863 ) ;
#8010 = FACE_OUTER_BOUND ( 'NONE', #10317, .T. ) ;
#8011 = SURFACE_SIDE_STYLE ('',( #3720 ) ) ;
#8012 = ORIENTED_EDGE ( 'NONE', *, *, #1079, .T. ) ;
#8013 = DIRECTION ( 'NONE',  ( -1.000000000000000000, -0.000000000000000000, -0.000000000000000000 ) ) ;
#8014 = ORIENTED_EDGE ( 'NONE', *, *, #2723, .F. ) ;
#8015 = VECTOR ( 'NONE', #3635, 1000.000000000000000 ) ;
#8016 = CARTESIAN_POINT ( 'NONE',  ( 3.809999999999997389, 2.177422008883992879E-16, -0.8890000000000013447 ) ) ;
#8017 = CARTESIAN_POINT ( 'NONE',  ( 21.58999999999999631, -1.925929944387235853E-31, 0.8889999999999991243 ) ) ;
#8018 = CARTESIAN_POINT ( 'NONE',  ( -19.05000000000000426, 0.000000000000000000, 1.269999999999998908 ) ) ;
#8019 = CARTESIAN_POINT ( 'NONE',  ( -19.05000000000000426, 2.177422008883992879E-16, -0.8890000000000013447 ) ) ;
#8020 = LINE ( 'NONE', #4587, #4289 ) ;
#8021 = DIRECTION ( 'NONE',  ( -1.000000000000000000, 0.000000000000000000, 0.000000000000000000 ) ) ;
#8022 = DIRECTION ( 'NONE',  ( 0.000000000000000000, 2.449293598294710852E-16, -1.000000000000000000 ) ) ;
#8023 = CARTESIAN_POINT ( 'NONE',  ( -1.270000000000003793, 8.509000000000000341, 1.270000000000001128 ) ) ;
#8024 = ORIENTED_EDGE ( 'NONE', *, *, #7606, .T. ) ;
#8025 = CARTESIAN_POINT ( 'NONE',  ( 10.03299999999999592, 7.810500000000000220, -0.1270000000000024998 ) ) ;
#8026 = DIRECTION ( 'NONE',  ( 0.7071067811865475727, -0.7071067811865475727, 0.000000000000000000 ) ) ;
#8027 = LINE ( 'NONE', #5562, #5317 ) ;
#8028 = SURFACE_STYLE_FILL_AREA ( #1173 ) ;
#8029 = DIRECTION ( 'NONE',  ( 0.000000000000000000, 1.440069553722777130E-16, -1.000000000000000000 ) ) ;
#8030 = EDGE_LOOP ( 'NONE', ( #2328, #10611, #6391, #3924 ) ) ;
#8031 = DIRECTION ( 'NONE',  ( 0.000000000000000000, -5.054934237236841843E-31, -1.000000000000000000 ) ) ;
#8032 = CARTESIAN_POINT ( 'NONE',  ( -11.43000000000000504, -1.925929944387235853E-31, 0.8889999999999991243 ) ) ;
#8033 = EDGE_LOOP ( 'NONE', ( #5528, #8952, #10671, #9939 ) ) ;
#8034 = CARTESIAN_POINT ( 'NONE',  ( 4.698999999999998067, 7.239000000000000767, -0.3810000000000028919 ) ) ;
#8035 = ORIENTED_EDGE ( 'NONE', *, *, #3831, .F. ) ;
#8036 = ORIENTED_EDGE ( 'NONE', *, *, #10791, .F. ) ;
#8037 = CARTESIAN_POINT ( 'NONE',  ( 20.70099999999999696, 8.064500000000000668, 0.3809999999999960085 ) ) ;
#8038 = LINE ( 'NONE', #401, #7019 ) ;
#8039 = ADVANCED_FACE ( 'NONE', ( #7521 ), #7840, .F. ) ;
#8040 = EDGE_CURVE ( 'NONE', #4441, #7569, #9481, .T. ) ;
#8041 = DIRECTION ( 'NONE',  ( -1.000000000000000000, -0.000000000000000000, -0.000000000000000000 ) ) ;
#8042 = DIRECTION ( 'NONE',  ( -0.000000000000000000, -0.000000000000000000, 1.000000000000000000 ) ) ;
#8043 = EDGE_CURVE ( 'NONE', #7657, #4642, #3393, .T. ) ;
#8044 = LINE ( 'NONE', #8835, #7608 ) ;
#8045 = ORIENTED_EDGE ( 'NONE', *, *, #5347, .F. ) ;
#8046 = LINE ( 'NONE', #2854, #276 ) ;
#8047 = DIRECTION ( 'NONE',  ( -0.7071067811865475727, -0.7071067811865475727, 0.000000000000000000 ) ) ;
#8048 = EDGE_CURVE ( 'NONE', #7341, #2789, #8364, .T. ) ;
#8049 = ORIENTED_EDGE ( 'NONE', *, *, #7068, .T. ) ;
#8050 = AXIS2_PLACEMENT_3D ( 'NONE', #937, #5033, #9482 ) ;
#8051 = DIRECTION ( 'NONE',  ( -0.000000000000000000, 0.000000000000000000, -1.000000000000000000 ) ) ;
#8052 = ORIENTED_EDGE ( 'NONE', *, *, #4285, .F. ) ;
#8053 = ORIENTED_EDGE ( 'NONE', *, *, #6274, .T. ) ;
#8054 = ORIENTED_EDGE ( 'NONE', *, *, #9787, .T. ) ;
#8055 = AXIS2_PLACEMENT_3D ( 'NONE', #10599, #7017, #4449 ) ;
#8056 = VECTOR ( 'NONE', #6608, 1000.000000000000000 ) ;
#8057 = CARTESIAN_POINT ( 'NONE',  ( -7.493000000000006544, 7.810500000000001108, 0.1269999999999961438 ) ) ;
#8058 = VERTEX_POINT ( 'NONE', #8313 ) ;
#8059 = CARTESIAN_POINT ( 'NONE',  ( 16.06549999999999656, 8.509000000000000341, -0.8255000000000041194 ) ) ;
#8060 = LINE ( 'NONE', #7035, #6939 ) ;
#8061 = EDGE_CURVE ( 'NONE', #4241, #7754, #4245, .T. ) ;
#8062 = VECTOR ( 'NONE', #6744, 1000.000000000000000 ) ;
#8063 = EDGE_CURVE ( 'NONE', #674, #3889, #824, .T. ) ;
#8064 = DIRECTION ( 'NONE',  ( 0.000000000000000000, 1.000000000000000000, 0.000000000000000000 ) ) ;
#8065 = DIRECTION ( 'NONE',  ( 0.000000000000000000, -1.440069553722777130E-16, 1.000000000000000000 ) ) ;
#8066 = VERTEX_POINT ( 'NONE', #5741 ) ;
#8067 = ORIENTED_EDGE ( 'NONE', *, *, #4218, .T. ) ;
#8068 = EDGE_CURVE ( 'NONE', #634, #4241, #2538, .T. ) ;
#8069 = EDGE_CURVE ( 'NONE', #10778, #290, #10339, .T. ) ;
#8070 = VECTOR ( 'NONE', #1339, 1000.000000000000000 ) ;
#8071 = DIRECTION ( 'NONE',  ( -1.000000000000000000, -0.000000000000000000, -0.000000000000000000 ) ) ;
#8072 = DIRECTION ( 'NONE',  ( 0.000000000000000000, -1.000000000000000000, 0.000000000000000000 ) ) ;
#8073 = AXIS2_PLACEMENT_3D ( 'NONE', #998, #6241, #8801 ) ;
#8074 = DIRECTION ( 'NONE',  ( 1.000000000000000000, 0.000000000000000000, 0.000000000000000000 ) ) ;
#8075 = DIRECTION ( 'NONE',  ( 1.000000000000000000, 0.000000000000000000, -0.000000000000000000 ) ) ;
#8076 = LINE ( 'NONE', #6359, #6292 ) ;
#8077 = CARTESIAN_POINT ( 'NONE',  ( -21.59000000000000341, 0.5080000000000000071, 0.7528818102449925664 ) ) ;
#8078 = VECTOR ( 'NONE', #6172, 1000.000000000000000 ) ;
#8079 = DIRECTION ( 'NONE',  ( 0.000000000000000000, -2.449293598294710852E-16, 1.000000000000000000 ) ) ;
#8080 = VECTOR ( 'NONE', #10268, 1000.000000000000000 ) ;
#8081 = VERTEX_POINT ( 'NONE', #10930 ) ;
#8082 = FACE_OUTER_BOUND ( 'NONE', #1414, .T. ) ;
#8083 = VECTOR ( 'NONE', #6837, 1000.000000000000000 ) ;
#8084 = DIRECTION ( 'NONE',  ( 0.000000000000000000, 0.000000000000000000, -1.000000000000000000 ) ) ;
#8085 = DIRECTION ( 'NONE',  ( 0.000000000000000000, -0.9659258262890699775, -0.2588190451025145222 ) ) ;
#8086 = CARTESIAN_POINT ( 'NONE',  ( 17.39899999999999736, 8.064500000000000668, 0.3809999999999958975 ) ) ;
#8087 = CARTESIAN_POINT ( 'NONE',  ( 1.269999999999996909, 3.110602869834277161E-16, -1.270000000000001128 ) ) ;
#8088 = ORIENTED_EDGE ( 'NONE', *, *, #529, .T. ) ;
#8089 = DIRECTION ( 'NONE',  ( -0.000000000000000000, 0.2588190451025140781, 0.9659258262890700886 ) ) ;
#8090 = PLANE ( 'NONE',  #6263 ) ;
#8091 = ORIENTED_EDGE ( 'NONE', *, *, #3912, .T. ) ;
#8092 = AXIS2_PLACEMENT_3D ( 'NONE', #2493, #5093, #3342 ) ;
#8093 = CARTESIAN_POINT ( 'NONE',  ( -8.001000000000004775, 8.064500000000000668, 0.3809999999999960085 ) ) ;
#8094 = ORIENTED_EDGE ( 'NONE', *, *, #9983, .T. ) ;
#8095 = EDGE_CURVE ( 'NONE', #8843, #2687, #6873, .T. ) ;
#8096 = VERTEX_POINT ( 'NONE', #1455 ) ;
#8097 = FILL_AREA_STYLE ('',( #6328 ) ) ;
#8098 = DIRECTION ( 'NONE',  ( 0.000000000000000000, 1.000000000000000000, 1.733406087350420004E-16 ) ) ;
#8099 = FACE_OUTER_BOUND ( 'NONE', #8958, .T. ) ;
#8100 = CARTESIAN_POINT ( 'NONE',  ( 2.920999999999996710, 8.064500000000000668, -0.3810000000000027809 ) ) ;
#8101 = DIRECTION ( 'NONE',  ( 0.000000000000000000, 1.000000000000000000, -5.054934237236841843E-31 ) ) ;
#8102 = ORIENTED_EDGE ( 'NONE', *, *, #1272, .T. ) ;
#8103 = CARTESIAN_POINT ( 'NONE',  ( -15.62100000000000399, 7.239000000000000767, -0.3810000000000028919 ) ) ;
#8104 = CARTESIAN_POINT ( 'NONE',  ( -2.921000000000003372, 8.064500000000000668, -0.3810000000000027809 ) ) ;
#8105 = VECTOR ( 'NONE', #7627, 1000.000000000000000 ) ;
#8106 = ORIENTED_EDGE ( 'NONE', *, *, #6432, .T. ) ;
#8107 = EDGE_LOOP ( 'NONE', ( #5241, #7454, #1812, #1537 ) ) ;
#8108 = EDGE_CURVE ( 'NONE', #6340, #9845, #1667, .T. ) ;
#8109 = ORIENTED_EDGE ( 'NONE', *, *, #2079, .F. ) ;
#8110 = EDGE_CURVE ( 'NONE', #4131, #4877, #6980, .T. ) ;
#8111 = ORIENTED_EDGE ( 'NONE', *, *, #9999, .F. ) ;
#8112 = VECTOR ( 'NONE', #2623, 1000.000000000000000 ) ;
#8113 = EDGE_CURVE ( 'NONE', #5439, #4552, #39, .T. ) ;
#8114 = CARTESIAN_POINT ( 'NONE',  ( 16.50999999999999801, 0.5080000000000002292, -0.7528818102449945648 ) ) ;
#8115 = AXIS2_PLACEMENT_3D ( 'NONE', #6985, #4251, #2654 ) ;
#8116 = CARTESIAN_POINT ( 'NONE',  ( 1.269999999999996909, 0.5080000000000000071, 0.7528818102449925664 ) ) ;
#8117 = ORIENTED_EDGE ( 'NONE', *, *, #810, .F. ) ;
#8118 = LINE ( 'NONE', #10672, #9887 ) ;
#8119 = CARTESIAN_POINT ( 'NONE',  ( 2.666999999999995818, 7.810500000000001108, 0.1269999999999961438 ) ) ;
#8120 = ORIENTED_EDGE ( 'NONE', *, *, #10248, .T. ) ;
#8121 = LINE ( 'NONE', #10676, #8849 ) ;
#8122 =( NAMED_UNIT ( * ) PLANE_ANGLE_UNIT ( ) SI_UNIT ( $, .RADIAN. ) );
#8123 = EDGE_LOOP ( 'NONE', ( #9652, #8654, #8826, #4765 ) ) ;
#8124 = EDGE_LOOP ( 'NONE', ( #11207, #1088, #8949, #2342, #2298, #1645, #3163, #3358 ) ) ;
#8125 = EDGE_CURVE ( 'NONE', #9297, #7065, #7462, .T. ) ;
#8126 = ADVANCED_FACE ( 'NONE', ( #4361 ), #2331, .F. ) ;
#8127 = PRESENTATION_LAYER_ASSIGNMENT (  '', '', ( #1735 ) ) ;
#8128 = CARTESIAN_POINT ( 'NONE',  ( -18.16100000000000492, 7.239000000000000767, 0.3809999999999958975 ) ) ;
#8129 = VECTOR ( 'NONE', #2413, 1000.000000000000000 ) ;
#8130 = DIRECTION ( 'NONE',  ( 1.000000000000000000, 0.000000000000000000, -0.000000000000000000 ) ) ;
#8131 = AXIS2_PLACEMENT_3D ( 'NONE', #8792, #9762, #5541 ) ;
#8132 = ADVANCED_FACE ( 'NONE', ( #9222 ), #1401, .F. ) ;
#8133 = CARTESIAN_POINT ( 'NONE',  ( 21.14549999999999841, 8.509000000000000341, -1.270000000000001128 ) ) ;
#8134 = DIRECTION ( 'NONE',  ( 0.000000000000000000, 1.440069553722777130E-16, -1.000000000000000000 ) ) ;
#8135 = DIRECTION ( 'NONE',  ( 0.000000000000000000, -1.440069553722777130E-16, 1.000000000000000000 ) ) ;
#8136 = AXIS2_PLACEMENT_3D ( 'NONE', #10919, #495, #6712 ) ;
#8137 = PLANE ( 'NONE',  #7549 ) ;
#8138 = AXIS2_PLACEMENT_3D ( 'NONE', #4108, #7596, #5867 ) ;
#8139 = ORIENTED_EDGE ( 'NONE', *, *, #2819, .T. ) ;
#8140 = FACE_OUTER_BOUND ( 'NONE', #5343, .T. ) ;
#8141 = EDGE_CURVE ( 'NONE', #6746, #4331, #8911, .T. ) ;
#8142 = VECTOR ( 'NONE', #5436, 1000.000000000000000 ) ;
#8143 = EDGE_CURVE ( 'NONE', #7401, #521, #10894, .T. ) ;
#8144 = DIRECTION ( 'NONE',  ( -0.000000000000000000, -0.7071067811865482389, -0.7071067811865469066 ) ) ;
#8145 = PRESENTATION_STYLE_ASSIGNMENT (( #3002 ) ) ;
#8146 = VECTOR ( 'NONE', #6896, 1000.000000000000000 ) ;
#8147 = DIRECTION ( 'NONE',  ( -0.000000000000000000, -0.7071067811865482389, -0.7071067811865469066 ) ) ;
#8148 = ORIENTED_EDGE ( 'NONE', *, *, #1841, .T. ) ;
#8149 = DIRECTION ( 'NONE',  ( 1.000000000000000000, 0.000000000000000000, 0.000000000000000000 ) ) ;
#8150 = PLANE ( 'NONE',  #8438 ) ;
#8151 = VERTEX_POINT ( 'NONE', #2020 ) ;
#8152 = DIRECTION ( 'NONE',  ( 0.000000000000000000, 0.000000000000000000, 1.000000000000000000 ) ) ;
#8153 = VECTOR ( 'NONE', #7898, 1000.000000000000000 ) ;
#8154 = EDGE_LOOP ( 'NONE', ( #8747, #10321, #8289, #2411 ) ) ;
#8155 = ORIENTED_EDGE ( 'NONE', *, *, #3249, .F. ) ;
#8156 = DIRECTION ( 'NONE',  ( -0.000000000000000000, 0.2588190451025140781, 0.9659258262890700886 ) ) ;
#8157 = DIRECTION ( 'NONE',  ( -1.000000000000000000, 0.000000000000000000, 0.000000000000000000 ) ) ;
#8158 = VECTOR ( 'NONE', #10754, 1000.000000000000000 ) ;
#8159 = CARTESIAN_POINT ( 'NONE',  ( -5.461000000000003851, 7.239000000000000767, 0.3809999999999958975 ) ) ;
#8160 = ORIENTED_EDGE ( 'NONE', *, *, #7406, .T. ) ;
#8161 = DIRECTION ( 'NONE',  ( -0.000000000000000000, 1.000000000000000000, 2.449293598294710852E-16 ) ) ;
#8162 = FACE_OUTER_BOUND ( 'NONE', #11224, .T. ) ;
#8163 = ORIENTED_EDGE ( 'NONE', *, *, #2060, .T. ) ;
#8164 = CARTESIAN_POINT ( 'NONE',  ( -16.51000000000000512, 8.509000000000000341, -1.270000000000001128 ) ) ;
#8165 = ORIENTED_EDGE ( 'NONE', *, *, #1491, .F. ) ;
#8166 = VERTEX_POINT ( 'NONE', #10519 ) ;
#8167 = AXIS2_PLACEMENT_3D ( 'NONE', #2489, #4252, #11206 ) ;
#8168 = ORIENTED_EDGE ( 'NONE', *, *, #7169, .F. ) ;
#8169 = DIRECTION ( 'NONE',  ( -1.000000000000000000, -0.000000000000000000, -0.000000000000000000 ) ) ;
#8170 = EDGE_LOOP ( 'NONE', ( #5481, #9299, #1477, #1359 ) ) ;
#8171 = CARTESIAN_POINT ( 'NONE',  ( 3.809999999999997389, 8.509000000000000341, 1.270000000000001128 ) ) ;
#8172 = FACE_OUTER_BOUND ( 'NONE', #2403, .T. ) ;
#8173 = EDGE_LOOP ( 'NONE', ( #6558, #10701, #3418, #9797 ) ) ;
#8174 = DIRECTION ( 'NONE',  ( 0.000000000000000000, 1.000000000000000000, 2.548365665731588345E-16 ) ) ;
#8175 = ORIENTED_EDGE ( 'NONE', *, *, #10693, .T. ) ;
#8176 = ORIENTED_EDGE ( 'NONE', *, *, #6514, .F. ) ;
#8177 = CARTESIAN_POINT ( 'NONE',  ( 2.920999999999996710, 8.064500000000000668, 0.3809999999999960085 ) ) ;
#8178 = LINE ( 'NONE', #537, #231 ) ;
#8179 = ORIENTED_EDGE ( 'NONE', *, *, #5161, .F. ) ;
#8180 = DIRECTION ( 'NONE',  ( 0.000000000000000000, 1.000000000000000000, 2.548365665731588345E-16 ) ) ;
#8181 = EDGE_CURVE ( 'NONE', #2355, #737, #159, .T. ) ;
#8182 = CARTESIAN_POINT ( 'NONE',  ( -19.05000000000000426, 0.5080000000000002292, -0.7528818102449945648 ) ) ;
#8183 = DIRECTION ( 'NONE',  ( 0.000000000000000000, 2.548365665731588345E-16, -1.000000000000000000 ) ) ;
#8184 = AXIS2_PLACEMENT_3D ( 'NONE', #3690, #289, #1179 ) ;
#8185 = EDGE_CURVE ( 'NONE', #10579, #4897, #8799, .T. ) ;
#8186 = EDGE_CURVE ( 'NONE', #5228, #1036, #10627, .T. ) ;
#8187 = DIRECTION ( 'NONE',  ( -0.000000000000000000, 1.000000000000000000, 2.449293598294710852E-16 ) ) ;
#8188 = VECTOR ( 'NONE', #6938, 1000.000000000000000 ) ;
#8189 = ORIENTED_EDGE ( 'NONE', *, *, #6996, .T. ) ;
#8190 = DIRECTION ( 'NONE',  ( 1.000000000000000000, 0.000000000000000000, 0.000000000000000000 ) ) ;
#8191 = FILL_AREA_STYLE ('',( #3743 ) ) ;
#8192 =( LENGTH_UNIT ( ) NAMED_UNIT ( * ) SI_UNIT ( .MILLI., .METRE. ) );
#8193 = EDGE_CURVE ( 'NONE', #5822, #10138, #8970, .T. ) ;
#8194 = LINE ( 'NONE', #6597, #7256 ) ;
#8195 = ORIENTED_EDGE ( 'NONE', *, *, #1168, .F. ) ;
#8196 = DIRECTION ( 'NONE',  ( -1.000000000000000000, 0.000000000000000000, -0.000000000000000000 ) ) ;
#8197 = EDGE_CURVE ( 'NONE', #8374, #7875, #6177, .T. ) ;
#8198 = DIRECTION ( 'NONE',  ( 0.000000000000000000, 5.054934237236841843E-31, 1.000000000000000000 ) ) ;
#8199 = PLANE ( 'NONE',  #1815 ) ;
#8200 = VERTEX_POINT ( 'NONE', #211 ) ;
#8201 = ORIENTED_EDGE ( 'NONE', *, *, #3014, .T. ) ;
#8202 = ADVANCED_FACE ( 'NONE', ( #1159 ), #8741, .F. ) ;
#8203 = FACE_BOUND ( 'NONE', #8267, .T. ) ;
#8204 = CARTESIAN_POINT ( 'NONE',  ( 24.12999999999999901, 0.5080000000000002292, -0.7528818102449945648 ) ) ;
#8205 = CARTESIAN_POINT ( 'NONE',  ( -9.779000000000005244, 7.239000000000000767, 0.3809999999999958975 ) ) ;
#8206 = DIRECTION ( 'NONE',  ( -1.000000000000000000, -0.000000000000000000, -0.000000000000000000 ) ) ;
#8207 = DIRECTION ( 'NONE',  ( 0.000000000000000000, -1.000000000000000000, -1.733406087350420004E-16 ) ) ;
#8208 = ORIENTED_EDGE ( 'NONE', *, *, #10690, .T. ) ;
#8209 = CARTESIAN_POINT ( 'NONE',  ( 13.52549999999999564, 8.509000000000000341, -1.270000000000001128 ) ) ;
#8210 = PRODUCT_DEFINITION ( 'UNKNOWN', '', #3058, #5977 ) ;
#8211 = VECTOR ( 'NONE', #5478, 1000.000000000000000 ) ;
#8212 = EDGE_LOOP ( 'NONE', ( #10149, #5906, #407, #685 ) ) ;
#8213 = DIRECTION ( 'NONE',  ( -1.000000000000000000, -0.000000000000000000, -0.000000000000000000 ) ) ;
#8214 = VERTEX_POINT ( 'NONE', #3616 ) ;
#8215 = DIRECTION ( 'NONE',  ( -1.000000000000000000, 0.000000000000000000, -0.000000000000000000 ) ) ;
#8216 = ORIENTED_EDGE ( 'NONE', *, *, #810, .T. ) ;
#8217 = VECTOR ( 'NONE', #8532, 1000.000000000000114 ) ;
#8218 = ORIENTED_EDGE ( 'NONE', *, *, #2327, .T. ) ;
#8219 = LINE ( 'NONE', #9008, #3044 ) ;
#8220 = FACE_BOUND ( 'NONE', #4033, .T. ) ;
#8221 = VECTOR ( 'NONE', #10104, 1000.000000000000114 ) ;
#8222 = ORIENTED_EDGE ( 'NONE', *, *, #3648, .F. ) ;
#8223 = LINE ( 'NONE', #3143, #4435 ) ;
#8224 = LINE ( 'NONE', #3884, #4937 ) ;
#8225 = VERTEX_POINT ( 'NONE', #6237 ) ;
#8226 = ORIENTED_EDGE ( 'NONE', *, *, #5472, .T. ) ;
#8227 = ORIENTED_EDGE ( 'NONE', *, *, #5186, .T. ) ;
#8228 = AXIS2_PLACEMENT_3D ( 'NONE', #352, #1941, #8098 ) ;
#8229 = EDGE_CURVE ( 'NONE', #4607, #7206, #4643, .T. ) ;
#8230 = FACE_OUTER_BOUND ( 'NONE', #4235, .T. ) ;
#8231 = DIRECTION ( 'NONE',  ( 1.000000000000000000, 0.000000000000000000, 0.000000000000000000 ) ) ;
#8232 = AXIS2_PLACEMENT_3D ( 'NONE', #7934, #7996, #914 ) ;
#8233 = VERTEX_POINT ( 'NONE', #4415 ) ;
#8234 = DIRECTION ( 'NONE',  ( 0.000000000000000000, 0.000000000000000000, 1.000000000000000000 ) ) ;
#8235 = CARTESIAN_POINT ( 'NONE',  ( 16.50999999999999801, 8.509000000000000341, -1.270000000000001128 ) ) ;
#8236 = CARTESIAN_POINT ( 'NONE',  ( 3.809999999999997389, 2.177422008883992879E-16, -0.8890000000000013447 ) ) ;
#8237 = DIRECTION ( 'NONE',  ( 0.000000000000000000, -0.000000000000000000, -1.000000000000000000 ) ) ;
#8238 = VECTOR ( 'NONE', #9558, 1000.000000000000000 ) ;
#8239 = ORIENTED_EDGE ( 'NONE', *, *, #6732, .T. ) ;
#8240 = EDGE_CURVE ( 'NONE', #7569, #8985, #3784, .T. ) ;
#8241 = EDGE_CURVE ( 'NONE', #4679, #9416, #6295, .T. ) ;
#8242 = AXIS2_PLACEMENT_3D ( 'NONE', #4189, #6070, #6822 ) ;
#8243 = ADVANCED_FACE ( 'NONE', ( #9653 ), #9770, .F. ) ;
#8244 = CARTESIAN_POINT ( 'NONE',  ( 21.58999999999999631, 2.177422008883992879E-16, -0.8890000000000013447 ) ) ;
#8245 = CARTESIAN_POINT ( 'NONE',  ( -22.03450000000000486, 8.509000000000000341, -0.8255000000000041194 ) ) ;
#8246 = CARTESIAN_POINT ( 'NONE',  ( -13.97000000000000419, 0.5080000000000002292, -0.7528818102449945648 ) ) ;
#8247 = AXIS2_PLACEMENT_3D ( 'NONE', #4957, #476, #4114 ) ;
#8248 = LINE ( 'NONE', #2894, #9605 ) ;
#8249 = ORIENTED_EDGE ( 'NONE', *, *, #10051, .T. ) ;
#8250 = CARTESIAN_POINT ( 'NONE',  ( 3.809999999999997389, 0.5080000000000000071, 0.7528818102449925664 ) ) ;
#8251 = VECTOR ( 'NONE', #5022, 1000.000000000000000 ) ;
#8252 = PLANE ( 'NONE',  #7362 ) ;
#8253 = DIRECTION ( 'NONE',  ( 0.000000000000000000, 1.440069553722777130E-16, -1.000000000000000000 ) ) ;
#8254 = ORIENTED_EDGE ( 'NONE', *, *, #1236, .T. ) ;
#8255 = VECTOR ( 'NONE', #7859, 1000.000000000000000 ) ;
#8256 = ORIENTED_EDGE ( 'NONE', *, *, #1979, .F. ) ;
#8257 = EDGE_CURVE ( 'NONE', #4298, #6051, #10682, .T. ) ;
#8258 = CARTESIAN_POINT ( 'NONE',  ( 24.38400000000000745, 3.110602869834277161E-16, -1.270000000000001128 ) ) ;
#8259 = LINE ( 'NONE', #5632, #1910 ) ;
#8260 = FILL_AREA_STYLE_COLOUR ( '', #1484 ) ;
#8261 = DIRECTION ( 'NONE',  ( 0.000000000000000000, 1.000000000000000000, 0.000000000000000000 ) ) ;
#8262 = EDGE_CURVE ( 'NONE', #3782, #10139, #2762, .T. ) ;
#8263 = DIRECTION ( 'NONE',  ( 0.000000000000000000, 5.054934237236841843E-31, 1.000000000000000000 ) ) ;
#8264 = ORIENTED_EDGE ( 'NONE', *, *, #3831, .T. ) ;
#8265 = DIRECTION ( 'NONE',  ( -1.000000000000000000, -0.000000000000000000, -0.000000000000000000 ) ) ;
#8266 = AXIS2_PLACEMENT_3D ( 'NONE', #1225, #8187, #8079 ) ;
#8267 = EDGE_LOOP ( 'NONE', ( #1734, #9259, #11175, #3531 ) ) ;
#8268 = LINE ( 'NONE', #9230, #792 ) ;
#8269 = EDGE_CURVE ( 'NONE', #2919, #5526, #9711, .T. ) ;
#8270 = ORIENTED_EDGE ( 'NONE', *, *, #5075, .T. ) ;
#8271 = CARTESIAN_POINT ( 'NONE',  ( 3.809999999999997389, 0.000000000000000000, 0.000000000000000000 ) ) ;
#8272 = ORIENTED_EDGE ( 'NONE', *, *, #9848, .T. ) ;
#8273 = ORIENTED_EDGE ( 'NONE', *, *, #9421, .T. ) ;
#8274 = CLOSED_SHELL ( 'NONE', ( #6510, #4549, #6160, #2273, #6752, #5591, #4554, #5539, #2602, #210, #4751, #3296, #4873, #11095, #10469, #6777, #8661, #9520, #5622 ) ) ;
#8275 = DIRECTION ( 'NONE',  ( 0.000000000000000000, 0.000000000000000000, 1.000000000000000000 ) ) ;
#8276 = LINE ( 'NONE', #2978, #4304 ) ;
#8277 = DIRECTION ( 'NONE',  ( -1.000000000000000000, -0.000000000000000000, -0.000000000000000000 ) ) ;
#8278 = ORIENTED_EDGE ( 'NONE', *, *, #4962, .T. ) ;
#8279 = DIRECTION ( 'NONE',  ( -1.000000000000000000, -0.000000000000000000, -0.000000000000000000 ) ) ;
#8280 = CARTESIAN_POINT ( 'NONE',  ( 14.85899999999999643, 8.064500000000000668, 0.3809999999999960085 ) ) ;
#8281 = ORIENTED_EDGE ( 'NONE', *, *, #8687, .F. ) ;
#8282 = EDGE_CURVE ( 'NONE', #1870, #801, #1843, .T. ) ;
#8283 = ORIENTED_EDGE ( 'NONE', *, *, #4916, .F. ) ;
#8284 = ORIENTED_EDGE ( 'NONE', *, *, #5456, .T. ) ;
#8285 = VECTOR ( 'NONE', #2106, 1000.000000000000000 ) ;
#8286 = PLANE ( 'NONE',  #4294 ) ;
#8287 = CARTESIAN_POINT ( 'NONE',  ( 10.54099999999999504, 7.239000000000000767, 0.3809999999999958975 ) ) ;
#8288 = VECTOR ( 'NONE', #4993, 1000.000000000000000 ) ;
#8289 = ORIENTED_EDGE ( 'NONE', *, *, #590, .T. ) ;
#8290 = CARTESIAN_POINT ( 'NONE',  ( -1.270000000000003793, 3.110602869834277161E-16, -1.270000000000001128 ) ) ;
#8291 = VECTOR ( 'NONE', #8632, 1000.000000000000114 ) ;
#8292 = VECTOR ( 'NONE', #9085, 1000.000000000000000 ) ;
#8293 = DIRECTION ( 'NONE',  ( -0.000000000000000000, 0.2588190451025140781, 0.9659258262890700886 ) ) ;
#8294 = CARTESIAN_POINT ( 'NONE',  ( -24.38400000000000745, 0.5080000000000000071, 0.7528818102449925664 ) ) ;
#8295 = FACE_OUTER_BOUND ( 'NONE', #7669, .T. ) ;
#8296 = ORIENTED_EDGE ( 'NONE', *, *, #5740, .F. ) ;
#8297 = AXIS2_PLACEMENT_3D ( 'NONE', #11186, #7774, #3212 ) ;
#8298 = CARTESIAN_POINT ( 'NONE',  ( 14.85899999999999643, 7.239000000000000767, -0.3810000000000028919 ) ) ;
#8299 = FILL_AREA_STYLE ('',( #2369 ) ) ;
#8300 = DIRECTION ( 'NONE',  ( -1.000000000000000000, 0.000000000000000000, 0.000000000000000000 ) ) ;
#8301 = DIRECTION ( 'NONE',  ( 0.000000000000000000, -1.000000000000000000, -2.548365665731588345E-16 ) ) ;
#8302 = EDGE_LOOP ( 'NONE', ( #8599, #844, #10870, #8045 ) ) ;
#8303 = LINE ( 'NONE', #4657, #9322 ) ;
#8304 = ADVANCED_FACE ( 'NONE', ( #99 ), #2878, .F. ) ;
#8305 = VECTOR ( 'NONE', #4637, 1000.000000000000114 ) ;
#8306 = LINE ( 'NONE', #3118, #6081 ) ;
#8307 = DIRECTION ( 'NONE',  ( 1.000000000000000000, 0.000000000000000000, 0.000000000000000000 ) ) ;
#8308 = ORIENTED_EDGE ( 'NONE', *, *, #1986, .T. ) ;
#8309 = ORIENTED_EDGE ( 'NONE', *, *, #5402, .T. ) ;
#8310 = CARTESIAN_POINT ( 'NONE',  ( 2.539999999999996927, 0.000000000000000000, 0.000000000000000000 ) ) ;
#8311 = VECTOR ( 'NONE', #4103, 1000.000000000000000 ) ;
#8312 = CARTESIAN_POINT ( 'NONE',  ( -24.38400000000000745, 2.177422008883992879E-16, -0.8890000000000013447 ) ) ;
#8313 = CARTESIAN_POINT ( 'NONE',  ( 16.50999999999999801, 8.509000000000000341, -1.270000000000001128 ) ) ;
#8314 = FILL_AREA_STYLE_COLOUR ( '', #417 ) ;
#8315 = LINE ( 'NONE', #3128, #1396 ) ;
#8316 = VERTEX_POINT ( 'NONE', #7278 ) ;
#8317 = LINE ( 'NONE', #405, #7878 ) ;
#8318 = EDGE_CURVE ( 'NONE', #7547, #6647, #7895, .T. ) ;
#8319 = AXIS2_PLACEMENT_3D ( 'NONE', #4615, #3539, #911 ) ;
#8320 = ORIENTED_EDGE ( 'NONE', *, *, #8870, .T. ) ;
#8321 = PLANE ( 'NONE',  #6978 ) ;
#8322 = EDGE_LOOP ( 'NONE', ( #1712, #8320, #8281, #4437 ) ) ;
#8323 = EDGE_CURVE ( 'NONE', #729, #9312, #3953, .T. ) ;
#8324 = FACE_OUTER_BOUND ( 'NONE', #3148, .T. ) ;
#8325 = EDGE_CURVE ( 'NONE', #5728, #6403, #9136, .T. ) ;
#8326 = ORIENTED_EDGE ( 'NONE', *, *, #4850, .T. ) ;
#8327 = ORIENTED_EDGE ( 'NONE', *, *, #2427, .T. ) ;
#8328 = VECTOR ( 'NONE', #3409, 1000.000000000000000 ) ;
#8329 = DIRECTION ( 'NONE',  ( 0.000000000000000000, -0.9659258262890700886, 0.2588190451025140781 ) ) ;
#8330 = CARTESIAN_POINT ( 'NONE',  ( 24.12999999999999901, -1.925929944387235853E-31, 0.8889999999999991243 ) ) ;
#8331 = VERTEX_POINT ( 'NONE', #8177 ) ;
#8332 = DIRECTION ( 'NONE',  ( 0.000000000000000000, 0.2588190451025145222, -0.9659258262890699775 ) ) ;
#8333 = LINE ( 'NONE', #8280, #8390 ) ;
#8334 = EDGE_LOOP ( 'NONE', ( #7820, #4719, #3607, #4907 ) ) ;
#8335 = DIRECTION ( 'NONE',  ( 0.000000000000000000, -1.000000000000000000, -2.548365665731588345E-16 ) ) ;
#8336 = ORIENTED_EDGE ( 'NONE', *, *, #7297, .T. ) ;
#8337 = AXIS2_PLACEMENT_3D ( 'NONE', #7845, #7962, #1733 ) ;
#8338 = EDGE_CURVE ( 'NONE', #2560, #1502, #3892, .T. ) ;
#8339 = ORIENTED_EDGE ( 'NONE', *, *, #4132, .T. ) ;
#8340 = ADVANCED_FACE ( 'NONE', ( #9986 ), #8286, .F. ) ;
#8341 = CARTESIAN_POINT ( 'NONE',  ( -3.810000000000004494, 8.509000000000000341, 1.270000000000001128 ) ) ;
#8342 = DIRECTION ( 'NONE',  ( -0.000000000000000000, 1.000000000000000000, 1.733406087350420004E-16 ) ) ;
#8343 = ORIENTED_EDGE ( 'NONE', *, *, #2736, .F. ) ;
#8344 = CARTESIAN_POINT ( 'NONE',  ( -3.810000000000004494, -1.925929944387235853E-31, 0.8889999999999991243 ) ) ;
#8345 = DIRECTION ( 'NONE',  ( -1.000000000000000000, 0.000000000000000000, 0.000000000000000000 ) ) ;
#8346 = DIRECTION ( 'NONE',  ( 0.000000000000000000, 0.000000000000000000, -1.000000000000000000 ) ) ;
#8347 = DIRECTION ( 'NONE',  ( 1.000000000000000000, 0.000000000000000000, 0.000000000000000000 ) ) ;
#8348 = EDGE_LOOP ( 'NONE', ( #2166, #3822, #7191, #7321 ) ) ;
#8349 = ORIENTED_EDGE ( 'NONE', *, *, #9135, .T. ) ;
#8350 = DIRECTION ( 'NONE',  ( 0.000000000000000000, 1.000000000000000000, 1.733406087350420004E-16 ) ) ;
#8351 = DIRECTION ( 'NONE',  ( 0.000000000000000000, -0.000000000000000000, -1.000000000000000000 ) ) ;
#8352 = DIRECTION ( 'NONE',  ( -0.5773502691896253980, 0.5773502691896253980, -0.5773502691896265082 ) ) ;
#8353 = CARTESIAN_POINT ( 'NONE',  ( -2.413000000000005585, 7.810500000000001108, 0.1269999999999961438 ) ) ;
#8354 = LINE ( 'NONE', #2318, #9791 ) ;
#8355 = ORIENTED_EDGE ( 'NONE', *, *, #10278, .F. ) ;
#8356 = DIRECTION ( 'NONE',  ( 1.000000000000000000, 0.000000000000000000, -0.000000000000000000 ) ) ;
#8357 = DIRECTION ( 'NONE',  ( 0.000000000000000000, 0.000000000000000000, 1.000000000000000000 ) ) ;
#8358 = PLANE ( 'NONE',  #2016 ) ;
#8359 = VERTEX_POINT ( 'NONE', #9251 ) ;
#8360 = VERTEX_POINT ( 'NONE', #2990 ) ;
#8361 = CARTESIAN_POINT ( 'NONE',  ( 20.31999999999999673, 0.000000000000000000, 0.000000000000000000 ) ) ;
#8362 = PLANE ( 'NONE',  #5838 ) ;
#8363 = VECTOR ( 'NONE', #816, 1000.000000000000000 ) ;
#8364 = LINE ( 'NONE', #507, #297 ) ;
#8365 = CARTESIAN_POINT ( 'NONE',  ( 0.3809999999999958975, 8.064500000000000668, 0.3809999999999960085 ) ) ;
#8366 = LINE ( 'NONE', #5054, #109 ) ;
#8367 = DIRECTION ( 'NONE',  ( -0.000000000000000000, -0.7071067811865482389, -0.7071067811865469066 ) ) ;
#8368 = ORIENTED_EDGE ( 'NONE', *, *, #7027, .F. ) ;
#8369 = DIRECTION ( 'NONE',  ( 0.000000000000000000, 0.000000000000000000, -1.000000000000000000 ) ) ;
#8370 = VERTEX_POINT ( 'NONE', #8392 ) ;
#8371 = FACE_OUTER_BOUND ( 'NONE', #9660, .T. ) ;
#8372 = ORIENTED_EDGE ( 'NONE', *, *, #275, .F. ) ;
#8373 = FACE_OUTER_BOUND ( 'NONE', #6885, .T. ) ;
#8374 = VERTEX_POINT ( 'NONE', #2239 ) ;
#8375 = ORIENTED_EDGE ( 'NONE', *, *, #10766, .T. ) ;
#8376 = AXIS2_PLACEMENT_3D ( 'NONE', #4315, #2599, #8413 ) ;
#8377 = ADVANCED_FACE ( 'NONE', ( #6468 ), #2183, .T. ) ;
#8378 = EDGE_CURVE ( 'NONE', #10789, #6396, #10854, .T. ) ;
#8379 = EDGE_CURVE ( 'NONE', #3753, #7003, #5712, .T. ) ;
#8380 = DIRECTION ( 'NONE',  ( -1.000000000000000000, -0.000000000000000000, -0.000000000000000000 ) ) ;
#8381 = PLANE ( 'NONE',  #2666 ) ;
#8382 = DIRECTION ( 'NONE',  ( -0.000000000000000000, -0.000000000000000000, 1.000000000000000000 ) ) ;
#8383 = ORIENTED_EDGE ( 'NONE', *, *, #1011, .T. ) ;
#8384 = CARTESIAN_POINT ( 'NONE',  ( 11.42999999999999616, 0.5080000000000002292, -0.7528818102449945648 ) ) ;
#8385 = DIRECTION ( 'NONE',  ( -1.000000000000000000, -0.000000000000000000, -0.000000000000000000 ) ) ;
#8386 = EDGE_LOOP ( 'NONE', ( #8389, #1661, #10375, #7190 ) ) ;
#8387 = EDGE_CURVE ( 'NONE', #6555, #10229, #4803, .T. ) ;
#8388 = ORIENTED_EDGE ( 'NONE', *, *, #10276, .T. ) ;
#8389 = ORIENTED_EDGE ( 'NONE', *, *, #3257, .T. ) ;
#8390 = VECTOR ( 'NONE', #528, 1000.000000000000000 ) ;
#8391 = EDGE_CURVE ( 'NONE', #3270, #5404, #7382, .T. ) ;
#8392 = CARTESIAN_POINT ( 'NONE',  ( -3.810000000000004494, 8.509000000000000341, -1.270000000000001128 ) ) ;
#8393 = DIRECTION ( 'NONE',  ( 0.000000000000000000, -0.9659258262890699775, -0.2588190451025145222 ) ) ;
#8394 = ADVANCED_FACE ( 'NONE', ( #1433 ), #428, .F. ) ;
#8395 = ORIENTED_EDGE ( 'NONE', *, *, #5397, .T. ) ;
#8396 = FACE_OUTER_BOUND ( 'NONE', #197, .T. ) ;
#8397 = CARTESIAN_POINT ( 'NONE',  ( 11.42999999999999616, 2.177422008883992879E-16, -0.8890000000000013447 ) ) ;
#8398 = LINE ( 'NONE', #9256, #9774 ) ;
#8399 = VECTOR ( 'NONE', #3501, 1000.000000000000000 ) ;
#8400 = LINE ( 'NONE', #11196, #10316 ) ;
#8401 = ORIENTED_EDGE ( 'NONE', *, *, #1309, .T. ) ;
#8402 = EDGE_CURVE ( 'NONE', #348, #2818, #1372, .T. ) ;
#8403 = ORIENTED_EDGE ( 'NONE', *, *, #468, .F. ) ;
#8404 = CARTESIAN_POINT ( 'NONE',  ( 19.04999999999999716, 3.110602869834277161E-16, -1.270000000000001128 ) ) ;
#8405 = STYLED_ITEM ( 'NONE', ( #5234 ), #5312 ) ;
#8406 = FACE_OUTER_BOUND ( 'NONE', #7677, .T. ) ;
#8407 = CARTESIAN_POINT ( 'NONE',  ( 24.12999999999999901, 0.000000000000000000, 1.269999999999998908 ) ) ;
#8408 = LINE ( 'NONE', #2054, #10451 ) ;
#8409 = FACE_OUTER_BOUND ( 'NONE', #6802, .T. ) ;
#8410 = ORIENTED_EDGE ( 'NONE', *, *, #8241, .F. ) ;
#8411 = VECTOR ( 'NONE', #10050, 1000.000000000000000 ) ;
#8412 = CARTESIAN_POINT ( 'NONE',  ( -20.70100000000000406, 8.064500000000000668, 0.3809999999999958975 ) ) ;
#8413 = DIRECTION ( 'NONE',  ( 0.000000000000000000, -0.000000000000000000, -1.000000000000000000 ) ) ;
#8414 = STYLED_ITEM ( 'NONE', ( #6025 ), #5499 ) ;
#8415 = ORIENTED_EDGE ( 'NONE', *, *, #1578, .F. ) ;
#8416 = ORIENTED_EDGE ( 'NONE', *, *, #255, .T. ) ;
#8417 = DIRECTION ( 'NONE',  ( 0.000000000000000000, 0.000000000000000000, 1.000000000000000000 ) ) ;
#8418 = STYLED_ITEM ( 'NONE', ( #2015 ), #1618 ) ;
#8419 = LINE ( 'NONE', #5683, #2382 ) ;
#8420 = CARTESIAN_POINT ( 'NONE',  ( -17.39900000000000446, 8.064500000000000668, 0.3809999999999958975 ) ) ;
#8421 = FILL_AREA_STYLE_COLOUR ( '', #2225 ) ;
#8422 = CARTESIAN_POINT ( 'NONE',  ( -5.461000000000003851, 8.064500000000000668, 0.3809999999999960085 ) ) ;
#8423 = VECTOR ( 'NONE', #5380, 999.9999999999998863 ) ;
#8424 = DIRECTION ( 'NONE',  ( -1.000000000000000000, 0.000000000000000000, 0.000000000000000000 ) ) ;
#8425 = ORIENTED_EDGE ( 'NONE', *, *, #3172, .F. ) ;
#8426 = CARTESIAN_POINT ( 'NONE',  ( 1.269999999999996909, 0.000000000000000000, 1.269999999999998908 ) ) ;
#8427 = ORIENTED_EDGE ( 'NONE', *, *, #3097, .T. ) ;
#8428 = CARTESIAN_POINT ( 'NONE',  ( 2.158999999999997588, 8.064500000000000668, 0.3809999999999958975 ) ) ;
#8429 = EDGE_CURVE ( 'NONE', #10029, #4355, #9189, .T. ) ;
#8430 = ORIENTED_EDGE ( 'NONE', *, *, #11240, .F. ) ;
#8431 = VECTOR ( 'NONE', #10937, 1000.000000000000000 ) ;
#8432 = CARTESIAN_POINT ( 'NONE',  ( 6.349999999999997868, 2.177422008883992879E-16, -0.8890000000000013447 ) ) ;
#8433 = ORIENTED_EDGE ( 'NONE', *, *, #8229, .F. ) ;
#8434 = VERTEX_POINT ( 'NONE', #10906 ) ;
#8435 = AXIS2_PLACEMENT_3D ( 'NONE', #527, #4050, #9127 ) ;
#8436 = DIRECTION ( 'NONE',  ( -0.000000000000000000, 0.000000000000000000, -1.000000000000000000 ) ) ;
#8437 = DIRECTION ( 'NONE',  ( 0.000000000000000000, 0.000000000000000000, 1.000000000000000000 ) ) ;
#8438 = AXIS2_PLACEMENT_3D ( 'NONE', #7514, #5624, #2202 ) ;
#8439 = DIRECTION ( 'NONE',  ( 0.5773502691896253980, 0.5773502691896253980, -0.5773502691896265082 ) ) ;
#8440 = EDGE_LOOP ( 'NONE', ( #8561, #11015, #6215, #10069 ) ) ;
#8441 = CARTESIAN_POINT ( 'NONE',  ( 8.889999999999995239, 0.5080000000000000071, 0.7528818102449925664 ) ) ;
#8442 = FACE_OUTER_BOUND ( 'NONE', #7814, .T. ) ;
#8443 = ORIENTED_EDGE ( 'NONE', *, *, #9217, .T. ) ;
#8444 = LINE ( 'NONE', #5602, #4606 ) ;
#8445 = ADVANCED_FACE ( 'NONE', ( #1216 ), #6526, .F. ) ;
#8446 = ORIENTED_EDGE ( 'NONE', *, *, #6300, .T. ) ;
#8447 = EDGE_LOOP ( 'NONE', ( #10989, #3656, #10026, #9112 ) ) ;
#8448 = CLOSED_SHELL ( 'NONE', ( #6411, #3171, #10056, #663, #1629, #2547, #6738, #11200, #994, #7276, #9524, #6734, #9294, #1674, #3709, #9710, #1219, #8727, #8546 ) ) ;
#8449 = ADVANCED_FACE ( 'NONE', ( #8230 ), #4699, .F. ) ;
#8450 = DIRECTION ( 'NONE',  ( 1.000000000000000000, 0.000000000000000000, -0.000000000000000000 ) ) ;
#8451 = LINE ( 'NONE', #5883, #3671 ) ;
#8452 = ORIENTED_EDGE ( 'NONE', *, *, #7215, .T. ) ;
#8453 = FACE_OUTER_BOUND ( 'NONE', #7434, .T. ) ;
#8454 = CARTESIAN_POINT ( 'NONE',  ( 16.50999999999999801, 2.177422008883992879E-16, -0.8890000000000013447 ) ) ;
#8455 = CARTESIAN_POINT ( 'NONE',  ( -3.810000000000004494, 0.000000000000000000, 1.269999999999998908 ) ) ;
#8456 = EDGE_CURVE ( 'NONE', #585, #2228, #4860, .T. ) ;
#8457 = LINE ( 'NONE', #9427, #4502 ) ;
#8458 = EDGE_LOOP ( 'NONE', ( #8067, #2861, #9160, #10245 ) ) ;
#8459 = EDGE_CURVE ( 'NONE', #8331, #5368, #10958, .T. ) ;
#8460 = EDGE_CURVE ( 'NONE', #6175, #9428, #10323, .T. ) ;
#8461 = ORIENTED_EDGE ( 'NONE', *, *, #8143, .F. ) ;
#8462 = ADVANCED_FACE ( 'NONE', ( #10152 ), #2525, .F. ) ;
#8463 = VECTOR ( 'NONE', #1757, 1000.000000000000114 ) ;
#8464 = DIRECTION ( 'NONE',  ( -0.000000000000000000, 1.000000000000000000, 2.449293598294710852E-16 ) ) ;
#8465 = PRESENTATION_STYLE_ASSIGNMENT (( #1506 ) ) ;
#8466 = CARTESIAN_POINT ( 'NONE',  ( 19.93900000000000006, 7.239000000000000767, -0.3810000000000028919 ) ) ;
#8467 = LINE ( 'NONE', #4141, #8105 ) ;
#8468 = DIRECTION ( 'NONE',  ( 0.000000000000000000, -1.000000000000000000, 0.000000000000000000 ) ) ;
#8469 = ORIENTED_EDGE ( 'NONE', *, *, #4745, .T. ) ;
#8470 = MECHANICAL_DESIGN_GEOMETRIC_PRESENTATION_REPRESENTATION (  '', ( #305 ), #8479 ) ;
#8471 = DIRECTION ( 'NONE',  ( 0.000000000000000000, -1.000000000000000000, -2.548365665731588345E-16 ) ) ;
#8472 = CARTESIAN_POINT ( 'NONE',  ( -21.59000000000000341, 8.509000000000000341, 1.270000000000001128 ) ) ;
#8473 = EDGE_CURVE ( 'NONE', #2156, #5536, #5017, .T. ) ;
#8474 = VECTOR ( 'NONE', #3621, 1000.000000000000000 ) ;
#8475 = VERTEX_POINT ( 'NONE', #6054 ) ;
#8476 = ORIENTED_EDGE ( 'NONE', *, *, #6216, .T. ) ;
#8477 = DIRECTION ( 'NONE',  ( 1.000000000000000000, 0.000000000000000000, 0.000000000000000000 ) ) ;
#8478 = DIRECTION ( 'NONE',  ( 0.000000000000000000, 0.000000000000000000, -1.000000000000000000 ) ) ;
#8479 =( GEOMETRIC_REPRESENTATION_CONTEXT ( 3 ) GLOBAL_UNCERTAINTY_ASSIGNED_CONTEXT ( ( #4727 ) ) GLOBAL_UNIT_ASSIGNED_CONTEXT ( ( #8192, #6423, #5444 ) ) REPRESENTATION_CONTEXT ( 'NONE', 'WORKASPACE' ) );
#8480 = ADVANCED_FACE ( 'NONE', ( #11128 ), #6699, .F. ) ;
#8481 = DIRECTION ( 'NONE',  ( 0.000000000000000000, 1.440069553722777130E-16, -1.000000000000000000 ) ) ;
#8482 = DIRECTION ( 'NONE',  ( -1.000000000000000000, -0.000000000000000000, -0.000000000000000000 ) ) ;
#8483 = AXIS2_PLACEMENT_3D ( 'NONE', #8620, #4290, #11245 ) ;
#8484 = DIRECTION ( 'NONE',  ( -0.000000000000000000, 1.000000000000000000, 2.449293598294710852E-16 ) ) ;
#8485 = ORIENTED_EDGE ( 'NONE', *, *, #514, .F. ) ;
#8486 = PLANE ( 'NONE',  #5495 ) ;
#8487 = UNCERTAINTY_MEASURE_WITH_UNIT (LENGTH_MEASURE( 1.000000000000000082E-05 ), #4712, 'distance_accuracy_value', 'NONE');
#8488 = ORIENTED_EDGE ( 'NONE', *, *, #4132, .F. ) ;
#8489 = CARTESIAN_POINT ( 'NONE',  ( -5.461000000000003851, 8.064500000000000668, 0.3809999999999958975 ) ) ;
#8490 = ORIENTED_EDGE ( 'NONE', *, *, #4347, .F. ) ;
#8491 = CARTESIAN_POINT ( 'NONE',  ( -2.921000000000003372, 8.064500000000000668, -0.3810000000000027809 ) ) ;
#8492 = ORIENTED_EDGE ( 'NONE', *, *, #1500, .T. ) ;
#8493 = VECTOR ( 'NONE', #4507, 999.9999999999998863 ) ;
#8494 = ORIENTED_EDGE ( 'NONE', *, *, #2384, .F. ) ;
#8495 = DIRECTION ( 'NONE',  ( 0.000000000000000000, -0.9659258262890699775, -0.2588190451025145222 ) ) ;
#8496 = DIRECTION ( 'NONE',  ( -1.000000000000000000, -0.000000000000000000, -0.000000000000000000 ) ) ;
#8497 = CARTESIAN_POINT ( 'NONE',  ( -9.334500000000003794, 8.509000000000000341, -0.8255000000000041194 ) ) ;
#8498 = ORIENTED_EDGE ( 'NONE', *, *, #9021, .T. ) ;
#8499 = DIRECTION ( 'NONE',  ( 0.000000000000000000, 1.440069553722777130E-16, -1.000000000000000000 ) ) ;
#8500 = DIRECTION ( 'NONE',  ( -0.000000000000000000, -0.000000000000000000, 1.000000000000000000 ) ) ;
#8501 = VECTOR ( 'NONE', #6230, 1000.000000000000000 ) ;
#8502 = VERTEX_POINT ( 'NONE', #813 ) ;
#8503 = CARTESIAN_POINT ( 'NONE',  ( -19.05000000000000426, 0.5080000000000000071, 0.7528818102449925664 ) ) ;
#8504 = ORIENTED_EDGE ( 'NONE', *, *, #1128, .F. ) ;
#8505 = ORIENTED_EDGE ( 'NONE', *, *, #3386, .T. ) ;
#8506 = AXIS2_PLACEMENT_3D ( 'NONE', #1519, #559, #10928 ) ;
#8507 = VECTOR ( 'NONE', #1731, 1000.000000000000000 ) ;
#8508 = APPLICATION_CONTEXT ( 'automotive_design' ) ;
#8509 = LINE ( 'NONE', #5187, #6117 ) ;
#8510 = SURFACE_STYLE_FILL_AREA ( #6154 ) ;
#8511 = VERTEX_POINT ( 'NONE', #5076 ) ;
#8512 = CARTESIAN_POINT ( 'NONE',  ( -18.16100000000000492, 7.239000000000000767, 0.3809999999999958975 ) ) ;
#8513 = CARTESIAN_POINT ( 'NONE',  ( -8.890000000000005898, 8.509000000000000341, -1.270000000000001128 ) ) ;
#8514 = AXIS2_PLACEMENT_3D ( 'NONE', #6193, #1863, #10586 ) ;
#8515 = LINE ( 'NONE', #1722, #9932 ) ;
#8516 = CARTESIAN_POINT ( 'NONE',  ( 13.08099999999999596, 8.064500000000000668, 0.3809999999999958975 ) ) ;
#8517 = FACE_OUTER_BOUND ( 'NONE', #7712, .T. ) ;
#8518 = ORIENTED_EDGE ( 'NONE', *, *, #5936, .T. ) ;
#8519 = ORIENTED_EDGE ( 'NONE', *, *, #11244, .F. ) ;
#8520 = EDGE_CURVE ( 'NONE', #4331, #10856, #5995, .T. ) ;
#8521 = EDGE_CURVE ( 'NONE', #2228, #9005, #8560, .T. ) ;
#8522 = DIRECTION ( 'NONE',  ( 0.000000000000000000, 0.000000000000000000, -1.000000000000000000 ) ) ;
#8523 = CARTESIAN_POINT ( 'NONE',  ( -16.51000000000000512, -1.925929944387235853E-31, 0.8889999999999991243 ) ) ;
#8524 = PLANE ( 'NONE',  #8136 ) ;
#8525 = ADVANCED_FACE ( 'NONE', ( #8676 ), #752, .F. ) ;
#8526 = EDGE_CURVE ( 'NONE', #9019, #7754, #7661, .T. ) ;
#8527 = DIRECTION ( 'NONE',  ( 0.000000000000000000, 0.000000000000000000, -1.000000000000000000 ) ) ;
#8528 = CARTESIAN_POINT ( 'NONE',  ( -22.47900000000000631, 7.239000000000000767, 0.3809999999999958975 ) ) ;
#8529 = ORIENTED_EDGE ( 'NONE', *, *, #8262, .T. ) ;
#8530 = PLANE ( 'NONE',  #4974 ) ;
#8531 = ADVANCED_FACE ( 'NONE', ( #871 ), #7715, .F. ) ;
#8532 = DIRECTION ( 'NONE',  ( -0.5773502691896252870, -0.5773502691896251759, -0.5773502691896267303 ) ) ;
#8533 = VERTEX_POINT ( 'NONE', #1717 ) ;
#8534 = CARTESIAN_POINT ( 'NONE',  ( 0.3809999999999958975, 8.064500000000000668, 0.3809999999999958975 ) ) ;
#8535 = DIRECTION ( 'NONE',  ( 1.000000000000000000, 0.000000000000000000, 0.000000000000000000 ) ) ;
#8536 = DIRECTION ( 'NONE',  ( -0.000000000000000000, 1.000000000000000000, 2.449293598294710852E-16 ) ) ;
#8537 = AXIS2_PLACEMENT_3D ( 'NONE', #8814, #3679, #8980 ) ;
#8538 = CARTESIAN_POINT ( 'NONE',  ( 21.58999999999999631, 8.509000000000000341, 0.8254999999999976801 ) ) ;
#8539 = VERTEX_POINT ( 'NONE', #6859 ) ;
#8540 = DIRECTION ( 'NONE',  ( -0.7071067811865475727, -0.7071067811865475727, 0.000000000000000000 ) ) ;
#8541 = LINE ( 'NONE', #733, #9528 ) ;
#8542 = ORIENTED_EDGE ( 'NONE', *, *, #3792, .F. ) ;
#8543 = DIRECTION ( 'NONE',  ( 0.000000000000000000, -1.000000000000000000, -2.548365665731588345E-16 ) ) ;
#8544 = ORIENTED_EDGE ( 'NONE', *, *, #6928, .F. ) ;
#8545 = PRODUCT_DEFINITION_SHAPE ( 'NONE', 'NONE',  #11265 ) ;
#8546 = ADVANCED_FACE ( 'NONE', ( #1652 ), #1488, .F. ) ;
#8547 = ORIENTED_EDGE ( 'NONE', *, *, #6670, .F. ) ;
#8548 = PLANE ( 'NONE',  #2297 ) ;
#8549 = DIRECTION ( 'NONE',  ( 0.000000000000000000, -1.000000000000000000, -1.733406087350420004E-16 ) ) ;
#8550 = PRODUCT_RELATED_PRODUCT_CATEGORY ( 'part', '', ( #4175 ) ) ;
#8551 = PLANE ( 'NONE',  #10866 ) ;
#8552 = ORIENTED_EDGE ( 'NONE', *, *, #8069, .F. ) ;
#8553 = FACE_OUTER_BOUND ( 'NONE', #2970, .T. ) ;
#8554 = DIRECTION ( 'NONE',  ( -1.000000000000000000, 0.000000000000000000, 0.000000000000000000 ) ) ;
#8555 = ORIENTED_EDGE ( 'NONE', *, *, #10613, .T. ) ;
#8556 = DIRECTION ( 'NONE',  ( -0.5773502691896253980, 0.5773502691896253980, -0.5773502691896265082 ) ) ;
#8557 = ORIENTED_EDGE ( 'NONE', *, *, #7067, .F. ) ;
#8558 = ORIENTED_EDGE ( 'NONE', *, *, #4863, .F. ) ;
#8559 = ADVANCED_FACE ( 'NONE', ( #4233 ), #9361, .F. ) ;
#8560 = LINE ( 'NONE', #1547, #10665 ) ;
#8561 = ORIENTED_EDGE ( 'NONE', *, *, #2042, .T. ) ;
#8562 = DIRECTION ( 'NONE',  ( 0.000000000000000000, 1.000000000000000000, -5.054934237236841843E-31 ) ) ;
#8563 = LINE ( 'NONE', #4352, #5445 ) ;
#8564 = FACE_OUTER_BOUND ( 'NONE', #8386, .T. ) ;
#8565 = SURFACE_STYLE_FILL_AREA ( #1608 ) ;
#8566 = DIRECTION ( 'NONE',  ( -1.000000000000000000, -0.000000000000000000, -0.000000000000000000 ) ) ;
#8567 = EDGE_LOOP ( 'NONE', ( #10851, #7377, #5812, #11056 ) ) ;
#8568 = EDGE_CURVE ( 'NONE', #5183, #3685, #8509, .T. ) ;
#8569 = ORIENTED_EDGE ( 'NONE', *, *, #969, .F. ) ;
#8570 = LINE ( 'NONE', #9373, #10583 ) ;
#8571 = AXIS2_PLACEMENT_3D ( 'NONE', #2128, #4905, #3205 ) ;
#8572 = DIRECTION ( 'NONE',  ( -0.000000000000000000, 0.000000000000000000, 1.000000000000000000 ) ) ;
#8573 = CARTESIAN_POINT ( 'NONE',  ( -5.207000000000003403, 7.810500000000000220, -0.1270000000000024998 ) ) ;
#8574 = AXIS2_PLACEMENT_3D ( 'NONE', #6008, #11202, #7670 ) ;
#8575 = PLANE ( 'NONE',  #2638 ) ;
#8576 = DIRECTION ( 'NONE',  ( -0.000000000000000000, 0.2588190451025140781, 0.9659258262890700886 ) ) ;
#8577 = EDGE_LOOP ( 'NONE', ( #6409, #9749, #1332, #7517 ) ) ;
#8578 = PLANE ( 'NONE',  #89 ) ;
#8579 = ADVANCED_FACE ( 'NONE', ( #6748 ), #4176, .F. ) ;
#8580 = ADVANCED_FACE ( 'NONE', ( #9529 ), #5941, .F. ) ;
#8581 = FACE_BOUND ( 'NONE', #7922, .T. ) ;
#8582 = EDGE_LOOP ( 'NONE', ( #7075, #552, #7621, #6767, #2396, #9192 ) ) ;
#8583 = CARTESIAN_POINT ( 'NONE',  ( -0.3810000000000000053, -2.692399999999995686, -0.2032000000000001028 ) ) ;
#8584 = EDGE_CURVE ( 'NONE', #1610, #6483, #3434, .T. ) ;
#8585 = VECTOR ( 'NONE', #9252, 1000.000000000000000 ) ;
#8586 = CONTEXT_DEPENDENT_SHAPE_REPRESENTATION ( #1287, #2454 ) ;
#8587 = DIRECTION ( 'NONE',  ( -1.000000000000000000, 0.000000000000000000, 0.000000000000000000 ) ) ;
#8588 = CARTESIAN_POINT ( 'NONE',  ( 21.58999999999999631, 8.509000000000000341, 1.270000000000001128 ) ) ;
#8589 = CARTESIAN_POINT ( 'NONE',  ( 19.49449999999999861, 8.509000000000000341, -0.8255000000000041194 ) ) ;
#8590 = VECTOR ( 'NONE', #6386, 1000.000000000000000 ) ;
#8591 = DIRECTION ( 'NONE',  ( 0.000000000000000000, 0.000000000000000000, -1.000000000000000000 ) ) ;
#8592 = ORIENTED_EDGE ( 'NONE', *, *, #4344, .T. ) ;
#8593 = DIRECTION ( 'NONE',  ( -1.000000000000000000, 0.000000000000000000, 0.000000000000000000 ) ) ;
#8594 = COLOUR_RGB ( '',0.2509803921568627416, 0.2509803921568627416, 0.2509803921568627416 ) ;
#8595 = FACE_OUTER_BOUND ( 'NONE', #8936, .T. ) ;
#8596 = ORIENTED_EDGE ( 'NONE', *, *, #6274, .F. ) ;
#8597 = CARTESIAN_POINT ( 'NONE',  ( 17.39899999999999736, 7.239000000000000767, 0.3809999999999958975 ) ) ;
#8598 = EDGE_CURVE ( 'NONE', #3602, #694, #9756, .T. ) ;
#8599 = ORIENTED_EDGE ( 'NONE', *, *, #4722, .T. ) ;
#8600 = ADVANCED_FACE ( 'NONE', ( #2750 ), #1956, .F. ) ;
#8601 = ADVANCED_FACE ( 'NONE', ( #7827 ), #7209, .F. ) ;
#8602 = VECTOR ( 'NONE', #10981, 1000.000000000000000 ) ;
#8603 = ORIENTED_EDGE ( 'NONE', *, *, #8873, .T. ) ;
#8604 = EDGE_CURVE ( 'NONE', #5299, #3654, #7881, .T. ) ;
#8605 = LINE ( 'NONE', #1873, #223 ) ;
#8606 = FACE_OUTER_BOUND ( 'NONE', #12, .T. ) ;
#8607 = VECTOR ( 'NONE', #826, 1000.000000000000000 ) ;
#8608 = EDGE_CURVE ( 'NONE', #879, #7479, #2639, .T. ) ;
#8609 = PLANE ( 'NONE',  #9400 ) ;
#8610 = CARTESIAN_POINT ( 'NONE',  ( 22.47899999999999920, 8.064500000000000668, 0.3809999999999958975 ) ) ;
#8611 = ORIENTED_EDGE ( 'NONE', *, *, #3926, .T. ) ;
#8612 = PLANE ( 'NONE',  #2078 ) ;
#8613 = PLANE ( 'NONE',  #762 ) ;
#8614 = STYLED_ITEM ( 'NONE', ( #916 ), #1793 ) ;
#8615 = VERTEX_POINT ( 'NONE', #8728 ) ;
#8616 = PRESENTATION_STYLE_ASSIGNMENT (( #4341 ) ) ;
#8617 = ORIENTED_EDGE ( 'NONE', *, *, #1473, .F. ) ;
#8618 = VECTOR ( 'NONE', #9827, 1000.000000000000000 ) ;
#8619 = EDGE_LOOP ( 'NONE', ( #9971, #9475, #2249, #7949 ) ) ;
#8620 = CARTESIAN_POINT ( 'NONE',  ( 22.47899999999999920, 7.239000000000000767, 0.3809999999999958975 ) ) ;
#8621 = AXIS2_PLACEMENT_3D ( 'NONE', #692, #5930, #9349 ) ;
#8622 = ORIENTED_EDGE ( 'NONE', *, *, #9586, .T. ) ;
#8623 = CARTESIAN_POINT ( 'NONE',  ( 1.269999999999996909, 8.509000000000000341, -1.270000000000001128 ) ) ;
#8624 = LINE ( 'NONE', #11248, #8363 ) ;
#8625 = DIRECTION ( 'NONE',  ( 0.000000000000000000, 2.449293598294710852E-16, -1.000000000000000000 ) ) ;
#8626 = DIRECTION ( 'NONE',  ( -0.000000000000000000, 0.000000000000000000, -1.000000000000000000 ) ) ;
#8627 = VERTEX_POINT ( 'NONE', #10557 ) ;
#8628 = VECTOR ( 'NONE', #6716, 1000.000000000000000 ) ;
#8629 = CARTESIAN_POINT ( 'NONE',  ( 21.58999999999999631, -1.925929944387235853E-31, 0.8889999999999991243 ) ) ;
#8630 = ORIENTED_EDGE ( 'NONE', *, *, #5548, .T. ) ;
#8631 = EDGE_LOOP ( 'NONE', ( #2857, #10540, #3022, #10188 ) ) ;
#8632 = DIRECTION ( 'NONE',  ( -0.5773502691896252870, -0.5773502691896251759, -0.5773502691896267303 ) ) ;
#8633 = CARTESIAN_POINT ( 'NONE',  ( -15.62100000000000399, 8.064500000000000668, 0.3809999999999960085 ) ) ;
#8634 = DIRECTION ( 'NONE',  ( -0.000000000000000000, 1.000000000000000000, 1.440069553722777130E-16 ) ) ;
#8635 = PLANE ( 'NONE',  #2863 ) ;
#8636 = VECTOR ( 'NONE', #1446, 1000.000000000000000 ) ;
#8637 = CARTESIAN_POINT ( 'NONE',  ( 23.24099999999999611, 8.064500000000000668, 0.3809999999999958975 ) ) ;
#8638 = DIRECTION ( 'NONE',  ( 0.000000000000000000, 0.000000000000000000, -1.000000000000000000 ) ) ;
#8639 = VERTEX_POINT ( 'NONE', #8957 ) ;
#8640 = CARTESIAN_POINT ( 'NONE',  ( 13.96999999999999709, -1.925929944387235853E-31, 0.8889999999999991243 ) ) ;
#8641 = DIRECTION ( 'NONE',  ( 0.000000000000000000, -1.000000000000000000, -2.548365665731588345E-16 ) ) ;
#8642 = ORIENTED_EDGE ( 'NONE', *, *, #8006, .T. ) ;
#8643 = AXIS2_PLACEMENT_3D ( 'NONE', #2849, #5577, #6331 ) ;
#8644 = CARTESIAN_POINT ( 'NONE',  ( -13.97000000000000419, 3.110602869834277161E-16, -1.270000000000001128 ) ) ;
#8645 = SHAPE_DEFINITION_REPRESENTATION ( #5994, #5926 ) ;
#8646 = CARTESIAN_POINT ( 'NONE',  ( 24.38400000000000745, 8.509000000000000341, 1.270000000000001128 ) ) ;
#8647 = EDGE_CURVE ( 'NONE', #370, #3270, #9696, .T. ) ;
#8648 = CARTESIAN_POINT ( 'NONE',  ( -3.810000000000004494, 3.110602869834277161E-16, -1.270000000000001128 ) ) ;
#8649 = CARTESIAN_POINT ( 'NONE',  ( 2.158999999999997588, 7.239000000000000767, -0.3810000000000028919 ) ) ;
#8650 = CARTESIAN_POINT ( 'NONE',  ( 16.50999999999999801, 0.5080000000000000071, 0.7528818102449925664 ) ) ;
#8651 = EDGE_LOOP ( 'NONE', ( #1880, #1241, #1824, #5706 ) ) ;
#8652 = CARTESIAN_POINT ( 'NONE',  ( -0.3810000000000028919, 7.239000000000000767, 0.3809999999999958975 ) ) ;
#8653 = DIRECTION ( 'NONE',  ( 0.000000000000000000, -1.733406087350420004E-16, 1.000000000000000000 ) ) ;
#8654 = ORIENTED_EDGE ( 'NONE', *, *, #10551, .F. ) ;
#8655 = FACE_OUTER_BOUND ( 'NONE', #7815, .T. ) ;
#8656 = ORIENTED_EDGE ( 'NONE', *, *, #10938, .F. ) ;
#8657 = ORIENTED_EDGE ( 'NONE', *, *, #4818, .T. ) ;
#8658 = VECTOR ( 'NONE', #4747, 1000.000000000000000 ) ;
#8659 = CARTESIAN_POINT ( 'NONE',  ( 11.42999999999999616, 3.110602869834277161E-16, -1.270000000000001128 ) ) ;
#8660 = CARTESIAN_POINT ( 'NONE',  ( 6.349999999999994316, 0.000000000000000000, 1.269999999999998908 ) ) ;
#8661 = ADVANCED_FACE ( 'NONE', ( #5423 ), #1892, .F. ) ;
#8662 = FACE_OUTER_BOUND ( 'NONE', #6561, .T. ) ;
#8663 = EDGE_CURVE ( 'NONE', #1286, #6746, #3487, .T. ) ;
#8664 = CARTESIAN_POINT ( 'NONE',  ( -13.97000000000000419, 0.000000000000000000, 0.000000000000000000 ) ) ;
#8665 = ORIENTED_EDGE ( 'NONE', *, *, #3809, .T. ) ;
#8666 = DIRECTION ( 'NONE',  ( 0.000000000000000000, -0.000000000000000000, -1.000000000000000000 ) ) ;
#8667 = CARTESIAN_POINT ( 'NONE',  ( -10.54100000000000392, 7.239000000000000767, 0.3809999999999958975 ) ) ;
#8668 = EDGE_CURVE ( 'NONE', #10934, #790, #6283, .T. ) ;
#8669 = EDGE_CURVE ( 'NONE', #10017, #7657, #7032, .T. ) ;
#8670 = EDGE_LOOP ( 'NONE', ( #9899, #3649, #8552, #9488 ) ) ;
#8671 = DIRECTION ( 'NONE',  ( -1.000000000000000000, -0.000000000000000000, -0.000000000000000000 ) ) ;
#8672 = VERTEX_POINT ( 'NONE', #5474 ) ;
#8673 = VECTOR ( 'NONE', #5596, 1000.000000000000000 ) ;
#8674 = ORIENTED_EDGE ( 'NONE', *, *, #7493, .T. ) ;
#8675 = VECTOR ( 'NONE', #5026, 1000.000000000000000 ) ;
#8676 = FACE_OUTER_BOUND ( 'NONE', #6771, .T. ) ;
#8677 = VECTOR ( 'NONE', #10214, 1000.000000000000000 ) ;
#8678 = ORIENTED_EDGE ( 'NONE', *, *, #7129, .T. ) ;
#8679 = CARTESIAN_POINT ( 'NONE',  ( -8.890000000000004121, 0.000000000000000000, 1.269999999999998908 ) ) ;
#8680 = CARTESIAN_POINT ( 'NONE',  ( 20.44699999999999562, 7.810500000000000220, -0.1270000000000024998 ) ) ;
#8681 = EDGE_CURVE ( 'NONE', #1095, #7042, #4572, .T. ) ;
#8682 = FACE_OUTER_BOUND ( 'NONE', #565, .T. ) ;
#8683 = PLANE ( 'NONE',  #7160 ) ;
#8684 = VERTEX_POINT ( 'NONE', #8786 ) ;
#8685 = LINE ( 'NONE', #3614, #10304 ) ;
#8686 = EDGE_LOOP ( 'NONE', ( #4856, #4665, #7484, #1207 ) ) ;
#8687 = EDGE_CURVE ( 'NONE', #9506, #10538, #254, .T. ) ;
#8688 = DIRECTION ( 'NONE',  ( 0.000000000000000000, 0.000000000000000000, 1.000000000000000000 ) ) ;
#8689 = CARTESIAN_POINT ( 'NONE',  ( 19.04999999999999716, 0.000000000000000000, 1.269999999999998908 ) ) ;
#8690 = VECTOR ( 'NONE', #2964, 999.9999999999998863 ) ;
#8691 = CARTESIAN_POINT ( 'NONE',  ( 23.24099999999999611, 8.064500000000000668, -0.3810000000000027809 ) ) ;
#8692 = CARTESIAN_POINT ( 'NONE',  ( -7.239000000000006096, 8.064500000000000668, 0.3809999999999958975 ) ) ;
#8693 = LINE ( 'NONE', #4478, #4090 ) ;
#8694 = DIRECTION ( 'NONE',  ( 0.000000000000000000, 1.733406087350420004E-16, -1.000000000000000000 ) ) ;
#8695 = VERTEX_POINT ( 'NONE', #1776 ) ;
#8696 = DIRECTION ( 'NONE',  ( 0.000000000000000000, 0.000000000000000000, -1.000000000000000000 ) ) ;
#8697 = CARTESIAN_POINT ( 'NONE',  ( 45.72000000000000597, 7.239000000000000767, -2.201425730935033664E-16 ) ) ;
#8698 = AXIS2_PLACEMENT_3D ( 'NONE', #4588, #8183, #382 ) ;
#8699 = EDGE_LOOP ( 'NONE', ( #8208, #6163, #68, #2284 ) ) ;
#8700 = EDGE_CURVE ( 'NONE', #4187, #1151, #4461, .T. ) ;
#8701 = DIRECTION ( 'NONE',  ( 0.000000000000000000, 0.000000000000000000, 1.000000000000000000 ) ) ;
#8702 = CONTEXT_DEPENDENT_SHAPE_REPRESENTATION ( #2686, #1005 ) ;
#8703 = LINE ( 'NONE', #896, #8756 ) ;
#8704 = CARTESIAN_POINT ( 'NONE',  ( -11.43000000000000504, 3.110602869834277161E-16, -1.270000000000001128 ) ) ;
#8705 =( NAMED_UNIT ( * ) PLANE_ANGLE_UNIT ( ) SI_UNIT ( $, .RADIAN. ) );
#8706 = DIRECTION ( 'NONE',  ( 0.000000000000000000, -1.000000000000000000, 0.000000000000000000 ) ) ;
#8707 = EDGE_LOOP ( 'NONE', ( #7365, #4121, #6164, #7416 ) ) ;
#8708 = PLANE ( 'NONE',  #8783 ) ;
#8709 = DIRECTION ( 'NONE',  ( 0.000000000000000000, -5.054934237236841843E-31, -1.000000000000000000 ) ) ;
#8710 = VERTEX_POINT ( 'NONE', #6165 ) ;
#8711 = CARTESIAN_POINT ( 'NONE',  ( 13.96999999999999709, 0.000000000000000000, 1.269999999999998908 ) ) ;
#8712 = ORIENTED_EDGE ( 'NONE', *, *, #1039, .T. ) ;
#8713 = ORIENTED_EDGE ( 'NONE', *, *, #10286, .T. ) ;
#8714 = CARTESIAN_POINT ( 'NONE',  ( -13.08100000000000485, 7.239000000000000767, -0.3810000000000028919 ) ) ;
#8715 = FACE_OUTER_BOUND ( 'NONE', #2895, .T. ) ;
#8716 = DIRECTION ( 'NONE',  ( 0.000000000000000000, -1.000000000000000000, -2.548365665731588345E-16 ) ) ;
#8717 = LINE ( 'NONE', #7930, #10686 ) ;
#8718 = ORIENTED_EDGE ( 'NONE', *, *, #4649, .T. ) ;
#8719 = CARTESIAN_POINT ( 'NONE',  ( 2.158999999999997588, 7.239000000000000767, 0.3809999999999958975 ) ) ;
#8720 = CARTESIAN_POINT ( 'NONE',  ( -13.97000000000000419, 8.509000000000000341, -1.270000000000001128 ) ) ;
#8721 = ORIENTED_EDGE ( 'NONE', *, *, #724, .F. ) ;
#8722 = DIRECTION ( 'NONE',  ( 0.000000000000000000, 2.449293598294710852E-16, -1.000000000000000000 ) ) ;
#8723 = ORIENTED_EDGE ( 'NONE', *, *, #7116, .F. ) ;
#8724 = VERTEX_POINT ( 'NONE', #9643 ) ;
#8725 = EDGE_CURVE ( 'NONE', #5368, #3543, #1829, .T. ) ;
#8726 = EDGE_CURVE ( 'NONE', #630, #5642, #983, .T. ) ;
#8727 = ADVANCED_FACE ( 'NONE', ( #8004 ), #7092, .F. ) ;
#8728 = CARTESIAN_POINT ( 'NONE',  ( 16.50999999999999801, 0.5080000000000002292, -0.7528818102449945648 ) ) ;
#8729 = VECTOR ( 'NONE', #5133, 1000.000000000000000 ) ;
#8730 = ORIENTED_EDGE ( 'NONE', *, *, #969, .T. ) ;
#8731 = CARTESIAN_POINT ( 'NONE',  ( 0.000000000000000000, 7.239000000000000767, -2.201425730935033664E-16 ) ) ;
#8732 = DIRECTION ( 'NONE',  ( -0.000000000000000000, 1.000000000000000000, 1.733406087350420004E-16 ) ) ;
#8733 = DIRECTION ( 'NONE',  ( 0.000000000000000000, 0.000000000000000000, 1.000000000000000000 ) ) ;
#8734 = EDGE_LOOP ( 'NONE', ( #819, #4725, #1452, #10508 ) ) ;
#8735 = LINE ( 'NONE', #930, #849 ) ;
#8736 = ORIENTED_EDGE ( 'NONE', *, *, #3014, .F. ) ;
#8737 = EDGE_CURVE ( 'NONE', #4939, #7956, #1202, .T. ) ;
#8738 = EDGE_CURVE ( 'NONE', #7837, #3284, #2287, .T. ) ;
#8739 = EDGE_CURVE ( 'NONE', #2170, #7011, #3880, .T. ) ;
#8740 = EDGE_CURVE ( 'NONE', #4131, #7105, #9240, .T. ) ;
#8741 = PLANE ( 'NONE',  #4651 ) ;
#8742 = LINE ( 'NONE', #3335, #9866 ) ;
#8743 = CARTESIAN_POINT ( 'NONE',  ( -3.810000000000004494, 0.5080000000000002292, -0.7528818102449945648 ) ) ;
#8744 = LINE ( 'NONE', #4419, #8153 ) ;
#8745 = CARTESIAN_POINT ( 'NONE',  ( 5.460999999999996746, 7.239000000000000767, 0.3809999999999958975 ) ) ;
#8746 = PLANE ( 'NONE',  #4676 ) ;
#8747 = ORIENTED_EDGE ( 'NONE', *, *, #3223, .T. ) ;
#8748 = EDGE_CURVE ( 'NONE', #4728, #7967, #9974, .T. ) ;
#8749 = DIRECTION ( 'NONE',  ( 0.000000000000000000, -5.054934237236841843E-31, -1.000000000000000000 ) ) ;
#8750 = DIRECTION ( 'NONE',  ( -1.000000000000000000, -0.000000000000000000, -0.000000000000000000 ) ) ;
#8751 = EDGE_LOOP ( 'NONE', ( #11183, #5270, #5169, #10421 ) ) ;
#8752 = LINE ( 'NONE', #3513, #608 ) ;
#8753 = SHAPE_REPRESENTATION ( 'PPPC021LFBN-RC_C19', ( #4858 ), #6500 ) ;
#8754 = DIRECTION ( 'NONE',  ( 0.000000000000000000, 0.000000000000000000, 1.000000000000000000 ) ) ;
#8755 = LINE ( 'NONE', #6940, #11126 ) ;
#8756 = VECTOR ( 'NONE', #4377, 1000.000000000000000 ) ;
#8757 =( NAMED_UNIT ( * ) SI_UNIT ( $, .STERADIAN. ) SOLID_ANGLE_UNIT ( ) );
#8758 = CARTESIAN_POINT ( 'NONE',  ( -3.810000000000004494, 0.000000000000000000, 1.269999999999998908 ) ) ;
#8759 = PLANE ( 'NONE',  #339 ) ;
#8760 = ORIENTED_EDGE ( 'NONE', *, *, #4609, .F. ) ;
#8761 = ADVANCED_FACE ( 'NONE', ( #366 ), #310, .F. ) ;
#8762 = FACE_OUTER_BOUND ( 'NONE', #10555, .T. ) ;
#8763 = LINE ( 'NONE', #7070, #7900 ) ;
#8764 = VERTEX_POINT ( 'NONE', #8116 ) ;
#8765 = LINE ( 'NONE', #126, #1767 ) ;
#8766 = VECTOR ( 'NONE', #8231, 1000.000000000000000 ) ;
#8767 = ORIENTED_EDGE ( 'NONE', *, *, #4605, .T. ) ;
#8768 = VECTOR ( 'NONE', #3534, 1000.000000000000000 ) ;
#8769 = VERTEX_POINT ( 'NONE', #3939 ) ;
#8770 = AXIS2_PLACEMENT_3D ( 'NONE', #9978, #6570, #1258 ) ;
#8771 = DIRECTION ( 'NONE',  ( 0.000000000000000000, 2.449293598294710852E-16, -1.000000000000000000 ) ) ;
#8772 = CARTESIAN_POINT ( 'NONE',  ( 20.44699999999999562, 7.810500000000001108, 0.1269999999999961438 ) ) ;
#8773 = DIRECTION ( 'NONE',  ( 0.000000000000000000, 5.054934237236841843E-31, 1.000000000000000000 ) ) ;
#8774 = CARTESIAN_POINT ( 'NONE',  ( -16.51000000000000512, 2.177422008883992879E-16, -0.8890000000000013447 ) ) ;
#8775 = MECHANICAL_DESIGN_GEOMETRIC_PRESENTATION_REPRESENTATION (  '', ( #6053 ), #4046 ) ;
#8776 = CARTESIAN_POINT ( 'NONE',  ( -1.270000000000003793, 0.5080000000000000071, 0.7528818102449925664 ) ) ;
#8777 = VERTEX_POINT ( 'NONE', #9070 ) ;
#8778 = DIRECTION ( 'NONE',  ( 0.000000000000000000, 0.000000000000000000, -1.000000000000000000 ) ) ;
#8779 = CARTESIAN_POINT ( 'NONE',  ( -19.05000000000000426, 0.5080000000000002292, -0.7528818102449945648 ) ) ;
#8780 = ORIENTED_EDGE ( 'NONE', *, *, #9301, .F. ) ;
#8781 = CARTESIAN_POINT ( 'NONE',  ( -13.97000000000000419, 2.177422008883992879E-16, -0.8890000000000013447 ) ) ;
#8782 = ORIENTED_EDGE ( 'NONE', *, *, #4863, .T. ) ;
#8783 = AXIS2_PLACEMENT_3D ( 'NONE', #4548, #7917, #9731 ) ;
#8784 = VERTEX_POINT ( 'NONE', #3993 ) ;
#8785 = ADVANCED_FACE ( 'NONE', ( #6395 ), #7316, .F. ) ;
#8786 = CARTESIAN_POINT ( 'NONE',  ( -2.159000000000004693, 7.239000000000000767, -0.3810000000000028919 ) ) ;
#8787 = VECTOR ( 'NONE', #6521, 1000.000000000000000 ) ;
#8788 = ORIENTED_EDGE ( 'NONE', *, *, #468, .T. ) ;
#8789 = DIRECTION ( 'NONE',  ( 0.000000000000000000, 1.440069553722777130E-16, -1.000000000000000000 ) ) ;
#8790 = DIRECTION ( 'NONE',  ( 0.000000000000000000, -5.054934237236841843E-31, -1.000000000000000000 ) ) ;
#8791 = ADVANCED_FACE ( 'NONE', ( #6456 ), #7424, .F. ) ;
#8792 = CARTESIAN_POINT ( 'NONE',  ( 19.04999999999999716, 0.5080000000000000071, 0.7528818102449925664 ) ) ;
#8793 = ORIENTED_EDGE ( 'NONE', *, *, #9092, .T. ) ;
#8794 = EDGE_CURVE ( 'NONE', #4328, #3444, #10020, .T. ) ;
#8795 = DIRECTION ( 'NONE',  ( -0.000000000000000000, 1.000000000000000000, 1.733406087350420004E-16 ) ) ;
#8796 = ORIENTED_EDGE ( 'NONE', *, *, #2154, .T. ) ;
#8797 = VECTOR ( 'NONE', #10830, 1000.000000000000000 ) ;
#8798 = VECTOR ( 'NONE', #202, 1000.000000000000000 ) ;
#8799 = LINE ( 'NONE', #1789, #5184 ) ;
#8800 = CARTESIAN_POINT ( 'NONE',  ( 16.95449999999999591, 8.509000000000000341, -0.8255000000000041194 ) ) ;
#8801 = DIRECTION ( 'NONE',  ( -0.000000000000000000, 0.000000000000000000, -1.000000000000000000 ) ) ;
#8802 = CARTESIAN_POINT ( 'NONE',  ( -22.47900000000000631, 7.239000000000000767, -0.3810000000000028919 ) ) ;
#8803 = VECTOR ( 'NONE', #8357, 1000.000000000000000 ) ;
#8804 = EDGE_CURVE ( 'NONE', #10138, #11122, #8276, .T. ) ;
#8805 = DIRECTION ( 'NONE',  ( 0.000000000000000000, -0.000000000000000000, 1.000000000000000000 ) ) ;
#8806 = LINE ( 'NONE', #9545, #10704 ) ;
#8807 = ADVANCED_FACE ( 'NONE', ( #469 ), #4846, .F. ) ;
#8808 = EDGE_CURVE ( 'NONE', #4155, #2838, #3087, .T. ) ;
#8809 = EDGE_CURVE ( 'NONE', #125, #8081, #2066, .T. ) ;
#8810 = VECTOR ( 'NONE', #9577, 1000.000000000000000 ) ;
#8811 = PLANE ( 'NONE',  #272 ) ;
#8812 = DIRECTION ( 'NONE',  ( 0.000000000000000000, 0.000000000000000000, 1.000000000000000000 ) ) ;
#8813 = ORIENTED_EDGE ( 'NONE', *, *, #9869, .T. ) ;
#8814 = CARTESIAN_POINT ( 'NONE',  ( -2.921000000000003372, 7.239000000000000767, 0.3809999999999958975 ) ) ;
#8815 = ITEM_DEFINED_TRANSFORMATION ( 'NONE', 'NONE', #2873,  #4858 ) ;
#8816 = PLANE ( 'NONE',  #3839 ) ;
#8817 = VECTOR ( 'NONE', #4925, 1000.000000000000000 ) ;
#8818 = DIRECTION ( 'NONE',  ( 1.000000000000000000, 0.000000000000000000, 0.000000000000000000 ) ) ;
#8819 = CARTESIAN_POINT ( 'NONE',  ( -15.62100000000000399, 8.064500000000000668, 0.3809999999999960085 ) ) ;
#8820 = VERTEX_POINT ( 'NONE', #9179 ) ;
#8821 = LINE ( 'NONE', #175, #955 ) ;
#8822 = EDGE_CURVE ( 'NONE', #2053, #9998, #9009, .T. ) ;
#8823 = FACE_OUTER_BOUND ( 'NONE', #9341, .T. ) ;
#8824 = EDGE_LOOP ( 'NONE', ( #471, #8713, #8343, #2463 ) ) ;
#8825 = FACE_OUTER_BOUND ( 'NONE', #1370, .T. ) ;
#8826 = ORIENTED_EDGE ( 'NONE', *, *, #1093, .F. ) ;
#8827 = PRODUCT_DEFINITION_SHAPE ( 'NONE', 'NONE',  #11264 ) ;
#8828 = ORIENTED_EDGE ( 'NONE', *, *, #10286, .F. ) ;
#8829 = EDGE_CURVE ( 'NONE', #1726, #11027, #10784, .T. ) ;
#8830 = CARTESIAN_POINT ( 'NONE',  ( -13.52550000000000452, 8.509000000000000341, 0.8254999999999976801 ) ) ;
#8831 = LINE ( 'NONE', #8772, #8463 ) ;
#8832 = SURFACE_STYLE_USAGE ( .BOTH. , #699 ) ;
#8833 = LINE ( 'NONE', #9633, #2129 ) ;
#8834 = VECTOR ( 'NONE', #8157, 1000.000000000000000 ) ;
#8835 = CARTESIAN_POINT ( 'NONE',  ( 11.42999999999999616, 0.000000000000000000, 1.269999999999998908 ) ) ;
#8836 = ORIENTED_EDGE ( 'NONE', *, *, #724, .T. ) ;
#8837 = FACE_OUTER_BOUND ( 'NONE', #10781, .T. ) ;
#8838 = CARTESIAN_POINT ( 'NONE',  ( -6.350000000000004974, 0.5080000000000002292, -0.7528818102449945648 ) ) ;
#8839 = ORIENTED_EDGE ( 'NONE', *, *, #451, .F. ) ;
#8840 = LINE ( 'NONE', #7026, #11165 ) ;
#8841 = EDGE_LOOP ( 'NONE', ( #96, #10916, #2747, #567 ) ) ;
#8842 = VERTEX_POINT ( 'NONE', #3140 ) ;
#8843 = VERTEX_POINT ( 'NONE', #4737 ) ;
#8844 = DIRECTION ( 'NONE',  ( -0.000000000000000000, -0.7071067811865482389, -0.7071067811865469066 ) ) ;
#8845 = ORIENTED_EDGE ( 'NONE', *, *, #8125, .F. ) ;
#8846 = CARTESIAN_POINT ( 'NONE',  ( 6.349999999999997868, 0.5080000000000000071, 0.7528818102449925664 ) ) ;
#8847 = DIRECTION ( 'NONE',  ( -0.5773502691896252870, -0.5773502691896251759, -0.5773502691896267303 ) ) ;
#8848 = VECTOR ( 'NONE', #1816, 1000.000000000000000 ) ;
#8849 = VECTOR ( 'NONE', #2870, 1000.000000000000000 ) ;
#8850 = LINE ( 'NONE', #1048, #4659 ) ;
#8851 = CARTESIAN_POINT ( 'NONE',  ( 14.85899999999999643, 7.239000000000000767, -0.3810000000000028919 ) ) ;
#8852 = EDGE_LOOP ( 'NONE', ( #10374, #1199, #8736, #5979 ) ) ;
#8853 = LINE ( 'NONE', #5257, #1044 ) ;
#8854 = EDGE_LOOP ( 'NONE', ( #4393, #5226, #6922, #2455 ) ) ;
#8855 = VECTOR ( 'NONE', #5700, 1000.000000000000000 ) ;
#8856 = DIRECTION ( 'NONE',  ( -0.5773502691896252870, -0.5773502691896251759, -0.5773502691896267303 ) ) ;
#8857 = CARTESIAN_POINT ( 'NONE',  ( 3.809999999999997389, 8.509000000000000341, -1.270000000000001128 ) ) ;
#8858 = PLANE ( 'NONE',  #4959 ) ;
#8859 = CARTESIAN_POINT ( 'NONE',  ( -4.699000000000005173, 8.064500000000000668, 0.3809999999999958975 ) ) ;
#8860 = VECTOR ( 'NONE', #7048, 1000.000000000000000 ) ;
#8861 = CARTESIAN_POINT ( 'NONE',  ( 2.158999999999997588, 7.239000000000000767, 0.3809999999999958975 ) ) ;
#8862 = LINE ( 'NONE', #1795, #324 ) ;
#8863 = VECTOR ( 'NONE', #5196, 1000.000000000000114 ) ;
#8864 = FACE_OUTER_BOUND ( 'NONE', #7716, .T. ) ;
#8865 = DIRECTION ( 'NONE',  ( 0.000000000000000000, -0.000000000000000000, -1.000000000000000000 ) ) ;
#8866 = EDGE_LOOP ( 'NONE', ( #251, #10651, #9798, #1690 ) ) ;
#8867 = ADVANCED_FACE ( 'NONE', ( #8220, #418 ), #8381, .F. ) ;
#8868 = EDGE_CURVE ( 'NONE', #11246, #7588, #6686, .T. ) ;
#8870 = EDGE_CURVE ( 'NONE', #9510, #10538, #9291, .T. ) ;
#8869 = DIRECTION ( 'NONE',  ( 0.000000000000000000, 0.000000000000000000, -1.000000000000000000 ) ) ;
#8871 = AXIS2_PLACEMENT_3D ( 'NONE', #10718, #2163, #511 ) ;
#8872 =( REPRESENTATION_RELATIONSHIP ('NONE','NONE', #5926, #187 ) REPRESENTATION_RELATIONSHIP_WITH_TRANSFORMATION ( #4593 )SHAPE_REPRESENTATION_RELATIONSHIP( ) );
#8873 = EDGE_CURVE ( 'NONE', #10387, #2223, #6901, .T. ) ;
#8874 = FACE_OUTER_BOUND ( 'NONE', #9001, .T. ) ;
#8875 = CARTESIAN_POINT ( 'NONE',  ( 1.269999999999996909, 0.5080000000000002292, -0.7528818102449945648 ) ) ;
#8876 =( NAMED_UNIT ( * ) SI_UNIT ( $, .STERADIAN. ) SOLID_ANGLE_UNIT ( ) );
#8877 = CARTESIAN_POINT ( 'NONE',  ( -20.70100000000000406, 8.064500000000000668, 0.3809999999999960085 ) ) ;
#8878 = EDGE_LOOP ( 'NONE', ( #6015, #7574, #6758, #1375 ) ) ;
#8879 = DIRECTION ( 'NONE',  ( 0.000000000000000000, 0.000000000000000000, -1.000000000000000000 ) ) ;
#8880 = VECTOR ( 'NONE', #1390, 999.9999999999998863 ) ;
#8881 = LINE ( 'NONE', #9623, #10632 ) ;
#8882 = ORIENTED_EDGE ( 'NONE', *, *, #7777, .F. ) ;
#8883 = DIRECTION ( 'NONE',  ( 0.000000000000000000, 1.000000000000000000, 0.000000000000000000 ) ) ;
#8884 = ORIENTED_EDGE ( 'NONE', *, *, #4163, .T. ) ;
#8885 = ADVANCED_FACE ( 'NONE', ( #575 ), #1534, .F. ) ;
#8886 = ORIENTED_EDGE ( 'NONE', *, *, #10102, .F. ) ;
#8887 = DIRECTION ( 'NONE',  ( 0.3420201433256659929, 0.9396926207859094271, 2.197857363660188298E-16 ) ) ;
#8888 = CARTESIAN_POINT ( 'NONE',  ( 0.1269999999999951723, 7.810500000000001108, 0.1269999999999961438 ) ) ;
#8889 = LINE ( 'NONE', #3594, #3036 ) ;
#8890 = LINE ( 'NONE', #1084, #5772 ) ;
#8891 = VERTEX_POINT ( 'NONE', #11008 ) ;
#8892 = CARTESIAN_POINT ( 'NONE',  ( 21.58999999999999631, 0.000000000000000000, 1.269999999999998908 ) ) ;
#8893 = DIRECTION ( 'NONE',  ( 0.000000000000000000, 0.000000000000000000, -1.000000000000000000 ) ) ;
#8894 = VERTEX_POINT ( 'NONE', #1421 ) ;
#8895 = CARTESIAN_POINT ( 'NONE',  ( 2.158999999999997588, 8.064500000000000668, 0.3809999999999960085 ) ) ;
#8896 = ADVANCED_FACE ( 'NONE', ( #9461 ), #1472, .F. ) ;
#8897 = ORIENTED_EDGE ( 'NONE', *, *, #7425, .F. ) ;
#8898 = ORIENTED_EDGE ( 'NONE', *, *, #5086, .T. ) ;
#8899 = ORIENTED_EDGE ( 'NONE', *, *, #1842, .T. ) ;
#8900 = CARTESIAN_POINT ( 'NONE',  ( -16.51000000000000512, -1.925929944387235853E-31, 0.8889999999999991243 ) ) ;
#8901 = ORIENTED_EDGE ( 'NONE', *, *, #8110, .T. ) ;
#8902 = LINE ( 'NONE', #2754, #10437 ) ;
#8903 = DIRECTION ( 'NONE',  ( 0.000000000000000000, -1.440069553722777130E-16, 1.000000000000000000 ) ) ;
#8904 = AXIS2_PLACEMENT_3D ( 'NONE', #6251, #2887, #8869 ) ;
#8905 = CARTESIAN_POINT ( 'NONE',  ( 19.04999999999999716, 3.110602869834277161E-16, -1.270000000000001128 ) ) ;
#8906 = CARTESIAN_POINT ( 'NONE',  ( 15.62099999999999511, 8.064500000000000668, 0.3809999999999960085 ) ) ;
#8907 = EDGE_CURVE ( 'NONE', #1567, #10151, #10250, .T. ) ;
#8908 = EDGE_LOOP ( 'NONE', ( #9967, #3374, #1357, #5540, #9491, #2027, #2733, #533 ) ) ;
#8909 = ORIENTED_EDGE ( 'NONE', *, *, #6855, .T. ) ;
#8910 = AXIS2_PLACEMENT_3D ( 'NONE', #2952, #10002, #5570 ) ;
#8911 = LINE ( 'NONE', #1103, #10093 ) ;
#8912 = CARTESIAN_POINT ( 'NONE',  ( 8.000999999999994117, 8.064500000000000668, 0.3809999999999958975 ) ) ;
#8913 = CARTESIAN_POINT ( 'NONE',  ( 1.714499999999997248, 8.509000000000000341, -1.270000000000001128 ) ) ;
#8914 = FACE_OUTER_BOUND ( 'NONE', #4562, .T. ) ;
#8915 = CARTESIAN_POINT ( 'NONE',  ( -0.3810000000000028919, 8.064500000000000668, 0.3809999999999958975 ) ) ;
#8916 = FACE_OUTER_BOUND ( 'NONE', #7156, .T. ) ;
#8917 = ADVANCED_FACE ( 'NONE', ( #2347 ), #5814, .F. ) ;
#8918 = CARTESIAN_POINT ( 'NONE',  ( -16.51000000000000512, 0.5080000000000000071, 0.7528818102449925664 ) ) ;
#8919 = DIRECTION ( 'NONE',  ( 1.000000000000000000, 0.000000000000000000, 0.000000000000000000 ) ) ;
#8920 = ORIENTED_EDGE ( 'NONE', *, *, #6011, .T. ) ;
#8921 = VECTOR ( 'NONE', #4820, 1000.000000000000000 ) ;
#8922 = CARTESIAN_POINT ( 'NONE',  ( 16.50999999999999801, 0.5080000000000000071, 0.7528818102449925664 ) ) ;
#8923 = DIRECTION ( 'NONE',  ( 0.000000000000000000, 0.000000000000000000, -1.000000000000000000 ) ) ;
#8924 = DIRECTION ( 'NONE',  ( 0.000000000000000000, 0.000000000000000000, -1.000000000000000000 ) ) ;
#8925 = EDGE_CURVE ( 'NONE', #4331, #9875, #11231, .T. ) ;
#8926 = LINE ( 'NONE', #8087, #7422 ) ;
#8927 = ORIENTED_EDGE ( 'NONE', *, *, #8925, .F. ) ;
#8928 = AXIS2_PLACEMENT_3D ( 'NONE', #2828, #6308, #8812 ) ;
#8930 = EDGE_CURVE ( 'NONE', #8724, #4681, #3259, .T. ) ;
#8929 = LINE ( 'NONE', #9790, #6050 ) ;
#8931 = EDGE_CURVE ( 'NONE', #729, #736, #2567, .T. ) ;
#8932 = DIRECTION ( 'NONE',  ( 0.000000000000000000, -0.9659258262890700886, 0.2588190451025140781 ) ) ;
#8933 = EDGE_LOOP ( 'NONE', ( #1365, #1218, #9334, #10647 ) ) ;
#8934 = LINE ( 'NONE', #962, #9418 ) ;
#8935 = EDGE_CURVE ( 'NONE', #1886, #10466, #7652, .T. ) ;
#8936 = EDGE_LOOP ( 'NONE', ( #92, #10836, #981, #1368 ) ) ;
#8937 = ORIENTED_EDGE ( 'NONE', *, *, #1486, .T. ) ;
#8938 = AXIS2_PLACEMENT_3D ( 'NONE', #6185, #5387, #8865 ) ;
#8939 = CARTESIAN_POINT ( 'NONE',  ( 11.42999999999999616, -1.925929944387235853E-31, 0.8889999999999991243 ) ) ;
#8940 = DIRECTION ( 'NONE',  ( 0.000000000000000000, 0.000000000000000000, 1.000000000000000000 ) ) ;
#8941 = DIRECTION ( 'NONE',  ( 0.000000000000000000, 2.449293598294710852E-16, -1.000000000000000000 ) ) ;
#8942 = CARTESIAN_POINT ( 'NONE',  ( -8.890000000000004121, 3.110602869834277161E-16, -1.270000000000001128 ) ) ;
#8943 = VERTEX_POINT ( 'NONE', #4166 ) ;
#8944 = PLANE ( 'NONE',  #3715 ) ;
#8945 = CARTESIAN_POINT ( 'NONE',  ( 24.38400000000000745, 2.177422008883992879E-16, -0.8890000000000013447 ) ) ;
#8946 = ORIENTED_EDGE ( 'NONE', *, *, #7489, .F. ) ;
#8947 = AXIS2_PLACEMENT_3D ( 'NONE', #221, #4710, #3682 ) ;
#8948 = LINE ( 'NONE', #6676, #9159 ) ;
#8949 = ORIENTED_EDGE ( 'NONE', *, *, #2834, .F. ) ;
#8950 = EDGE_CURVE ( 'NONE', #1132, #3458, #9404, .T. ) ;
#8951 = ADVANCED_BREP_SHAPE_REPRESENTATION ( '', ( #9368, #1618, #5483, #9106, #5668, #1589, #9309, #9406, #9257, #1715, #5354, #5392, #5312, #5618, #5525, #1934, #5583, #9123, #5466, #1810, #5499, #4858 ), #6500 ) ;
#8952 = ORIENTED_EDGE ( 'NONE', *, *, #327, .F. ) ;
#8953 = ORIENTED_EDGE ( 'NONE', *, *, #8700, .F. ) ;
#8954 = ADVANCED_FACE ( 'NONE', ( #740, #7702 ), #1643, .F. ) ;
#8955 = PLANE ( 'NONE',  #1041 ) ;
#8956 = VECTOR ( 'NONE', #3954, 1000.000000000000000 ) ;
#8957 = CARTESIAN_POINT ( 'NONE',  ( -16.06550000000000367, 8.509000000000000341, 0.8254999999999976801 ) ) ;
#8958 = EDGE_LOOP ( 'NONE', ( #6258, #10159, #9814, #10887 ) ) ;
#8959 = CARTESIAN_POINT ( 'NONE',  ( 24.13000000000000611, -1.925929944387235853E-31, 0.8889999999999991243 ) ) ;
#8960 = CARTESIAN_POINT ( 'NONE',  ( 19.04999999999999716, -1.925929944387235853E-31, 0.8889999999999991243 ) ) ;
#8961 = VECTOR ( 'NONE', #1927, 1000.000000000000000 ) ;
#8962 = VERTEX_POINT ( 'NONE', #6845 ) ;
#8963 = LINE ( 'NONE', #1152, #9202 ) ;
#8964 = PLANE ( 'NONE',  #3151 ) ;
#8965 = VERTEX_POINT ( 'NONE', #10309 ) ;
#8966 = ADVANCED_FACE ( 'NONE', ( #5985 ), #8609, .F. ) ;
#8967 = PRESENTATION_LAYER_ASSIGNMENT (  '', '', ( #6053 ) ) ;
#8968 = ORIENTED_EDGE ( 'NONE', *, *, #2321, .F. ) ;
#8969 = EDGE_CURVE ( 'NONE', #3574, #3999, #7762, .T. ) ;
#8970 = LINE ( 'NONE', #10740, #1728 ) ;
#8971 = CARTESIAN_POINT ( 'NONE',  ( -8.890000000000004121, 2.177422008883992879E-16, -0.8890000000000013447 ) ) ;
#8972 = PRESENTATION_LAYER_ASSIGNMENT (  '', '', ( #5877 ) ) ;
#8973 = FACE_OUTER_BOUND ( 'NONE', #3165, .T. ) ;
#8974 = DIRECTION ( 'NONE',  ( 0.000000000000000000, 0.000000000000000000, 1.000000000000000000 ) ) ;
#8975 = PLANE ( 'NONE',  #2333 ) ;
#8976 = VECTOR ( 'NONE', #4784, 1000.000000000000000 ) ;
#8977 = CARTESIAN_POINT ( 'NONE',  ( 17.39899999999999736, 7.239000000000000767, -0.3810000000000028919 ) ) ;
#8978 = VECTOR ( 'NONE', #148, 1000.000000000000000 ) ;
#8979 = ORIENTED_EDGE ( 'NONE', *, *, #10484, .T. ) ;
#8980 = DIRECTION ( 'NONE',  ( -0.000000000000000000, 0.000000000000000000, 1.000000000000000000 ) ) ;
#8981 = VECTOR ( 'NONE', #8671, 1000.000000000000000 ) ;
#8982 = CARTESIAN_POINT ( 'NONE',  ( -8.001000000000004775, 8.064500000000000668, -0.3810000000000027809 ) ) ;
#8983 = DIRECTION ( 'NONE',  ( 1.000000000000000000, 0.000000000000000000, 0.000000000000000000 ) ) ;
#8984 = CARTESIAN_POINT ( 'NONE',  ( 17.39899999999999736, 8.064500000000000668, 0.3809999999999960085 ) ) ;
#8985 = VERTEX_POINT ( 'NONE', #240 ) ;
#8986 = DIRECTION ( 'NONE',  ( 0.000000000000000000, -0.9659258262890700886, 0.2588190451025140781 ) ) ;
#8987 = FACE_OUTER_BOUND ( 'NONE', #9058, .T. ) ;
#8988 = ORIENTED_EDGE ( 'NONE', *, *, #4763, .F. ) ;
#8989 = VECTOR ( 'NONE', #8749, 1000.000000000000000 ) ;
#8990 = DIRECTION ( 'NONE',  ( 0.000000000000000000, 0.000000000000000000, 1.000000000000000000 ) ) ;
#8991 = ORIENTED_EDGE ( 'NONE', *, *, #194, .F. ) ;
#8992 = ORIENTED_EDGE ( 'NONE', *, *, #7893, .F. ) ;
#8993 = DIRECTION ( 'NONE',  ( 0.000000000000000000, -1.733406087350420004E-16, 1.000000000000000000 ) ) ;
#8994 = CARTESIAN_POINT ( 'NONE',  ( 3.809999999999997389, 0.5080000000000002292, -0.7528818102449945648 ) ) ;
#8995 = CARTESIAN_POINT ( 'NONE',  ( 3.809999999999997389, -1.925929944387235853E-31, 0.8889999999999991243 ) ) ;
#8996 = DIRECTION ( 'NONE',  ( 0.000000000000000000, -2.449293598294710852E-16, 1.000000000000000000 ) ) ;
#8997 = DIRECTION ( 'NONE',  ( -1.000000000000000000, 0.000000000000000000, -0.000000000000000000 ) ) ;
#8998 = VERTEX_POINT ( 'NONE', #3698 ) ;
#8999 = DIRECTION ( 'NONE',  ( 0.000000000000000000, 2.548365665731588345E-16, -1.000000000000000000 ) ) ;
#9000 = DIRECTION ( 'NONE',  ( 0.000000000000000000, 2.548365665731588345E-16, -1.000000000000000000 ) ) ;
#9001 = EDGE_LOOP ( 'NONE', ( #8937, #11076, #3399, #10399 ) ) ;
#9002 = CARTESIAN_POINT ( 'NONE',  ( 24.38400000000000745, -1.925929944387235853E-31, 0.8889999999999991243 ) ) ;
#9003 = VERTEX_POINT ( 'NONE', #7196 ) ;
#9004 = EDGE_LOOP ( 'NONE', ( #1951, #1954, #7584, #3403 ) ) ;
#9005 = VERTEX_POINT ( 'NONE', #9683 ) ;
#9006 = EDGE_CURVE ( 'NONE', #2998, #4530, #1944, .T. ) ;
#9007 = VECTOR ( 'NONE', #8940, 1000.000000000000000 ) ;
#9008 = CARTESIAN_POINT ( 'NONE',  ( -13.97000000000000419, -1.925929944387235853E-31, 0.8889999999999991243 ) ) ;
#9009 = LINE ( 'NONE', #1255, #2300 ) ;
#9010 = EDGE_CURVE ( 'NONE', #4789, #6958, #8833, .T. ) ;
#9011 = EDGE_CURVE ( 'NONE', #11123, #3945, #10545, .T. ) ;
#9012 = ORIENTED_EDGE ( 'NONE', *, *, #10831, .F. ) ;
#9013 = LINE ( 'NONE', #6350, #5515 ) ;
#9014 = LINE ( 'NONE', #5765, #946 ) ;
#9015 =( GEOMETRIC_REPRESENTATION_CONTEXT ( 3 ) GLOBAL_UNCERTAINTY_ASSIGNED_CONTEXT ( ( #732 ) ) GLOBAL_UNIT_ASSIGNED_CONTEXT ( ( #119, #8705, #8876 ) ) REPRESENTATION_CONTEXT ( 'NONE', 'WORKASPACE' ) );
#9016 = ORIENTED_EDGE ( 'NONE', *, *, #5099, .F. ) ;
#9017 = DIRECTION ( 'NONE',  ( 0.000000000000000000, -0.7071067811865484609, 0.7071067811865465735 ) ) ;
#9018 = EDGE_CURVE ( 'NONE', #4836, #2156, #5173, .T. ) ;
#9019 = VERTEX_POINT ( 'NONE', #4391 ) ;
#9020 = ORIENTED_EDGE ( 'NONE', *, *, #6305, .F. ) ;
#9021 = EDGE_CURVE ( 'NONE', #1132, #10436, #2796, .T. ) ;
#9022 =( GEOMETRIC_REPRESENTATION_CONTEXT ( 3 ) GLOBAL_UNCERTAINTY_ASSIGNED_CONTEXT ( ( #515 ) ) GLOBAL_UNIT_ASSIGNED_CONTEXT ( ( #6369, #2149, #342 ) ) REPRESENTATION_CONTEXT ( 'NONE', 'WORKASPACE' ) );
#9023 = CARTESIAN_POINT ( 'NONE',  ( 8.889999999999995239, -1.925929944387235853E-31, 0.8889999999999991243 ) ) ;
#9024 = VECTOR ( 'NONE', #1904, 1000.000000000000000 ) ;
#9025 = CARTESIAN_POINT ( 'NONE',  ( 7.620000000000000107, 7.239000000000000767, -2.201425730935033664E-16 ) ) ;
#9026 = EDGE_CURVE ( 'NONE', #2742, #10360, #10493, .T. ) ;
#9027 = VECTOR ( 'NONE', #7038, 1000.000000000000000 ) ;
#9028 = ORIENTED_EDGE ( 'NONE', *, *, #2324, .F. ) ;
#9029 = CARTESIAN_POINT ( 'NONE',  ( -21.59000000000000341, -1.925929944387235853E-31, 0.8889999999999991243 ) ) ;
#9030 = LINE ( 'NONE', #9883, #7220 ) ;
#9031 = LINE ( 'NONE', #8294, #4332 ) ;
#9032 = EDGE_CURVE ( 'NONE', #3270, #2228, #9741, .T. ) ;
#9033 = VECTOR ( 'NONE', #2653, 1000.000000000000000 ) ;
#9034 = DIRECTION ( 'NONE',  ( 0.000000000000000000, 1.000000000000000000, 1.733406087350420004E-16 ) ) ;
#9035 = ADVANCED_FACE ( 'NONE', ( #6100 ), #5349, .F. ) ;
#9036 = VECTOR ( 'NONE', #5412, 1000.000000000000000 ) ;
#9037 = ORIENTED_EDGE ( 'NONE', *, *, #3713, .F. ) ;
#9038 = DIRECTION ( 'NONE',  ( 0.000000000000000000, -1.000000000000000000, -2.548365665731588345E-16 ) ) ;
#9039 = DIRECTION ( 'NONE',  ( 1.000000000000000000, 0.000000000000000000, 0.000000000000000000 ) ) ;
#9040 = CARTESIAN_POINT ( 'NONE',  ( -0.3810000000000000053, -2.692399999999995686, 0.2032000000000002693 ) ) ;
#9041 = AXIS2_PLACEMENT_3D ( 'NONE', #8271, #4786, #9286 ) ;
#9042 = DIRECTION ( 'NONE',  ( -1.000000000000000000, -0.000000000000000000, -0.000000000000000000 ) ) ;
#9043 = ORIENTED_EDGE ( 'NONE', *, *, #1393, .F. ) ;
#9044 = CARTESIAN_POINT ( 'NONE',  ( 23.68549999999999756, 8.509000000000000341, -0.8255000000000041194 ) ) ;
#9045 = CARTESIAN_POINT ( 'NONE',  ( -21.14550000000000551, 8.509000000000000341, -0.8255000000000041194 ) ) ;
#9046 = EDGE_CURVE ( 'NONE', #9510, #8475, #8889, .T. ) ;
#9047 = CARTESIAN_POINT ( 'NONE',  ( -23.24100000000000321, 8.064500000000000668, 0.3809999999999958975 ) ) ;
#9048 = AXIS2_PLACEMENT_3D ( 'NONE', #6272, #3596, #7080 ) ;
#9049 = ORIENTED_EDGE ( 'NONE', *, *, #8725, .T. ) ;
#9050 = EDGE_LOOP ( 'NONE', ( #2289, #7311, #544, #3588 ) ) ;
#9051 =( LENGTH_UNIT ( ) NAMED_UNIT ( * ) SI_UNIT ( .MILLI., .METRE. ) );
#9052 = CARTESIAN_POINT ( 'NONE',  ( 19.04999999999999716, 2.177422008883992879E-16, -0.8890000000000013447 ) ) ;
#9053 = DIRECTION ( 'NONE',  ( 0.000000000000000000, 1.000000000000000000, -5.054934237236841843E-31 ) ) ;
#9054 =( NAMED_UNIT ( * ) PLANE_ANGLE_UNIT ( ) SI_UNIT ( $, .RADIAN. ) );
#9055 = FILL_AREA_STYLE ('',( #1130 ) ) ;
#9056 = AXIS2_PLACEMENT_3D ( 'NONE', #6425, #7340, #1234 ) ;
#9057 = DIRECTION ( 'NONE',  ( 0.000000000000000000, 1.440069553722777130E-16, -1.000000000000000000 ) ) ;
#9058 = EDGE_LOOP ( 'NONE', ( #1693, #3752, #3876, #8901 ) ) ;
#9059 = CARTESIAN_POINT ( 'NONE',  ( 19.93900000000000006, 8.064500000000000668, 0.3809999999999958975 ) ) ;
#9060 = ADVANCED_FACE ( 'NONE', ( #7079 ), #1761, .F. ) ;
#9061 = ORIENTED_EDGE ( 'NONE', *, *, #8748, .T. ) ;
#9062 = PLANE ( 'NONE',  #3703 ) ;
#9064 = VERTEX_POINT ( 'NONE', #1703 ) ;
#9063 = ADVANCED_FACE ( 'NONE', ( #10600 ), #2851, .T. ) ;
#9065 = CARTESIAN_POINT ( 'NONE',  ( -16.06550000000000367, 8.509000000000000341, -1.270000000000001128 ) ) ;
#9066 = VERTEX_POINT ( 'NONE', #2683 ) ;
#9067 = VERTEX_POINT ( 'NONE', #3029 ) ;
#9068 = ORIENTED_EDGE ( 'NONE', *, *, #2955, .T. ) ;
#9069 = PLANE ( 'NONE',  #10132 ) ;
#9070 = CARTESIAN_POINT ( 'NONE',  ( -13.97000000000000419, -1.925929944387235853E-31, 0.8889999999999991243 ) ) ;
#9071 = ORIENTED_EDGE ( 'NONE', *, *, #7488, .F. ) ;
#9072 = CARTESIAN_POINT ( 'NONE',  ( 12.31899999999999729, 7.239000000000000767, 0.3809999999999958975 ) ) ;
#9073 = PLANE ( 'NONE',  #8770 ) ;
#9074 = ORIENTED_EDGE ( 'NONE', *, *, #5948, .T. ) ;
#9075 = FILL_AREA_STYLE ('',( #4908 ) ) ;
#9076 = EDGE_CURVE ( 'NONE', #2156, #8769, #7869, .T. ) ;
#9078 = EDGE_LOOP ( 'NONE', ( #7562, #444, #903, #10842 ) ) ;
#9077 = ADVANCED_FACE ( 'NONE', ( #8662 ), #7818, .F. ) ;
#9079 = ORIENTED_EDGE ( 'NONE', *, *, #6515, .F. ) ;
#9080 = EDGE_CURVE ( 'NONE', #196, #1426, #9574, .T. ) ;
#9081 = DIRECTION ( 'NONE',  ( 0.000000000000000000, 2.449293598294710852E-16, -1.000000000000000000 ) ) ;
#9082 = CARTESIAN_POINT ( 'NONE',  ( -11.43000000000000504, 3.110602869834277161E-16, -1.270000000000001128 ) ) ;
#9083 = EDGE_LOOP ( 'NONE', ( #3028, #3039, #4882, #11001 ) ) ;
#9084 = CARTESIAN_POINT ( 'NONE',  ( 12.31899999999999729, 8.064500000000000668, 0.3809999999999960085 ) ) ;
#9085 = DIRECTION ( 'NONE',  ( 0.000000000000000000, -0.9659258262890699775, -0.2588190451025145222 ) ) ;
#9086 = DIRECTION ( 'NONE',  ( 0.000000000000000000, 0.000000000000000000, -1.000000000000000000 ) ) ;
#9087 = DIRECTION ( 'NONE',  ( -1.000000000000000000, 0.000000000000000000, 0.000000000000000000 ) ) ;
#9088 = EDGE_CURVE ( 'NONE', #6087, #2526, #910, .T. ) ;
#9089 = VECTOR ( 'NONE', #170, 1000.000000000000114 ) ;
#9090 = EDGE_CURVE ( 'NONE', #5640, #3120, #3537, .T. ) ;
#9091 = ORIENTED_EDGE ( 'NONE', *, *, #7088, .F. ) ;
#9092 = EDGE_CURVE ( 'NONE', #9066, #5471, #6333, .T. ) ;
#9093 = ITEM_DEFINED_TRANSFORMATION ( 'NONE', 'NONE', #3593,  #4858 ) ;
#9094 = EDGE_CURVE ( 'NONE', #7442, #2526, #355, .T. ) ;
#9095 = FACE_OUTER_BOUND ( 'NONE', #3094, .T. ) ;
#9096 = PRESENTATION_STYLE_ASSIGNMENT (( #5443 ) ) ;
#9097 = DIRECTION ( 'NONE',  ( 0.000000000000000000, 0.000000000000000000, 1.000000000000000000 ) ) ;
#9098 = CARTESIAN_POINT ( 'NONE',  ( -0.3810000000000028919, 8.064500000000000668, -0.3810000000000027809 ) ) ;
#9099 = ORIENTED_EDGE ( 'NONE', *, *, #7288, .F. ) ;
#9100 = PLANE ( 'NONE',  #3145 ) ;
#9101 = CARTESIAN_POINT ( 'NONE',  ( 19.93900000000000006, 7.239000000000000767, -0.3810000000000028919 ) ) ;
#9102 = VECTOR ( 'NONE', #3855, 1000.000000000000000 ) ;
#9103 = LINE ( 'NONE', #395, #9102 ) ;
#9104 = ORIENTED_EDGE ( 'NONE', *, *, #11119, .T. ) ;
#9105 = ORIENTED_EDGE ( 'NONE', *, *, #5006, .F. ) ;
#9106 = MANIFOLD_SOLID_BREP ( 'LPattern1[1]', #629 ) ;
#9107 = CARTESIAN_POINT ( 'NONE',  ( -20.32000000000000384, 0.000000000000000000, 0.000000000000000000 ) ) ;
#9108 = FACE_OUTER_BOUND ( 'NONE', #7802, .T. ) ;
#9109 = DIRECTION ( 'NONE',  ( -1.000000000000000000, 0.000000000000000000, -0.000000000000000000 ) ) ;
#9110 = EDGE_CURVE ( 'NONE', #1135, #5605, #4723, .T. ) ;
#9111 = PLANE ( 'NONE',  #11243 ) ;
#9112 = ORIENTED_EDGE ( 'NONE', *, *, #8822, .T. ) ;
#9113 = LINE ( 'NONE', #9059, #2948 ) ;
#9114 = AXIS2_PLACEMENT_3D ( 'NONE', #1149, #9647, #9871 ) ;
#9115 = EDGE_LOOP ( 'NONE', ( #874, #337, #285, #3984 ) ) ;
#9116 = DIRECTION ( 'NONE',  ( -0.000000000000000000, -0.000000000000000000, 1.000000000000000000 ) ) ;
#9117 = ORIENTED_EDGE ( 'NONE', *, *, #9149, .F. ) ;
#9118 = CARTESIAN_POINT ( 'NONE',  ( -13.08100000000000485, 7.239000000000000767, 0.3809999999999958975 ) ) ;
#9119 = ORIENTED_EDGE ( 'NONE', *, *, #7148, .F. ) ;
#9120 = ORIENTED_EDGE ( 'NONE', *, *, #8868, .F. ) ;
#9121 = CARTESIAN_POINT ( 'NONE',  ( -20.70100000000000406, 7.239000000000000767, -0.3810000000000028919 ) ) ;
#9122 = DIRECTION ( 'NONE',  ( 0.000000000000000000, -1.733406087350420004E-16, 1.000000000000000000 ) ) ;
#9123 = MANIFOLD_SOLID_BREP ( 'LPattern1[15]', #8448 ) ;
#9124 = VECTOR ( 'NONE', #506, 1000.000000000000000 ) ;
#9125 = CARTESIAN_POINT ( 'NONE',  ( -0.3810000000000028919, 8.064500000000000668, 0.3809999999999960085 ) ) ;
#9126 = ORIENTED_EDGE ( 'NONE', *, *, #5516, .T. ) ;
#9127 = DIRECTION ( 'NONE',  ( 0.000000000000000000, 0.9659258262890699775, 0.2588190451025145222 ) ) ;
#9128 = LINE ( 'NONE', #1315, #4031 ) ;
#9129 = ORIENTED_EDGE ( 'NONE', *, *, #3440, .F. ) ;
#9130 = CARTESIAN_POINT ( 'NONE',  ( 16.06549999999999656, 8.509000000000000341, -1.270000000000001128 ) ) ;
#9131 = VERTEX_POINT ( 'NONE', #7464 ) ;
#9132 = ORIENTED_EDGE ( 'NONE', *, *, #5607, .T. ) ;
#9133 = AXIS2_PLACEMENT_3D ( 'NONE', #8912, #1844, #1104 ) ;
#9134 = EDGE_CURVE ( 'NONE', #1248, #6826, #6496, .T. ) ;
#9135 = EDGE_CURVE ( 'NONE', #3222, #4129, #7255, .T. ) ;
#9136 = LINE ( 'NONE', #7326, #4658 ) ;
#9137 = CARTESIAN_POINT ( 'NONE',  ( -24.13000000000000611, -1.925929944387235853E-31, 0.8889999999999991243 ) ) ;
#9138 = VERTEX_POINT ( 'NONE', #1186 ) ;
#9139 = DIRECTION ( 'NONE',  ( -0.000000000000000000, 0.000000000000000000, -1.000000000000000000 ) ) ;
#9140 = CARTESIAN_POINT ( 'NONE',  ( -23.24100000000000321, 7.239000000000000767, -0.3810000000000028919 ) ) ;
#9141 = CARTESIAN_POINT ( 'NONE',  ( -6.350000000000004974, 8.509000000000000341, 1.270000000000001128 ) ) ;
#9142 = PLANE ( 'NONE',  #8266 ) ;
#9143 = VECTOR ( 'NONE', #8031, 1000.000000000000000 ) ;
#9144 = ORIENTED_EDGE ( 'NONE', *, *, #10914, .T. ) ;
#9145 = AXIS2_PLACEMENT_3D ( 'NONE', #7842, #1730, #5202 ) ;
#9146 = EDGE_CURVE ( 'NONE', #6167, #6483, #10717, .T. ) ;
#9147 = CARTESIAN_POINT ( 'NONE',  ( -8.890000000000004121, 8.509000000000000341, 1.270000000000001128 ) ) ;
#9148 = LINE ( 'NONE', #2892, #9750 ) ;
#9149 = EDGE_CURVE ( 'NONE', #2789, #1407, #1244, .T. ) ;
#9150 = STYLED_ITEM ( 'NONE', ( #757 ), #1589 ) ;
#9151 = ADVANCED_FACE ( 'NONE', ( #456, #7408 ), #10880, .F. ) ;
#9152 = CARTESIAN_POINT ( 'NONE',  ( -13.97000000000000419, 0.5080000000000000071, 0.7528818102449925664 ) ) ;
#9153 = ORIENTED_EDGE ( 'NONE', *, *, #10389, .T. ) ;
#9154 = CARTESIAN_POINT ( 'NONE',  ( 21.58999999999999631, 2.177422008883992879E-16, -0.8890000000000013447 ) ) ;
#9155 = VECTOR ( 'NONE', #9977, 1000.000000000000000 ) ;
#9156 = CARTESIAN_POINT ( 'NONE',  ( -16.51000000000000512, 8.509000000000000341, -1.270000000000001128 ) ) ;
#9157 = LINE ( 'NONE', #5793, #3805 ) ;
#9158 = ORIENTED_EDGE ( 'NONE', *, *, #9090, .T. ) ;
#9159 = VECTOR ( 'NONE', #4729, 1000.000000000000000 ) ;
#9160 = ORIENTED_EDGE ( 'NONE', *, *, #3586, .F. ) ;
#9161 = DIRECTION ( 'NONE',  ( -1.000000000000000000, -0.000000000000000000, -0.000000000000000000 ) ) ;
#9162 = CARTESIAN_POINT ( 'NONE',  ( -19.93900000000000361, 7.239000000000000767, 0.3809999999999958975 ) ) ;
#9163 =( NAMED_UNIT ( * ) PLANE_ANGLE_UNIT ( ) SI_UNIT ( $, .RADIAN. ) );
#9164 = CARTESIAN_POINT ( 'NONE',  ( -0.3810000000000000053, 0.5079999999999997851, 0.2032000000000010465 ) ) ;
#9165 = EDGE_CURVE ( 'NONE', #7967, #5105, #3127, .T. ) ;
#9166 = DIRECTION ( 'NONE',  ( 0.000000000000000000, 0.000000000000000000, 1.000000000000000000 ) ) ;
#9167 = ORIENTED_EDGE ( 'NONE', *, *, #3948, .F. ) ;
#9168 = DIRECTION ( 'NONE',  ( 0.000000000000000000, 1.000000000000000000, 2.548365665731588345E-16 ) ) ;
#9169 = AXIS2_PLACEMENT_3D ( 'NONE', #6077, #6935, #1853 ) ;
#9170 = EDGE_LOOP ( 'NONE', ( #6452, #9953, #5506, #9691 ) ) ;
#9171 = DIRECTION ( 'NONE',  ( 0.000000000000000000, 1.000000000000000000, 0.000000000000000000 ) ) ;
#9172 = ORIENTED_EDGE ( 'NONE', *, *, #177, .F. ) ;
#9173 = PLANE ( 'NONE',  #9041 ) ;
#9174 = EDGE_CURVE ( 'NONE', #10083, #4640, #2445, .T. ) ;
#9175 = EDGE_LOOP ( 'NONE', ( #6962, #3618, #5878, #2145 ) ) ;
#9176 = EDGE_CURVE ( 'NONE', #11106, #3564, #6612, .T. ) ;
#9177 = VERTEX_POINT ( 'NONE', #2502 ) ;
#9178 = DIRECTION ( 'NONE',  ( -0.000000000000000000, 1.000000000000000000, 1.733406087350420004E-16 ) ) ;
#9179 = CARTESIAN_POINT ( 'NONE',  ( 13.96999999999999709, 0.5080000000000000071, 0.7528818102449925664 ) ) ;
#9180 = LINE ( 'NONE', #6299, #4500 ) ;
#9181 = ORIENTED_EDGE ( 'NONE', *, *, #8520, .F. ) ;
#9182 = DIRECTION ( 'NONE',  ( 0.000000000000000000, 0.000000000000000000, -1.000000000000000000 ) ) ;
#9183 = CARTESIAN_POINT ( 'NONE',  ( 6.349999999999997868, 0.000000000000000000, 0.000000000000000000 ) ) ;
#9184 = VERTEX_POINT ( 'NONE', #5973 ) ;
#9185 = FILL_AREA_STYLE_COLOUR ( '', #3332 ) ;
#9186 = ORIENTED_EDGE ( 'NONE', *, *, #3257, .F. ) ;
#9187 = ORIENTED_EDGE ( 'NONE', *, *, #3387, .T. ) ;
#9188 = VECTOR ( 'NONE', #2544, 1000.000000000000000 ) ;
#9189 = LINE ( 'NONE', #4063, #1560 ) ;
#9190 = CARTESIAN_POINT ( 'NONE',  ( -24.13000000000000611, 8.509000000000000341, 1.270000000000001128 ) ) ;
#9191 = STYLED_ITEM ( 'NONE', ( #6725 ), #9257 ) ;
#9192 = ORIENTED_EDGE ( 'NONE', *, *, #3844, .T. ) ;
#9193 = CARTESIAN_POINT ( 'NONE',  ( -19.05000000000000426, 0.000000000000000000, 1.269999999999998908 ) ) ;
#9194 = VECTOR ( 'NONE', #5315, 1000.000000000000000 ) ;
#9195 = VECTOR ( 'NONE', #1060, 1000.000000000000000 ) ;
#9196 = LINE ( 'NONE', #8397, #5925 ) ;
#9197 = LINE ( 'NONE', #5829, #7238 ) ;
#9198 = FACE_OUTER_BOUND ( 'NONE', #2089, .T. ) ;
#9199 = VERTEX_POINT ( 'NONE', #9388 ) ;
#9200 = VECTOR ( 'NONE', #2609, 1000.000000000000000 ) ;
#9201 = ORIENTED_EDGE ( 'NONE', *, *, #4746, .F. ) ;
#9202 = VECTOR ( 'NONE', #3778, 1000.000000000000114 ) ;
#9203 = LINE ( 'NONE', #1276, #9310 ) ;
#9204 = PLANE ( 'NONE',  #9514 ) ;
#9205 = LINE ( 'NONE', #662, #7590 ) ;
#9206 = VECTOR ( 'NONE', #4138, 1000.000000000000000 ) ;
#9207 = DIRECTION ( 'NONE',  ( -1.000000000000000000, -0.000000000000000000, -0.000000000000000000 ) ) ;
#9208 = PLANE ( 'NONE',  #1057 ) ;
#9209 = VERTEX_POINT ( 'NONE', #677 ) ;
#9210 = DIRECTION ( 'NONE',  ( 0.000000000000000000, 1.000000000000000000, -5.054934237236841843E-31 ) ) ;
#9211 = VECTOR ( 'NONE', #1296, 1000.000000000000000 ) ;
#9212 = CARTESIAN_POINT ( 'NONE',  ( -18.60550000000000281, 8.509000000000000341, -0.8255000000000041194 ) ) ;
#9213 = EDGE_CURVE ( 'NONE', #2373, #8962, #4153, .T. ) ;
#9214 = EDGE_CURVE ( 'NONE', #3634, #3082, #11100, .T. ) ;
#9215 = CARTESIAN_POINT ( 'NONE',  ( -19.05000000000000426, 2.177422008883992879E-16, -0.8890000000000013447 ) ) ;
#9216 = ORIENTED_EDGE ( 'NONE', *, *, #3098, .F. ) ;
#9217 = EDGE_CURVE ( 'NONE', #8710, #10483, #2332, .T. ) ;
#9218 = CARTESIAN_POINT ( 'NONE',  ( -6.350000000000004974, 0.5080000000000000071, 0.7528818102449925664 ) ) ;
#9219 = DIRECTION ( 'NONE',  ( 0.000000000000000000, 0.000000000000000000, 1.000000000000000000 ) ) ;
#9220 = VECTOR ( 'NONE', #1752, 1000.000000000000000 ) ;
#9221 = DIRECTION ( 'NONE',  ( -0.5773502691896253980, 0.5773502691896253980, -0.5773502691896265082 ) ) ;
#9222 = FACE_OUTER_BOUND ( 'NONE', #6923, .T. ) ;
#9223 = CARTESIAN_POINT ( 'NONE',  ( 24.12999999999999901, 0.5080000000000000071, 0.7528818102449925664 ) ) ;
#9224 = LINE ( 'NONE', #1406, #7069 ) ;
#9225 = VERTEX_POINT ( 'NONE', #8589 ) ;
#9226 = FACE_OUTER_BOUND ( 'NONE', #7890, .T. ) ;
#9227 = VECTOR ( 'NONE', #9865, 1000.000000000000114 ) ;
#9228 = AXIS2_PLACEMENT_3D ( 'NONE', #7197, #6156, #2797 ) ;
#9229 = ORIENTED_EDGE ( 'NONE', *, *, #3888, .T. ) ;
#9230 = CARTESIAN_POINT ( 'NONE',  ( 23.68549999999999756, 8.509000000000000341, -1.270000000000001128 ) ) ;
#9231 = ORIENTED_EDGE ( 'NONE', *, *, #4922, .F. ) ;
#9232 = EDGE_CURVE ( 'NONE', #128, #3974, #5912, .T. ) ;
#9233 = LINE ( 'NONE', #2220, #5396 ) ;
#9234 = EDGE_CURVE ( 'NONE', #6433, #770, #1580, .T. ) ;
#9235 = ORIENTED_EDGE ( 'NONE', *, *, #1678, .F. ) ;
#9236 = ORIENTED_EDGE ( 'NONE', *, *, #10300, .F. ) ;
#9237 = AXIS2_PLACEMENT_3D ( 'NONE', #10476, #5158, #5219 ) ;
#9238 = LINE ( 'NONE', #6684, #2119 ) ;
#9239 = EDGE_CURVE ( 'NONE', #10261, #4187, #10127, .T. ) ;
#9240 = LINE ( 'NONE', #2918, #5756 ) ;
#9241 = LINE ( 'NONE', #9125, #154 ) ;
#9242 = EDGE_LOOP ( 'NONE', ( #23, #7384, #9099, #979, #6735, #1189, #6517, #2248 ) ) ;
#9243 = EDGE_CURVE ( 'NONE', #3653, #1256, #5800, .T. ) ;
#9244 = PLANE ( 'NONE',  #980 ) ;
#9245 = FACE_OUTER_BOUND ( 'NONE', #181, .T. ) ;
#9246 = ORIENTED_EDGE ( 'NONE', *, *, #9725, .F. ) ;
#9247 = ORIENTED_EDGE ( 'NONE', *, *, #2764, .T. ) ;
#9248 = VECTOR ( 'NONE', #4647, 1000.000000000000000 ) ;
#9249 = VERTEX_POINT ( 'NONE', #4264 ) ;
#9250 = PRESENTATION_LAYER_ASSIGNMENT (  '', '', ( #7076 ) ) ;
#9251 = CARTESIAN_POINT ( 'NONE',  ( 8.000999999999994117, 8.064500000000000668, 0.3809999999999960085 ) ) ;
#9252 = DIRECTION ( 'NONE',  ( 0.000000000000000000, -0.9659258262890699775, -0.2588190451025145222 ) ) ;
#9253 = ORIENTED_EDGE ( 'NONE', *, *, #2772, .T. ) ;
#9254 = DIRECTION ( 'NONE',  ( 1.000000000000000000, 0.000000000000000000, 0.000000000000000000 ) ) ;
#9255 = LINE ( 'NONE', #1437, #4475 ) ;
#9256 = CARTESIAN_POINT ( 'NONE',  ( 11.42999999999999616, 0.5080000000000002292, -0.7528818102449945648 ) ) ;
#9257 = MANIFOLD_SOLID_BREP ( 'LPattern1[6]', #2262 ) ;
#9258 = DIRECTION ( 'NONE',  ( 0.000000000000000000, 0.000000000000000000, 1.000000000000000000 ) ) ;
#9259 = ORIENTED_EDGE ( 'NONE', *, *, #3241, .T. ) ;
#9260 = ORIENTED_EDGE ( 'NONE', *, *, #7867, .F. ) ;
#9261 = CARTESIAN_POINT ( 'NONE',  ( 7.238999999999995438, 7.239000000000000767, -0.3810000000000028919 ) ) ;
#9262 = EDGE_CURVE ( 'NONE', #4944, #790, #8366, .T. ) ;
#9263 = LINE ( 'NONE', #5788, #3744 ) ;
#9264 = CARTESIAN_POINT ( 'NONE',  ( 13.96999999999999709, 8.509000000000000341, -1.270000000000001128 ) ) ;
#9265 = LINE ( 'NONE', #3340, #4519 ) ;
#9266 = ORIENTED_EDGE ( 'NONE', *, *, #3806, .F. ) ;
#9267 = PRODUCT_DEFINITION_SHAPE ( 'NONE', 'NONE',  #11261 ) ;
#9268 = CARTESIAN_POINT ( 'NONE',  ( -9.779000000000005244, 8.064500000000000668, -0.3810000000000027809 ) ) ;
#9269 = FACE_OUTER_BOUND ( 'NONE', #2082, .T. ) ;
#9270 = ORIENTED_EDGE ( 'NONE', *, *, #3001, .F. ) ;
#9271 = ORIENTED_EDGE ( 'NONE', *, *, #3869, .T. ) ;
#9272 = DIRECTION ( 'NONE',  ( 1.000000000000000000, 0.000000000000000000, 0.000000000000000000 ) ) ;
#9273 = ADVANCED_FACE ( 'NONE', ( #1458 ), #7747, .T. ) ;
#9274 = CARTESIAN_POINT ( 'NONE',  ( -8.890000000000004121, 8.509000000000000341, 1.270000000000001128 ) ) ;
#9275 = DIRECTION ( 'NONE',  ( -0.000000000000000000, 1.000000000000000000, 1.733406087350420004E-16 ) ) ;
#9276 = ADVANCED_FACE ( 'NONE', ( #5850 ), #1803, .F. ) ;
#9277 =( NAMED_UNIT ( * ) SI_UNIT ( $, .STERADIAN. ) SOLID_ANGLE_UNIT ( ) );
#9278 = SURFACE_STYLE_USAGE ( .BOTH. , #6779 ) ;
#9279 = FACE_OUTER_BOUND ( 'NONE', #4444, .T. ) ;
#9280 = EDGE_LOOP ( 'NONE', ( #3416, #5470, #4503, #11038 ) ) ;
#9281 = DIRECTION ( 'NONE',  ( -0.000000000000000000, 1.000000000000000000, 1.733406087350420004E-16 ) ) ;
#9282 = EDGE_CURVE ( 'NONE', #3120, #6568, #7975, .T. ) ;
#9283 = VERTEX_POINT ( 'NONE', #2726 ) ;
#9284 = DIRECTION ( 'NONE',  ( 1.000000000000000000, 0.000000000000000000, -0.000000000000000000 ) ) ;
#9285 = VERTEX_POINT ( 'NONE', #4378 ) ;
#9286 = DIRECTION ( 'NONE',  ( -0.000000000000000000, 0.000000000000000000, -1.000000000000000000 ) ) ;
#9287 = VERTEX_POINT ( 'NONE', #1861 ) ;
#9288 = ORIENTED_EDGE ( 'NONE', *, *, #11097, .T. ) ;
#9289 = CARTESIAN_POINT ( 'NONE',  ( 13.96999999999999709, -1.925929944387235853E-31, 0.8889999999999991243 ) ) ;
#9290 = EDGE_CURVE ( 'NONE', #7468, #2151, #2665, .T. ) ;
#9291 = LINE ( 'NONE', #11116, #5198 ) ;
#9292 = LINE ( 'NONE', #8610, #1042 ) ;
#9293 = VERTEX_POINT ( 'NONE', #5333 ) ;
#9294 = ADVANCED_FACE ( 'NONE', ( #9728 ), #6889, .F. ) ;
#9295 = PLANE ( 'NONE',  #2436 ) ;
#9296 = DIRECTION ( 'NONE',  ( -0.000000000000000000, 1.000000000000000000, 1.733406087350420004E-16 ) ) ;
#9297 = VERTEX_POINT ( 'NONE', #897 ) ;
#9298 = SURFACE_SIDE_STYLE ('',( #1260 ) ) ;
#9299 = ORIENTED_EDGE ( 'NONE', *, *, #5948, .F. ) ;
#9300 = ORIENTED_EDGE ( 'NONE', *, *, #7727, .T. ) ;
#9301 = EDGE_CURVE ( 'NONE', #5179, #10337, #1012, .T. ) ;
#9302 = DIRECTION ( 'NONE',  ( -0.7071067811865475727, -0.7071067811865475727, 0.000000000000000000 ) ) ;
#9303 = CARTESIAN_POINT ( 'NONE',  ( -0.3810000000000028919, 7.239000000000000767, -0.3810000000000028919 ) ) ;
#9304 = ORIENTED_EDGE ( 'NONE', *, *, #1195, .T. ) ;
#9305 = CARTESIAN_POINT ( 'NONE',  ( -13.97000000000000419, 0.5080000000000000071, 0.7528818102449925664 ) ) ;
#9306 = EDGE_CURVE ( 'NONE', #3107, #7126, #7855, .T. ) ;
#9307 = DIRECTION ( 'NONE',  ( 0.000000000000000000, 2.449293598294710852E-16, -1.000000000000000000 ) ) ;
#9308 = CARTESIAN_POINT ( 'NONE',  ( 6.349999999999997868, 2.177422008883992879E-16, -0.8890000000000013447 ) ) ;
#9309 = MANIFOLD_SOLID_BREP ( 'LPattern1[4]', #8274 ) ;
#9310 = VECTOR ( 'NONE', #2147, 1000.000000000000000 ) ;
#9311 = CARTESIAN_POINT ( 'NONE',  ( 21.58999999999999631, 8.509000000000000341, -1.270000000000001128 ) ) ;
#9312 = VERTEX_POINT ( 'NONE', #1923 ) ;
#9313 = ORIENTED_EDGE ( 'NONE', *, *, #8108, .T. ) ;
#9314 = ADVANCED_FACE ( 'NONE', ( #9500 ), #6192, .F. ) ;
#9315 = CARTESIAN_POINT ( 'NONE',  ( -6.350000000000004974, 3.110602869834277161E-16, -1.270000000000001128 ) ) ;
#9316 = VECTOR ( 'NONE', #10628, 1000.000000000000000 ) ;
#9317 = DIRECTION ( 'NONE',  ( -0.000000000000000000, 0.2588190451025140781, 0.9659258262890700886 ) ) ;
#9318 = CARTESIAN_POINT ( 'NONE',  ( 15.11299999999999777, 7.810500000000000220, -0.1270000000000024998 ) ) ;
#9319 = FACE_OUTER_BOUND ( 'NONE', #5638, .T. ) ;
#9320 = CARTESIAN_POINT ( 'NONE',  ( -22.47900000000000631, 8.064500000000000668, -0.3810000000000027809 ) ) ;
#9321 = EDGE_LOOP ( 'NONE', ( #6604, #2007, #6577, #9020 ) ) ;
#9322 = VECTOR ( 'NONE', #8149, 1000.000000000000000 ) ;
#9323 = DIRECTION ( 'NONE',  ( 0.000000000000000000, 0.000000000000000000, 1.000000000000000000 ) ) ;
#9324 = LINE ( 'NONE', #2550, #9838 ) ;
#9325 = COLOUR_RGB ( '',0.2509803921568627416, 0.2509803921568627416, 0.2509803921568627416 ) ;
#9326 = ORIENTED_EDGE ( 'NONE', *, *, #5161, .T. ) ;
#9327 = ORIENTED_EDGE ( 'NONE', *, *, #3442, .F. ) ;
#9328 = DIRECTION ( 'NONE',  ( 1.000000000000000000, 0.000000000000000000, 0.000000000000000000 ) ) ;
#9329 = AXIS2_PLACEMENT_3D ( 'NONE', #5542, #3207, #6633 ) ;
#9330 = CARTESIAN_POINT ( 'NONE',  ( 19.04999999999999716, 2.177422008883992879E-16, -0.8890000000000013447 ) ) ;
#9331 = DIRECTION ( 'NONE',  ( -1.000000000000000000, -0.000000000000000000, -0.000000000000000000 ) ) ;
#9332 = VECTOR ( 'NONE', #9606, 1000.000000000000114 ) ;
#9333 = DIRECTION ( 'NONE',  ( -0.000000000000000000, 1.000000000000000000, 2.449293598294710852E-16 ) ) ;
#9334 = ORIENTED_EDGE ( 'NONE', *, *, #4219, .T. ) ;
#9335 = LINE ( 'NONE', #6836, #2959 ) ;
#9336 = ORIENTED_EDGE ( 'NONE', *, *, #673, .F. ) ;
#9337 = DIRECTION ( 'NONE',  ( -0.000000000000000000, 1.000000000000000000, 1.440069553722777130E-16 ) ) ;
#9338 = EDGE_LOOP ( 'NONE', ( #8239, #7247, #7654, #10730 ) ) ;
#9339 = VECTOR ( 'NONE', #7981, 1000.000000000000000 ) ;
#9340 = LINE ( 'NONE', #1636, #2316 ) ;
#9341 = EDGE_LOOP ( 'NONE', ( #5794, #7264, #10455, #3233 ) ) ;
#9342 = ORIENTED_EDGE ( 'NONE', *, *, #6166, .T. ) ;
#9343 = VECTOR ( 'NONE', #9182, 1000.000000000000000 ) ;
#9344 = PLANE ( 'NONE',  #5745 ) ;
#9345 = CARTESIAN_POINT ( 'NONE',  ( 1.269999999999996909, 0.000000000000000000, 1.269999999999998908 ) ) ;
#9346 = AXIS2_PLACEMENT_3D ( 'NONE', #8412, #4084, #9323 ) ;
#9347 = CARTESIAN_POINT ( 'NONE',  ( 12.31899999999999729, 8.064500000000000668, 0.3809999999999958975 ) ) ;
#9348 = VERTEX_POINT ( 'NONE', #3 ) ;
#9349 = DIRECTION ( 'NONE',  ( 0.000000000000000000, 0.000000000000000000, 1.000000000000000000 ) ) ;
#9350 = CARTESIAN_POINT ( 'NONE',  ( 1.269999999999996909, 8.509000000000000341, 0.8254999999999976801 ) ) ;
#9351 = AXIS2_PLACEMENT_3D ( 'NONE', #2743, #4394, #190 ) ;
#9352 = VERTEX_POINT ( 'NONE', #1687 ) ;
#9353 =( NAMED_UNIT ( * ) SI_UNIT ( $, .STERADIAN. ) SOLID_ANGLE_UNIT ( ) );
#9354 = ORIENTED_EDGE ( 'NONE', *, *, #177, .T. ) ;
#9355 = ORIENTED_EDGE ( 'NONE', *, *, #3097, .F. ) ;
#9356 = EDGE_CURVE ( 'NONE', #2916, #128, #11217, .T. ) ;
#9357 = EDGE_CURVE ( 'NONE', #2391, #3889, #3520, .T. ) ;
#9358 = CLOSED_SHELL ( 'NONE', ( #10892, #9994, #8791, #8600, #4571, #3527, #6800, #55, #4489, #7441, #4884, #11198, #8304, #4247, #3725, #1198, #10969, #6023, #1683 ) ) ;
#9359 = EDGE_CURVE ( 'NONE', #3583, #6908, #10412, .T. ) ;
#9360 = EDGE_CURVE ( 'NONE', #5279, #5640, #1744, .T. ) ;
#9361 = PLANE ( 'NONE',  #9569 ) ;
#9362 = DIRECTION ( 'NONE',  ( -0.5773502691896253980, 0.5773502691896253980, -0.5773502691896265082 ) ) ;
#9363 = ORIENTED_EDGE ( 'NONE', *, *, #10491, .F. ) ;
#9364 = PLANE ( 'NONE',  #6249 ) ;
#9365 = PLANE ( 'NONE',  #2366 ) ;
#9366 = CARTESIAN_POINT ( 'NONE',  ( 19.04999999999999716, 0.5080000000000002292, -0.7528818102449945648 ) ) ;
#9367 = CARTESIAN_POINT ( 'NONE',  ( 19.04999999999999716, 2.177422008883992879E-16, -0.8890000000000013447 ) ) ;
#9368 = MANIFOLD_SOLID_BREP ( 'Chamfer1', #991 ) ;
#9369 = CARTESIAN_POINT ( 'NONE',  ( 0.3809999999999958975, 7.239000000000000767, 0.3809999999999958975 ) ) ;
#9370 = ORIENTED_EDGE ( 'NONE', *, *, #9146, .F. ) ;
#9371 = ORIENTED_EDGE ( 'NONE', *, *, #3042, .T. ) ;
#9372 = VECTOR ( 'NONE', #4095, 1000.000000000000000 ) ;
#9373 = CARTESIAN_POINT ( 'NONE',  ( -8.890000000000004121, 0.5080000000000002292, -0.7528818102449945648 ) ) ;
#9374 = LINE ( 'NONE', #3228, #1141 ) ;
#9375 = PLANE ( 'NONE',  #9580 ) ;
#9376 = LINE ( 'NONE', #1565, #7559 ) ;
#9377 = DIRECTION ( 'NONE',  ( 0.000000000000000000, -0.000000000000000000, -1.000000000000000000 ) ) ;
#9378 = EDGE_LOOP ( 'NONE', ( #11062, #8596, #10846, #7335 ) ) ;
#9379 = EDGE_CURVE ( 'NONE', #1256, #10151, #224, .T. ) ;
#9380 = CARTESIAN_POINT ( 'NONE',  ( -1.270000000000003793, -1.925929944387235853E-31, 0.8889999999999991243 ) ) ;
#9381 = AXIS2_PLACEMENT_3D ( 'NONE', #9957, #9109, #1294 ) ;
#9382 = LINE ( 'NONE', #2438, #3278 ) ;
#9383 = VECTOR ( 'NONE', #5660, 1000.000000000000000 ) ;
#9384 = ORIENTED_EDGE ( 'NONE', *, *, #2751, .T. ) ;
#9385 = ORIENTED_EDGE ( 'NONE', *, *, #4887, .T. ) ;
#9386 =( NAMED_UNIT ( * ) PLANE_ANGLE_UNIT ( ) SI_UNIT ( $, .RADIAN. ) );
#9387 = FACE_OUTER_BOUND ( 'NONE', #8033, .T. ) ;
#9388 = CARTESIAN_POINT ( 'NONE',  ( 1.269999999999996909, 3.110602869834277161E-16, -1.270000000000001128 ) ) ;
#9389 = VECTOR ( 'NONE', #2010, 1000.000000000000114 ) ;
#9390 = AXIS2_PLACEMENT_3D ( 'NONE', #5946, #877, #4353 ) ;
#9391 = CARTESIAN_POINT ( 'NONE',  ( -21.59000000000000341, 8.509000000000000341, -0.8255000000000041194 ) ) ;
#9392 = ORIENTED_EDGE ( 'NONE', *, *, #10669, .T. ) ;
#9393 = EDGE_CURVE ( 'NONE', #2264, #674, #4761, .T. ) ;
#9394 = CARTESIAN_POINT ( 'NONE',  ( -0.3810000000000000053, 0.5079999999999997851, 0.2032000000000010465 ) ) ;
#9395 = UNCERTAINTY_MEASURE_WITH_UNIT (LENGTH_MEASURE( 1.000000000000000082E-05 ), #9447, 'distance_accuracy_value', 'NONE');
#9396 = DIRECTION ( 'NONE',  ( 0.000000000000000000, 2.548365665731588345E-16, -1.000000000000000000 ) ) ;
#9397 = ORIENTED_EDGE ( 'NONE', *, *, #4087, .F. ) ;
#9398 = CARTESIAN_POINT ( 'NONE',  ( -0.3810000000000028919, 8.064500000000000668, -0.3810000000000027809 ) ) ;
#9399 = EDGE_LOOP ( 'NONE', ( #7598, #10289, #2718, #5610, #7778, #5832, #1430, #5030 ) ) ;
#9400 = AXIS2_PLACEMENT_3D ( 'NONE', #6041, #798, #4278 ) ;
#9401 = ORIENTED_EDGE ( 'NONE', *, *, #10272, .F. ) ;
#9402 = FACE_OUTER_BOUND ( 'NONE', #3146, .T. ) ;
#9403 = STYLED_ITEM ( 'NONE', ( #2846 ), #8951 ) ;
#9404 = LINE ( 'NONE', #1594, #7233 ) ;
#9405 = FACE_OUTER_BOUND ( 'NONE', #1596, .T. ) ;
#9406 = MANIFOLD_SOLID_BREP ( 'LPattern1[5]', #2084 ) ;
#9407 = AXIS2_PLACEMENT_3D ( 'NONE', #10841, #8075, #3141 ) ;
#9408 = DIRECTION ( 'NONE',  ( 0.000000000000000000, 2.548365665731588345E-16, -1.000000000000000000 ) ) ;
#9409 = ORIENTED_EDGE ( 'NONE', *, *, #4056, .T. ) ;
#9410 = CARTESIAN_POINT ( 'NONE',  ( 0.3809999999999958975, 8.064500000000000668, -0.3810000000000027809 ) ) ;
#9411 = CARTESIAN_POINT ( 'NONE',  ( -13.97000000000000419, 0.000000000000000000, 1.269999999999998908 ) ) ;
#9412 = AXIS2_PLACEMENT_3D ( 'NONE', #5109, #2617, #7861 ) ;
#9413 = ORIENTED_EDGE ( 'NONE', *, *, #870, .T. ) ;
#9414 = PLANE ( 'NONE',  #10434 ) ;
#9415 = ORIENTED_EDGE ( 'NONE', *, *, #4911, .T. ) ;
#9416 = VERTEX_POINT ( 'NONE', #6481 ) ;
#9417 = VECTOR ( 'NONE', #10826, 1000.000000000000000 ) ;
#9418 = VECTOR ( 'NONE', #8883, 1000.000000000000000 ) ;
#9419 = DIRECTION ( 'NONE',  ( 0.000000000000000000, 0.000000000000000000, 1.000000000000000000 ) ) ;
#9420 = ORIENTED_EDGE ( 'NONE', *, *, #10802, .F. ) ;
#9421 = EDGE_CURVE ( 'NONE', #2844, #5256, #7182, .T. ) ;
#9422 = DIRECTION ( 'NONE',  ( -1.000000000000000000, -0.000000000000000000, -0.000000000000000000 ) ) ;
#9423 = CARTESIAN_POINT ( 'NONE',  ( -5.461000000000003851, 8.064500000000000668, -0.3810000000000027809 ) ) ;
#9424 = EDGE_CURVE ( 'NONE', #364, #8891, #5619, .T. ) ;
#9425 = DIRECTION ( 'NONE',  ( -0.7071067811865475727, -0.7071067811865475727, 0.000000000000000000 ) ) ;
#9426 = DIRECTION ( 'NONE',  ( 0.000000000000000000, 5.054934237236841843E-31, 1.000000000000000000 ) ) ;
#9427 = CARTESIAN_POINT ( 'NONE',  ( 8.889999999999995239, 8.509000000000000341, -1.270000000000001128 ) ) ;
#9428 = VERTEX_POINT ( 'NONE', #9996 ) ;
#9429 = ORIENTED_EDGE ( 'NONE', *, *, #7234, .T. ) ;
#9430 = DIRECTION ( 'NONE',  ( 0.9396926207859094271, 0.3420201433256660484, 0.000000000000000000 ) ) ;
#9431 = CARTESIAN_POINT ( 'NONE',  ( -24.13000000000000611, -1.925929944387235853E-31, 0.8889999999999991243 ) ) ;
#9432 = DIRECTION ( 'NONE',  ( 1.000000000000000000, 0.000000000000000000, -0.000000000000000000 ) ) ;
#9433 = CARTESIAN_POINT ( 'NONE',  ( -8.890000000000004121, 0.000000000000000000, 1.269999999999998908 ) ) ;
#9434 = DIRECTION ( 'NONE',  ( 0.000000000000000000, -0.9659258262890700886, 0.2588190451025140781 ) ) ;
#9435 = EDGE_LOOP ( 'NONE', ( #8836, #10726, #2095, #5296 ) ) ;
#9436 = EDGE_CURVE ( 'NONE', #7872, #1611, #389, .T. ) ;
#9437 = ADVANCED_FACE ( 'NONE', ( #7241 ), #4596, .F. ) ;
#9438 = EDGE_CURVE ( 'NONE', #11236, #9965, #3849, .T. ) ;
#9439 = DIRECTION ( 'NONE',  ( 0.000000000000000000, 0.9659258262890700886, -0.2588190451025140781 ) ) ;
#9440 = LINE ( 'NONE', #10168, #8217 ) ;
#9441 = ORIENTED_EDGE ( 'NONE', *, *, #7471, .F. ) ;
#9442 = EDGE_CURVE ( 'NONE', #10364, #9283, #9148, .T. ) ;
#9443 = LINE ( 'NONE', #7850, #6271 ) ;
#9444 = CARTESIAN_POINT ( 'NONE',  ( -12.70000000000000462, 0.000000000000000000, 0.000000000000000000 ) ) ;
#9445 = PLANE ( 'NONE',  #2941 ) ;
#9446 = SURFACE_STYLE_USAGE ( .BOTH. , #11157 ) ;
#9447 =( LENGTH_UNIT ( ) NAMED_UNIT ( * ) SI_UNIT ( .MILLI., .METRE. ) );
#9448 = DIRECTION ( 'NONE',  ( -1.000000000000000000, 0.000000000000000000, -0.000000000000000000 ) ) ;
#9449 = ORIENTED_EDGE ( 'NONE', *, *, #6934, .T. ) ;
#9450 = DIRECTION ( 'NONE',  ( -0.000000000000000000, -0.7071067811865482389, -0.7071067811865469066 ) ) ;
#9451 = DIRECTION ( 'NONE',  ( 0.000000000000000000, 0.000000000000000000, 1.000000000000000000 ) ) ;
#9452 = AXIS2_PLACEMENT_3D ( 'NONE', #8093, #7248, #10708 ) ;
#9453 = ORIENTED_EDGE ( 'NONE', *, *, #4358, .T. ) ;
#9454 = DIRECTION ( 'NONE',  ( -1.000000000000000000, -0.000000000000000000, -0.000000000000000000 ) ) ;
#9455 = EDGE_LOOP ( 'NONE', ( #3115, #3651, #4117, #1556, #2749, #2157, #8165, #4042 ) ) ;
#9456 = PRODUCT_DEFINITION_SHAPE ( 'NONE', 'NONE',  #11255 ) ;
#9457 = ORIENTED_EDGE ( 'NONE', *, *, #485, .T. ) ;
#9458 = LINE ( 'NONE', #7816, #9859 ) ;
#9459 = CARTESIAN_POINT ( 'NONE',  ( 17.39899999999999736, 7.239000000000000767, 0.3809999999999958975 ) ) ;
#9460 = AXIS2_PLACEMENT_3D ( 'NONE', #2263, #5733, #5625 ) ;
#9461 = FACE_OUTER_BOUND ( 'NONE', #4243, .T. ) ;
#9462 = CARTESIAN_POINT ( 'NONE',  ( 3.809999999999997389, 8.509000000000000341, -1.270000000000001128 ) ) ;
#9463 = EDGE_LOOP ( 'NONE', ( #10615, #10936, #1070, #98 ) ) ;
#9464 = DIRECTION ( 'NONE',  ( 0.000000000000000000, -5.054934237236841843E-31, -1.000000000000000000 ) ) ;
#9465 = LINE ( 'NONE', #6046, #5851 ) ;
#9466 = ORIENTED_EDGE ( 'NONE', *, *, #2195, .T. ) ;
#9467 = EDGE_LOOP ( 'NONE', ( #4733, #2517, #5870, #2987 ) ) ;
#9468 = ORIENTED_EDGE ( 'NONE', *, *, #387, .F. ) ;
#9469 = CARTESIAN_POINT ( 'NONE',  ( 8.889999999999995239, 0.000000000000000000, 1.269999999999998908 ) ) ;
#9470 = VERTEX_POINT ( 'NONE', #713 ) ;
#9471 = DIRECTION ( 'NONE',  ( 0.000000000000000000, 5.054934237236841843E-31, 1.000000000000000000 ) ) ;
#9472 = CARTESIAN_POINT ( 'NONE',  ( 24.12999999999999901, 8.509000000000000341, -1.270000000000001128 ) ) ;
#9473 = DIRECTION ( 'NONE',  ( 0.000000000000000000, 0.000000000000000000, -1.000000000000000000 ) ) ;
#9474 = CARTESIAN_POINT ( 'NONE',  ( -12.31900000000000617, 8.064500000000000668, 0.3809999999999960085 ) ) ;
#9475 = ORIENTED_EDGE ( 'NONE', *, *, #10891, .F. ) ;
#9476 = VECTOR ( 'NONE', #3551, 1000.000000000000114 ) ;
#9477 = DIRECTION ( 'NONE',  ( 0.000000000000000000, -0.9659258262890699775, -0.2588190451025145222 ) ) ;
#9478 = EDGE_LOOP ( 'NONE', ( #6458, #5000, #10215, #9856 ) ) ;
#9479 = ORIENTED_EDGE ( 'NONE', *, *, #2341, .T. ) ;
#9480 = EDGE_CURVE ( 'NONE', #1990, #7924, #10046, .T. ) ;
#9481 = LINE ( 'NONE', #2649, #123 ) ;
#9482 = DIRECTION ( 'NONE',  ( 0.000000000000000000, 0.000000000000000000, -1.000000000000000000 ) ) ;
#9483 = CARTESIAN_POINT ( 'NONE',  ( 24.13000000000000611, 0.5080000000000000071, 0.7528818102449925664 ) ) ;
#9484 = CARTESIAN_POINT ( 'NONE',  ( 16.50999999999999801, 8.509000000000000341, -1.270000000000001128 ) ) ;
#9485 = VECTOR ( 'NONE', #7563, 999.9999999999998863 ) ;
#9486 = CARTESIAN_POINT ( 'NONE',  ( 19.04999999999999716, 0.5080000000000000071, 0.7528818102449925664 ) ) ;
#9487 = LINE ( 'NONE', #1912, #5784 ) ;
#9488 = ORIENTED_EDGE ( 'NONE', *, *, #6650, .F. ) ;
#9489 = DIRECTION ( 'NONE',  ( 0.000000000000000000, -1.000000000000000000, -1.733406087350420004E-16 ) ) ;
#9490 = DIRECTION ( 'NONE',  ( 0.000000000000000000, -0.9659258262890700886, 0.2588190451025140781 ) ) ;
#9491 = ORIENTED_EDGE ( 'NONE', *, *, #11035, .T. ) ;
#9492 = EDGE_CURVE ( 'NONE', #6175, #3597, #7626, .T. ) ;
#9494 = EDGE_CURVE ( 'NONE', #7275, #10876, #9263, .T. ) ;
#9493 = LINE ( 'NONE', #3459, #10825 ) ;
#9495 = VECTOR ( 'NONE', #8041, 1000.000000000000000 ) ;
#9496 = EDGE_CURVE ( 'NONE', #5359, #4642, #3281, .T. ) ;
#9497 = CARTESIAN_POINT ( 'NONE',  ( -16.51000000000000512, 0.5080000000000000071, 0.7528818102449925664 ) ) ;
#9498 = EDGE_CURVE ( 'NONE', #8684, #4328, #1445, .T. ) ;
#9499 = CARTESIAN_POINT ( 'NONE',  ( -8.890000000000005898, 0.5080000000000000071, 0.7528818102449925664 ) ) ;
#9500 = FACE_OUTER_BOUND ( 'NONE', #2551, .T. ) ;
#9501 = CARTESIAN_POINT ( 'NONE',  ( -13.97000000000000419, 2.177422008883992879E-16, -0.8890000000000013447 ) ) ;
#9502 = ORIENTED_EDGE ( 'NONE', *, *, #6514, .T. ) ;
#9503 = CARTESIAN_POINT ( 'NONE',  ( -19.05000000000000426, 3.110602869834277161E-16, -1.270000000000001128 ) ) ;
#9504 = VECTOR ( 'NONE', #59, 1000.000000000000000 ) ;
#9505 = CARTESIAN_POINT ( 'NONE',  ( 24.38400000000000745, 0.000000000000000000, 1.269999999999998908 ) ) ;
#9506 = VERTEX_POINT ( 'NONE', #5960 ) ;
#9507 = LINE ( 'NONE', #10420, #4853 ) ;
#9508 = VERTEX_POINT ( 'NONE', #8407 ) ;
#9509 = COLOUR_RGB ( '',0.2509803921568627416, 0.2509803921568627416, 0.2509803921568627416 ) ;
#9510 = VERTEX_POINT ( 'NONE', #4874 ) ;
#9511 = LINE ( 'NONE', #8714, #5485 ) ;
#9512 = EDGE_CURVE ( 'NONE', #3095, #977, #10221, .T. ) ;
#9513 = DIRECTION ( 'NONE',  ( 0.000000000000000000, -0.000000000000000000, -1.000000000000000000 ) ) ;
#9514 = AXIS2_PLACEMENT_3D ( 'NONE', #4812, #2430, #4760 ) ;
#9515 = DIRECTION ( 'NONE',  ( -0.000000000000000000, 0.000000000000000000, -1.000000000000000000 ) ) ;
#9516 = DIRECTION ( 'NONE',  ( 1.000000000000000000, -0.000000000000000000, -0.000000000000000000 ) ) ;
#9517 = ORIENTED_EDGE ( 'NONE', *, *, #6036, .T. ) ;
#9518 = LINE ( 'NONE', #11234, #91 ) ;
#9519 = CARTESIAN_POINT ( 'NONE',  ( -20.70100000000000406, 8.064500000000000668, -0.3810000000000027809 ) ) ;
#9520 = ADVANCED_FACE ( 'NONE', ( #2431 ), #8524, .F. ) ;
#9521 = VECTOR ( 'NONE', #2131, 1000.000000000000000 ) ;
#9522 = ORIENTED_EDGE ( 'NONE', *, *, #5516, .F. ) ;
#9523 = CARTESIAN_POINT ( 'NONE',  ( -19.05000000000000426, 2.177422008883992879E-16, -0.8890000000000013447 ) ) ;
#9524 = ADVANCED_FACE ( 'NONE', ( #3229 ), #9375, .F. ) ;
#9525 = ORIENTED_EDGE ( 'NONE', *, *, #4626, .T. ) ;
#9526 = VECTOR ( 'NONE', #4575, 1000.000000000000000 ) ;
#9527 = ORIENTED_EDGE ( 'NONE', *, *, #7838, .T. ) ;
#9528 = VECTOR ( 'NONE', #5978, 1000.000000000000000 ) ;
#9529 = FACE_OUTER_BOUND ( 'NONE', #3524, .T. ) ;
#9530 = VECTOR ( 'NONE', #10255, 1000.000000000000000 ) ;
#9531 = EDGE_LOOP ( 'NONE', ( #7159, #3528, #6362, #1053 ) ) ;
#9532 = DIRECTION ( 'NONE',  ( 0.000000000000000000, 0.2588190451025145222, -0.9659258262890699775 ) ) ;
#9533 = LINE ( 'NONE', #10445, #919 ) ;
#9534 = DIRECTION ( 'NONE',  ( -1.000000000000000000, -0.000000000000000000, -0.000000000000000000 ) ) ;
#9535 = DIRECTION ( 'NONE',  ( 0.000000000000000000, 2.548365665731588345E-16, -1.000000000000000000 ) ) ;
#9536 = ORIENTED_EDGE ( 'NONE', *, *, #2002, .F. ) ;
#9537 = VECTOR ( 'NONE', #772, 1000.000000000000000 ) ;
#9538 = CARTESIAN_POINT ( 'NONE',  ( 21.58999999999999631, 3.110602869834277161E-16, -1.270000000000001128 ) ) ;
#9539 = EDGE_LOOP ( 'NONE', ( #8120, #9229, #7864, #10733, #5450, #1250, #9694, #1631 ) ) ;
#9540 = CARTESIAN_POINT ( 'NONE',  ( -8.001000000000004775, 8.064500000000000668, 0.3809999999999958975 ) ) ;
#9541 = CARTESIAN_POINT ( 'NONE',  ( 19.04999999999999716, 8.509000000000000341, -1.270000000000001128 ) ) ;
#9542 = LINE ( 'NONE', #8523, #9332 ) ;
#9543 = CARTESIAN_POINT ( 'NONE',  ( 6.349999999999997868, 3.110602869834277161E-16, -1.270000000000001128 ) ) ;
#9544 = CARTESIAN_POINT ( 'NONE',  ( -8.890000000000005898, 0.5080000000000002292, -0.7528818102449945648 ) ) ;
#9545 = CARTESIAN_POINT ( 'NONE',  ( 17.39899999999999736, 8.064500000000000668, 0.3809999999999958975 ) ) ;
#9546 = EDGE_LOOP ( 'NONE', ( #8884, #6782, #7373, #4215 ) ) ;
#9547 = DIRECTION ( 'NONE',  ( 0.000000000000000000, 5.054934237236841843E-31, 1.000000000000000000 ) ) ;
#9548 = CARTESIAN_POINT ( 'NONE',  ( -1.270000000000003793, 8.509000000000000341, 1.270000000000001128 ) ) ;
#9549 = EDGE_LOOP ( 'NONE', ( #3479, #7826, #2556, #5139 ) ) ;
#9550 = VECTOR ( 'NONE', #10823, 1000.000000000000000 ) ;
#9551 = DIRECTION ( 'NONE',  ( 0.000000000000000000, 0.000000000000000000, 1.000000000000000000 ) ) ;
#9552 = LINE ( 'NONE', #8646, #7674 ) ;
#9553 = CARTESIAN_POINT ( 'NONE',  ( -11.43000000000000504, 0.000000000000000000, 1.269999999999998908 ) ) ;
#9554 = PRESENTATION_STYLE_ASSIGNMENT (( #7912 ) ) ;
#9555 =( GEOMETRIC_REPRESENTATION_CONTEXT ( 3 ) GLOBAL_UNCERTAINTY_ASSIGNED_CONTEXT ( ( #9395 ) ) GLOBAL_UNIT_ASSIGNED_CONTEXT ( ( #9447, #1404, #10175 ) ) REPRESENTATION_CONTEXT ( 'NONE', 'WORKASPACE' ) );
#9556 = LINE ( 'NONE', #7119, #9960 ) ;
#9557 = VERTEX_POINT ( 'NONE', #8466 ) ;
#9559 = EDGE_CURVE ( 'NONE', #1499, #136, #7673, .T. ) ;
#9558 = DIRECTION ( 'NONE',  ( 0.000000000000000000, 0.000000000000000000, -1.000000000000000000 ) ) ;
#9560 = EDGE_CURVE ( 'NONE', #2647, #3317, #5036, .T. ) ;
#9561 = VECTOR ( 'NONE', #7444, 1000.000000000000000 ) ;
#9562 = CARTESIAN_POINT ( 'NONE',  ( -11.43000000000000504, 0.000000000000000000, 1.269999999999998908 ) ) ;
#9563 = EDGE_LOOP ( 'NONE', ( #10829, #6231, #6951, #10503 ) ) ;
#9564 = ADVANCED_FACE ( 'NONE', ( #3968 ), #10163, .F. ) ;
#9565 = DIRECTION ( 'NONE',  ( 0.000000000000000000, 0.000000000000000000, 1.000000000000000000 ) ) ;
#9566 = ORIENTED_EDGE ( 'NONE', *, *, #6946, .F. ) ;
#9567 = ORIENTED_EDGE ( 'NONE', *, *, #236, .F. ) ;
#9568 = VECTOR ( 'NONE', #442, 1000.000000000000000 ) ;
#9569 = AXIS2_PLACEMENT_3D ( 'NONE', #3377, #7610, #11074 ) ;
#9570 = LINE ( 'NONE', #6039, #6035 ) ;
#9571 = CARTESIAN_POINT ( 'NONE',  ( 3.809999999999997389, -1.925929944387235853E-31, 0.8889999999999991243 ) ) ;
#9572 = AXIS2_PLACEMENT_3D ( 'NONE', #2644, #11191, #2477 ) ;
#9573 = CARTESIAN_POINT ( 'NONE',  ( -15.11300000000000665, 7.810500000000001108, 0.1269999999999961438 ) ) ;
#9574 = LINE ( 'NONE', #5235, #7592 ) ;
#9575 = CARTESIAN_POINT ( 'NONE',  ( 22.47899999999999920, 8.064500000000000668, -0.3810000000000027809 ) ) ;
#9576 = EDGE_LOOP ( 'NONE', ( #6605, #9385, #9079, #2900 ) ) ;
#9577 = DIRECTION ( 'NONE',  ( -1.000000000000000000, -0.000000000000000000, -0.000000000000000000 ) ) ;
#9578 = CARTESIAN_POINT ( 'NONE',  ( -24.38400000000000745, 0.000000000000000000, 0.000000000000000000 ) ) ;
#9579 = EDGE_CURVE ( 'NONE', #2635, #9184, #7565, .T. ) ;
#9580 = AXIS2_PLACEMENT_3D ( 'NONE', #4190, #2315, #3337 ) ;
#9581 = ORIENTED_EDGE ( 'NONE', *, *, #4964, .F. ) ;
#9582 =( LENGTH_UNIT ( ) NAMED_UNIT ( * ) SI_UNIT ( .MILLI., .METRE. ) );
#9583 = ORIENTED_EDGE ( 'NONE', *, *, #10613, .F. ) ;
#9584 = AXIS2_PLACEMENT_3D ( 'NONE', #5644, #9122, #10729 ) ;
#9585 = ORIENTED_EDGE ( 'NONE', *, *, #8931, .T. ) ;
#9586 = EDGE_CURVE ( 'NONE', #7176, #9993, #11142, .T. ) ;
#9587 = EDGE_CURVE ( 'NONE', #5923, #6051, #1388, .T. ) ;
#9588 = VECTOR ( 'NONE', #9936, 1000.000000000000000 ) ;
#9589 = EDGE_CURVE ( 'NONE', #348, #2919, #6596, .T. ) ;
#9590 = DIRECTION ( 'NONE',  ( -0.000000000000000000, 1.000000000000000000, 1.733406087350420004E-16 ) ) ;
#9591 = VECTOR ( 'NONE', #9258, 1000.000000000000000 ) ;
#9592 = ORIENTED_EDGE ( 'NONE', *, *, #10482, .T. ) ;
#9593 = CARTESIAN_POINT ( 'NONE',  ( -10.98550000000000360, 8.509000000000000341, 0.8254999999999976801 ) ) ;
#9594 = DIRECTION ( 'NONE',  ( -1.000000000000000000, 0.000000000000000000, 0.000000000000000000 ) ) ;
#9595 = CARTESIAN_POINT ( 'NONE',  ( 18.16099999999999781, 7.239000000000000767, -0.3810000000000028919 ) ) ;
#9596 =( NAMED_UNIT ( * ) PLANE_ANGLE_UNIT ( ) SI_UNIT ( $, .RADIAN. ) );
#9597 = ORIENTED_EDGE ( 'NONE', *, *, #8598, .T. ) ;
#9598 = VECTOR ( 'NONE', #7496, 1000.000000000000000 ) ;
#9599 = VECTOR ( 'NONE', #9715, 999.9999999999998863 ) ;
#9600 = DIRECTION ( 'NONE',  ( 0.000000000000000000, 1.000000000000000000, 2.548365665731588345E-16 ) ) ;
#9601 = ORIENTED_EDGE ( 'NONE', *, *, #176, .F. ) ;
#9602 = EDGE_CURVE ( 'NONE', #5496, #3597, #1507, .T. ) ;
#9603 = DIRECTION ( 'NONE',  ( -1.000000000000000000, 0.000000000000000000, -0.000000000000000000 ) ) ;
#9604 = CARTESIAN_POINT ( 'NONE',  ( 0.3810000000000000053, 0.5079999999999998961, -0.2031999999999997419 ) ) ;
#9605 = VECTOR ( 'NONE', #7293, 1000.000000000000000 ) ;
#9606 = DIRECTION ( 'NONE',  ( 0.000000000000000000, 0.9659258262890700886, -0.2588190451025140781 ) ) ;
#9607 = DIRECTION ( 'NONE',  ( 0.7071067811865475727, -0.7071067811865475727, 0.000000000000000000 ) ) ;
#9608 = FACE_OUTER_BOUND ( 'NONE', #4101, .T. ) ;
#9609 = LINE ( 'NONE', #6244, #3965 ) ;
#9610 = ORIENTED_EDGE ( 'NONE', *, *, #380, .F. ) ;
#9611 = CARTESIAN_POINT ( 'NONE',  ( 24.38400000000000745, 0.000000000000000000, 0.000000000000000000 ) ) ;
#9612 = CARTESIAN_POINT ( 'NONE',  ( 8.889999999999995239, 3.110602869834277161E-16, -1.270000000000001128 ) ) ;
#9613 = EDGE_LOOP ( 'NONE', ( #1209, #8946, #6944, #233 ) ) ;
#9614 = EDGE_CURVE ( 'NONE', #4456, #5299, #9205, .T. ) ;
#9615 = CARTESIAN_POINT ( 'NONE',  ( 18.16099999999999781, 8.064500000000000668, -0.3810000000000027809 ) ) ;
#9616 = PRODUCT_CONTEXT ( 'NONE', #7349, 'mechanical' ) ;
#9617 = DIRECTION ( 'NONE',  ( 1.000000000000000000, 0.000000000000000000, -0.000000000000000000 ) ) ;
#9618 = LINE ( 'NONE', #5332, #3680 ) ;
#9619 = DIRECTION ( 'NONE',  ( 0.000000000000000000, 2.449293598294710852E-16, -1.000000000000000000 ) ) ;
#9620 = CARTESIAN_POINT ( 'NONE',  ( 11.42999999999999616, 8.509000000000000341, 1.270000000000001128 ) ) ;
#9621 = ORIENTED_EDGE ( 'NONE', *, *, #10389, .F. ) ;
#9622 = CARTESIAN_POINT ( 'NONE',  ( -24.38400000000000745, 2.177422008883992879E-16, -0.8890000000000013447 ) ) ;
#9623 = CARTESIAN_POINT ( 'NONE',  ( 21.58999999999999631, 0.5080000000000002292, -0.7528818102449945648 ) ) ;
#9624 = ORIENTED_EDGE ( 'NONE', *, *, #36, .F. ) ;
#9625 = FACE_OUTER_BOUND ( 'NONE', #9455, .T. ) ;
#9626 = ORIENTED_EDGE ( 'NONE', *, *, #9560, .T. ) ;
#9627 = ORIENTED_EDGE ( 'NONE', *, *, #10482, .F. ) ;
#9628 = ADVANCED_FACE ( 'NONE', ( #7507 ), #10107, .F. ) ;
#9629 = EDGE_CURVE ( 'NONE', #3484, #3783, #7843, .T. ) ;
#9630 = DIRECTION ( 'NONE',  ( -0.000000000000000000, 1.000000000000000000, 1.733406087350420004E-16 ) ) ;
#9631 = LINE ( 'NONE', #6955, #3007 ) ;
#9632 = DIRECTION ( 'NONE',  ( -0.5773502691896252870, -0.5773502691896251759, -0.5773502691896267303 ) ) ;
#9633 = CARTESIAN_POINT ( 'NONE',  ( 12.31899999999999729, 8.064500000000000668, 0.3809999999999958975 ) ) ;
#9634 = EDGE_CURVE ( 'NONE', #1194, #10789, #2594, .T. ) ;
#9635 = DIRECTION ( 'NONE',  ( 0.000000000000000000, -5.054934237236841843E-31, -1.000000000000000000 ) ) ;
#9636 = ORIENTED_EDGE ( 'NONE', *, *, #2877, .T. ) ;
#9637 = DIRECTION ( 'NONE',  ( 0.000000000000000000, -1.733406087350420004E-16, 1.000000000000000000 ) ) ;
#9638 = LINE ( 'NONE', #1883, #5488 ) ;
#9639 = ORIENTED_EDGE ( 'NONE', *, *, #932, .T. ) ;
#9640 = DIRECTION ( 'NONE',  ( 1.000000000000000000, -0.000000000000000000, -0.000000000000000000 ) ) ;
#9641 = EDGE_LOOP ( 'NONE', ( #9517, #2219, #6804, #1014, #8388, #6280, #2809, #11096 ) ) ;
#9642 = VERTEX_POINT ( 'NONE', #9484 ) ;
#9643 = CARTESIAN_POINT ( 'NONE',  ( 1.269999999999996909, 0.000000000000000000, 1.269999999999998908 ) ) ;
#9644 = EDGE_CURVE ( 'NONE', #2373, #9138, #10395, .T. ) ;
#9645 = ORIENTED_EDGE ( 'NONE', *, *, #4260, .F. ) ;
#9646 = CARTESIAN_POINT ( 'NONE',  ( 6.349999999999994316, 0.000000000000000000, 1.269999999999998908 ) ) ;
#9647 = DIRECTION ( 'NONE',  ( -0.000000000000000000, 0.2588190451025140781, 0.9659258262890700886 ) ) ;
#9648 = CARTESIAN_POINT ( 'NONE',  ( -6.350000000000004974, 8.509000000000000341, -1.270000000000001128 ) ) ;
#9649 = FILL_AREA_STYLE ('',( #9822 ) ) ;
#9650 = EDGE_LOOP ( 'NONE', ( #8327, #7999, #162, #5621, #7360, #6629, #1480, #6229 ) ) ;
#9651 = LINE ( 'NONE', #4470, #6692 ) ;
#9652 = ORIENTED_EDGE ( 'NONE', *, *, #1470, .T. ) ;
#9653 = FACE_OUTER_BOUND ( 'NONE', #3466, .T. ) ;
#9654 = CARTESIAN_POINT ( 'NONE',  ( 20.32000000000000028, 7.239000000000000767, -2.201425730935033664E-16 ) ) ;
#9655 = EDGE_CURVE ( 'NONE', #2560, #8225, #4249, .T. ) ;
#9656 = FACE_OUTER_BOUND ( 'NONE', #9242, .T. ) ;
#9657 = CARTESIAN_POINT ( 'NONE',  ( -24.38400000000000745, 0.5080000000000000071, 0.7528818102449925664 ) ) ;
#9658 = DIRECTION ( 'NONE',  ( 0.000000000000000000, -0.9659258262890700886, 0.2588190451025140781 ) ) ;
#9659 = CARTESIAN_POINT ( 'NONE',  ( -16.51000000000000512, 8.509000000000000341, -1.270000000000001128 ) ) ;
#9660 = EDGE_LOOP ( 'NONE', ( #8368, #7994, #3435, #3267 ) ) ;
#9661 = FACE_OUTER_BOUND ( 'NONE', #9083, .T. ) ;
#9662 = EDGE_CURVE ( 'NONE', #10011, #700, #939, .T. ) ;
#9663 = CARTESIAN_POINT ( 'NONE',  ( 6.349999999999997868, 0.000000000000000000, 1.269999999999998908 ) ) ;
#9664 = VERTEX_POINT ( 'NONE', #11204 ) ;
#9665 = DIRECTION ( 'NONE',  ( 1.000000000000000000, 0.000000000000000000, -0.000000000000000000 ) ) ;
#9666 = APPLICATION_PROTOCOL_DEFINITION ( 'draft international standard', 'automotive_design', 1998, #7931 ) ;
#9667 = CARTESIAN_POINT ( 'NONE',  ( -9.779000000000005244, 8.064500000000000668, 0.3809999999999958975 ) ) ;
#9668 = AXIS2_PLACEMENT_3D ( 'NONE', #4757, #1504, #3060 ) ;
#9669 = CARTESIAN_POINT ( 'NONE',  ( 3.365499999999996827, 8.509000000000000341, -1.270000000000001128 ) ) ;
#9670 = PLANE ( 'NONE',  #8514 ) ;
#9671 = VERTEX_POINT ( 'NONE', #42 ) ;
#9672 = FACE_OUTER_BOUND ( 'NONE', #10145, .T. ) ;
#9673 = DIRECTION ( 'NONE',  ( 0.000000000000000000, 0.9659258262890700886, -0.2588190451025140781 ) ) ;
#9674 = ORIENTED_EDGE ( 'NONE', *, *, #140, .F. ) ;
#9675 = LINE ( 'NONE', #180, #8015 ) ;
#9676 = VECTOR ( 'NONE', #3592, 1000.000000000000000 ) ;
#9677 = VERTEX_POINT ( 'NONE', #10342 ) ;
#9678 = EDGE_LOOP ( 'NONE', ( #5708, #1398, #2367, #6199, #3092, #10759, #6701, #1116 ) ) ;
#9679 = AXIS2_PLACEMENT_3D ( 'NONE', #9578, #2001, #4512 ) ;
#9680 = LINE ( 'NONE', #8659, #8768 ) ;
#9681 = DIRECTION ( 'NONE',  ( 0.000000000000000000, 1.440069553722777130E-16, -1.000000000000000000 ) ) ;
#9682 = PLANE ( 'NONE',  #8055 ) ;
#9683 = CARTESIAN_POINT ( 'NONE',  ( 8.445499999999995566, 8.509000000000000341, -0.8255000000000041194 ) ) ;
#9684 =( GEOMETRIC_REPRESENTATION_CONTEXT ( 3 ) GLOBAL_UNCERTAINTY_ASSIGNED_CONTEXT ( ( #6893 ) ) GLOBAL_UNIT_ASSIGNED_CONTEXT ( ( #10879, #10716, #1943 ) ) REPRESENTATION_CONTEXT ( 'NONE', 'WORKASPACE' ) );
#9685 = FACE_OUTER_BOUND ( 'NONE', #2365, .T. ) ;
#9686 = VERTEX_POINT ( 'NONE', #5146 ) ;
#9687 = PLANE ( 'NONE',  #9351 ) ;
#9688 = DIRECTION ( 'NONE',  ( 1.000000000000000000, 0.000000000000000000, -0.000000000000000000 ) ) ;
#9689 = VERTEX_POINT ( 'NONE', #9657 ) ;
#9690 =( NAMED_UNIT ( * ) PLANE_ANGLE_UNIT ( ) SI_UNIT ( $, .RADIAN. ) );
#9691 = ORIENTED_EDGE ( 'NONE', *, *, #1000, .F. ) ;
#9692 = VECTOR ( 'NONE', #3971, 1000.000000000000000 ) ;
#9693 = ORIENTED_EDGE ( 'NONE', *, *, #1714, .T. ) ;
#9694 = ORIENTED_EDGE ( 'NONE', *, *, #5360, .T. ) ;
#9695 = VECTOR ( 'NONE', #1669, 1000.000000000000000 ) ;
#9696 = LINE ( 'NONE', #26, #1016 ) ;
#9697 = ORIENTED_EDGE ( 'NONE', *, *, #25, .T. ) ;
#9698 = CARTESIAN_POINT ( 'NONE',  ( -19.05000000000000426, 8.509000000000000341, 1.270000000000001128 ) ) ;
#9699 = LINE ( 'NONE', #10617, #8211 ) ;
#9700 = AXIS2_PLACEMENT_3D ( 'NONE', #2361, #5827, #3051 ) ;
#9701 = LINE ( 'NONE', #1897, #5388 ) ;
#9702 = FACE_OUTER_BOUND ( 'NONE', #9170, .T. ) ;
#9703 = EDGE_CURVE ( 'NONE', #4607, #10773, #3396, .T. ) ;
#9705 = ORIENTED_EDGE ( 'NONE', *, *, #11110, .F. ) ;
#9704 = EDGE_CURVE ( 'NONE', #6731, #1499, #6010, .T. ) ;
#9706 = CARTESIAN_POINT ( 'NONE',  ( -16.51000000000000512, 8.509000000000000341, -1.270000000000001128 ) ) ;
#9707 = ORIENTED_EDGE ( 'NONE', *, *, #8378, .F. ) ;
#9708 = ADVANCED_FACE ( 'NONE', ( #1670 ), #8635, .F. ) ;
#9709 = VECTOR ( 'NONE', #3544, 1000.000000000000000 ) ;
#9710 = ADVANCED_FACE ( 'NONE', ( #4518 ), #4477, .F. ) ;
#9711 = LINE ( 'NONE', #6124, #9024 ) ;
#9712 = DIRECTION ( 'NONE',  ( 0.5773502691896253980, 0.5773502691896253980, -0.5773502691896265082 ) ) ;
#9713 = ORIENTED_EDGE ( 'NONE', *, *, #8002, .T. ) ;
#9714 = CARTESIAN_POINT ( 'NONE',  ( -6.350000000000004974, 0.000000000000000000, 1.269999999999998908 ) ) ;
#9715 = DIRECTION ( 'NONE',  ( 0.5773502691896253980, 0.5773502691896253980, -0.5773502691896265082 ) ) ;
#9716 = VECTOR ( 'NONE', #9992, 1000.000000000000000 ) ;
#9717 = DIRECTION ( 'NONE',  ( 0.5773502691896252870, -0.5773502691896251759, -0.5773502691896267303 ) ) ;
#9718 = DIRECTION ( 'NONE',  ( 0.000000000000000000, -0.9659258262890699775, -0.2588190451025145222 ) ) ;
#9719 = VECTOR ( 'NONE', #1133, 1000.000000000000000 ) ;
#9720 = FACE_OUTER_BOUND ( 'NONE', #7271, .T. ) ;
#9721 = PLANE ( 'NONE',  #2194 ) ;
#9722 = ORIENTED_EDGE ( 'NONE', *, *, #604, .T. ) ;
#9723 = DIRECTION ( 'NONE',  ( 0.000000000000000000, -0.9659258262890699775, -0.2588190451025145222 ) ) ;
#9724 = CONTEXT_DEPENDENT_SHAPE_REPRESENTATION ( #6909, #8827 ) ;
#9725 = EDGE_CURVE ( 'NONE', #6591, #5415, #4365, .T. ) ;
#9726 = PLANE ( 'NONE',  #2206 ) ;
#9727 = DIRECTION ( 'NONE',  ( -1.000000000000000000, -0.000000000000000000, -0.000000000000000000 ) ) ;
#9728 = FACE_OUTER_BOUND ( 'NONE', #8107, .T. ) ;
#9729 = DIRECTION ( 'NONE',  ( 1.000000000000000000, 0.000000000000000000, 0.000000000000000000 ) ) ;
#9730 = EDGE_LOOP ( 'NONE', ( #5763, #10136, #6095, #6817 ) ) ;
#9731 = DIRECTION ( 'NONE',  ( 0.000000000000000000, 0.000000000000000000, -1.000000000000000000 ) ) ;
#9732 = DIRECTION ( 'NONE',  ( 0.000000000000000000, -1.000000000000000000, 0.000000000000000000 ) ) ;
#9733 = EDGE_LOOP ( 'NONE', ( #10904, #3636, #4893, #5592, #581, #1838, #7021, #8088 ) ) ;
#9734 = AXIS2_PLACEMENT_3D ( 'NONE', #6151, #4505, #7927 ) ;
#9735 = FACE_OUTER_BOUND ( 'NONE', #4673, .T. ) ;
#9736 = VERTEX_POINT ( 'NONE', #3451 ) ;
#9737 = ORIENTED_EDGE ( 'NONE', *, *, #4236, .T. ) ;
#9738 = DIRECTION ( 'NONE',  ( 0.000000000000000000, -5.054934237236841843E-31, -1.000000000000000000 ) ) ;
#9739 = PRESENTATION_LAYER_ASSIGNMENT (  '', '', ( #2648 ) ) ;
#9740 = DIRECTION ( 'NONE',  ( 0.000000000000000000, -0.9659258262890699775, -0.2588190451025145222 ) ) ;
#9741 = LINE ( 'NONE', #1029, #8493 ) ;
#9742 = VECTOR ( 'NONE', #9275, 1000.000000000000000 ) ;
#9743 = CARTESIAN_POINT ( 'NONE',  ( 19.49449999999999861, 8.509000000000000341, 0.8254999999999976801 ) ) ;
#9744 = EDGE_LOOP ( 'NONE', ( #9876, #299, #10999, #1903 ) ) ;
#9745 = CARTESIAN_POINT ( 'NONE',  ( 8.889999999999995239, 0.5080000000000000071, 0.7528818102449925664 ) ) ;
#9746 = CARTESIAN_POINT ( 'NONE',  ( 23.68549999999999756, 8.509000000000000341, 0.8254999999999976801 ) ) ;
#9747 = ORIENTED_EDGE ( 'NONE', *, *, #4347, .T. ) ;
#9748 = LINE ( 'NONE', #5527, #9709 ) ;
#9749 = ORIENTED_EDGE ( 'NONE', *, *, #7350, .F. ) ;
#9750 = VECTOR ( 'NONE', #9835, 1000.000000000000000 ) ;
#9751 = ORIENTED_EDGE ( 'NONE', *, *, #3347, .T. ) ;
#9752 = VECTOR ( 'NONE', #6222, 1000.000000000000000 ) ;
#9753 = ORIENTED_EDGE ( 'NONE', *, *, #3015, .F. ) ;
#9754 = ADVANCED_FACE ( 'NONE', ( #10457 ), #7107, .F. ) ;
#9755 = ADVANCED_FACE ( 'NONE', ( #7958 ), #6127, .F. ) ;
#9756 = LINE ( 'NONE', #3714, #9752 ) ;
#9757 = VECTOR ( 'NONE', #8300, 1000.000000000000000 ) ;
#9758 = VERTEX_POINT ( 'NONE', #5263 ) ;
#9759 = DIRECTION ( 'NONE',  ( 0.000000000000000000, -0.000000000000000000, -1.000000000000000000 ) ) ;
#9760 = DIRECTION ( 'NONE',  ( -0.000000000000000000, 1.000000000000000000, 1.440069553722777130E-16 ) ) ;
#9761 = VECTOR ( 'NONE', #2705, 1000.000000000000000 ) ;
#9762 = DIRECTION ( 'NONE',  ( -0.000000000000000000, 1.000000000000000000, 1.440069553722777130E-16 ) ) ;
#9763 = DIRECTION ( 'NONE',  ( 0.000000000000000000, 1.000000000000000000, 1.733406087350420004E-16 ) ) ;
#9764 = ORIENTED_EDGE ( 'NONE', *, *, #10121, .F. ) ;
#9765 = DIRECTION ( 'NONE',  ( -0.000000000000000000, 1.000000000000000000, 1.733406087350420004E-16 ) ) ;
#9766 = ORIENTED_EDGE ( 'NONE', *, *, #6450, .F. ) ;
#9767 = VECTOR ( 'NONE', #6562, 1000.000000000000000 ) ;
#9768 = EDGE_CURVE ( 'NONE', #5856, #6571, #8744, .T. ) ;
#9769 = EDGE_CURVE ( 'NONE', #7936, #2391, #102, .T. ) ;
#9770 = PLANE ( 'NONE',  #1187 ) ;
#9771 = FACE_OUTER_BOUND ( 'NONE', #8567, .T. ) ;
#9772 = DIRECTION ( 'NONE',  ( 0.000000000000000000, 0.000000000000000000, -1.000000000000000000 ) ) ;
#9773 = DIRECTION ( 'NONE',  ( -1.000000000000000000, -0.000000000000000000, -0.000000000000000000 ) ) ;
#9774 = VECTOR ( 'NONE', #7557, 1000.000000000000000 ) ;
#9775 = ADVANCED_FACE ( 'NONE', ( #6180 ), #3620, .F. ) ;
#9776 = AXIS2_PLACEMENT_3D ( 'NONE', #7597, #9408, #3366 ) ;
#9777 = PLANE ( 'NONE',  #7573 ) ;
#9778 = CARTESIAN_POINT ( 'NONE',  ( -21.59000000000000341, 2.177422008883992879E-16, -0.8890000000000013447 ) ) ;
#9779 = LINE ( 'NONE', #10527, #5340 ) ;
#9780 = LINE ( 'NONE', #7966, #10577 ) ;
#9781 = ORIENTED_EDGE ( 'NONE', *, *, #529, .F. ) ;
#9782 = DIRECTION ( 'NONE',  ( 0.000000000000000000, 0.9659258262890699775, 0.2588190451025145222 ) ) ;
#9783 = VECTOR ( 'NONE', #5914, 1000.000000000000000 ) ;
#9784 = DIRECTION ( 'NONE',  ( 0.000000000000000000, 1.000000000000000000, 0.000000000000000000 ) ) ;
#9785 = EDGE_CURVE ( 'NONE', #5266, #3753, #214, .T. ) ;
#9786 = FILL_AREA_STYLE_COLOUR ( '', #10487 ) ;
#9787 = EDGE_CURVE ( 'NONE', #6647, #5415, #9241, .T. ) ;
#9788 = CARTESIAN_POINT ( 'NONE',  ( -20.70100000000000406, 7.239000000000000767, 0.3809999999999958975 ) ) ;
#9789 = VERTEX_POINT ( 'NONE', #3940 ) ;
#9790 = CARTESIAN_POINT ( 'NONE',  ( 19.93900000000000006, 8.064500000000000668, 0.3809999999999960085 ) ) ;
#9791 = VECTOR ( 'NONE', #551, 999.9999999999998863 ) ;
#9792 = DIRECTION ( 'NONE',  ( -0.000000000000000000, 0.000000000000000000, -1.000000000000000000 ) ) ;
#9793 = EDGE_CURVE ( 'NONE', #1288, #2011, #3202, .T. ) ;
#9794 = ADVANCED_FACE ( 'NONE', ( #5702 ), #7372, .F. ) ;
#9795 = ORIENTED_EDGE ( 'NONE', *, *, #11097, .F. ) ;
#9796 = DIRECTION ( 'NONE',  ( 0.000000000000000000, 1.440069553722777130E-16, -1.000000000000000000 ) ) ;
#9797 = ORIENTED_EDGE ( 'NONE', *, *, #5607, .F. ) ;
#9798 = ORIENTED_EDGE ( 'NONE', *, *, #10276, .F. ) ;
#9799 =( LENGTH_UNIT ( ) NAMED_UNIT ( * ) SI_UNIT ( .MILLI., .METRE. ) );
#9800 = DIRECTION ( 'NONE',  ( 0.000000000000000000, -1.000000000000000000, 0.000000000000000000 ) ) ;
#9801 = PLANE ( 'NONE',  #3732 ) ;
#9802 = CARTESIAN_POINT ( 'NONE',  ( 7.238999999999995438, 8.064500000000000668, 0.3809999999999960085 ) ) ;
#9803 = SURFACE_SIDE_STYLE ('',( #5461 ) ) ;
#9804 = EDGE_CURVE ( 'NONE', #2998, #8502, #1422, .T. ) ;
#9805 = PLANE ( 'NONE',  #857 ) ;
#9806 = ORIENTED_EDGE ( 'NONE', *, *, #9793, .T. ) ;
#9807 = PLANE ( 'NONE',  #4080 ) ;
#9808 = PLANE ( 'NONE',  #6038 ) ;
#9809 = VERTEX_POINT ( 'NONE', #3088 ) ;
#9810 = FACE_OUTER_BOUND ( 'NONE', #7552, .T. ) ;
#9811 = EDGE_LOOP ( 'NONE', ( #4815, #1120, #5833, #965 ) ) ;
#9812 = ORIENTED_EDGE ( 'NONE', *, *, #7067, .T. ) ;
#9813 = EDGE_CURVE ( 'NONE', #8764, #5067, #9180, .T. ) ;
#9814 = ORIENTED_EDGE ( 'NONE', *, *, #5227, .F. ) ;
#9815 = LINE ( 'NONE', #2864, #7595 ) ;
#9816 = DIRECTION ( 'NONE',  ( -1.000000000000000000, -0.000000000000000000, -0.000000000000000000 ) ) ;
#9817 = EDGE_CURVE ( 'NONE', #5690, #4187, #4902, .T. ) ;
#9818 = EDGE_LOOP ( 'NONE', ( #10034, #10357, #6466, #1451 ) ) ;
#9819 = LINE ( 'NONE', #313, #9526 ) ;
#9820 = CARTESIAN_POINT ( 'NONE',  ( 25.40000000000000213, 7.239000000000000767, -2.201425730935033664E-16 ) ) ;
#9821 = DIRECTION ( 'NONE',  ( 0.000000000000000000, -2.449293598294710852E-16, 1.000000000000000000 ) ) ;
#9822 = FILL_AREA_STYLE_COLOUR ( '', #4242 ) ;
#9823 = ORIENTED_EDGE ( 'NONE', *, *, #9915, .T. ) ;
#9824 = ORIENTED_EDGE ( 'NONE', *, *, #4759, .F. ) ;
#9825 = DIRECTION ( 'NONE',  ( 0.000000000000000000, 0.000000000000000000, -1.000000000000000000 ) ) ;
#9826 = CARTESIAN_POINT ( 'NONE',  ( 11.42999999999999616, 8.509000000000000341, -1.270000000000001128 ) ) ;
#9827 = DIRECTION ( 'NONE',  ( 0.000000000000000000, 0.000000000000000000, 1.000000000000000000 ) ) ;
#9828 = LINE ( 'NONE', #3837, #7940 ) ;
#9829 = PLANE ( 'NONE',  #1405 ) ;
#9830 = DIRECTION ( 'NONE',  ( -0.000000000000000000, 1.000000000000000000, 1.733406087350420004E-16 ) ) ;
#9831 = ORIENTED_EDGE ( 'NONE', *, *, #5657, .F. ) ;
#9832 = CARTESIAN_POINT ( 'NONE',  ( 5.206999999999996298, 7.810500000000000220, -0.1270000000000024998 ) ) ;
#9833 = DIRECTION ( 'NONE',  ( 0.000000000000000000, 1.000000000000000000, 0.000000000000000000 ) ) ;
#9834 = FILL_AREA_STYLE ('',( #1232 ) ) ;
#9835 = DIRECTION ( 'NONE',  ( 0.000000000000000000, 2.449293598294710852E-16, -1.000000000000000000 ) ) ;
#9836 = DIRECTION ( 'NONE',  ( 0.000000000000000000, -5.054934237236841843E-31, -1.000000000000000000 ) ) ;
#9837 = VERTEX_POINT ( 'NONE', #5434 ) ;
#9838 = VECTOR ( 'NONE', #3343, 999.9999999999998863 ) ;
#9839 = CARTESIAN_POINT ( 'NONE',  ( 11.42999999999999616, 3.110602869834277161E-16, -1.270000000000001128 ) ) ;
#9840 = FACE_OUTER_BOUND ( 'NONE', #10535, .T. ) ;
#9841 = ADVANCED_FACE ( 'NONE', ( #8914 ), #7166, .F. ) ;
#9842 = ORIENTED_EDGE ( 'NONE', *, *, #10491, .T. ) ;
#9843 = EDGE_CURVE ( 'NONE', #9285, #9881, #1059, .T. ) ;
#9844 = LINE ( 'NONE', #5507, #902 ) ;
#9845 = VERTEX_POINT ( 'NONE', #6628 ) ;
#9846 = ADVANCED_FACE ( 'NONE', ( #577 ), #4534, .F. ) ;
#9847 = ORIENTED_EDGE ( 'NONE', *, *, #659, .F. ) ;
#9848 = EDGE_CURVE ( 'NONE', #1665, #9177, #10947, .T. ) ;
#9849 = LINE ( 'NONE', #2848, #11137 ) ;
#9850 = LINE ( 'NONE', #4670, #8834 ) ;
#9851 = SURFACE_STYLE_FILL_AREA ( #9055 ) ;
#9852 = DIRECTION ( 'NONE',  ( 0.000000000000000000, 0.9659258262890700886, -0.2588190451025140781 ) ) ;
#9853 = ORIENTED_EDGE ( 'NONE', *, *, #7024, .F. ) ;
#9854 = LINE ( 'NONE', #5789, #8817 ) ;
#9855 = DIRECTION ( 'NONE',  ( 0.000000000000000000, -0.9659258262890699775, -0.2588190451025145222 ) ) ;
#9856 = ORIENTED_EDGE ( 'NONE', *, *, #6946, .T. ) ;
#9857 = VECTOR ( 'NONE', #4306, 1000.000000000000000 ) ;
#9858 =( LENGTH_UNIT ( ) NAMED_UNIT ( * ) SI_UNIT ( .MILLI., .METRE. ) );
#9859 = VECTOR ( 'NONE', #966, 1000.000000000000000 ) ;
#9860 = ORIENTED_EDGE ( 'NONE', *, *, #3774, .F. ) ;
#9861 = ORIENTED_EDGE ( 'NONE', *, *, #236, .T. ) ;
#9862 = VECTOR ( 'NONE', #9855, 1000.000000000000000 ) ;
#9863 = ORIENTED_EDGE ( 'NONE', *, *, #8269, .T. ) ;
#9864 = EDGE_CURVE ( 'NONE', #4286, #8511, #4048, .T. ) ;
#9865 = DIRECTION ( 'NONE',  ( 0.5773502691896252870, -0.5773502691896251759, -0.5773502691896267303 ) ) ;
#9866 = VECTOR ( 'NONE', #3449, 1000.000000000000000 ) ;
#9867 = DIRECTION ( 'NONE',  ( 0.000000000000000000, 5.054934237236841843E-31, 1.000000000000000000 ) ) ;
#9868 = ORIENTED_EDGE ( 'NONE', *, *, #2890, .T. ) ;
#9869 = EDGE_CURVE ( 'NONE', #10419, #516, #271, .T. ) ;
#9870 = PLANE ( 'NONE',  #1325 ) ;
#9871 = DIRECTION ( 'NONE',  ( 0.000000000000000000, -0.9659258262890700886, 0.2588190451025140781 ) ) ;
#9872 = AXIS2_PLACEMENT_3D ( 'NONE', #7512, #7832, #7782 ) ;
#9873 = VERTEX_POINT ( 'NONE', #10077 ) ;
#9874 = DIRECTION ( 'NONE',  ( -0.000000000000000000, 1.000000000000000000, 2.449293598294710852E-16 ) ) ;
#9875 = VERTEX_POINT ( 'NONE', #7426 ) ;
#9876 = ORIENTED_EDGE ( 'NONE', *, *, #8003, .T. ) ;
#9877 = STYLED_ITEM ( 'NONE', ( #643 ), #1715 ) ;
#9878 = DIRECTION ( 'NONE',  ( 0.000000000000000000, 0.9659258262890700886, -0.2588190451025140781 ) ) ;
#9879 = DIRECTION ( 'NONE',  ( 0.000000000000000000, 0.000000000000000000, -1.000000000000000000 ) ) ;
#9880 = VECTOR ( 'NONE', #1907, 1000.000000000000000 ) ;
#9881 = VERTEX_POINT ( 'NONE', #6567 ) ;
#9882 = LINE ( 'NONE', #270, #7701 ) ;
#9883 = CARTESIAN_POINT ( 'NONE',  ( 24.12999999999999901, 8.509000000000000341, 0.8254999999999976801 ) ) ;
#9884 = FACE_OUTER_BOUND ( 'NONE', #1864, .T. ) ;
#9885 = VECTOR ( 'NONE', #863, 1000.000000000000000 ) ;
#9886 = DIRECTION ( 'NONE',  ( 1.000000000000000000, 0.000000000000000000, -0.000000000000000000 ) ) ;
#9887 = VECTOR ( 'NONE', #2868, 1000.000000000000000 ) ;
#9888 = ORIENTED_EDGE ( 'NONE', *, *, #4745, .F. ) ;
#9889 = DIRECTION ( 'NONE',  ( 0.000000000000000000, 0.000000000000000000, -1.000000000000000000 ) ) ;
#9890 = AXIS2_PLACEMENT_3D ( 'NONE', #2097, #5568, #2261 ) ;
#9891 = CARTESIAN_POINT ( 'NONE',  ( -24.38400000000000745, 0.5080000000000002292, -0.7528818102449945648 ) ) ;
#9892 = SURFACE_STYLE_USAGE ( .BOTH. , #10698 ) ;
#9893 = DIRECTION ( 'NONE',  ( -1.000000000000000000, -0.000000000000000000, -0.000000000000000000 ) ) ;
#9894 = ORIENTED_EDGE ( 'NONE', *, *, #11162, .T. ) ;
#9895 = CARTESIAN_POINT ( 'NONE',  ( -16.51000000000000512, 3.110602869834277161E-16, -1.270000000000001128 ) ) ;
#9896 = FACE_OUTER_BOUND ( 'NONE', #7987, .T. ) ;
#9897 = DIRECTION ( 'NONE',  ( 1.000000000000000000, 0.000000000000000000, 0.000000000000000000 ) ) ;
#9898 = ORIENTED_EDGE ( 'NONE', *, *, #1470, .F. ) ;
#9899 = ORIENTED_EDGE ( 'NONE', *, *, #1913, .T. ) ;
#9900 = CARTESIAN_POINT ( 'NONE',  ( 24.13000000000000611, 8.509000000000000341, 1.270000000000001128 ) ) ;
#9901 = DIRECTION ( 'NONE',  ( 0.000000000000000000, 0.000000000000000000, -1.000000000000000000 ) ) ;
#9902 = EDGE_CURVE ( 'NONE', #6003, #3654, #3731, .T. ) ;
#9903 = ADVANCED_FACE ( 'NONE', ( #5381 ), #10022, .F. ) ;
#9904 =( NAMED_UNIT ( * ) PLANE_ANGLE_UNIT ( ) SI_UNIT ( $, .RADIAN. ) );
#9905 = VECTOR ( 'NONE', #7803, 1000.000000000000000 ) ;
#9906 = CARTESIAN_POINT ( 'NONE',  ( -3.810000000000004494, 8.509000000000000341, -1.270000000000001128 ) ) ;
#9907 = ORIENTED_EDGE ( 'NONE', *, *, #447, .F. ) ;
#9908 = LINE ( 'NONE', #3173, #5908 ) ;
#9909 = CARTESIAN_POINT ( 'NONE',  ( -21.59000000000000341, -1.925929944387235853E-31, 0.8889999999999991243 ) ) ;
#9910 = EDGE_CURVE ( 'NONE', #370, #7629, #5645, .T. ) ;
#9911 = ORIENTED_EDGE ( 'NONE', *, *, #73, .F. ) ;
#9912 = LINE ( 'NONE', #10775, #2246 ) ;
#9913 = EDGE_LOOP ( 'NONE', ( #10023, #2259, #594, #7548 ) ) ;
#9914 = ORIENTED_EDGE ( 'NONE', *, *, #4515, .T. ) ;
#9915 = EDGE_CURVE ( 'NONE', #11164, #10848, #5815, .T. ) ;
#9916 = ORIENTED_EDGE ( 'NONE', *, *, #3387, .F. ) ;
#9917 = PRESENTATION_LAYER_ASSIGNMENT (  '', '', ( #9191 ) ) ;
#9918 = DIRECTION ( 'NONE',  ( 0.000000000000000000, 1.733406087350420004E-16, -1.000000000000000000 ) ) ;
#9919 = CARTESIAN_POINT ( 'NONE',  ( 7.238999999999995438, 7.239000000000000767, 0.3809999999999958975 ) ) ;
#9920 = ORIENTED_EDGE ( 'NONE', *, *, #4213, .T. ) ;
#9921 = FACE_OUTER_BOUND ( 'NONE', #7250, .T. ) ;
#9922 = DIRECTION ( 'NONE',  ( 0.000000000000000000, 1.000000000000000000, 2.548365665731588345E-16 ) ) ;
#9923 = ADVANCED_FACE ( 'NONE', ( #6688 ), #8551, .F. ) ;
#9924 = ORIENTED_EDGE ( 'NONE', *, *, #3166, .F. ) ;
#9925 = LINE ( 'NONE', #7378, #8787 ) ;
#9926 = ORIENTED_EDGE ( 'NONE', *, *, #10047, .T. ) ;
#9927 = EDGE_LOOP ( 'NONE', ( #5934, #4229, #1750, #6529, #3857, #8227, #2760, #3580 ) ) ;
#9928 = ADVANCED_FACE ( 'NONE', ( #741 ), #5118, .F. ) ;
#9929 = CARTESIAN_POINT ( 'NONE',  ( -1.270000000000003793, -1.925929944387235853E-31, 0.8889999999999991243 ) ) ;
#9930 = AXIS2_PLACEMENT_3D ( 'NONE', #10614, #8844, #3548 ) ;
#9931 = CARTESIAN_POINT ( 'NONE',  ( 24.12999999999999901, -1.925929944387235853E-31, 0.8889999999999991243 ) ) ;
#9932 = VECTOR ( 'NONE', #95, 1000.000000000000000 ) ;
#9933 = EDGE_LOOP ( 'NONE', ( #11136, #6903, #2356, #9693 ) ) ;
#9934 = PLANE ( 'NONE',  #6624 ) ;
#9935 = DIRECTION ( 'NONE',  ( 1.000000000000000000, -0.000000000000000000, -0.000000000000000000 ) ) ;
#9936 = DIRECTION ( 'NONE',  ( -1.000000000000000000, -0.000000000000000000, -0.000000000000000000 ) ) ;
#9937 = LINE ( 'NONE', #4705, #3345 ) ;
#9938 = VECTOR ( 'NONE', #78, 1000.000000000000000 ) ;
#9939 = ORIENTED_EDGE ( 'NONE', *, *, #4821, .T. ) ;
#9940 = EDGE_CURVE ( 'NONE', #1823, #4944, #1644, .T. ) ;
#9941 = VECTOR ( 'NONE', #10965, 1000.000000000000000 ) ;
#9942 = ORIENTED_EDGE ( 'NONE', *, *, #8186, .T. ) ;
#9943 = CARTESIAN_POINT ( 'NONE',  ( -19.05000000000000426, -1.925929944387235853E-31, 0.8889999999999991243 ) ) ;
#9944 = CARTESIAN_POINT ( 'NONE',  ( -3.810000000000004494, 8.509000000000000341, 0.8254999999999976801 ) ) ;
#9945 = AXIS2_PLACEMENT_3D ( 'NONE', #4838, #8215, #10941 ) ;
#9946 = DIRECTION ( 'NONE',  ( -0.000000000000000000, 1.000000000000000000, 1.733406087350420004E-16 ) ) ;
#9947 = ORIENTED_EDGE ( 'NONE', *, *, #8181, .T. ) ;
#9948 = PLANE ( 'NONE',  #1124 ) ;
#9949 = CARTESIAN_POINT ( 'NONE',  ( -8.001000000000004775, 8.064500000000000668, 0.3809999999999960085 ) ) ;
#9950 = AXIS2_PLACEMENT_3D ( 'NONE', #4991, #621, #6606 ) ;
#9951 = CARTESIAN_POINT ( 'NONE',  ( 1.269999999999996909, 0.5080000000000002292, -0.7528818102449945648 ) ) ;
#9952 = AXIS2_PLACEMENT_3D ( 'NONE', #8330, #10897, #1106 ) ;
#9953 = ORIENTED_EDGE ( 'NONE', *, *, #6004, .F. ) ;
#9954 = VECTOR ( 'NONE', #2674, 1000.000000000000114 ) ;
#9955 = VERTEX_POINT ( 'NONE', #7653 ) ;
#9956 = LINE ( 'NONE', #3639, #1291 ) ;
#9957 = CARTESIAN_POINT ( 'NONE',  ( -10.54100000000000392, 7.239000000000000767, 0.3809999999999958975 ) ) ;
#9958 =( NAMED_UNIT ( * ) SI_UNIT ( $, .STERADIAN. ) SOLID_ANGLE_UNIT ( ) );
#9959 = CARTESIAN_POINT ( 'NONE',  ( 3.809999999999997389, 0.5080000000000000071, 0.7528818102449925664 ) ) ;
#9960 = VECTOR ( 'NONE', #1804, 1000.000000000000000 ) ;
#9961 = CARTESIAN_POINT ( 'NONE',  ( -16.51000000000000512, -1.925929944387235853E-31, 0.8889999999999991243 ) ) ;
#9962 = ORIENTED_EDGE ( 'NONE', *, *, #6961, .F. ) ;
#9963 = CARTESIAN_POINT ( 'NONE',  ( 19.04999999999999716, 0.5080000000000002292, -0.7528818102449945648 ) ) ;
#9964 = UNCERTAINTY_MEASURE_WITH_UNIT (LENGTH_MEASURE( 1.000000000000000082E-05 ), #4467, 'distance_accuracy_value', 'NONE');
#9965 = VERTEX_POINT ( 'NONE', #10144 ) ;
#9966 = CARTESIAN_POINT ( 'NONE',  ( -21.59000000000000341, 8.509000000000000341, 1.270000000000001128 ) ) ;
#9967 = ORIENTED_EDGE ( 'NONE', *, *, #2385, .T. ) ;
#9968 = EDGE_CURVE ( 'NONE', #10138, #790, #9292, .T. ) ;
#9969 = DIRECTION ( 'NONE',  ( 1.000000000000000000, 0.000000000000000000, -0.000000000000000000 ) ) ;
#9970 = ORIENTED_EDGE ( 'NONE', *, *, #9234, .F. ) ;
#9971 = ORIENTED_EDGE ( 'NONE', *, *, #10272, .T. ) ;
#9972 = EDGE_CURVE ( 'NONE', #7649, #404, #1705, .T. ) ;
#9973 = DIRECTION ( 'NONE',  ( 0.000000000000000000, 0.000000000000000000, 1.000000000000000000 ) ) ;
#9974 = LINE ( 'NONE', #4686, #5018 ) ;
#9975 = DIRECTION ( 'NONE',  ( -0.000000000000000000, 1.000000000000000000, 2.449293598294710852E-16 ) ) ;
#9976 = ORIENTED_EDGE ( 'NONE', *, *, #2558, .T. ) ;
#9977 = DIRECTION ( 'NONE',  ( 0.000000000000000000, -1.000000000000000000, -2.548365665731588345E-16 ) ) ;
#9978 = CARTESIAN_POINT ( 'NONE',  ( -0.3810000000000028919, 7.239000000000000767, -0.3810000000000028919 ) ) ;
#9979 = ORIENTED_EDGE ( 'NONE', *, *, #5823, .T. ) ;
#9980 = DIRECTION ( 'NONE',  ( -1.000000000000000000, -0.000000000000000000, -0.000000000000000000 ) ) ;
#9981 = ORIENTED_EDGE ( 'NONE', *, *, #1759, .T. ) ;
#9982 = ORIENTED_EDGE ( 'NONE', *, *, #7024, .T. ) ;
#9983 = EDGE_CURVE ( 'NONE', #6346, #10098, #3260, .T. ) ;
#9984 = EDGE_CURVE ( 'NONE', #6374, #9837, #4952, .T. ) ;
#9985 = EDGE_CURVE ( 'NONE', #2632, #243, #2348, .T. ) ;
#9986 = FACE_OUTER_BOUND ( 'NONE', #10927, .T. ) ;
#9987 = DIRECTION ( 'NONE',  ( -1.000000000000000000, 0.000000000000000000, 0.000000000000000000 ) ) ;
#9988 = ORIENTED_EDGE ( 'NONE', *, *, #4892, .F. ) ;
#9989 = PLANE ( 'NONE',  #10982 ) ;
#9990 = DIRECTION ( 'NONE',  ( 0.000000000000000000, -1.000000000000000000, -2.548365665731588345E-16 ) ) ;
#9991 = CARTESIAN_POINT ( 'NONE',  ( -16.51000000000000512, 0.000000000000000000, 1.269999999999998908 ) ) ;
#9992 = DIRECTION ( 'NONE',  ( -1.000000000000000000, 0.000000000000000000, 0.000000000000000000 ) ) ;
#9993 = VERTEX_POINT ( 'NONE', #10193 ) ;
#9994 = ADVANCED_FACE ( 'NONE', ( #7703 ), #11174, .F. ) ;
#9995 = PLANE ( 'NONE',  #1651 ) ;
#9996 = CARTESIAN_POINT ( 'NONE',  ( -10.98550000000000360, 8.509000000000000341, -0.8255000000000041194 ) ) ;
#9997 = FACE_OUTER_BOUND ( 'NONE', #2946, .T. ) ;
#9998 = VERTEX_POINT ( 'NONE', #690 ) ;
#9999 = EDGE_CURVE ( 'NONE', #6792, #6647, #6846, .T. ) ;
#10000 = CARTESIAN_POINT ( 'NONE',  ( 22.47899999999999920, 7.239000000000000767, -0.3810000000000028919 ) ) ;
#10001 = DIRECTION ( 'NONE',  ( 0.000000000000000000, 1.000000000000000000, 0.000000000000000000 ) ) ;
#10002 = DIRECTION ( 'NONE',  ( -0.000000000000000000, 1.000000000000000000, 1.440069553722777130E-16 ) ) ;
#10003 = ORIENTED_EDGE ( 'NONE', *, *, #3641, .F. ) ;
#10004 = ORIENTED_EDGE ( 'NONE', *, *, #8110, .F. ) ;
#10005 = DIRECTION ( 'NONE',  ( 1.000000000000000000, 0.000000000000000000, 0.000000000000000000 ) ) ;
#10006 = LINE ( 'NONE', #2208, #10946 ) ;
#10007 = DIRECTION ( 'NONE',  ( 0.000000000000000000, -1.000000000000000000, -2.548365665731588345E-16 ) ) ;
#10008 = VECTOR ( 'NONE', #7637, 1000.000000000000000 ) ;
#10009 = LINE ( 'NONE', #7463, #7157 ) ;
#10010 = LINE ( 'NONE', #3813, #6524 ) ;
#10011 = VERTEX_POINT ( 'NONE', #800 ) ;
#10012 = CARTESIAN_POINT ( 'NONE',  ( -1.270000000000003793, 8.509000000000000341, 1.270000000000001128 ) ) ;
#10013 = ORIENTED_EDGE ( 'NONE', *, *, #7776, .T. ) ;
#10014 = LINE ( 'NONE', #5585, #610 ) ;
#10015 = EDGE_LOOP ( 'NONE', ( #4694, #10380, #9120, #7263 ) ) ;
#10016 = CARTESIAN_POINT ( 'NONE',  ( 24.12999999999999901, 0.5080000000000002292, -0.7528818102449945648 ) ) ;
#10017 = VERTEX_POINT ( 'NONE', #8497 ) ;
#10018 = ORIENTED_EDGE ( 'NONE', *, *, #1698, .T. ) ;
#10019 = VECTOR ( 'NONE', #9922, 1000.000000000000000 ) ;
#10020 = LINE ( 'NONE', #523, #3392 ) ;
#10021 = AXIS2_PLACEMENT_3D ( 'NONE', #4490, #9039, #8084 ) ;
#10022 = PLANE ( 'NONE',  #3405 ) ;
#10023 = ORIENTED_EDGE ( 'NONE', *, *, #7374, .T. ) ;
#10024 = DIRECTION ( 'NONE',  ( -0.000000000000000000, -0.000000000000000000, 1.000000000000000000 ) ) ;
#10025 = CARTESIAN_POINT ( 'NONE',  ( 18.16099999999999781, 7.239000000000000767, 0.3809999999999958975 ) ) ;
#10026 = ORIENTED_EDGE ( 'NONE', *, *, #4360, .F. ) ;
#10027 = CARTESIAN_POINT ( 'NONE',  ( 7.238999999999995438, 7.239000000000000767, -0.3810000000000028919 ) ) ;
#10028 = EDGE_LOOP ( 'NONE', ( #1518, #805, #5874, #2182 ) ) ;
#10029 = VERTEX_POINT ( 'NONE', #9462 ) ;
#10030 = VECTOR ( 'NONE', #2184, 1000.000000000000114 ) ;
#10031 = DIRECTION ( 'NONE',  ( 0.000000000000000000, 1.440069553722777130E-16, -1.000000000000000000 ) ) ;
#10032 = CARTESIAN_POINT ( 'NONE',  ( 10.98549999999999471, 8.509000000000000341, 0.8254999999999976801 ) ) ;
#10033 = VECTOR ( 'NONE', #8265, 1000.000000000000000 ) ;
#10034 = ORIENTED_EDGE ( 'NONE', *, *, #5114, .T. ) ;
#10035 = ADVANCED_FACE ( 'NONE', ( #4167 ), #17, .F. ) ;
#10036 = DIRECTION ( 'NONE',  ( 0.000000000000000000, 0.9659258262890699775, 0.2588190451025145222 ) ) ;
#10037 = ADVANCED_FACE ( 'NONE', ( #10253 ), #2459, .T. ) ;
#10038 = LINE ( 'NONE', #10156, #9561 ) ;
#10039 = LINE ( 'NONE', #10212, #10116 ) ;
#10040 = CARTESIAN_POINT ( 'NONE',  ( 8.889999999999995239, 8.509000000000000341, 0.8254999999999976801 ) ) ;
#10041 = ORIENTED_EDGE ( 'NONE', *, *, #375, .F. ) ;
#10042 = AXIS2_PLACEMENT_3D ( 'NONE', #3176, #8356, #8626 ) ;
#10043 = EDGE_LOOP ( 'NONE', ( #3077, #4471, #24, #5751 ) ) ;
#10044 = VECTOR ( 'NONE', #1563, 1000.000000000000000 ) ;
#10045 = CARTESIAN_POINT ( 'NONE',  ( -3.810000000000004494, 0.5080000000000000071, 0.7528818102449925664 ) ) ;
#10046 = LINE ( 'NONE', #4981, #4827 ) ;
#10047 = EDGE_CURVE ( 'NONE', #3906, #5455, #3425, .T. ) ;
#10048 = PLANE ( 'NONE',  #8167 ) ;
#10049 = ORIENTED_EDGE ( 'NONE', *, *, #10464, .T. ) ;
#10050 = DIRECTION ( 'NONE',  ( 0.000000000000000000, -1.000000000000000000, -2.548365665731588345E-16 ) ) ;
#10051 = EDGE_CURVE ( 'NONE', #7011, #5040, #2568, .T. ) ;
#10052 = VECTOR ( 'NONE', #3669, 1000.000000000000000 ) ;
#10053 = PLANE ( 'NONE',  #9890 ) ;
#10054 = PLANE ( 'NONE',  #9460 ) ;
#10055 = ORIENTED_EDGE ( 'NONE', *, *, #8378, .T. ) ;
#10056 = ADVANCED_FACE ( 'NONE', ( #4336 ), #10657, .F. ) ;
#10057 = VECTOR ( 'NONE', #5164, 1000.000000000000000 ) ;
#10058 = ORIENTED_EDGE ( 'NONE', *, *, #6465, .T. ) ;
#10059 = DIRECTION ( 'NONE',  ( 1.000000000000000000, 0.000000000000000000, 0.000000000000000000 ) ) ;
#10060 = EDGE_CURVE ( 'NONE', #3444, #3458, #8717, .T. ) ;
#10061 = PLANE ( 'NONE',  #1662 ) ;
#10062 = DIRECTION ( 'NONE',  ( 0.000000000000000000, 1.000000000000000000, -5.054934237236841843E-31 ) ) ;
#10063 = CARTESIAN_POINT ( 'NONE',  ( 7.238999999999995438, 8.064500000000000668, 0.3809999999999960085 ) ) ;
#10064 = DIRECTION ( 'NONE',  ( -0.000000000000000000, 1.000000000000000000, 1.169455476739838842E-16 ) ) ;
#10065 = CARTESIAN_POINT ( 'NONE',  ( -14.85900000000000531, 8.064500000000000668, 0.3809999999999960085 ) ) ;
#10066 = ORIENTED_EDGE ( 'NONE', *, *, #2530, .F. ) ;
#10067 = DIRECTION ( 'NONE',  ( 0.000000000000000000, 0.000000000000000000, 1.000000000000000000 ) ) ;
#10068 = AXIS2_PLACEMENT_3D ( 'NONE', #2719, #1062, #10463 ) ;
#10069 = ORIENTED_EDGE ( 'NONE', *, *, #5451, .T. ) ;
#10070 = DIRECTION ( 'NONE',  ( 0.000000000000000000, 0.000000000000000000, 1.000000000000000000 ) ) ;
#10071 = EDGE_LOOP ( 'NONE', ( #11102, #3276, #3391, #5119 ) ) ;
#10072 = CARTESIAN_POINT ( 'NONE',  ( 10.54099999999999504, 7.239000000000000767, -0.3810000000000028919 ) ) ;
#10073 = VERTEX_POINT ( 'NONE', #10429 ) ;
#10074 = ORIENTED_EDGE ( 'NONE', *, *, #4631, .T. ) ;
#10075 = LINE ( 'NONE', #4899, #10294 ) ;
#10076 = DIRECTION ( 'NONE',  ( 0.000000000000000000, -0.7071067811865484609, 0.7071067811865465735 ) ) ;
#10077 = CARTESIAN_POINT ( 'NONE',  ( -2.159000000000004693, 8.064500000000000668, 0.3809999999999960085 ) ) ;
#10078 = ORIENTED_EDGE ( 'NONE', *, *, #10201, .T. ) ;
#10079 = PLANE ( 'NONE',  #8435 ) ;
#10080 = CARTESIAN_POINT ( 'NONE',  ( 24.12999999999999901, 3.110602869834277161E-16, -1.270000000000001128 ) ) ;
#10081 = ORIENTED_EDGE ( 'NONE', *, *, #4133, .F. ) ;
#10082 =( NAMED_UNIT ( * ) PLANE_ANGLE_UNIT ( ) SI_UNIT ( $, .RADIAN. ) );
#10083 = VERTEX_POINT ( 'NONE', #4509 ) ;
#10084 = VECTOR ( 'NONE', #3017, 1000.000000000000000 ) ;
#10085 = EDGE_LOOP ( 'NONE', ( #4083, #9868, #3821, #9795 ) ) ;
#10086 = VECTOR ( 'NONE', #11230, 1000.000000000000114 ) ;
#10087 = VECTOR ( 'NONE', #6129, 1000.000000000000000 ) ;
#10088 = DIRECTION ( 'NONE',  ( 1.000000000000000000, 0.000000000000000000, -0.000000000000000000 ) ) ;
#10089 = CARTESIAN_POINT ( 'NONE',  ( 19.04999999999999716, 0.5080000000000002292, -0.7528818102449945648 ) ) ;
#10090 = VECTOR ( 'NONE', #6085, 1000.000000000000000 ) ;
#10091 = VERTEX_POINT ( 'NONE', #9743 ) ;
#10092 = DIRECTION ( 'NONE',  ( 0.000000000000000000, -0.7071067811865484609, 0.7071067811865465735 ) ) ;
#10093 = VECTOR ( 'NONE', #328, 1000.000000000000000 ) ;
#10094 = VECTOR ( 'NONE', #10744, 1000.000000000000000 ) ;
#10095 = CARTESIAN_POINT ( 'NONE',  ( 24.38400000000000745, 8.509000000000000341, -1.270000000000001128 ) ) ;
#10096 = DIRECTION ( 'NONE',  ( 0.000000000000000000, 1.000000000000000000, 2.548365665731588345E-16 ) ) ;
#10097 = CARTESIAN_POINT ( 'NONE',  ( -1.270000000000003793, 0.000000000000000000, 0.000000000000000000 ) ) ;
#10098 = VERTEX_POINT ( 'NONE', #135 ) ;
#10099 = EDGE_CURVE ( 'NONE', #3430, #525, #10601, .T. ) ;
#10100 = ORIENTED_EDGE ( 'NONE', *, *, #3608, .F. ) ;
#10101 = ADVANCED_FACE ( 'NONE', ( #10494 ), #3478, .F. ) ;
#10102 = EDGE_CURVE ( 'NONE', #3945, #7649, #1131, .T. ) ;
#10103 = AXIS2_PLACEMENT_3D ( 'NONE', #10441, #4402, #6968 ) ;
#10104 = DIRECTION ( 'NONE',  ( 0.000000000000000000, 0.9659258262890700886, -0.2588190451025140781 ) ) ;
#10105 = EDGE_CURVE ( 'NONE', #1352, #4253, #8044, .T. ) ;
#10106 = CARTESIAN_POINT ( 'NONE',  ( -6.350000000000004974, 8.509000000000000341, 1.270000000000001128 ) ) ;
#10107 = PLANE ( 'NONE',  #2664 ) ;
#10108 = DIRECTION ( 'NONE',  ( 0.000000000000000000, 0.2588190451025145222, -0.9659258262890699775 ) ) ;
#10109 = CARTESIAN_POINT ( 'NONE',  ( -21.59000000000000341, 3.110602869834277161E-16, -1.270000000000001128 ) ) ;
#10110 = ORIENTED_EDGE ( 'NONE', *, *, #9436, .F. ) ;
#10111 = AXIS2_PLACEMENT_3D ( 'NONE', #9919, #2226, #3771 ) ;
#10112 = DIRECTION ( 'NONE',  ( 1.000000000000000000, 0.000000000000000000, -0.000000000000000000 ) ) ;
#10113 = DIRECTION ( 'NONE',  ( -1.000000000000000000, -0.000000000000000000, -0.000000000000000000 ) ) ;
#10114 = ORIENTED_EDGE ( 'NONE', *, *, #7393, .F. ) ;
#10115 = ADVANCED_FACE ( 'NONE', ( #242 ), #7993, .T. ) ;
#10116 = VECTOR ( 'NONE', #2422, 1000.000000000000000 ) ;
#10118 = ADVANCED_FACE ( 'NONE', ( #2741 ), #6957, .F. ) ;
#10117 = ORIENTED_EDGE ( 'NONE', *, *, #2038, .F. ) ;
#10119 = VECTOR ( 'NONE', #999, 999.9999999999998863 ) ;
#10120 = CARTESIAN_POINT ( 'NONE',  ( -10.16000000000000369, 0.000000000000000000, 0.000000000000000000 ) ) ;
#10121 = EDGE_CURVE ( 'NONE', #7363, #4732, #5288, .T. ) ;
#10122 = VECTOR ( 'NONE', #3219, 1000.000000000000000 ) ;
#10123 = EDGE_CURVE ( 'NONE', #9312, #484, #4392, .T. ) ;
#10124 = FACE_OUTER_BOUND ( 'NONE', #5013, .T. ) ;
#10125 = DIRECTION ( 'NONE',  ( 0.000000000000000000, 1.000000000000000000, 0.000000000000000000 ) ) ;
#10126 = LINE ( 'NONE', #2271, #3502 ) ;
#10127 = LINE ( 'NONE', #8422, #4465 ) ;
#10128 = PLANE ( 'NONE',  #5604 ) ;
#10129 = VERTEX_POINT ( 'NONE', #2685 ) ;
#10130 = DIRECTION ( 'NONE',  ( 0.000000000000000000, 5.054934237236841843E-31, 1.000000000000000000 ) ) ;
#10131 = ADVANCED_FACE ( 'NONE', ( #7871 ), #3699, .T. ) ;
#10132 = AXIS2_PLACEMENT_3D ( 'NONE', #2976, #10728, #2009 ) ;
#10133 = VECTOR ( 'NONE', #4795, 1000.000000000000114 ) ;
#10134 = ORIENTED_EDGE ( 'NONE', *, *, #7838, .F. ) ;
#10135 = CARTESIAN_POINT ( 'NONE',  ( -1.270000000000003793, 2.177422008883992879E-16, -0.8890000000000013447 ) ) ;
#10136 = ORIENTED_EDGE ( 'NONE', *, *, #9076, .F. ) ;
#10137 = CARTESIAN_POINT ( 'NONE',  ( -11.43000000000000504, 8.509000000000000341, 1.270000000000001128 ) ) ;
#10138 = VERTEX_POINT ( 'NONE', #9575 ) ;
#10139 = VERTEX_POINT ( 'NONE', #972 ) ;
#10140 = VECTOR ( 'NONE', #6726, 1000.000000000000000 ) ;
#10141 = EDGE_CURVE ( 'NONE', #10073, #6265, #1030, .T. ) ;
#10142 = CARTESIAN_POINT ( 'NONE',  ( 15.62099999999999511, 7.239000000000000767, 0.3809999999999958975 ) ) ;
#10143 = CARTESIAN_POINT ( 'NONE',  ( -11.43000000000000504, 2.177422008883992879E-16, -0.8890000000000013447 ) ) ;
#10144 = CARTESIAN_POINT ( 'NONE',  ( 13.96999999999999709, 3.110602869834277161E-16, -1.270000000000001128 ) ) ;
#10145 = EDGE_LOOP ( 'NONE', ( #5929, #4690, #6392, #2295 ) ) ;
#10146 = FACE_OUTER_BOUND ( 'NONE', #2675, .T. ) ;
#10147 = CARTESIAN_POINT ( 'NONE',  ( 11.42999999999999616, -1.925929944387235853E-31, 0.8889999999999991243 ) ) ;
#10148 = ORIENTED_EDGE ( 'NONE', *, *, #2710, .F. ) ;
#10149 = ORIENTED_EDGE ( 'NONE', *, *, #6, .T. ) ;
#10150 = AXIS2_PLACEMENT_3D ( 'NONE', #1620, #8576, #9434 ) ;
#10151 = VERTEX_POINT ( 'NONE', #5462 ) ;
#10152 = FACE_OUTER_BOUND ( 'NONE', #302, .T. ) ;
#10153 = CARTESIAN_POINT ( 'NONE',  ( 21.58999999999999631, 0.5080000000000002292, -0.7528818102449945648 ) ) ;
#10154 = EDGE_LOOP ( 'NONE', ( #9132, #2397, #10055, #1313 ) ) ;
#10155 = PLANE ( 'NONE',  #3697 ) ;
#10156 = CARTESIAN_POINT ( 'NONE',  ( 24.12999999999999901, 2.177422008883992879E-16, -0.8890000000000013447 ) ) ;
#10157 = FACE_OUTER_BOUND ( 'NONE', #63, .T. ) ;
#10158 = DIRECTION ( 'NONE',  ( 0.000000000000000000, 0.000000000000000000, -1.000000000000000000 ) ) ;
#10159 = ORIENTED_EDGE ( 'NONE', *, *, #8125, .T. ) ;
#10160 = ORIENTED_EDGE ( 'NONE', *, *, #804, .F. ) ;
#10161 = LINE ( 'NONE', #9943, #8221 ) ;
#10162 = DIRECTION ( 'NONE',  ( 0.000000000000000000, -0.9659258262890700886, 0.2588190451025140781 ) ) ;
#10163 = PLANE ( 'NONE',  #1937 ) ;
#10164 = PLANE ( 'NONE',  #4459 ) ;
#10165 = DIRECTION ( 'NONE',  ( -0.000000000000000000, 1.000000000000000000, 1.440069553722777130E-16 ) ) ;
#10166 = VERTEX_POINT ( 'NONE', #1945 ) ;
#10167 = CARTESIAN_POINT ( 'NONE',  ( 8.889999999999995239, 0.5080000000000000071, 0.7528818102449925664 ) ) ;
#10168 = CARTESIAN_POINT ( 'NONE',  ( 7.746999999999993669, 7.810500000000001108, 0.1269999999999961438 ) ) ;
#10169 = ORIENTED_EDGE ( 'NONE', *, *, #7553, .F. ) ;
#10170 = ORIENTED_EDGE ( 'NONE', *, *, #2699, .F. ) ;
#10171 = DIRECTION ( 'NONE',  ( 1.000000000000000000, 0.000000000000000000, 0.000000000000000000 ) ) ;
#10172 = CARTESIAN_POINT ( 'NONE',  ( 21.58999999999999631, 0.000000000000000000, 1.269999999999998908 ) ) ;
#10173 = VECTOR ( 'NONE', #2529, 1000.000000000000000 ) ;
#10174 = SURFACE_STYLE_FILL_AREA ( #6724 ) ;
#10175 =( NAMED_UNIT ( * ) SI_UNIT ( $, .STERADIAN. ) SOLID_ANGLE_UNIT ( ) );
#10176 = CARTESIAN_POINT ( 'NONE',  ( -19.05000000000000426, 8.509000000000000341, 1.270000000000001128 ) ) ;
#10177 = ORIENTED_EDGE ( 'NONE', *, *, #3648, .T. ) ;
#10179 = ADVANCED_FACE ( 'NONE', ( #9685 ), #188, .F. ) ;
#10178 = CARTESIAN_POINT ( 'NONE',  ( 21.58999999999999631, -1.925929944387235853E-31, 0.8889999999999991243 ) ) ;
#10180 = EDGE_CURVE ( 'NONE', #9184, #10011, #8890, .T. ) ;
#10181 = UNCERTAINTY_MEASURE_WITH_UNIT (LENGTH_MEASURE( 1.000000000000000082E-05 ), #5768, 'distance_accuracy_value', 'NONE');
#10182 = ORIENTED_EDGE ( 'NONE', *, *, #8402, .F. ) ;
#10183 = PLANE ( 'NONE',  #10988 ) ;
#10184 = EDGE_LOOP ( 'NONE', ( #9751, #7150, #5511, #6693 ) ) ;
#10185 = ADVANCED_FACE ( 'NONE', ( #6335 ), #9805, .F. ) ;
#10186 = CARTESIAN_POINT ( 'NONE',  ( 14.41449999999999676, 8.509000000000000341, -1.270000000000001128 ) ) ;
#10187 = EDGE_CURVE ( 'NONE', #5212, #9005, #6554, .T. ) ;
#10188 = ORIENTED_EDGE ( 'NONE', *, *, #4818, .F. ) ;
#10189 = ORIENTED_EDGE ( 'NONE', *, *, #9135, .F. ) ;
#10190 = VECTOR ( 'NONE', #2494, 1000.000000000000000 ) ;
#10191 = DIRECTION ( 'NONE',  ( 0.000000000000000000, -1.000000000000000000, -2.548365665731588345E-16 ) ) ;
#10192 = DIRECTION ( 'NONE',  ( -0.7071067811865475727, -0.7071067811865475727, 0.000000000000000000 ) ) ;
#10193 = CARTESIAN_POINT ( 'NONE',  ( 14.41449999999999676, 8.509000000000000341, -0.8255000000000041194 ) ) ;
#10194 = EDGE_LOOP ( 'NONE', ( #6635, #8657, #1031, #7561 ) ) ;
#10195 = LINE ( 'NONE', #2461, #4254 ) ;
#10196 = DIRECTION ( 'NONE',  ( 1.000000000000000000, 0.000000000000000000, 0.000000000000000000 ) ) ;
#10197 = ADVANCED_FACE ( 'NONE', ( #7465 ), #9111, .F. ) ;
#10198 = ORIENTED_EDGE ( 'NONE', *, *, #1161, .F. ) ;
#10199 = DIRECTION ( 'NONE',  ( 1.000000000000000000, 0.000000000000000000, 0.000000000000000000 ) ) ;
#10200 = VERTEX_POINT ( 'NONE', #2907 ) ;
#10201 = EDGE_CURVE ( 'NONE', #7857, #5479, #5519, .T. ) ;
#10202 = ORIENTED_EDGE ( 'NONE', *, *, #812, .T. ) ;
#10203 = VECTOR ( 'NONE', #10732, 1000.000000000000000 ) ;
#10204 = VECTOR ( 'NONE', #1454, 1000.000000000000000 ) ;
#10205 = ADVANCED_FACE ( 'NONE', ( #3019 ), #5687, .F. ) ;
#10206 = DIRECTION ( 'NONE',  ( 0.000000000000000000, -0.9659258262890700886, 0.2588190451025140781 ) ) ;
#10207 = DIRECTION ( 'NONE',  ( 0.000000000000000000, -0.9659258262890699775, -0.2588190451025145222 ) ) ;
#10208 = ORIENTED_EDGE ( 'NONE', *, *, #1914, .T. ) ;
#10209 = CARTESIAN_POINT ( 'NONE',  ( 6.349999999999997868, 0.5080000000000000071, 0.7528818102449925664 ) ) ;
#10210 = FACE_OUTER_BOUND ( 'NONE', #8582, .T. ) ;
#10211 = DIRECTION ( 'NONE',  ( 0.000000000000000000, -0.9659258262890700886, 0.2588190451025140781 ) ) ;
#10212 = CARTESIAN_POINT ( 'NONE',  ( -8.890000000000004121, 0.5080000000000000071, 0.7528818102449925664 ) ) ;
#10213 = AXIS2_PLACEMENT_3D ( 'NONE', #10089, #10796, #2991 ) ;
#10214 = DIRECTION ( 'NONE',  ( 0.000000000000000000, -0.9659258262890699775, -0.2588190451025145222 ) ) ;
#10215 = ORIENTED_EDGE ( 'NONE', *, *, #10338, .F. ) ;
#10216 = ORIENTED_EDGE ( 'NONE', *, *, #8868, .T. ) ;
#10217 = EDGE_CURVE ( 'NONE', #6731, #5922, #10882, .T. ) ;
#10218 = CARTESIAN_POINT ( 'NONE',  ( -16.51000000000000512, 8.509000000000000341, -0.8255000000000041194 ) ) ;
#10219 = VECTOR ( 'NONE', #562, 1000.000000000000000 ) ;
#10220 =( NAMED_UNIT ( * ) SI_UNIT ( $, .STERADIAN. ) SOLID_ANGLE_UNIT ( ) );
#10221 = LINE ( 'NONE', #3170, #311 ) ;
#10222 = CARTESIAN_POINT ( 'NONE',  ( -22.47900000000000631, 8.064500000000000668, 0.3809999999999958975 ) ) ;
#10223 = LINE ( 'NONE', #4876, #6884 ) ;
#10224 = ORIENTED_EDGE ( 'NONE', *, *, #10278, .T. ) ;
#10225 = VECTOR ( 'NONE', #1524, 1000.000000000000000 ) ;
#10226 = CARTESIAN_POINT ( 'NONE',  ( -3.810000000000004494, -1.925929944387235853E-31, 0.8889999999999991243 ) ) ;
#10227 = DIRECTION ( 'NONE',  ( 0.000000000000000000, -1.000000000000000000, -2.548365665731588345E-16 ) ) ;
#10228 = VERTEX_POINT ( 'NONE', #6383 ) ;
#10229 = VERTEX_POINT ( 'NONE', #2274 ) ;
#10230 = DIRECTION ( 'NONE',  ( 0.000000000000000000, 0.000000000000000000, 1.000000000000000000 ) ) ;
#10231 = EDGE_CURVE ( 'NONE', #3804, #10501, #10010, .T. ) ;
#10232 = COLOUR_RGB ( '',0.2509803921568627416, 0.2509803921568627416, 0.2509803921568627416 ) ;
#10233 = CARTESIAN_POINT ( 'NONE',  ( -21.59000000000000341, 0.000000000000000000, 1.269999999999998908 ) ) ;
#10234 = CARTESIAN_POINT ( 'NONE',  ( 1.269999999999996909, 8.509000000000000341, -0.8255000000000041194 ) ) ;
#10235 = CARTESIAN_POINT ( 'NONE',  ( 1.269999999999996909, 0.5080000000000002292, -0.7528818102449945648 ) ) ;
#10236 = AXIS2_PLACEMENT_3D ( 'NONE', #11021, #3216, #6702 ) ;
#10237 = CARTESIAN_POINT ( 'NONE',  ( 15.62099999999999511, 8.064500000000000668, 0.3809999999999958975 ) ) ;
#10238 = VERTEX_POINT ( 'NONE', #2212 ) ;
#10239 = CARTESIAN_POINT ( 'NONE',  ( 16.50999999999999801, 0.5080000000000000071, 0.7528818102449925664 ) ) ;
#10240 = LINE ( 'NONE', #2614, #5147 ) ;
#10241 = ORIENTED_EDGE ( 'NONE', *, *, #9217, .F. ) ;
#10242 = VECTOR ( 'NONE', #10537, 1000.000000000000000 ) ;
#10243 = DIRECTION ( 'NONE',  ( -1.000000000000000000, 0.000000000000000000, -0.000000000000000000 ) ) ;
#10244 = ORIENTED_EDGE ( 'NONE', *, *, #4055, .T. ) ;
#10245 = ORIENTED_EDGE ( 'NONE', *, *, #2470, .T. ) ;
#10246 = VECTOR ( 'NONE', #8279, 1000.000000000000000 ) ;
#10247 = ADVANCED_FACE ( 'NONE', ( #4672 ), #6497, .F. ) ;
#10248 = EDGE_CURVE ( 'NONE', #8370, #6044, #356, .T. ) ;
#10249 = DIRECTION ( 'NONE',  ( 0.000000000000000000, 1.000000000000000000, -5.054934237236841843E-31 ) ) ;
#10250 = LINE ( 'NONE', #10143, #1373 ) ;
#10251 = EDGE_CURVE ( 'NONE', #1194, #10261, #7305, .T. ) ;
#10252 = VECTOR ( 'NONE', #3570, 1000.000000000000000 ) ;
#10253 = FACE_OUTER_BOUND ( 'NONE', #2511, .T. ) ;
#10254 = ORIENTED_EDGE ( 'NONE', *, *, #2385, .F. ) ;
#10255 = DIRECTION ( 'NONE',  ( 0.000000000000000000, 2.449293598294710852E-16, -1.000000000000000000 ) ) ;
#10256 = CARTESIAN_POINT ( 'NONE',  ( -23.24100000000000321, 8.064500000000000668, 0.3809999999999960085 ) ) ;
#10257 = AXIS2_PLACEMENT_3D ( 'NONE', #6385, #81, #137 ) ;
#10258 = VERTEX_POINT ( 'NONE', #10065 ) ;
#10259 = LINE ( 'NONE', #22, #9885 ) ;
#10260 = VERTEX_POINT ( 'NONE', #6441 ) ;
#10261 = VERTEX_POINT ( 'NONE', #5747 ) ;
#10262 = VECTOR ( 'NONE', #10405, 1000.000000000000000 ) ;
#10263 = PRODUCT_DEFINITION_SHAPE ( 'NONE', 'NONE',  #11263 ) ;
#10264 = EDGE_CURVE ( 'NONE', #4155, #1549, #403, .T. ) ;
#10265 = CARTESIAN_POINT ( 'NONE',  ( -3.810000000000004494, 0.5080000000000002292, -0.7528818102449945648 ) ) ;
#10266 = CARTESIAN_POINT ( 'NONE',  ( -13.52550000000000452, 8.509000000000000341, -0.8255000000000041194 ) ) ;
#10267 = ORIENTED_EDGE ( 'NONE', *, *, #6245, .T. ) ;
#10268 = DIRECTION ( 'NONE',  ( -1.000000000000000000, -0.000000000000000000, -0.000000000000000000 ) ) ;
#10269 = LINE ( 'NONE', #6864, #3820 ) ;
#10270 = DIRECTION ( 'NONE',  ( 0.000000000000000000, -0.9659258262890699775, -0.2588190451025145222 ) ) ;
#10271 = CARTESIAN_POINT ( 'NONE',  ( 17.39899999999999736, 8.064500000000000668, -0.3810000000000027809 ) ) ;
#10272 = EDGE_CURVE ( 'NONE', #8533, #6340, #3758, .T. ) ;
#10273 = VECTOR ( 'NONE', #239, 1000.000000000000114 ) ;
#10274 = CARTESIAN_POINT ( 'NONE',  ( -6.350000000000004974, 2.177422008883992879E-16, -0.8890000000000013447 ) ) ;
#10275 = VERTEX_POINT ( 'NONE', #9961 ) ;
#10276 = EDGE_CURVE ( 'NONE', #9312, #2635, #3866, .T. ) ;
#10277 = EDGE_LOOP ( 'NONE', ( #11168, #7769, #2798, #6489 ) ) ;
#10278 = EDGE_CURVE ( 'NONE', #5688, #7708, #4831, .T. ) ;
#10279 = DIRECTION ( 'NONE',  ( 0.000000000000000000, 0.000000000000000000, -1.000000000000000000 ) ) ;
#10280 = FACE_OUTER_BOUND ( 'NONE', #10028, .T. ) ;
#10281 = DIRECTION ( 'NONE',  ( 0.5773502691896252870, -0.5773502691896251759, -0.5773502691896267303 ) ) ;
#10282 = FACE_OUTER_BOUND ( 'NONE', #5422, .T. ) ;
#10283 = PLANE ( 'NONE',  #10150 ) ;
#10284 = ORIENTED_EDGE ( 'NONE', *, *, #3514, .T. ) ;
#10285 = LINE ( 'NONE', #616, #4258 ) ;
#10286 = EDGE_CURVE ( 'NONE', #491, #2264, #3923, .T. ) ;
#10287 = VECTOR ( 'NONE', #7224, 1000.000000000000000 ) ;
#10288 = FACE_OUTER_BOUND ( 'NONE', #993, .T. ) ;
#10289 = ORIENTED_EDGE ( 'NONE', *, *, #6232, .F. ) ;
#10290 = PLANE ( 'NONE',  #4430 ) ;
#10291 = DIRECTION ( 'NONE',  ( 0.000000000000000000, 0.000000000000000000, 1.000000000000000000 ) ) ;
#10292 = LINE ( 'NONE', #4432, #7498 ) ;
#10293 = AXIS2_PLACEMENT_3D ( 'NONE', #7267, #5761, #6626 ) ;
#10294 = VECTOR ( 'NONE', #8380, 1000.000000000000000 ) ;
#10295 = DIRECTION ( 'NONE',  ( -1.000000000000000000, -0.000000000000000000, -0.000000000000000000 ) ) ;
#10296 = ORIENTED_EDGE ( 'NONE', *, *, #1788, .T. ) ;
#10297 = PLANE ( 'NONE',  #1862 ) ;
#10298 = UNCERTAINTY_MEASURE_WITH_UNIT (LENGTH_MEASURE( 1.000000000000000082E-05 ), #9799, 'distance_accuracy_value', 'NONE');
#10299 = CARTESIAN_POINT ( 'NONE',  ( 3.809999999999997389, 0.5080000000000000071, 0.7528818102449925664 ) ) ;
#10300 = EDGE_CURVE ( 'NONE', #10275, #1326, #8315, .T. ) ;
#10301 = EDGE_LOOP ( 'NONE', ( #3829, #4956, #11028, #312 ) ) ;
#10302 = DIRECTION ( 'NONE',  ( 0.000000000000000000, -5.054934237236841843E-31, -1.000000000000000000 ) ) ;
#10303 = ORIENTED_EDGE ( 'NONE', *, *, #808, .T. ) ;
#10304 = VECTOR ( 'NONE', #2708, 1000.000000000000000 ) ;
#10305 = ORIENTED_EDGE ( 'NONE', *, *, #9357, .T. ) ;
#10306 = FACE_OUTER_BOUND ( 'NONE', #7935, .T. ) ;
#10307 = LINE ( 'NONE', #11007, #4279 ) ;
#10308 = AXIS2_PLACEMENT_3D ( 'NONE', #9308, #1254, #3770 ) ;
#10309 = CARTESIAN_POINT ( 'NONE',  ( -20.70100000000000406, 8.064500000000000668, 0.3809999999999960085 ) ) ;
#10310 = VECTOR ( 'NONE', #5066, 1000.000000000000000 ) ;
#10311 = DIRECTION ( 'NONE',  ( 0.5773502691896252870, -0.5773502691896251759, -0.5773502691896267303 ) ) ;
#10312 = ORIENTED_EDGE ( 'NONE', *, *, #8740, .T. ) ;
#10313 = CARTESIAN_POINT ( 'NONE',  ( 15.62099999999999511, 7.239000000000000767, 0.3809999999999958975 ) ) ;
#10314 = CARTESIAN_POINT ( 'NONE',  ( 8.889999999999995239, 8.509000000000000341, 1.270000000000001128 ) ) ;
#10315 = EDGE_CURVE ( 'NONE', #11118, #10261, #9224, .T. ) ;
#10316 = VECTOR ( 'NONE', #3162, 1000.000000000000000 ) ;
#10317 = EDGE_LOOP ( 'NONE', ( #8175, #121, #7473, #5047 ) ) ;
#10318 = DIRECTION ( 'NONE',  ( -0.000000000000000000, 1.000000000000000000, 1.440069553722777130E-16 ) ) ;
#10320 = ORIENTED_EDGE ( 'NONE', *, *, #8459, .T. ) ;
#10319 = EDGE_CURVE ( 'NONE', #10129, #6648, #4994, .T. ) ;
#10321 = ORIENTED_EDGE ( 'NONE', *, *, #8229, .T. ) ;
#10322 = AXIS2_PLACEMENT_3D ( 'NONE', #9098, #8147, #3003 ) ;
#10323 = LINE ( 'NONE', #4967, #5567 ) ;
#10324 = EDGE_LOOP ( 'NONE', ( #2587, #9536, #6107, #3388 ) ) ;
#10325 = DIRECTION ( 'NONE',  ( 0.000000000000000000, 1.000000000000000000, 0.000000000000000000 ) ) ;
#10326 = LINE ( 'NONE', #11132, #6578 ) ;
#10327 = LINE ( 'NONE', #1723, #4947 ) ;
#10328 = VECTOR ( 'NONE', #8021, 1000.000000000000000 ) ;
#10329 = DIRECTION ( 'NONE',  ( -0.000000000000000000, 0.000000000000000000, -1.000000000000000000 ) ) ;
#10330 = CARTESIAN_POINT ( 'NONE',  ( -11.43000000000000504, 2.177422008883992879E-16, -0.8890000000000013447 ) ) ;
#10332 = VERTEX_POINT ( 'NONE', #1689 ) ;
#10331 = ADVANCED_FACE ( 'NONE', ( #4938 ), #7687, .F. ) ;
#10333 = CARTESIAN_POINT ( 'NONE',  ( -1.270000000000003793, 0.5080000000000002292, -0.7528818102449945648 ) ) ;
#10334 = EDGE_LOOP ( 'NONE', ( #9457, #8642, #3129, #809, #5429, #1137, #8492, #5150 ) ) ;
#10335 = ADVANCED_FACE ( 'NONE', ( #6781 ), #3350, .F. ) ;
#10336 = EDGE_CURVE ( 'NONE', #4650, #10091, #10356, .T. ) ;
#10337 = VERTEX_POINT ( 'NONE', #5801 ) ;
#10338 = EDGE_CURVE ( 'NONE', #6211, #5127, #11159, .T. ) ;
#10339 = LINE ( 'NONE', #10390, #9742 ) ;
#10340 = CARTESIAN_POINT ( 'NONE',  ( 19.04999999999999716, 0.5080000000000002292, -0.7528818102449945648 ) ) ;
#10341 = CARTESIAN_POINT ( 'NONE',  ( -4.699000000000005173, 7.239000000000000767, 0.3809999999999958975 ) ) ;
#10342 = CARTESIAN_POINT ( 'NONE',  ( -7.239000000000006096, 8.064500000000000668, -0.3810000000000027809 ) ) ;
#10343 = CARTESIAN_POINT ( 'NONE',  ( -7.239000000000006096, 8.064500000000000668, 0.3809999999999960085 ) ) ;
#10344 = CARTESIAN_POINT ( 'NONE',  ( 1.269999999999996909, 0.000000000000000000, 0.000000000000000000 ) ) ;
#10345 = ORIENTED_EDGE ( 'NONE', *, *, #6240, .F. ) ;
#10346 = DIRECTION ( 'NONE',  ( 0.7071067811865475727, -0.7071067811865475727, 0.000000000000000000 ) ) ;
#10347 = LINE ( 'NONE', #2375, #6750 ) ;
#10348 = ADVANCED_FACE ( 'NONE', ( #1522 ), #11051, .F. ) ;
#10349 = VERTEX_POINT ( 'NONE', #7525 ) ;
#10350 = CARTESIAN_POINT ( 'NONE',  ( -16.51000000000000512, 3.110602869834277161E-16, -1.270000000000001128 ) ) ;
#10351 = PLANE ( 'NONE',  #1113 ) ;
#10352 = EDGE_CURVE ( 'NONE', #7143, #7872, #6026, .T. ) ;
#10353 = EDGE_CURVE ( 'NONE', #1681, #10073, #3246, .T. ) ;
#10354 = DIRECTION ( 'NONE',  ( 1.000000000000000000, 0.000000000000000000, -0.000000000000000000 ) ) ;
#10355 = DIRECTION ( 'NONE',  ( -1.000000000000000000, 0.000000000000000000, -0.000000000000000000 ) ) ;
#10356 = LINE ( 'NONE', #8538, #3059 ) ;
#10357 = ORIENTED_EDGE ( 'NONE', *, *, #2865, .F. ) ;
#10358 = DIRECTION ( 'NONE',  ( 0.000000000000000000, 0.000000000000000000, 1.000000000000000000 ) ) ;
#10359 = CARTESIAN_POINT ( 'NONE',  ( -13.97000000000000419, 8.509000000000000341, 1.270000000000001128 ) ) ;
#10360 = VERTEX_POINT ( 'NONE', #7748 ) ;
#10361 = DIRECTION ( 'NONE',  ( 0.000000000000000000, 0.000000000000000000, 1.000000000000000000 ) ) ;
#10362 = ORIENTED_EDGE ( 'NONE', *, *, #5936, .F. ) ;
#10363 = PRODUCT_DEFINITION_SHAPE ( 'NONE', 'NONE',  #11269 ) ;
#10364 = VERTEX_POINT ( 'NONE', #9501 ) ;
#10365 = VECTOR ( 'NONE', #4123, 1000.000000000000000 ) ;
#10366 = FACE_OUTER_BOUND ( 'NONE', #4841, .T. ) ;
#10367 = DIRECTION ( 'NONE',  ( 0.000000000000000000, 1.000000000000000000, 1.733406087350420004E-16 ) ) ;
#10368 = VECTOR ( 'NONE', #8253, 1000.000000000000000 ) ;
#10369 = CARTESIAN_POINT ( 'NONE',  ( -3.810000000000004494, 0.000000000000000000, 1.269999999999998908 ) ) ;
#10370 = DIRECTION ( 'NONE',  ( 0.000000000000000000, -5.054934237236841843E-31, -1.000000000000000000 ) ) ;
#10371 = VERTEX_POINT ( 'NONE', #10176 ) ;
#10372 = DIRECTION ( 'NONE',  ( 0.000000000000000000, 0.000000000000000000, -1.000000000000000000 ) ) ;
#10373 = CARTESIAN_POINT ( 'NONE',  ( 6.349999999999997868, 2.177422008883992879E-16, -0.8890000000000013447 ) ) ;
#10374 = ORIENTED_EDGE ( 'NONE', *, *, #6062, .T. ) ;
#10375 = ORIENTED_EDGE ( 'NONE', *, *, #6996, .F. ) ;
#10376 = ORIENTED_EDGE ( 'NONE', *, *, #1663, .T. ) ;
#10377 = CARTESIAN_POINT ( 'NONE',  ( 6.349999999999997868, 8.509000000000000341, 0.8254999999999976801 ) ) ;
#10378 = VECTOR ( 'NONE', #10714, 1000.000000000000114 ) ;
#10379 = VECTOR ( 'NONE', #10528, 1000.000000000000000 ) ;
#10380 = ORIENTED_EDGE ( 'NONE', *, *, #1011, .F. ) ;
#10381 = FACE_OUTER_BOUND ( 'NONE', #6854, .T. ) ;
#10382 = CARTESIAN_POINT ( 'NONE',  ( -24.13000000000000611, 0.5080000000000002292, -0.7528818102449945648 ) ) ;
#10383 = CARTESIAN_POINT ( 'NONE',  ( -24.13000000000000611, 2.177422008883992879E-16, -0.8890000000000013447 ) ) ;
#10384 = PLANE ( 'NONE',  #10042 ) ;
#10385 = ORIENTED_EDGE ( 'NONE', *, *, #1127, .T. ) ;
#10386 = DIRECTION ( 'NONE',  ( 0.000000000000000000, -1.000000000000000000, 0.000000000000000000 ) ) ;
#10387 = VERTEX_POINT ( 'NONE', #2446 ) ;
#10388 = EDGE_CURVE ( 'NONE', #1764, #8166, #6834, .T. ) ;
#10389 = EDGE_CURVE ( 'NONE', #9557, #10228, #4032, .T. ) ;
#10390 = CARTESIAN_POINT ( 'NONE',  ( -22.47900000000000631, 7.239000000000000767, 0.3809999999999958975 ) ) ;
#10391 = EDGE_CURVE ( 'NONE', #6461, #2236, #2503, .T. ) ;
#10392 = CARTESIAN_POINT ( 'NONE',  ( 23.24099999999999611, 8.064500000000000668, 0.3809999999999958975 ) ) ;
#10393 =( REPRESENTATION_RELATIONSHIP ('NONE','NONE', #5926, #187 ) REPRESENTATION_RELATIONSHIP_WITH_TRANSFORMATION ( #10471 )SHAPE_REPRESENTATION_RELATIONSHIP( ) );
#10394 = CARTESIAN_POINT ( 'NONE',  ( -3.810000000000004494, 2.177422008883992879E-16, -0.8890000000000013447 ) ) ;
#10395 = LINE ( 'NONE', #2767, #4847 ) ;
#10396 = VECTOR ( 'NONE', #661, 1000.000000000000000 ) ;
#10397 = CARTESIAN_POINT ( 'NONE',  ( 19.04999999999999716, 8.509000000000000341, -0.8255000000000041194 ) ) ;
#10398 = DIRECTION ( 'NONE',  ( 0.000000000000000000, 1.733406087350420004E-16, -1.000000000000000000 ) ) ;
#10399 = ORIENTED_EDGE ( 'NONE', *, *, #9146, .T. ) ;
#10400 = VECTOR ( 'NONE', #14, 1000.000000000000000 ) ;
#10401 = DIRECTION ( 'NONE',  ( 0.5773502691896252870, -0.5773502691896251759, -0.5773502691896267303 ) ) ;
#10402 = LINE ( 'NONE', #9548, #2928 ) ;
#10403 = VECTOR ( 'NONE', #3647, 1000.000000000000000 ) ;
#10404 = ORIENTED_EDGE ( 'NONE', *, *, #10971, .F. ) ;
#10405 = DIRECTION ( 'NONE',  ( -1.000000000000000000, 0.000000000000000000, 0.000000000000000000 ) ) ;
#10406 = VECTOR ( 'NONE', #9632, 1000.000000000000114 ) ;
#10407 = DIRECTION ( 'NONE',  ( 1.000000000000000000, 0.000000000000000000, 0.000000000000000000 ) ) ;
#10408 = EDGE_CURVE ( 'NONE', #859, #5688, #3186, .T. ) ;
#10409 = ADVANCED_FACE ( 'NONE', ( #4154 ), #10128, .F. ) ;
#10410 = FACE_OUTER_BOUND ( 'NONE', #2546, .T. ) ;
#10411 = LINE ( 'NONE', #9553, #66 ) ;
#10412 = LINE ( 'NONE', #7001, #9200 ) ;
#10413 = VECTOR ( 'NONE', #566, 1000.000000000000114 ) ;
#10414 = FACE_OUTER_BOUND ( 'NONE', #1868, .T. ) ;
#10415 = ORIENTED_EDGE ( 'NONE', *, *, #4224, .T. ) ;
#10416 = FACE_OUTER_BOUND ( 'NONE', #2018, .T. ) ;
#10417 = MECHANICAL_DESIGN_GEOMETRIC_PRESENTATION_REPRESENTATION (  '', ( #6786 ), #3321 ) ;
#10418 = CARTESIAN_POINT ( 'NONE',  ( -8.890000000000004121, 0.5080000000000000071, 0.7528818102449925664 ) ) ;
#10419 = VERTEX_POINT ( 'NONE', #783 ) ;
#10420 = CARTESIAN_POINT ( 'NONE',  ( 13.96999999999999709, 8.509000000000000341, -1.270000000000001128 ) ) ;
#10421 = ORIENTED_EDGE ( 'NONE', *, *, #10624, .T. ) ;
#10422 = ADVANCED_FACE ( 'NONE', ( #9279 ), #11101, .F. ) ;
#10423 =( GEOMETRIC_REPRESENTATION_CONTEXT ( 3 ) GLOBAL_UNCERTAINTY_ASSIGNED_CONTEXT ( ( #5855 ) ) GLOBAL_UNIT_ASSIGNED_CONTEXT ( ( #11181, #2573, #9353 ) ) REPRESENTATION_CONTEXT ( 'NONE', 'WORKASPACE' ) );
#10424 = ORIENTED_EDGE ( 'NONE', *, *, #590, .F. ) ;
#10425 = FACE_OUTER_BOUND ( 'NONE', #626, .T. ) ;
#10426 = CARTESIAN_POINT ( 'NONE',  ( 5.460999999999996746, 7.239000000000000767, 0.3809999999999958975 ) ) ;
#10427 = STYLED_ITEM ( 'NONE', ( #4543 ), #5618 ) ;
#10428 = DIRECTION ( 'NONE',  ( 0.000000000000000000, -1.733406087350420004E-16, 1.000000000000000000 ) ) ;
#10429 = CARTESIAN_POINT ( 'NONE',  ( 15.62099999999999511, 8.064500000000000668, -0.3810000000000027809 ) ) ;
#10430 = ORIENTED_EDGE ( 'NONE', *, *, #9560, .F. ) ;
#10431 = CARTESIAN_POINT ( 'NONE',  ( 21.58999999999999631, 0.000000000000000000, 0.000000000000000000 ) ) ;
#10432 = DIRECTION ( 'NONE',  ( -1.000000000000000000, 0.000000000000000000, 0.000000000000000000 ) ) ;
#10433 = VECTOR ( 'NONE', #7059, 1000.000000000000000 ) ;
#10434 = AXIS2_PLACEMENT_3D ( 'NONE', #2409, #1600, #7824 ) ;
#10435 = ORIENTED_EDGE ( 'NONE', *, *, #8700, .T. ) ;
#10436 = VERTEX_POINT ( 'NONE', #1581 ) ;
#10437 = VECTOR ( 'NONE', #6168, 1000.000000000000000 ) ;
#10438 = ORIENTED_EDGE ( 'NONE', *, *, #5769, .F. ) ;
#10439 = EDGE_CURVE ( 'NONE', #8539, #8965, #5055, .T. ) ;
#10440 = VECTOR ( 'NONE', #9673, 1000.000000000000114 ) ;
#10441 = CARTESIAN_POINT ( 'NONE',  ( 4.698999999999998067, 8.064500000000000668, 0.3809999999999958975 ) ) ;
#10442 = VECTOR ( 'NONE', #2570, 1000.000000000000000 ) ;
#10443 = ORIENTED_EDGE ( 'NONE', *, *, #7727, .F. ) ;
#10444 = DIRECTION ( 'NONE',  ( 0.000000000000000000, 1.000000000000000000, 0.000000000000000000 ) ) ;
#10445 = CARTESIAN_POINT ( 'NONE',  ( 3.809999999999997389, 0.5080000000000002292, -0.7528818102449945648 ) ) ;
#10446 = FACE_OUTER_BOUND ( 'NONE', #5816, .T. ) ;
#10447 = ORIENTED_EDGE ( 'NONE', *, *, #1387, .F. ) ;
#10448 = VECTOR ( 'NONE', #8022, 1000.000000000000000 ) ;
#10449 = CARTESIAN_POINT ( 'NONE',  ( -3.810000000000004494, 0.5080000000000000071, 0.7528818102449925664 ) ) ;
#10450 = VERTEX_POINT ( 'NONE', #9620 ) ;
#10451 = VECTOR ( 'NONE', #11036, 1000.000000000000000 ) ;
#10452 = CARTESIAN_POINT ( 'NONE',  ( 4.698999999999998067, 7.239000000000000767, 0.3809999999999958975 ) ) ;
#10453 = PLANE ( 'NONE',  #3308 ) ;
#10454 = VECTOR ( 'NONE', #8482, 1000.000000000000000 ) ;
#10455 = ORIENTED_EDGE ( 'NONE', *, *, #3912, .F. ) ;
#10456 = CARTESIAN_POINT ( 'NONE',  ( -4.953000000000005620, 7.810500000000000220, -0.1270000000000024998 ) ) ;
#10457 = FACE_OUTER_BOUND ( 'NONE', #2490, .T. ) ;
#10458 = DIRECTION ( 'NONE',  ( -0.000000000000000000, 1.000000000000000000, 1.733406087350420004E-16 ) ) ;
#10459 = PLANE ( 'NONE',  #346 ) ;
#10460 = ORIENTED_EDGE ( 'NONE', *, *, #2238, .T. ) ;
#10461 = PRODUCT_DEFINITION_SHAPE ( 'NONE', 'NONE',  #11268 ) ;
#10462 = ADVANCED_FACE ( 'NONE', ( #4494 ), #3465, .F. ) ;
#10463 = DIRECTION ( 'NONE',  ( 0.000000000000000000, 0.000000000000000000, -1.000000000000000000 ) ) ;
#10464 = EDGE_CURVE ( 'NONE', #5062, #3430, #9556, .T. ) ;
#10465 = LINE ( 'NONE', #1798, #392 ) ;
#10466 = VERTEX_POINT ( 'NONE', #6086 ) ;
#10467 = VECTOR ( 'NONE', #10007, 1000.000000000000000 ) ;
#10468 = DIRECTION ( 'NONE',  ( 0.000000000000000000, 2.548365665731588345E-16, -1.000000000000000000 ) ) ;
#10469 = ADVANCED_FACE ( 'NONE', ( #840 ), #8759, .F. ) ;
#10470 = VECTOR ( 'NONE', #4366, 1000.000000000000000 ) ;
#10471 = ITEM_DEFINED_TRANSFORMATION ( 'NONE', 'NONE', #1774,  #4858 ) ;
#10472 = CARTESIAN_POINT ( 'NONE',  ( 11.42999999999999616, 0.000000000000000000, 0.000000000000000000 ) ) ;
#10473 =( LENGTH_UNIT ( ) NAMED_UNIT ( * ) SI_UNIT ( .MILLI., .METRE. ) );
#10474 = DIRECTION ( 'NONE',  ( -0.000000000000000000, 0.000000000000000000, 1.000000000000000000 ) ) ;
#10475 = VECTOR ( 'NONE', #7581, 1000.000000000000000 ) ;
#10476 = CARTESIAN_POINT ( 'NONE',  ( -8.001000000000004775, 8.064500000000000668, 0.3809999999999958975 ) ) ;
#10477 = ORIENTED_EDGE ( 'NONE', *, *, #9359, .T. ) ;
#10478 = LINE ( 'NONE', #7066, #8238 ) ;
#10479 = CARTESIAN_POINT ( 'NONE',  ( 3.809999999999997389, 0.000000000000000000, 1.269999999999998908 ) ) ;
#10480 = ORIENTED_EDGE ( 'NONE', *, *, #8003, .F. ) ;
#10481 = DIRECTION ( 'NONE',  ( 1.000000000000000000, 0.000000000000000000, -0.000000000000000000 ) ) ;
#10482 = EDGE_CURVE ( 'NONE', #8539, #8843, #5335, .T. ) ;
#10483 = VERTEX_POINT ( 'NONE', #2667 ) ;
#10484 = EDGE_CURVE ( 'NONE', #9508, #6218, #1746, .T. ) ;
#10485 = ORIENTED_EDGE ( 'NONE', *, *, #10187, .T. ) ;
#10486 = EDGE_CURVE ( 'NONE', #5404, #8359, #6141, .T. ) ;
#10487 = COLOUR_RGB ( '',0.2509803921568627416, 0.2509803921568627416, 0.2509803921568627416 ) ;
#10488 = VECTOR ( 'NONE', #4003, 1000.000000000000000 ) ;
#10489 = CARTESIAN_POINT ( 'NONE',  ( 4.254499999999997506, 8.509000000000000341, -1.270000000000001128 ) ) ;
#10490 = DIRECTION ( 'NONE',  ( 0.000000000000000000, 1.000000000000000000, 2.449293598294710852E-16 ) ) ;
#10491 = EDGE_CURVE ( 'NONE', #5720, #1288, #2611, .T. ) ;
#10492 = LINE ( 'NONE', #11129, #2768 ) ;
#10493 = LINE ( 'NONE', #6206, #9036 ) ;
#10494 = FACE_OUTER_BOUND ( 'NONE', #3554, .T. ) ;
#10495 = EDGE_LOOP ( 'NONE', ( #9970, #10980, #1818, #2765, #3949, #7602, #9705, #3989 ) ) ;
#10496 = PLANE ( 'NONE',  #10257 ) ;
#10497 = CARTESIAN_POINT ( 'NONE',  ( 5.460999999999996746, 8.064500000000000668, 0.3809999999999958975 ) ) ;
#10498 = VECTOR ( 'NONE', #5837, 1000.000000000000000 ) ;
#10499 = VERTEX_POINT ( 'NONE', #2837 ) ;
#10500 = SURFACE_STYLE_FILL_AREA ( #2858 ) ;
#10501 = VERTEX_POINT ( 'NONE', #173 ) ;
#10502 = VECTOR ( 'NONE', #11065, 1000.000000000000114 ) ;
#10503 = ORIENTED_EDGE ( 'NONE', *, *, #7367, .T. ) ;
#10504 = ADVANCED_FACE ( 'NONE', ( #10534 ), #3630, .F. ) ;
#10505 = AXIS2_PLACEMENT_3D ( 'NONE', #5595, #2065, #5533 ) ;
#10506 = CARTESIAN_POINT ( 'NONE',  ( -9.334500000000003794, 8.509000000000000341, -1.270000000000001128 ) ) ;
#10507 = VECTOR ( 'NONE', #2340, 1000.000000000000000 ) ;
#10508 = ORIENTED_EDGE ( 'NONE', *, *, #2192, .T. ) ;
#10509 = EDGE_CURVE ( 'NONE', #1468, #4718, #6943, .T. ) ;
#10510 = LINE ( 'NONE', #2703, #8798 ) ;
#10511 = DIRECTION ( 'NONE',  ( -1.000000000000000000, -0.000000000000000000, -0.000000000000000000 ) ) ;
#10512 = CARTESIAN_POINT ( 'NONE',  ( -9.779000000000005244, 7.239000000000000767, -0.3810000000000028919 ) ) ;
#10513 = CARTESIAN_POINT ( 'NONE',  ( -13.97000000000000419, 8.509000000000000341, 1.270000000000001128 ) ) ;
#10514 = ORIENTED_EDGE ( 'NONE', *, *, #7288, .T. ) ;
#10515 = AXIS2_PLACEMENT_3D ( 'NONE', #5737, #1399, #505 ) ;
#10516 = DIRECTION ( 'NONE',  ( 1.000000000000000000, 0.000000000000000000, -0.000000000000000000 ) ) ;
#10517 = ORIENTED_EDGE ( 'NONE', *, *, #9496, .F. ) ;
#10518 = PRODUCT_DEFINITION ( 'UNKNOWN', '', #158, #406 ) ;
#10519 = CARTESIAN_POINT ( 'NONE',  ( 6.349999999999994316, -1.925929944387235853E-31, 0.8889999999999991243 ) ) ;
#10520 = CARTESIAN_POINT ( 'NONE',  ( -19.05000000000000426, 8.509000000000000341, 1.270000000000001128 ) ) ;
#10521 = AXIS2_PLACEMENT_3D ( 'NONE', #7735, #8468, #9377 ) ;
#10522 = DIRECTION ( 'NONE',  ( 0.000000000000000000, -1.440069553722777130E-16, 1.000000000000000000 ) ) ;
#10523 = DIRECTION ( 'NONE',  ( 0.000000000000000000, 0.000000000000000000, -1.000000000000000000 ) ) ;
#10524 = FACE_OUTER_BOUND ( 'NONE', #7825, .T. ) ;
#10525 = DIRECTION ( 'NONE',  ( -0.000000000000000000, 0.000000000000000000, -1.000000000000000000 ) ) ;
#10526 = ORIENTED_EDGE ( 'NONE', *, *, #4916, .T. ) ;
#10527 = CARTESIAN_POINT ( 'NONE',  ( -18.16100000000000492, 7.239000000000000767, 0.3809999999999958975 ) ) ;
#10528 = DIRECTION ( 'NONE',  ( 0.000000000000000000, 1.440069553722777130E-16, -1.000000000000000000 ) ) ;
#10529 = ORIENTED_EDGE ( 'NONE', *, *, #9655, .T. ) ;
#10530 = DIRECTION ( 'NONE',  ( -0.5773502691896253980, 0.5773502691896253980, -0.5773502691896265082 ) ) ;
#10531 = DIRECTION ( 'NONE',  ( 0.000000000000000000, -2.449293598294710852E-16, 1.000000000000000000 ) ) ;
#10532 = ADVANCED_FACE ( 'NONE', ( #7915 ), #9670, .F. ) ;
#10533 = DIRECTION ( 'NONE',  ( -1.000000000000000000, -0.000000000000000000, -0.000000000000000000 ) ) ;
#10534 = FACE_OUTER_BOUND ( 'NONE', #4574, .T. ) ;
#10535 = EDGE_LOOP ( 'NONE', ( #10742, #2302, #990, #141, #1648, #350, #7040, #1383 ) ) ;
#10536 = CARTESIAN_POINT ( 'NONE',  ( 3.809999999999997389, 0.5080000000000000071, 0.7528818102449925664 ) ) ;
#10537 = DIRECTION ( 'NONE',  ( -0.000000000000000000, 1.000000000000000000, 1.733406087350420004E-16 ) ) ;
#10538 = VERTEX_POINT ( 'NONE', #8819 ) ;
#10539 = CARTESIAN_POINT ( 'NONE',  ( -21.59000000000000341, 0.5080000000000002292, -0.7528818102449945648 ) ) ;
#10540 = ORIENTED_EDGE ( 'NONE', *, *, #4150, .T. ) ;
#10541 = ORIENTED_EDGE ( 'NONE', *, *, #6114, .F. ) ;
#10542 = DIRECTION ( 'NONE',  ( 0.000000000000000000, -0.9659258262890699775, -0.2588190451025145222 ) ) ;
#10543 = CARTESIAN_POINT ( 'NONE',  ( -11.43000000000000504, 8.509000000000000341, -1.270000000000001128 ) ) ;
#10544 = ADVANCED_FACE ( 'NONE', ( #2782, #10414 ), #62, .F. ) ;
#10545 = LINE ( 'NONE', #4450, #6123 ) ;
#10546 = CARTESIAN_POINT ( 'NONE',  ( 15.36699999999999555, 7.810500000000000220, -0.1270000000000024998 ) ) ;
#10547 = ORIENTED_EDGE ( 'NONE', *, *, #2634, .F. ) ;
#10548 = PLANE ( 'NONE',  #6999 ) ;
#10549 = CARTESIAN_POINT ( 'NONE',  ( -24.13000000000000611, 8.509000000000000341, 1.270000000000001128 ) ) ;
#10550 = EDGE_CURVE ( 'NONE', #4409, #6673, #7856, .T. ) ;
#10551 = EDGE_CURVE ( 'NONE', #8965, #2695, #7002, .T. ) ;
#10552 = VERTEX_POINT ( 'NONE', #8650 ) ;
#10553 = DIRECTION ( 'NONE',  ( 0.000000000000000000, -2.449293598294710852E-16, 1.000000000000000000 ) ) ;
#10554 = ORIENTED_EDGE ( 'NONE', *, *, #2058, .F. ) ;
#10555 = EDGE_LOOP ( 'NONE', ( #4374, #10547, #10430, #9371 ) ) ;
#10556 = ORIENTED_EDGE ( 'NONE', *, *, #2407, .T. ) ;
#10557 = CARTESIAN_POINT ( 'NONE',  ( 18.16099999999999781, 7.239000000000000767, 0.3809999999999958975 ) ) ;
#10558 = VECTOR ( 'NONE', #9723, 1000.000000000000000 ) ;
#10559 = ORIENTED_EDGE ( 'NONE', *, *, #4218, .F. ) ;
#10560 = CARTESIAN_POINT ( 'NONE',  ( 22.47899999999999920, 8.064500000000000668, -0.3810000000000027809 ) ) ;
#10561 = CARTESIAN_POINT ( 'NONE',  ( -1.270000000000003793, 0.5080000000000000071, 0.7528818102449925664 ) ) ;
#10562 = EDGE_CURVE ( 'NONE', #9955, #3583, #4546, .T. ) ;
#10563 = CARTESIAN_POINT ( 'NONE',  ( 24.38400000000000745, 3.110602869834277161E-16, -1.270000000000001128 ) ) ;
#10564 = VERTEX_POINT ( 'NONE', #225 ) ;
#10565 = LINE ( 'NONE', #2759, #8501 ) ;
#10566 = EDGE_LOOP ( 'NONE', ( #4547, #5379, #4342, #3068 ) ) ;
#10567 = ADVANCED_FACE ( 'NONE', ( #3684 ), #7183, .F. ) ;
#10568 = DIRECTION ( 'NONE',  ( 0.000000000000000000, 0.000000000000000000, -1.000000000000000000 ) ) ;
#10569 = CARTESIAN_POINT ( 'NONE',  ( -1.270000000000003793, 0.5080000000000000071, 0.7528818102449925664 ) ) ;
#10570 = CARTESIAN_POINT ( 'NONE',  ( -12.31900000000000617, 7.239000000000000767, -0.3810000000000028919 ) ) ;
#10571 = CARTESIAN_POINT ( 'NONE',  ( -24.38400000000000745, 0.5080000000000000071, 0.7528818102449925664 ) ) ;
#10572 = PRODUCT_DEFINITION ( 'UNKNOWN', '', #10703, #1633 ) ;
#10573 = VECTOR ( 'NONE', #8847, 1000.000000000000114 ) ;
#10574 = CARTESIAN_POINT ( 'NONE',  ( -21.59000000000000341, 0.000000000000000000, 1.269999999999998908 ) ) ;
#10575 = FACE_OUTER_BOUND ( 'NONE', #6964, .T. ) ;
#10576 = PLANE ( 'NONE',  #6815 ) ;
#10577 = VECTOR ( 'NONE', #2660, 1000.000000000000000 ) ;
#10578 = DIRECTION ( 'NONE',  ( 0.000000000000000000, 0.000000000000000000, 1.000000000000000000 ) ) ;
#10579 = VERTEX_POINT ( 'NONE', #9152 ) ;
#10580 = ADVANCED_FACE ( 'NONE', ( #4598 ), #7453, .F. ) ;
#10581 = LINE ( 'NONE', #2775, #10558 ) ;
#10582 = FACE_OUTER_BOUND ( 'NONE', #9115, .T. ) ;
#10583 = VECTOR ( 'NONE', #764, 1000.000000000000000 ) ;
#10584 = PLANE ( 'NONE',  #4058 ) ;
#10585 = CARTESIAN_POINT ( 'NONE',  ( -10.54100000000000392, 7.239000000000000767, -0.3810000000000028919 ) ) ;
#10586 = DIRECTION ( 'NONE',  ( 1.000000000000000000, 0.000000000000000000, 0.000000000000000000 ) ) ;
#10587 = ORIENTED_EDGE ( 'NONE', *, *, #7486, .T. ) ;
#10588 = CARTESIAN_POINT ( 'NONE',  ( -13.97000000000000419, 0.5080000000000002292, -0.7528818102449945648 ) ) ;
#10589 = CARTESIAN_POINT ( 'NONE',  ( -19.93900000000000361, 7.239000000000000767, -0.3810000000000028919 ) ) ;
#10590 = ORIENTED_EDGE ( 'NONE', *, *, #721, .F. ) ;
#10591 = CARTESIAN_POINT ( 'NONE',  ( 11.42999999999999616, 0.000000000000000000, 1.269999999999998908 ) ) ;
#10592 = VECTOR ( 'NONE', #2930, 1000.000000000000000 ) ;
#10593 = ORIENTED_EDGE ( 'NONE', *, *, #3710, .T. ) ;
#10594 = EDGE_CURVE ( 'NONE', #6002, #7442, #8926, .T. ) ;
#10595 = ORIENTED_EDGE ( 'NONE', *, *, #9046, .F. ) ;
#10596 = VECTOR ( 'NONE', #6159, 1000.000000000000000 ) ;
#10597 = CARTESIAN_POINT ( 'NONE',  ( -13.97000000000000419, 8.509000000000000341, -1.270000000000001128 ) ) ;
#10598 = DIRECTION ( 'NONE',  ( 0.000000000000000000, -1.000000000000000000, -2.548365665731588345E-16 ) ) ;
#10599 = CARTESIAN_POINT ( 'NONE',  ( -15.62100000000000399, 8.064500000000000668, -0.3810000000000027809 ) ) ;
#10600 = FACE_OUTER_BOUND ( 'NONE', #2926, .T. ) ;
#10601 = LINE ( 'NONE', #8942, #5594 ) ;
#10602 = ORIENTED_EDGE ( 'NONE', *, *, #9046, .T. ) ;
#10603 = DIRECTION ( 'NONE',  ( -0.000000000000000000, 1.000000000000000000, 2.449293598294710852E-16 ) ) ;
#10604 = FACE_OUTER_BOUND ( 'NONE', #7768, .T. ) ;
#10605 = ORIENTED_EDGE ( 'NONE', *, *, #6110, .T. ) ;
#10606 = CARTESIAN_POINT ( 'NONE',  ( -24.38400000000000745, 8.509000000000000341, -1.270000000000001128 ) ) ;
#10607 = ORIENTED_EDGE ( 'NONE', *, *, #3116, .T. ) ;
#10608 = AXIS2_PLACEMENT_3D ( 'NONE', #227, #4382, #7858 ) ;
#10609 = ORIENTED_EDGE ( 'NONE', *, *, #508, .F. ) ;
#10610 = EDGE_CURVE ( 'NONE', #9881, #5782, #1337, .T. ) ;
#10611 = ORIENTED_EDGE ( 'NONE', *, *, #6862, .F. ) ;
#10612 = COLOUR_RGB ( '',0.2509803921568627416, 0.2509803921568627416, 0.2509803921568627416 ) ;
#10613 = EDGE_CURVE ( 'NONE', #10166, #9508, #3114, .T. ) ;
#10614 = CARTESIAN_POINT ( 'NONE',  ( -13.08100000000000485, 8.064500000000000668, -0.3810000000000027809 ) ) ;
#10615 = ORIENTED_EDGE ( 'NONE', *, *, #5245, .F. ) ;
#10616 = CARTESIAN_POINT ( 'NONE',  ( -21.59000000000000341, 0.5080000000000002292, -0.7528818102449945648 ) ) ;
#10617 = CARTESIAN_POINT ( 'NONE',  ( 21.58999999999999631, 8.509000000000000341, -1.270000000000001128 ) ) ;
#10618 = VECTOR ( 'NONE', #8234, 1000.000000000000000 ) ;
#10619 = DIRECTION ( 'NONE',  ( -0.5773502691896253980, 0.5773502691896253980, -0.5773502691896265082 ) ) ;
#10620 = ORIENTED_EDGE ( 'NONE', *, *, #43, .F. ) ;
#10621 = DIRECTION ( 'NONE',  ( 0.000000000000000000, 0.000000000000000000, 1.000000000000000000 ) ) ;
#10622 = ORIENTED_EDGE ( 'NONE', *, *, #9092, .F. ) ;
#10623 = VECTOR ( 'NONE', #1089, 1000.000000000000000 ) ;
#10624 = EDGE_CURVE ( 'NONE', #5127, #2126, #7243, .T. ) ;
#10625 = EDGE_CURVE ( 'NONE', #1381, #5642, #5672, .T. ) ;
#10626 = VECTOR ( 'NONE', #3368, 1000.000000000000000 ) ;
#10627 = LINE ( 'NONE', #996, #2650 ) ;
#10628 = DIRECTION ( 'NONE',  ( -1.000000000000000000, 0.000000000000000000, 0.000000000000000000 ) ) ;
#10629 = EDGE_CURVE ( 'NONE', #4984, #6279, #1280, .T. ) ;
#10630 = PLANE ( 'NONE',  #2235 ) ;
#10631 = DIRECTION ( 'NONE',  ( -1.000000000000000000, 0.000000000000000000, 0.000000000000000000 ) ) ;
#10632 = VECTOR ( 'NONE', #124, 1000.000000000000000 ) ;
#10633 = CARTESIAN_POINT ( 'NONE',  ( 24.13000000000000611, 3.110602869834277161E-16, -1.270000000000001128 ) ) ;
#10634 = CARTESIAN_POINT ( 'NONE',  ( 16.50999999999999801, 2.177422008883992879E-16, -0.8890000000000013447 ) ) ;
#10635 = DIRECTION ( 'NONE',  ( 1.000000000000000000, 0.000000000000000000, -0.000000000000000000 ) ) ;
#10636 = PLANE ( 'NONE',  #8928 ) ;
#10637 = ORIENTED_EDGE ( 'NONE', *, *, #7899, .F. ) ;
#10638 = CLOSED_SHELL ( 'NONE', ( #8954, #8394, #9276, #3793, #6094, #5758, #7527, #1758, #746, #3521, #4628, #10247, #1852, #6176, #2915, #9841, #10331, #1839, #2144 ) ) ;
#10639 = PLANE ( 'NONE',  #4177 ) ;
#10640 = CONTEXT_DEPENDENT_SHAPE_REPRESENTATION ( #7497, #8545 ) ;
#10641 = CARTESIAN_POINT ( 'NONE',  ( -2.921000000000003372, 8.064500000000000668, 0.3809999999999958975 ) ) ;
#10642 = PLANE ( 'NONE',  #10963 ) ;
#10643 = DIRECTION ( 'NONE',  ( 0.000000000000000000, 0.000000000000000000, 1.000000000000000000 ) ) ;
#10644 = ORIENTED_EDGE ( 'NONE', *, *, #4582, .T. ) ;
#10645 = PLANE ( 'NONE',  #1490 ) ;
#10646 = FACE_OUTER_BOUND ( 'NONE', #8651, .T. ) ;
#10647 = ORIENTED_EDGE ( 'NONE', *, *, #8391, .F. ) ;
#10648 = CARTESIAN_POINT ( 'NONE',  ( -13.97000000000000419, -1.925929944387235853E-31, 0.8889999999999991243 ) ) ;
#10649 = VECTOR ( 'NONE', #9935, 1000.000000000000000 ) ;
#10650 = ORIENTED_EDGE ( 'NONE', *, *, #9813, .F. ) ;
#10651 = ORIENTED_EDGE ( 'NONE', *, *, #3830, .F. ) ;
#10652 = DIRECTION ( 'NONE',  ( 0.5773502691896253980, 0.5773502691896253980, -0.5773502691896265082 ) ) ;
#10653 = CARTESIAN_POINT ( 'NONE',  ( -17.39900000000000446, 7.239000000000000767, 0.3809999999999958975 ) ) ;
#10654 = DIRECTION ( 'NONE',  ( 0.000000000000000000, 0.000000000000000000, 1.000000000000000000 ) ) ;
#10655 = DIRECTION ( 'NONE',  ( -0.000000000000000000, -0.000000000000000000, 1.000000000000000000 ) ) ;
#10656 = VECTOR ( 'NONE', #8974, 1000.000000000000000 ) ;
#10657 = PLANE ( 'NONE',  #493 ) ;
#10658 = ORIENTED_EDGE ( 'NONE', *, *, #9176, .F. ) ;
#10659 = DIRECTION ( 'NONE',  ( -0.000000000000000000, 1.000000000000000000, 0.000000000000000000 ) ) ;
#10660 = PLANE ( 'NONE',  #3491 ) ;
#10661 = ORIENTED_EDGE ( 'NONE', *, *, #7913, .T. ) ;
#10662 = LINE ( 'NONE', #5294, #3338 ) ;
#10663 = ORIENTED_EDGE ( 'NONE', *, *, #1825, .T. ) ;
#10664 = ORIENTED_EDGE ( 'NONE', *, *, #6152, .T. ) ;
#10665 = VECTOR ( 'NONE', #4118, 1000.000000000000000 ) ;
#10666 = VERTEX_POINT ( 'NONE', #8984 ) ;
#10667 = AXIS2_PLACEMENT_3D ( 'NONE', #5866, #5759, #797 ) ;
#10668 = CARTESIAN_POINT ( 'NONE',  ( 16.50999999999999801, 3.110602869834277161E-16, -1.270000000000001128 ) ) ;
#10669 = EDGE_CURVE ( 'NONE', #2221, #1155, #2034, .T. ) ;
#10670 = DIRECTION ( 'NONE',  ( -0.000000000000000000, 0.2588190451025140781, 0.9659258262890700886 ) ) ;
#10671 = ORIENTED_EDGE ( 'NONE', *, *, #848, .F. ) ;
#10672 = CARTESIAN_POINT ( 'NONE',  ( -18.16100000000000492, 7.239000000000000767, 0.3809999999999958975 ) ) ;
#10673 = LINE ( 'NONE', #924, #10203 ) ;
#10674 = EDGE_CURVE ( 'NONE', #9287, #3444, #8194, .T. ) ;
#10675 = VECTOR ( 'NONE', #1043, 1000.000000000000114 ) ;
#10676 = CARTESIAN_POINT ( 'NONE',  ( 16.50999999999999801, 8.509000000000000341, -1.270000000000001128 ) ) ;
#10677 = SURFACE_STYLE_USAGE ( .BOTH. , #8011 ) ;
#10678 = ORIENTED_EDGE ( 'NONE', *, *, #3505, .F. ) ;
#10679 = VERTEX_POINT ( 'NONE', #3063 ) ;
#10680 = VECTOR ( 'NONE', #9718, 1000.000000000000000 ) ;
#10681 = VECTOR ( 'NONE', #4270, 1000.000000000000000 ) ;
#10682 = LINE ( 'NONE', #5431, #6485 ) ;
#10683 = CARTESIAN_POINT ( 'NONE',  ( 16.50999999999999801, 8.509000000000000341, -1.270000000000001128 ) ) ;
#10684 = CARTESIAN_POINT ( 'NONE',  ( 24.38400000000000745, 8.509000000000000341, -1.270000000000001128 ) ) ;
#10685 = EDGE_CURVE ( 'NONE', #2223, #8820, #3745, .T. ) ;
#10686 = VECTOR ( 'NONE', #6207, 1000.000000000000000 ) ;
#10687 = DIRECTION ( 'NONE',  ( 0.000000000000000000, -0.000000000000000000, -1.000000000000000000 ) ) ;
#10688 = PLANE ( 'NONE',  #7801 ) ;
#10689 = EDGE_CURVE ( 'NONE', #11083, #2758, #1174, .T. ) ;
#10690 = EDGE_CURVE ( 'NONE', #3807, #912, #5620, .T. ) ;
#10691 = CARTESIAN_POINT ( 'NONE',  ( -19.05000000000000426, 8.509000000000000341, 0.8254999999999976801 ) ) ;
#10692 = EDGE_LOOP ( 'NONE', ( #9313, #3341, #2774, #10827 ) ) ;
#10693 = EDGE_CURVE ( 'NONE', #7419, #1100, #8248, .T. ) ;
#10694 = CARTESIAN_POINT ( 'NONE',  ( -21.59000000000000341, 8.509000000000000341, 1.270000000000001128 ) ) ;
#10695 = VECTOR ( 'NONE', #9893, 1000.000000000000000 ) ;
#10696 = ITEM_DEFINED_TRANSFORMATION ( 'NONE', 'NONE', #8506,  #4858 ) ;
#10697 = DIRECTION ( 'NONE',  ( 0.000000000000000000, 0.000000000000000000, 1.000000000000000000 ) ) ;
#10698 = SURFACE_SIDE_STYLE ('',( #1068 ) ) ;
#10699 = DIRECTION ( 'NONE',  ( -0.7071067811865475727, -0.7071067811865475727, 0.000000000000000000 ) ) ;
#10700 = CARTESIAN_POINT ( 'NONE',  ( 13.96999999999999709, -1.925929944387235853E-31, 0.8889999999999991243 ) ) ;
#10701 = ORIENTED_EDGE ( 'NONE', *, *, #9239, .F. ) ;
#10702 = CARTESIAN_POINT ( 'NONE',  ( -21.59000000000000341, 0.000000000000000000, 1.269999999999998908 ) ) ;
#10703 = PRODUCT_DEFINITION_FORMATION_WITH_SPECIFIED_SOURCE ( 'ANY', '', #4175, .NOT_KNOWN. ) ;
#10704 = VECTOR ( 'NONE', #942, 1000.000000000000000 ) ;
#10705 = EDGE_CURVE ( 'NONE', #3222, #2916, #10869, .T. ) ;
#10706 = CARTESIAN_POINT ( 'NONE',  ( 33.02000000000000313, 7.239000000000000767, -2.201425730935033664E-16 ) ) ;
#10707 = ORIENTED_EDGE ( 'NONE', *, *, #7923, .F. ) ;
#10708 = DIRECTION ( 'NONE',  ( 1.000000000000000000, 0.000000000000000000, 0.000000000000000000 ) ) ;
#10709 = EDGE_LOOP ( 'NONE', ( #10747, #10345, #2424, #3927 ) ) ;
#10710 = ORIENTED_EDGE ( 'NONE', *, *, #7086, .F. ) ;
#10711 = EDGE_CURVE ( 'NONE', #9508, #8533, #4655, .T. ) ;
#10712 =( NAMED_UNIT ( * ) SI_UNIT ( $, .STERADIAN. ) SOLID_ANGLE_UNIT ( ) );
#10713 = ADVANCED_FACE ( 'NONE', ( #343 ), #5446, .F. ) ;
#10714 = DIRECTION ( 'NONE',  ( 0.5773502691896252870, -0.5773502691896251759, -0.5773502691896267303 ) ) ;
#10715 = CARTESIAN_POINT ( 'NONE',  ( -17.65300000000000580, 7.810500000000000220, -0.1270000000000024998 ) ) ;
#10716 =( NAMED_UNIT ( * ) PLANE_ANGLE_UNIT ( ) SI_UNIT ( $, .RADIAN. ) );
#10717 = LINE ( 'NONE', #2905, #5171 ) ;
#10718 = CARTESIAN_POINT ( 'NONE',  ( 7.238999999999995438, 8.064500000000000668, -0.3810000000000027809 ) ) ;
#10719 = ORIENTED_EDGE ( 'NONE', *, *, #8739, .T. ) ;
#10720 = CARTESIAN_POINT ( 'NONE',  ( 16.50999999999999801, 2.177422008883992879E-16, -0.8890000000000013447 ) ) ;
#10721 = CARTESIAN_POINT ( 'NONE',  ( -13.08100000000000485, 8.064500000000000668, 0.3809999999999960085 ) ) ;
#10722 = ORIENTED_EDGE ( 'NONE', *, *, #9088, .F. ) ;
#10723 = DIRECTION ( 'NONE',  ( 0.000000000000000000, 2.449293598294710852E-16, -1.000000000000000000 ) ) ;
#10724 = ORIENTED_EDGE ( 'NONE', *, *, #5393, .F. ) ;
#10725 = ORIENTED_EDGE ( 'NONE', *, *, #3314, .T. ) ;
#10726 = ORIENTED_EDGE ( 'NONE', *, *, #5787, .T. ) ;
#10727 = EDGE_CURVE ( 'NONE', #906, #9297, #443, .T. ) ;
#10728 = DIRECTION ( 'NONE',  ( 0.000000000000000000, -1.733406087350420004E-16, 1.000000000000000000 ) ) ;
#10729 = DIRECTION ( 'NONE',  ( 0.000000000000000000, -1.000000000000000000, -1.733406087350420004E-16 ) ) ;
#10730 = ORIENTED_EDGE ( 'NONE', *, *, #8193, .F. ) ;
#10731 = CARTESIAN_POINT ( 'NONE',  ( 8.889999999999995239, 0.000000000000000000, 0.000000000000000000 ) ) ;
#10732 = DIRECTION ( 'NONE',  ( -1.000000000000000000, -0.000000000000000000, -0.000000000000000000 ) ) ;
#10733 = ORIENTED_EDGE ( 'NONE', *, *, #6007, .T. ) ;
#10734 = CARTESIAN_POINT ( 'NONE',  ( -19.05000000000000426, 0.5080000000000000071, 0.7528818102449925664 ) ) ;
#10735 = CARTESIAN_POINT ( 'NONE',  ( 7.238999999999995438, 7.239000000000000767, 0.3809999999999958975 ) ) ;
#10736 = ORIENTED_EDGE ( 'NONE', *, *, #3576, .F. ) ;
#10737 = VERTEX_POINT ( 'NONE', #10813 ) ;
#10738 = AXIS2_PLACEMENT_3D ( 'NONE', #4553, #7984, #10481 ) ;
#10739 = VECTOR ( 'NONE', #3796, 1000.000000000000114 ) ;
#10740 = CARTESIAN_POINT ( 'NONE',  ( 22.47899999999999920, 8.064500000000000668, -0.3810000000000027809 ) ) ;
#10741 = CARTESIAN_POINT ( 'NONE',  ( -24.13000000000000611, 0.000000000000000000, 1.269999999999998908 ) ) ;
#10742 = ORIENTED_EDGE ( 'NONE', *, *, #9424, .F. ) ;
#10743 = CARTESIAN_POINT ( 'NONE',  ( -7.493000000000006544, 7.810500000000000220, -0.1270000000000024998 ) ) ;
#10744 = DIRECTION ( 'NONE',  ( -1.000000000000000000, -0.000000000000000000, -0.000000000000000000 ) ) ;
#10745 = DIRECTION ( 'NONE',  ( 0.000000000000000000, 0.2588190451025145222, -0.9659258262890699775 ) ) ;
#10746 = DIRECTION ( 'NONE',  ( 0.000000000000000000, 1.733406087350420004E-16, -1.000000000000000000 ) ) ;
#10747 = ORIENTED_EDGE ( 'NONE', *, *, #5808, .T. ) ;
#10748 = AXIS2_PLACEMENT_3D ( 'NONE', #1738, #4145, #9490 ) ;
#10749 = ADVANCED_FACE ( 'NONE', ( #6539, #9997 ), #6825, .F. ) ;
#10750 = ADVANCED_FACE ( 'NONE', ( #4983 ), #10283, .F. ) ;
#10751 = CARTESIAN_POINT ( 'NONE',  ( -22.47900000000000631, 8.064500000000000668, 0.3809999999999960085 ) ) ;
#10752 = CARTESIAN_POINT ( 'NONE',  ( 21.14549999999999841, 8.509000000000000341, 0.8254999999999976801 ) ) ;
#10753 =( NAMED_UNIT ( * ) PLANE_ANGLE_UNIT ( ) SI_UNIT ( $, .RADIAN. ) );
#10754 = DIRECTION ( 'NONE',  ( -1.000000000000000000, -0.000000000000000000, -0.000000000000000000 ) ) ;
#10755 = ORIENTED_EDGE ( 'NONE', *, *, #10625, .T. ) ;
#10756 = CARTESIAN_POINT ( 'NONE',  ( 2.158999999999997588, 7.239000000000000767, -0.3810000000000028919 ) ) ;
#10757 = DIRECTION ( 'NONE',  ( 0.000000000000000000, -1.000000000000000000, -2.548365665731588345E-16 ) ) ;
#10758 = DIRECTION ( 'NONE',  ( -1.000000000000000000, 0.000000000000000000, 0.000000000000000000 ) ) ;
#10759 = ORIENTED_EDGE ( 'NONE', *, *, #6881, .F. ) ;
#10760 = EDGE_CURVE ( 'NONE', #1516, #3488, #6657, .T. ) ;
#10762 = ADVANCED_FACE ( 'NONE', ( #1566 ), #9208, .F. ) ;
#10761 = ORIENTED_EDGE ( 'NONE', *, *, #3723, .F. ) ;
#10763 = AXIS2_PLACEMENT_3D ( 'NONE', #8982, #8144, #340 ) ;
#10764 = DIRECTION ( 'NONE',  ( 0.000000000000000000, 0.000000000000000000, 1.000000000000000000 ) ) ;
#10765 = CARTESIAN_POINT ( 'NONE',  ( -21.59000000000000341, -1.925929944387235853E-31, 0.8889999999999991243 ) ) ;
#10766 = EDGE_CURVE ( 'NONE', #3999, #9249, #10223, .T. ) ;
#10767 = CARTESIAN_POINT ( 'NONE',  ( -21.59000000000000341, 8.509000000000000341, -1.270000000000001128 ) ) ;
#10768 = DIRECTION ( 'NONE',  ( -1.000000000000000000, -0.000000000000000000, -0.000000000000000000 ) ) ;
#10769 = DIRECTION ( 'NONE',  ( 0.000000000000000000, -1.733406087350420004E-16, 1.000000000000000000 ) ) ;
#10770 = ORIENTED_EDGE ( 'NONE', *, *, #664, .T. ) ;
#10771 = LINE ( 'NONE', #5900, #3181 ) ;
#10772 = CARTESIAN_POINT ( 'NONE',  ( 9.778999999999996362, 7.239000000000000767, 0.3809999999999958975 ) ) ;
#10773 = VERTEX_POINT ( 'NONE', #9320 ) ;
#10774 = VECTOR ( 'NONE', #7337, 1000.000000000000000 ) ;
#10775 = CARTESIAN_POINT ( 'NONE',  ( 3.809999999999997389, 8.509000000000000341, 0.8254999999999976801 ) ) ;
#10776 = AXIS2_PLACEMENT_3D ( 'NONE', #907, #4388, #7865 ) ;
#10777 = EDGE_CURVE ( 'NONE', #3783, #6958, #5790, .T. ) ;
#10778 = VERTEX_POINT ( 'NONE', #8528 ) ;
#10779 = VERTEX_POINT ( 'NONE', #4192 ) ;
#10780 = AXIS2_PLACEMENT_3D ( 'NONE', #9183, #1367, #641 ) ;
#10781 = EDGE_LOOP ( 'NONE', ( #206, #6720, #1467, #3867 ) ) ;
#10782 = FACE_OUTER_BOUND ( 'NONE', #9321, .T. ) ;
#10783 = VECTOR ( 'NONE', #5460, 1000.000000000000000 ) ;
#10784 = LINE ( 'NONE', #1363, #1206 ) ;
#10785 = ORIENTED_EDGE ( 'NONE', *, *, #5955, .T. ) ;
#10786 = DIRECTION ( 'NONE',  ( 0.000000000000000000, -0.000000000000000000, -1.000000000000000000 ) ) ;
#10787 = DIRECTION ( 'NONE',  ( 0.000000000000000000, 0.000000000000000000, -1.000000000000000000 ) ) ;
#10788 = VECTOR ( 'NONE', #2729, 1000.000000000000000 ) ;
#10789 = VERTEX_POINT ( 'NONE', #10979 ) ;
#10790 = CARTESIAN_POINT ( 'NONE',  ( 16.50999999999999801, 0.5080000000000000071, 0.7528818102449925664 ) ) ;
#10791 = EDGE_CURVE ( 'NONE', #9225, #10952, #4018, .T. ) ;
#10792 = ORIENTED_EDGE ( 'NONE', *, *, #7970, .T. ) ;
#10793 = ORIENTED_EDGE ( 'NONE', *, *, #6454, .F. ) ;
#10794 = PRESENTATION_LAYER_ASSIGNMENT (  '', '', ( #8614 ) ) ;
#10795 = DIRECTION ( 'NONE',  ( 0.000000000000000000, -1.000000000000000000, 0.000000000000000000 ) ) ;
#10796 = DIRECTION ( 'NONE',  ( 0.000000000000000000, 0.2588190451025145222, -0.9659258262890699775 ) ) ;
#10797 = MECHANICAL_DESIGN_GEOMETRIC_PRESENTATION_REPRESENTATION (  '', ( #5877 ), #1503 ) ;
#10798 = ORIENTED_EDGE ( 'NONE', *, *, #932, .F. ) ;
#10799 = LINE ( 'NONE', #10743, #8423 ) ;
#10800 = CARTESIAN_POINT ( 'NONE',  ( 18.60549999999999571, 8.509000000000000341, -0.8255000000000041194 ) ) ;
#10801 = CARTESIAN_POINT ( 'NONE',  ( 18.16099999999999781, 8.064500000000000668, 0.3809999999999958975 ) ) ;
#10802 = EDGE_CURVE ( 'NONE', #5137, #2618, #3174, .T. ) ;
#10803 = AXIS2_PLACEMENT_3D ( 'NONE', #8032, #1749, #8932 ) ;
#10804 = FACE_OUTER_BOUND ( 'NONE', #3020, .T. ) ;
#10805 = VECTOR ( 'NONE', #420, 1000.000000000000000 ) ;
#10806 = VERTEX_POINT ( 'NONE', #10109 ) ;
#10807 = AXIS2_PLACEMENT_3D ( 'NONE', #4660, #2949, #6601 ) ;
#10808 = LINE ( 'NONE', #10917, #9485 ) ;
#10809 = FACE_OUTER_BOUND ( 'NONE', #742, .T. ) ;
#10810 = ADVANCED_FACE ( 'NONE', ( #6766 ), #10048, .F. ) ;
#10811 = PRESENTATION_STYLE_ASSIGNMENT (( #1233 ) ) ;
#10812 = VECTOR ( 'NONE', #7199, 1000.000000000000000 ) ;
#10813 = CARTESIAN_POINT ( 'NONE',  ( -24.13000000000000611, 2.177422008883992879E-16, -0.8890000000000013447 ) ) ;
#10814 = ORIENTED_EDGE ( 'NONE', *, *, #6329, .T. ) ;
#10815 = LINE ( 'NONE', #498, #5314 ) ;
#10816 = ADVANCED_FACE ( 'NONE', ( #715 ), #5962, .F. ) ;
#10817 = LINE ( 'NONE', #6543, #5524 ) ;
#10818 = DIRECTION ( 'NONE',  ( 0.000000000000000000, 0.9659258262890700886, -0.2588190451025140781 ) ) ;
#10819 = ADVANCED_FACE ( 'NONE', ( #5039, #612 ), #7676, .F. ) ;
#10820 = ORIENTED_EDGE ( 'NONE', *, *, #199, .F. ) ;
#10821 = EDGE_LOOP ( 'NONE', ( #11082, #5077, #5771, #3390 ) ) ;
#10822 = DIRECTION ( 'NONE',  ( 0.000000000000000000, -0.9659258262890699775, -0.2588190451025145222 ) ) ;
#10823 = DIRECTION ( 'NONE',  ( 0.000000000000000000, 1.440069553722777130E-16, -1.000000000000000000 ) ) ;
#10824 =( NAMED_UNIT ( * ) SI_UNIT ( $, .STERADIAN. ) SOLID_ANGLE_UNIT ( ) );
#10825 = VECTOR ( 'NONE', #5097, 1000.000000000000114 ) ;
#10826 = DIRECTION ( 'NONE',  ( 0.000000000000000000, 0.000000000000000000, 1.000000000000000000 ) ) ;
#10827 = ORIENTED_EDGE ( 'NONE', *, *, #10891, .T. ) ;
#10828 = CARTESIAN_POINT ( 'NONE',  ( 8.889999999999995239, 0.000000000000000000, 1.269999999999998908 ) ) ;
#10829 = ORIENTED_EDGE ( 'NONE', *, *, #2505, .T. ) ;
#10830 = DIRECTION ( 'NONE',  ( 0.000000000000000000, 1.440069553722777130E-16, -1.000000000000000000 ) ) ;
#10831 = EDGE_CURVE ( 'NONE', #125, #7143, #1510, .T. ) ;
#10832 = EDGE_LOOP ( 'NONE', ( #11150, #4881, #11197, #8886 ) ) ;
#10833 = EDGE_CURVE ( 'NONE', #8672, #859, #8354, .T. ) ;
#10834 = DIRECTION ( 'NONE',  ( 0.000000000000000000, 1.000000000000000000, 0.000000000000000000 ) ) ;
#10835 = EDGE_CURVE ( 'NONE', #7936, #674, #9265, .T. ) ;
#10836 = ORIENTED_EDGE ( 'NONE', *, *, #8269, .F. ) ;
#10837 = VERTEX_POINT ( 'NONE', #1447 ) ;
#10838 = CARTESIAN_POINT ( 'NONE',  ( 0.000000000000000000, 0.000000000000000000, 0.000000000000000000 ) ) ;
#10839 =( REPRESENTATION_RELATIONSHIP ('NONE','NONE', #5926, #187 ) REPRESENTATION_RELATIONSHIP_WITH_TRANSFORMATION ( #4376 )SHAPE_REPRESENTATION_RELATIONSHIP( ) );
#10840 = CARTESIAN_POINT ( 'NONE',  ( -24.38400000000000745, -1.925929944387235853E-31, 0.8889999999999991243 ) ) ;
#10841 = CARTESIAN_POINT ( 'NONE',  ( 8.889999999999995239, 0.000000000000000000, 0.000000000000000000 ) ) ;
#10842 = ORIENTED_EDGE ( 'NONE', *, *, #9026, .T. ) ;
#10843 = LINE ( 'NONE', #3942, #5885 ) ;
#10844 = CARTESIAN_POINT ( 'NONE',  ( 6.349999999999994316, 8.509000000000000341, -1.270000000000001128 ) ) ;
#10845 = VECTOR ( 'NONE', #6538, 1000.000000000000000 ) ;
#10846 = ORIENTED_EDGE ( 'NONE', *, *, #2588, .F. ) ;
#10847 = DIRECTION ( 'NONE',  ( -1.000000000000000000, -0.000000000000000000, -0.000000000000000000 ) ) ;
#10848 = VERTEX_POINT ( 'NONE', #4926 ) ;
#10849 = VECTOR ( 'NONE', #6667, 1000.000000000000000 ) ;
#10850 = ADVANCED_FACE ( 'NONE', ( #8409 ), #7568, .F. ) ;
#10851 = ORIENTED_EDGE ( 'NONE', *, *, #4359, .T. ) ;
#10852 = ADVANCED_BREP_SHAPE_REPRESENTATION ( '', ( #1793, #4858 ), #7421 ) ;
#10853 = EDGE_CURVE ( 'NONE', #9064, #3009, #8862, .T. ) ;
#10854 = LINE ( 'NONE', #1323, #8658 ) ;
#10855 = CARTESIAN_POINT ( 'NONE',  ( -8.001000000000004775, 8.064500000000000668, 0.3809999999999960085 ) ) ;
#10856 = VERTEX_POINT ( 'NONE', #6074 ) ;
#10857 = DIRECTION ( 'NONE',  ( -0.7071067811865475727, -0.7071067811865475727, 0.000000000000000000 ) ) ;
#10858 = DIRECTION ( 'NONE',  ( -0.000000000000000000, -0.000000000000000000, 1.000000000000000000 ) ) ;
#10859 = FACE_OUTER_BOUND ( 'NONE', #10085, .T. ) ;
#10860 = DIRECTION ( 'NONE',  ( -0.000000000000000000, 1.000000000000000000, 1.733406087350420004E-16 ) ) ;
#10861 = VECTOR ( 'NONE', #8042, 1000.000000000000000 ) ;
#10862 = EDGE_LOOP ( 'NONE', ( #8899, #27, #1091, #6399 ) ) ;
#10863 = CONTEXT_DEPENDENT_SHAPE_REPRESENTATION ( #8872, #10461 ) ;
#10864 = LINE ( 'NONE', #7886, #7227 ) ;
#10865 = FACE_OUTER_BOUND ( 'NONE', #1023, .T. ) ;
#10866 = AXIS2_PLACEMENT_3D ( 'NONE', #11117, #4109, #5869 ) ;
#10867 = DIRECTION ( 'NONE',  ( 0.000000000000000000, 0.000000000000000000, 1.000000000000000000 ) ) ;
#10868 = VECTOR ( 'NONE', #9830, 1000.000000000000000 ) ;
#10869 = LINE ( 'NONE', #4814, #1229 ) ;
#10870 = ORIENTED_EDGE ( 'NONE', *, *, #2723, .T. ) ;
#10871 = CARTESIAN_POINT ( 'NONE',  ( -6.350000000000004974, 0.000000000000000000, 1.269999999999998908 ) ) ;
#10872 = DIRECTION ( 'NONE',  ( 1.000000000000000000, 0.000000000000000000, 0.000000000000000000 ) ) ;
#10873 = PLANE ( 'NONE',  #2185 ) ;
#10874 = VECTOR ( 'NONE', #956, 1000.000000000000000 ) ;
#10875 = ORIENTED_EDGE ( 'NONE', *, *, #8738, .T. ) ;
#10876 = VERTEX_POINT ( 'NONE', #5265 ) ;
#10877 = CARTESIAN_POINT ( 'NONE',  ( 21.58999999999999631, 8.509000000000000341, -1.270000000000001128 ) ) ;
#10878 = CARTESIAN_POINT ( 'NONE',  ( -24.13000000000000611, 3.110602869834277161E-16, -1.270000000000001128 ) ) ;
#10879 =( LENGTH_UNIT ( ) NAMED_UNIT ( * ) SI_UNIT ( .MILLI., .METRE. ) );
#10880 = PLANE ( 'NONE',  #6097 ) ;
#10881 = AXIS2_PLACEMENT_3D ( 'NONE', #4125, #3274, #654 ) ;
#10882 = LINE ( 'NONE', #1351, #4865 ) ;
#10883 = ORIENTED_EDGE ( 'NONE', *, *, #7385, .T. ) ;
#10884 = LINE ( 'NONE', #2111, #9862 ) ;
#10885 = ORIENTED_EDGE ( 'NONE', *, *, #11099, .F. ) ;
#10886 = CARTESIAN_POINT ( 'NONE',  ( 16.50999999999999801, 0.5080000000000000071, 0.7528818102449925664 ) ) ;
#10887 = ORIENTED_EDGE ( 'NONE', *, *, #6871, .F. ) ;
#10888 = LINE ( 'NONE', #5641, #146 ) ;
#10889 = ORIENTED_EDGE ( 'NONE', *, *, #2079, .T. ) ;
#10890 = ORIENTED_EDGE ( 'NONE', *, *, #4966, .T. ) ;
#10891 = EDGE_CURVE ( 'NONE', #6218, #6340, #1061, .T. ) ;
#10892 = ADVANCED_FACE ( 'NONE', ( #6986, #4479 ), #8746, .F. ) ;
#10893 = EDGE_CURVE ( 'NONE', #10450, #1352, #3964, .T. ) ;
#10894 = LINE ( 'NONE', #6455, #144 ) ;
#10895 = DIRECTION ( 'NONE',  ( 0.000000000000000000, 1.000000000000000000, -5.054934237236841843E-31 ) ) ;
#10896 = EDGE_CURVE ( 'NONE', #7221, #5040, #9487, .T. ) ;
#10897 = DIRECTION ( 'NONE',  ( -0.000000000000000000, 0.2588190451025140781, 0.9659258262890700886 ) ) ;
#10898 = ORIENTED_EDGE ( 'NONE', *, *, #3442, .T. ) ;
#10899 = CARTESIAN_POINT ( 'NONE',  ( 0.3810000000000000053, 0.000000000000000000, 0.000000000000000000 ) ) ;
#10900 = CARTESIAN_POINT ( 'NONE',  ( -1.270000000000003793, 8.509000000000000341, -1.270000000000001128 ) ) ;
#10901 = ORIENTED_EDGE ( 'NONE', *, *, #194, .T. ) ;
#10902 = CARTESIAN_POINT ( 'NONE',  ( 24.38400000000000745, 2.177422008883992879E-16, -0.8890000000000013447 ) ) ;
#10903 = EDGE_CURVE ( 'NONE', #3441, #6826, #9609, .T. ) ;
#10904 = ORIENTED_EDGE ( 'NONE', *, *, #65, .T. ) ;
#10905 = ORIENTED_EDGE ( 'NONE', *, *, #10121, .T. ) ;
#10906 = CARTESIAN_POINT ( 'NONE',  ( -8.890000000000005898, 3.110602869834277161E-16, -1.270000000000001128 ) ) ;
#10907 = PLANE ( 'NONE',  #3846 ) ;
#10908 = ORIENTED_EDGE ( 'NONE', *, *, #7910, .F. ) ;
#10909 = FACE_OUTER_BOUND ( 'NONE', #4387, .T. ) ;
#10910 = LINE ( 'NONE', #653, #3922 ) ;
#10911 = CARTESIAN_POINT ( 'NONE',  ( -13.08100000000000485, 7.239000000000000767, -0.3810000000000028919 ) ) ;
#10912 = DIRECTION ( 'NONE',  ( 0.000000000000000000, 5.054934237236841843E-31, 1.000000000000000000 ) ) ;
#10913 = ORIENTED_EDGE ( 'NONE', *, *, #8681, .T. ) ;
#10914 = EDGE_CURVE ( 'NONE', #8081, #10666, #8806, .T. ) ;
#10915 = AXIS2_PLACEMENT_3D ( 'NONE', #1606, #2642, #6058 ) ;
#10916 = ORIENTED_EDGE ( 'NONE', *, *, #7012, .F. ) ;
#10917 = CARTESIAN_POINT ( 'NONE',  ( 4.952999999999999403, 7.810500000000000220, -0.1270000000000024998 ) ) ;
#10918 = FACE_OUTER_BOUND ( 'NONE', #3721, .T. ) ;
#10919 = CARTESIAN_POINT ( 'NONE',  ( -13.08100000000000485, 8.064500000000000668, 0.3809999999999960085 ) ) ;
#10920 = DIRECTION ( 'NONE',  ( 0.000000000000000000, 1.000000000000000000, 0.000000000000000000 ) ) ;
#10921 = ORIENTED_EDGE ( 'NONE', *, *, #8809, .T. ) ;
#10922 = DIRECTION ( 'NONE',  ( 0.000000000000000000, -0.000000000000000000, -1.000000000000000000 ) ) ;
#10923 = DIRECTION ( 'NONE',  ( 0.000000000000000000, 1.000000000000000000, 0.000000000000000000 ) ) ;
#10924 = ADVANCED_FACE ( 'NONE', ( #2545 ), #10459, .F. ) ;
#10925 = CARTESIAN_POINT ( 'NONE',  ( -21.14550000000000551, 8.509000000000000341, 0.8254999999999976801 ) ) ;
#10926 = ORIENTED_EDGE ( 'NONE', *, *, #1827, .T. ) ;
#10927 = EDGE_LOOP ( 'NONE', ( #9271, #8476, #5342, #8375 ) ) ;
#10928 = DIRECTION ( 'NONE',  ( 1.000000000000000000, 0.000000000000000000, 0.000000000000000000 ) ) ;
#10929 = CARTESIAN_POINT ( 'NONE',  ( 1.269999999999996909, 8.509000000000000341, -1.270000000000001128 ) ) ;
#10930 = CARTESIAN_POINT ( 'NONE',  ( 17.39899999999999736, 8.064500000000000668, -0.3810000000000027809 ) ) ;
#10931 = LINE ( 'NONE', #7522, #10219 ) ;
#10932 = DIRECTION ( 'NONE',  ( 0.000000000000000000, -1.000000000000000000, 0.000000000000000000 ) ) ;
#10933 = CARTESIAN_POINT ( 'NONE',  ( 7.746999999999993669, 7.810500000000000220, -0.1270000000000024998 ) ) ;
#10934 = VERTEX_POINT ( 'NONE', #1672 ) ;
#10935 = CARTESIAN_POINT ( 'NONE',  ( 13.96999999999999709, -1.925929944387235853E-31, 0.8889999999999991243 ) ) ;
#10936 = ORIENTED_EDGE ( 'NONE', *, *, #1018, .F. ) ;
#10937 = DIRECTION ( 'NONE',  ( -1.000000000000000000, -0.000000000000000000, -0.000000000000000000 ) ) ;
#10938 = EDGE_CURVE ( 'NONE', #10773, #8672, #3568, .T. ) ;
#10940 = VERTEX_POINT ( 'NONE', #7796 ) ;
#10939 = EDGE_CURVE ( 'NONE', #4328, #10779, #7051, .T. ) ;
#10941 = DIRECTION ( 'NONE',  ( -0.000000000000000000, 0.000000000000000000, 1.000000000000000000 ) ) ;
#10942 = ORIENTED_EDGE ( 'NONE', *, *, #278, .T. ) ;
#10943 = EDGE_LOOP ( 'NONE', ( #1587, #7081, #4781, #6284 ) ) ;
#10944 = CARTESIAN_POINT ( 'NONE',  ( -16.51000000000000512, 0.000000000000000000, 0.000000000000000000 ) ) ;
#10945 = DIRECTION ( 'NONE',  ( -1.000000000000000000, -0.000000000000000000, -0.000000000000000000 ) ) ;
#10946 = VECTOR ( 'NONE', #1346, 1000.000000000000000 ) ;
#10947 = LINE ( 'NONE', #3670, #9599 ) ;
#10948 = ORIENTED_EDGE ( 'NONE', *, *, #6052, .T. ) ;
#10949 = LINE ( 'NONE', #11011, #7892 ) ;
#10950 = LINE ( 'NONE', #6691, #4407 ) ;
#10951 = ADVANCED_FACE ( 'NONE', ( #5207 ), #6879, .F. ) ;
#10952 = VERTEX_POINT ( 'NONE', #3622 ) ;
#10953 = EDGE_CURVE ( 'NONE', #10091, #9225, #1004, .T. ) ;
#10955 = EDGE_LOOP ( 'NONE', ( #5802, #4602, #618, #2168 ) ) ;
#10954 = ADVANCED_FACE ( 'NONE', ( #829 ), #888, .F. ) ;
#10956 = ORIENTED_EDGE ( 'NONE', *, *, #7047, .T. ) ;
#10957 = EDGE_CURVE ( 'NONE', #7318, #1599, #7109, .T. ) ;
#10958 = LINE ( 'NONE', #3152, #2296 ) ;
#10959 = LINE ( 'NONE', #483, #7505 ) ;
#10960 = VECTOR ( 'NONE', #11121, 1000.000000000000000 ) ;
#10961 = VERTEX_POINT ( 'NONE', #46 ) ;
#10962 = LINE ( 'NONE', #3157, #4790 ) ;
#10963 = AXIS2_PLACEMENT_3D ( 'NONE', #2148, #2943, #6480 ) ;
#10964 = DIRECTION ( 'NONE',  ( -1.000000000000000000, 0.000000000000000000, 0.000000000000000000 ) ) ;
#10965 = DIRECTION ( 'NONE',  ( 0.000000000000000000, -1.440069553722777130E-16, 1.000000000000000000 ) ) ;
#10966 = ADVANCED_FACE ( 'NONE', ( #10575 ), #3507, .F. ) ;
#10967 = LINE ( 'NONE', #11026, #10122 ) ;
#10968 = ORIENTED_EDGE ( 'NONE', *, *, #5306, .T. ) ;
#10969 = ADVANCED_FACE ( 'NONE', ( #9884 ), #10688, .F. ) ;
#10970 = VECTOR ( 'NONE', #3411, 1000.000000000000000 ) ;
#10971 = EDGE_CURVE ( 'NONE', #9470, #7680, #2884, .T. ) ;
#10972 = VERTEX_POINT ( 'NONE', #10634 ) ;
#10973 = AXIS2_PLACEMENT_3D ( 'NONE', #10976, #3169, #10867 ) ;
#10974 = EDGE_CURVE ( 'NONE', #8151, #8200, #2086, .T. ) ;
#10975 = CARTESIAN_POINT ( 'NONE',  ( -12.31900000000000617, 7.239000000000000767, 0.3809999999999958975 ) ) ;
#10976 = CARTESIAN_POINT ( 'NONE',  ( -13.08100000000000485, 8.064500000000000668, 0.3809999999999958975 ) ) ;
#10977 = DIRECTION ( 'NONE',  ( -0.5773502691896253980, 0.5773502691896253980, -0.5773502691896265082 ) ) ;
#10978 = CARTESIAN_POINT ( 'NONE',  ( -16.51000000000000512, 2.177422008883992879E-16, -0.8890000000000013447 ) ) ;
#10979 = CARTESIAN_POINT ( 'NONE',  ( -5.905500000000004412, 8.509000000000000341, -0.8255000000000041194 ) ) ;
#10980 = ORIENTED_EDGE ( 'NONE', *, *, #5546, .F. ) ;
#10981 = DIRECTION ( 'NONE',  ( 1.000000000000000000, 0.000000000000000000, 0.000000000000000000 ) ) ;
#10982 = AXIS2_PLACEMENT_3D ( 'NONE', #5658, #7443, #9139 ) ;
#10983 = LINE ( 'NONE', #3854, #5154 ) ;
#10984 = CARTESIAN_POINT ( 'NONE',  ( -6.350000000000004974, 0.5080000000000000071, 0.7528818102449925664 ) ) ;
#10985 = ADVANCED_FACE ( 'NONE', ( #6532 ), #9829, .F. ) ;
#10986 = ORIENTED_EDGE ( 'NONE', *, *, #2350, .F. ) ;
#10987 =( REPRESENTATION_RELATIONSHIP ('NONE','NONE', #5926, #187 ) REPRESENTATION_RELATIONSHIP_WITH_TRANSFORMATION ( #9093 )SHAPE_REPRESENTATION_RELATIONSHIP( ) );
#10988 = AXIS2_PLACEMENT_3D ( 'NONE', #1692, #8653, #8 ) ;
#10989 = ORIENTED_EDGE ( 'NONE', *, *, #546, .T. ) ;
#10990 = CARTESIAN_POINT ( 'NONE',  ( 17.65299999999999869, 7.810500000000000220, -0.1270000000000024998 ) ) ;
#10991 = DIRECTION ( 'NONE',  ( 0.000000000000000000, -1.000000000000000000, 0.000000000000000000 ) ) ;
#10992 = CARTESIAN_POINT ( 'NONE',  ( -10.54100000000000392, 8.064500000000000668, 0.3809999999999960085 ) ) ;
#10993 = CARTESIAN_POINT ( 'NONE',  ( -11.43000000000000504, 0.000000000000000000, 1.269999999999998908 ) ) ;
#10994 = CARTESIAN_POINT ( 'NONE',  ( 19.93900000000000006, 7.239000000000000767, 0.3809999999999958975 ) ) ;
#10995 = ORIENTED_EDGE ( 'NONE', *, *, #1431, .T. ) ;
#10996 = FACE_OUTER_BOUND ( 'NONE', #246, .T. ) ;
#10997 = VECTOR ( 'NONE', #10912, 1000.000000000000000 ) ;
#10998 = UNCERTAINTY_MEASURE_WITH_UNIT (LENGTH_MEASURE( 1.000000000000000082E-05 ), #522, 'distance_accuracy_value', 'NONE');
#10999 = ORIENTED_EDGE ( 'NONE', *, *, #4537, .F. ) ;
#11000 = LINE ( 'NONE', #3078, #8431 ) ;
#11001 = ORIENTED_EDGE ( 'NONE', *, *, #3158, .T. ) ;
#11002 = PLANE ( 'NONE',  #1576 ) ;
#11003 = VECTOR ( 'NONE', #5038, 1000.000000000000000 ) ;
#11004 = ORIENTED_EDGE ( 'NONE', *, *, #9629, .T. ) ;
#11005 = PRODUCT_DEFINITION_SHAPE ( 'NONE', 'NONE',  #11257 ) ;
#11006 = ORIENTED_EDGE ( 'NONE', *, *, #4837, .F. ) ;
#11007 = CARTESIAN_POINT ( 'NONE',  ( 8.889999999999995239, 2.177422008883992879E-16, -0.8890000000000013447 ) ) ;
#11008 = CARTESIAN_POINT ( 'NONE',  ( -8.890000000000005898, 8.509000000000000341, 1.270000000000001128 ) ) ;
#11009 = DIRECTION ( 'NONE',  ( 0.000000000000000000, -0.9659258262890699775, -0.2588190451025145222 ) ) ;
#11010 = ORIENTED_EDGE ( 'NONE', *, *, #1769, .T. ) ;
#11011 = CARTESIAN_POINT ( 'NONE',  ( 24.12999999999999901, 2.177422008883992879E-16, -0.8890000000000013447 ) ) ;
#11012 = CARTESIAN_POINT ( 'NONE',  ( -24.13000000000000611, 0.000000000000000000, 1.269999999999998908 ) ) ;
#11013 = VERTEX_POINT ( 'NONE', #8236 ) ;
#11014 =( NAMED_UNIT ( * ) SI_UNIT ( $, .STERADIAN. ) SOLID_ANGLE_UNIT ( ) );
#11015 = ORIENTED_EDGE ( 'NONE', *, *, #3083, .F. ) ;
#11016 = ORIENTED_EDGE ( 'NONE', *, *, #1782, .F. ) ;
#11017 = VECTOR ( 'NONE', #9740, 1000.000000000000000 ) ;
#11018 = DIRECTION ( 'NONE',  ( 0.000000000000000000, 0.000000000000000000, -1.000000000000000000 ) ) ;
#11019 = DIRECTION ( 'NONE',  ( 0.000000000000000000, 1.000000000000000000, 1.733406087350420004E-16 ) ) ;
#11020 = EDGE_LOOP ( 'NONE', ( #3746, #9049, #3716, #8780 ) ) ;
#11021 = CARTESIAN_POINT ( 'NONE',  ( -3.810000000000004494, 0.5080000000000000071, 0.7528818102449925664 ) ) ;
#11022 = VECTOR ( 'NONE', #8071, 1000.000000000000000 ) ;
#11023 = VECTOR ( 'NONE', #3103, 1000.000000000000000 ) ;
#11024 = CARTESIAN_POINT ( 'NONE',  ( -8.445500000000004448, 8.509000000000000341, 0.8254999999999976801 ) ) ;
#11025 = LINE ( 'NONE', #3218, #11054 ) ;
#11026 = CARTESIAN_POINT ( 'NONE',  ( 6.349999999999997868, 0.5080000000000002292, -0.7528818102449945648 ) ) ;
#11027 = VERTEX_POINT ( 'NONE', #2826 ) ;
#11028 = ORIENTED_EDGE ( 'NONE', *, *, #1272, .F. ) ;
#11029 = VECTOR ( 'NONE', #3306, 1000.000000000000000 ) ;
#11030 = ADVANCED_FACE ( 'NONE', ( #2025 ), #6303, .F. ) ;
#11031 = EDGE_CURVE ( 'NONE', #7206, #8672, #3838, .T. ) ;
#11032 = CARTESIAN_POINT ( 'NONE',  ( 16.50999999999999801, 0.000000000000000000, 1.269999999999998908 ) ) ;
#11033 = CARTESIAN_POINT ( 'NONE',  ( -6.350000000000004974, -1.925929944387235853E-31, 0.8889999999999991243 ) ) ;
#11034 = EDGE_CURVE ( 'NONE', #5703, #3814, #6414, .T. ) ;
#11035 = EDGE_CURVE ( 'NONE', #1248, #6113, #5554, .T. ) ;
#11036 = DIRECTION ( 'NONE',  ( -1.000000000000000000, -0.000000000000000000, -0.000000000000000000 ) ) ;
#11037 = DIRECTION ( 'NONE',  ( 1.000000000000000000, 0.000000000000000000, 0.000000000000000000 ) ) ;
#11038 = ORIENTED_EDGE ( 'NONE', *, *, #8040, .T. ) ;
#11039 = AXIS2_PLACEMENT_3D ( 'NONE', #7538, #4951, #8549 ) ;
#11040 = FACE_OUTER_BOUND ( 'NONE', #6546, .T. ) ;
#11041 = CARTESIAN_POINT ( 'NONE',  ( 17.39899999999999736, 7.239000000000000767, 0.3809999999999958975 ) ) ;
#11042 = ORIENTED_EDGE ( 'NONE', *, *, #4360, .T. ) ;
#11043 = DIRECTION ( 'NONE',  ( -1.000000000000000000, 0.000000000000000000, 0.000000000000000000 ) ) ;
#11044 = CARTESIAN_POINT ( 'NONE',  ( -5.080000000000004512, 0.000000000000000000, 0.000000000000000000 ) ) ;
#11045 = AXIS2_PLACEMENT_3D ( 'NONE', #9538, #10621, #10516 ) ;
#11046 = EDGE_CURVE ( 'NONE', #9689, #2170, #9031, .T. ) ;
#11047 = DIRECTION ( 'NONE',  ( 0.000000000000000000, 0.000000000000000000, 1.000000000000000000 ) ) ;
#11048 =( LENGTH_UNIT ( ) NAMED_UNIT ( * ) SI_UNIT ( .MILLI., .METRE. ) );
#11049 = DIRECTION ( 'NONE',  ( 1.000000000000000000, 0.000000000000000000, -0.000000000000000000 ) ) ;
#11050 = ADVANCED_FACE ( 'NONE', ( #8916 ), #8975, .F. ) ;
#11051 = PLANE ( 'NONE',  #3781 ) ;
#11052 = VERTEX_POINT ( 'NONE', #334 ) ;
#11053 = PLANE ( 'NONE',  #6965 ) ;
#11054 = VECTOR ( 'NONE', #6705, 1000.000000000000000 ) ;
#11055 = VECTOR ( 'NONE', #8439, 999.9999999999998863 ) ;
#11056 = ORIENTED_EDGE ( 'NONE', *, *, #402, .T. ) ;
#11057 = LINE ( 'NONE', #11163, #8083 ) ;
#11058 = ORIENTED_EDGE ( 'NONE', *, *, #10264, .T. ) ;
#11059 = CARTESIAN_POINT ( 'NONE',  ( 16.50999999999999801, 3.110602869834277161E-16, -1.270000000000001128 ) ) ;
#11060 = EDGE_LOOP ( 'NONE', ( #2410, #4413, #1532, #8542 ) ) ;
#11061 = ADVANCED_FACE ( 'NONE', ( #7284 ), #3735, .F. ) ;
#11062 = ORIENTED_EDGE ( 'NONE', *, *, #7425, .T. ) ;
#11063 = VECTOR ( 'NONE', #3074, 1000.000000000000000 ) ;
#11064 = LINE ( 'NONE', #9289, #3937 ) ;
#11065 = DIRECTION ( 'NONE',  ( -0.5773502691896252870, -0.5773502691896251759, -0.5773502691896267303 ) ) ;
#11066 = CARTESIAN_POINT ( 'NONE',  ( 22.47899999999999920, 7.239000000000000767, 0.3809999999999958975 ) ) ;
#11067 = ORIENTED_EDGE ( 'NONE', *, *, #3172, .T. ) ;
#11068 = LINE ( 'NONE', #6743, #9530 ) ;
#11069 = CARTESIAN_POINT ( 'NONE',  ( -7.239000000000006096, 7.239000000000000767, 0.3809999999999958975 ) ) ;
#11070 = ORIENTED_EDGE ( 'NONE', *, *, #10939, .F. ) ;
#11071 = ORIENTED_EDGE ( 'NONE', *, *, #50, .F. ) ;
#11072 = EDGE_LOOP ( 'NONE', ( #1038, #5371, #3026, #7294 ) ) ;
#11073 = ADVANCED_FACE ( 'NONE', ( #1270 ), #4704, .F. ) ;
#11074 = DIRECTION ( 'NONE',  ( 0.000000000000000000, 5.054934237236841843E-31, 1.000000000000000000 ) ) ;
#11075 = DIRECTION ( 'NONE',  ( 0.000000000000000000, 2.449293598294710852E-16, -1.000000000000000000 ) ) ;
#11076 = ORIENTED_EDGE ( 'NONE', *, *, #3042, .F. ) ;
#11077 = DIRECTION ( 'NONE',  ( 1.000000000000000000, 0.000000000000000000, 0.000000000000000000 ) ) ;
#11078 = CARTESIAN_POINT ( 'NONE',  ( -0.3810000000000000053, 0.000000000000000000, 0.000000000000000000 ) ) ;
#11079 = CARTESIAN_POINT ( 'NONE',  ( -11.43000000000000504, 0.000000000000000000, 0.000000000000000000 ) ) ;
#11080 = CARTESIAN_POINT ( 'NONE',  ( 14.85899999999999643, 7.239000000000000767, -0.3810000000000028919 ) ) ;
#11081 = CARTESIAN_POINT ( 'NONE',  ( 13.96999999999999709, 8.509000000000000341, 1.270000000000001128 ) ) ;
#11082 = ORIENTED_EDGE ( 'NONE', *, *, #3378, .T. ) ;
#11083 = VERTEX_POINT ( 'NONE', #8077 ) ;
#11084 = LINE ( 'NONE', #3394, #9857 ) ;
#11085 = CARTESIAN_POINT ( 'NONE',  ( -10.54100000000000392, 8.064500000000000668, 0.3809999999999958975 ) ) ;
#11086 = CARTESIAN_POINT ( 'NONE',  ( -8.890000000000004121, 3.110602869834277161E-16, -1.270000000000001128 ) ) ;
#11087 = CARTESIAN_POINT ( 'NONE',  ( 21.58999999999999631, 8.509000000000000341, -0.8255000000000041194 ) ) ;
#11088 = VERTEX_POINT ( 'NONE', #274 ) ;
#11089 = PRODUCT_DEFINITION_SHAPE ( 'NONE', 'NONE',  #8210 ) ;
#11090 = CARTESIAN_POINT ( 'NONE',  ( -2.921000000000003372, 7.239000000000000767, 0.3809999999999958975 ) ) ;
#11091 = ADVANCED_FACE ( 'NONE', ( #5613 ), #7332, .F. ) ;
#11092 = EDGE_CURVE ( 'NONE', #6051, #7089, #4753, .T. ) ;
#11093 = CARTESIAN_POINT ( 'NONE',  ( -3.810000000000004494, 8.509000000000000341, 1.270000000000001128 ) ) ;
#11094 = ORIENTED_EDGE ( 'NONE', *, *, #4093, .F. ) ;
#11095 = ADVANCED_FACE ( 'NONE', ( #10859 ), #3055, .F. ) ;
#11096 = ORIENTED_EDGE ( 'NONE', *, *, #9662, .T. ) ;
#11097 = EDGE_CURVE ( 'NONE', #6648, #3722, #9197, .T. ) ;
#11098 = DIRECTION ( 'NONE',  ( 0.000000000000000000, -1.000000000000000000, 0.000000000000000000 ) ) ;
#11099 = EDGE_CURVE ( 'NONE', #8998, #4840, #3104, .T. ) ;
#11100 = LINE ( 'NONE', #10235, #5365 ) ;
#11101 = PLANE ( 'NONE',  #5222 ) ;
#11102 = ORIENTED_EDGE ( 'NONE', *, *, #2530, .T. ) ;
#11103 = CARTESIAN_POINT ( 'NONE',  ( -17.39900000000000446, 8.064500000000000668, 0.3809999999999958975 ) ) ;
#11104 = UNCERTAINTY_MEASURE_WITH_UNIT (LENGTH_MEASURE( 1.000000000000000082E-05 ), #5578, 'distance_accuracy_value', 'NONE');
#11105 = DIRECTION ( 'NONE',  ( 0.000000000000000000, -2.449293598294710852E-16, 1.000000000000000000 ) ) ;
#11106 = VERTEX_POINT ( 'NONE', #5717 ) ;
#11107 = CARTESIAN_POINT ( 'NONE',  ( 1.269999999999996909, 3.110602869834277161E-16, -1.270000000000001128 ) ) ;
#11108 = EDGE_CURVE ( 'NONE', #2221, #10083, #10039, .T. ) ;
#11109 = ORIENTED_EDGE ( 'NONE', *, *, #5456, .F. ) ;
#11110 = EDGE_CURVE ( 'NONE', #10876, #736, #7445, .T. ) ;
#11111 = EDGE_LOOP ( 'NONE', ( #11004, #2804, #4633, #1711 ) ) ;
#11112 = ADVANCED_FACE ( 'NONE', ( #5890 ), #488, .F. ) ;
#11113 = DIRECTION ( 'NONE',  ( 0.000000000000000000, 1.440069553722777130E-16, -1.000000000000000000 ) ) ;
#11114 = ADVANCED_FACE ( 'NONE', ( #4867 ), #3960, .F. ) ;
#11115 = EDGE_CURVE ( 'NONE', #1591, #6003, #6586, .T. ) ;
#11116 = CARTESIAN_POINT ( 'NONE',  ( -15.62100000000000399, 8.064500000000000668, 0.3809999999999958975 ) ) ;
#11117 = CARTESIAN_POINT ( 'NONE',  ( 2.920999999999996710, 8.064500000000000668, 0.3809999999999958975 ) ) ;
#11118 = VERTEX_POINT ( 'NONE', #4182 ) ;
#11119 = EDGE_CURVE ( 'NONE', #9416, #1665, #6645, .T. ) ;
#11120 = CARTESIAN_POINT ( 'NONE',  ( -8.445500000000004448, 8.509000000000000341, -1.270000000000001128 ) ) ;
#11121 = DIRECTION ( 'NONE',  ( 0.000000000000000000, 2.449293598294710852E-16, -1.000000000000000000 ) ) ;
#11122 = VERTEX_POINT ( 'NONE', #7617 ) ;
#11123 = VERTEX_POINT ( 'NONE', #11080 ) ;
#11124 = EDGE_LOOP ( 'NONE', ( #6047, #3256, #391, #6442 ) ) ;
#11125 = VECTOR ( 'NONE', #8790, 1000.000000000000000 ) ;
#11126 = VECTOR ( 'NONE', #725, 1000.000000000000000 ) ;
#11127 = VECTOR ( 'NONE', #8887, 1000.000000000000114 ) ;
#11128 = FACE_OUTER_BOUND ( 'NONE', #691, .T. ) ;
#11129 = CARTESIAN_POINT ( 'NONE',  ( -21.59000000000000341, 0.5080000000000002292, -0.7528818102449945648 ) ) ;
#11130 = ORIENTED_EDGE ( 'NONE', *, *, #8323, .F. ) ;
#11131 = CARTESIAN_POINT ( 'NONE',  ( 8.889999999999995239, 0.5080000000000002292, -0.7528818102449945648 ) ) ;
#11132 = CARTESIAN_POINT ( 'NONE',  ( -2.921000000000003372, 7.239000000000000767, 0.3809999999999958975 ) ) ;
#11133 = FACE_OUTER_BOUND ( 'NONE', #9004, .T. ) ;
#11134 = VECTOR ( 'NONE', #7491, 1000.000000000000000 ) ;
#11135 = CARTESIAN_POINT ( 'NONE',  ( 20.70099999999999696, 8.064500000000000668, 0.3809999999999958975 ) ) ;
#11136 = ORIENTED_EDGE ( 'NONE', *, *, #8387, .T. ) ;
#11137 = VECTOR ( 'NONE', #5410, 1000.000000000000000 ) ;
#11138 = ORIENTED_EDGE ( 'NONE', *, *, #49, .F. ) ;
#11139 = VECTOR ( 'NONE', #3761, 1000.000000000000000 ) ;
#11140 = CARTESIAN_POINT ( 'NONE',  ( 8.889999999999995239, 0.5080000000000000071, 0.7528818102449925664 ) ) ;
#11141 = CARTESIAN_POINT ( 'NONE',  ( 6.349999999999997868, 8.509000000000000341, -1.270000000000001128 ) ) ;
#11142 = LINE ( 'NONE', #9318, #4666 ) ;
#11143 = CARTESIAN_POINT ( 'NONE',  ( 20.70099999999999696, 7.239000000000000767, 0.3809999999999958975 ) ) ;
#11144 = DIRECTION ( 'NONE',  ( 0.000000000000000000, -1.000000000000000000, 0.000000000000000000 ) ) ;
#11145 = EDGE_LOOP ( 'NONE', ( #5131, #7660, #7251, #2102 ) ) ;
#11146 = VECTOR ( 'NONE', #2201, 1000.000000000000000 ) ;
#11147 = CARTESIAN_POINT ( 'NONE',  ( -3.810000000000004494, 8.509000000000000341, -1.270000000000001128 ) ) ;
#11148 = DIRECTION ( 'NONE',  ( 0.000000000000000000, -1.000000000000000000, -2.548365665731588345E-16 ) ) ;
#11149 = VECTOR ( 'NONE', #6126, 999.9999999999998863 ) ;
#11150 = ORIENTED_EDGE ( 'NONE', *, *, #6319, .T. ) ;
#11151 = DIRECTION ( 'NONE',  ( -1.000000000000000000, -0.000000000000000000, -0.000000000000000000 ) ) ;
#11152 =( NAMED_UNIT ( * ) SI_UNIT ( $, .STERADIAN. ) SOLID_ANGLE_UNIT ( ) );
#11153 = EDGE_CURVE ( 'NONE', #516, #4877, #1378, .T. ) ;
#11154 =( GEOMETRIC_REPRESENTATION_CONTEXT ( 3 ) GLOBAL_UNCERTAINTY_ASSIGNED_CONTEXT ( ( #10181 ) ) GLOBAL_UNIT_ASSIGNED_CONTEXT ( ( #5768, #10082, #11014 ) ) REPRESENTATION_CONTEXT ( 'NONE', 'WORKASPACE' ) );
#11155 = LINE ( 'NONE', #952, #6950 ) ;
#11156 = EDGE_CURVE ( 'NONE', #3009, #3603, #599, .T. ) ;
#11157 = SURFACE_SIDE_STYLE ('',( #4491 ) ) ;
#11158 = VECTOR ( 'NONE', #4915, 1000.000000000000000 ) ;
#11159 = LINE ( 'NONE', #4096, #5958 ) ;
#11160 = ORIENTED_EDGE ( 'NONE', *, *, #1976, .T. ) ;
#11161 = DIRECTION ( 'NONE',  ( 1.000000000000000000, 0.000000000000000000, 0.000000000000000000 ) ) ;
#11162 = EDGE_CURVE ( 'NONE', #9873, #4328, #2305, .T. ) ;
#11163 = CARTESIAN_POINT ( 'NONE',  ( 15.62099999999999511, 7.239000000000000767, -0.3810000000000028919 ) ) ;
#11164 = VERTEX_POINT ( 'NONE', #6756 ) ;
#11165 = VECTOR ( 'NONE', #10723, 1000.000000000000000 ) ;
#11166 = CARTESIAN_POINT ( 'NONE',  ( 20.70099999999999696, 7.239000000000000767, -0.3810000000000028919 ) ) ;
#11167 = ORIENTED_EDGE ( 'NONE', *, *, #4661, .F. ) ;
#11168 = ORIENTED_EDGE ( 'NONE', *, *, #2032, .T. ) ;
#11169 = LINE ( 'NONE', #3363, #2936 ) ;
#11170 = CARTESIAN_POINT ( 'NONE',  ( -4.699000000000005173, 7.239000000000000767, -0.3810000000000028919 ) ) ;
#11171 = EDGE_CURVE ( 'NONE', #6403, #6731, #8398, .T. ) ;
#11172 = DIRECTION ( 'NONE',  ( 0.000000000000000000, -1.000000000000000000, 0.000000000000000000 ) ) ;
#11173 = VECTOR ( 'NONE', #347, 1000.000000000000000 ) ;
#11174 = PLANE ( 'NONE',  #9776 ) ;
#11175 = ORIENTED_EDGE ( 'NONE', *, *, #2483, .T. ) ;
#11176 = LINE ( 'NONE', #1646, #10442 ) ;
#11177 = DIRECTION ( 'NONE',  ( 1.000000000000000000, 0.000000000000000000, 0.000000000000000000 ) ) ;
#11178 = EDGE_CURVE ( 'NONE', #9131, #1123, #11025, .T. ) ;
#11179 = ADVANCED_FACE ( 'NONE', ( #10157 ), #2363, .F. ) ;
#11180 = ORIENTED_EDGE ( 'NONE', *, *, #8040, .F. ) ;
#11181 =( LENGTH_UNIT ( ) NAMED_UNIT ( * ) SI_UNIT ( .MILLI., .METRE. ) );
#11182 = ORIENTED_EDGE ( 'NONE', *, *, #10231, .F. ) ;
#11183 = ORIENTED_EDGE ( 'NONE', *, *, #2380, .T. ) ;
#11184 = VECTOR ( 'NONE', #6020, 1000.000000000000000 ) ;
#11185 = PRODUCT_DEFINITION_SHAPE ( 'NONE', 'NONE',  #11254 ) ;
#11186 = CARTESIAN_POINT ( 'NONE',  ( 9.778999999999996362, 7.239000000000000767, -0.3810000000000028919 ) ) ;
#11187 = ORIENTED_EDGE ( 'NONE', *, *, #6170, .T. ) ;
#11188 = CARTESIAN_POINT ( 'NONE',  ( 24.12999999999999901, -1.925929944387235853E-31, 0.8889999999999991243 ) ) ;
#11189 = LINE ( 'NONE', #9423, #5830 ) ;
#11190 = EDGE_CURVE ( 'NONE', #1998, #6002, #9815, .T. ) ;
#11191 = DIRECTION ( 'NONE',  ( 0.000000000000000000, 1.000000000000000000, 1.440069553722777377E-16 ) ) ;
#11192 = LINE ( 'NONE', #33, #61 ) ;
#11193 = ORIENTED_EDGE ( 'NONE', *, *, #3558, .T. ) ;
#11194 = VECTOR ( 'NONE', #3591, 1000.000000000000000 ) ;
#11195 = VECTOR ( 'NONE', #3452, 1000.000000000000000 ) ;
#11196 = CARTESIAN_POINT ( 'NONE',  ( -2.159000000000004693, 7.239000000000000767, 0.3809999999999958975 ) ) ;
#11197 = ORIENTED_EDGE ( 'NONE', *, *, #6544, .F. ) ;
#11198 = ADVANCED_FACE ( 'NONE', ( #10782 ), #9069, .F. ) ;
#11199 = ORIENTED_EDGE ( 'NONE', *, *, #8584, .T. ) ;
#11200 = ADVANCED_FACE ( 'NONE', ( #1201 ), #4685, .F. ) ;
#11201 = DIRECTION ( 'NONE',  ( -0.000000000000000000, 0.000000000000000000, 1.000000000000000000 ) ) ;
#11202 = DIRECTION ( 'NONE',  ( -1.000000000000000000, 0.000000000000000000, -0.000000000000000000 ) ) ;
#11203 = PLANE ( 'NONE',  #6613 ) ;
#11204 = CARTESIAN_POINT ( 'NONE',  ( 24.13000000000000611, -1.925929944387235853E-31, 0.8889999999999991243 ) ) ;
#11205 = DIRECTION ( 'NONE',  ( -0.000000000000000000, 0.2588190451025140781, 0.9659258262890700886 ) ) ;
#11206 = DIRECTION ( 'NONE',  ( -1.000000000000000000, 0.000000000000000000, 0.000000000000000000 ) ) ;
#11207 = ORIENTED_EDGE ( 'NONE', *, *, #4605, .F. ) ;
#11208 = VECTOR ( 'NONE', #10281, 1000.000000000000114 ) ;
#11209 = PLANE ( 'NONE',  #2807 ) ;
#11210 = CARTESIAN_POINT ( 'NONE',  ( 13.96999999999999709, 8.509000000000000341, 1.270000000000001128 ) ) ;
#11211 = VECTOR ( 'NONE', #7167, 999.9999999999998863 ) ;
#11212 = EDGE_LOOP ( 'NONE', ( #6617, #7771, #351, #9074 ) ) ;
#11213 = LINE ( 'NONE', #5155, #1341 ) ;
#11214 = DIRECTION ( 'NONE',  ( -0.000000000000000000, 1.000000000000000000, 1.440069553722777130E-16 ) ) ;
#11215 = VECTOR ( 'NONE', #2255, 1000.000000000000114 ) ;
#11216 =( NAMED_UNIT ( * ) SI_UNIT ( $, .STERADIAN. ) SOLID_ANGLE_UNIT ( ) );
#11217 = LINE ( 'NONE', #3629, #474 ) ;
#11218 =( GEOMETRIC_REPRESENTATION_CONTEXT ( 3 ) GLOBAL_UNCERTAINTY_ASSIGNED_CONTEXT ( ( #7810 ) ) GLOBAL_UNIT_ASSIGNED_CONTEXT ( ( #296, #1996, #10824 ) ) REPRESENTATION_CONTEXT ( 'NONE', 'WORKASPACE' ) );
#11219 = DIRECTION ( 'NONE',  ( -0.000000000000000000, 0.000000000000000000, 1.000000000000000000 ) ) ;
#11220 = ORIENTED_EDGE ( 'NONE', *, *, #2834, .T. ) ;
#11221 = CARTESIAN_POINT ( 'NONE',  ( -11.43000000000000504, 0.5080000000000000071, 0.7528818102449925664 ) ) ;
#11222 = UNCERTAINTY_MEASURE_WITH_UNIT (LENGTH_MEASURE( 1.000000000000000082E-05 ), #10473, 'distance_accuracy_value', 'NONE');
#11223 = DIRECTION ( 'NONE',  ( 0.000000000000000000, -0.9659258262890700886, 0.2588190451025140781 ) ) ;
#11224 = EDGE_LOOP ( 'NONE', ( #10724, #8355, #7309, #760 ) ) ;
#11225 = LINE ( 'NONE', #8711, #2860 ) ;
#11226 = EDGE_LOOP ( 'NONE', ( #9384, #5844, #419, #10661 ) ) ;
#11227 = VECTOR ( 'NONE', #10361, 1000.000000000000000 ) ;
#11228 = EDGE_LOOP ( 'NONE', ( #1442, #10198, #3247, #7823 ) ) ;
#11229 = FACE_OUTER_BOUND ( 'NONE', #7448, .T. ) ;
#11230 = DIRECTION ( 'NONE',  ( -0.5773502691896252870, -0.5773502691896251759, -0.5773502691896267303 ) ) ;
#11231 = LINE ( 'NONE', #2458, #10502 ) ;
#11232 = DIRECTION ( 'NONE',  ( -0.000000000000000000, 0.000000000000000000, -1.000000000000000000 ) ) ;
#11233 = ORIENTED_EDGE ( 'NONE', *, *, #6858, .F. ) ;
#11234 = CARTESIAN_POINT ( 'NONE',  ( -23.24100000000000321, 7.239000000000000767, 0.3809999999999958975 ) ) ;
#11235 = CARTESIAN_POINT ( 'NONE',  ( -3.810000000000004494, 8.509000000000000341, 1.270000000000001128 ) ) ;
#11236 = VERTEX_POINT ( 'NONE', #6347 ) ;
#11237 = ORIENTED_EDGE ( 'NONE', *, *, #374, .F. ) ;
#11238 = ORIENTED_EDGE ( 'NONE', *, *, #2483, .F. ) ;
#11239 = ADVANCED_FACE ( 'NONE', ( #5473 ), #8955, .F. ) ;
#11240 = EDGE_CURVE ( 'NONE', #5256, #6346, #7266, .T. ) ;
#11241 = AXIS2_PLACEMENT_3D ( 'NONE', #2103, #2158, #5574 ) ;
#11242 = EDGE_CURVE ( 'NONE', #7698, #1151, #1142, .T. ) ;
#11243 = AXIS2_PLACEMENT_3D ( 'NONE', #4780, #1188, #8263 ) ;
#11244 = EDGE_CURVE ( 'NONE', #8777, #7680, #8219, .T. ) ;
#11245 = DIRECTION ( 'NONE',  ( 0.000000000000000000, -1.000000000000000000, -1.733406087350420004E-16 ) ) ;
#11246 = VERTEX_POINT ( 'NONE', #8114 ) ;
#11247 = CARTESIAN_POINT ( 'NONE',  ( 4.698999999999998067, 7.239000000000000767, -0.3810000000000028919 ) ) ;
#11248 = CARTESIAN_POINT ( 'NONE',  ( -16.51000000000000512, 0.000000000000000000, 1.269999999999998908 ) ) ;
#11249 = VECTOR ( 'NONE', #5383, 1000.000000000000000 ) ;
#11250 = CARTESIAN_POINT ( 'NONE',  ( -15.62100000000000399, 7.239000000000000767, -0.3810000000000028919 ) ) ;
#11251 = NEXT_ASSEMBLY_USAGE_OCCURRENCE ( 'NAUO1', ' ', ' ', #10518, #10572, $ ) ;
#11252 = NEXT_ASSEMBLY_USAGE_OCCURRENCE ( 'NAUO2', ' ', ' ', #10518, #8210, $ ) ;
#11253 = NEXT_ASSEMBLY_USAGE_OCCURRENCE ( 'NAUO3', ' ', ' ', #10518, #8210, $ ) ;
#11254 = NEXT_ASSEMBLY_USAGE_OCCURRENCE ( 'NAUO4', ' ', ' ', #10518, #8210, $ ) ;
#11255 = NEXT_ASSEMBLY_USAGE_OCCURRENCE ( 'NAUO5', ' ', ' ', #10518, #8210, $ ) ;
#11256 = NEXT_ASSEMBLY_USAGE_OCCURRENCE ( 'NAUO6', ' ', ' ', #10518, #8210, $ ) ;
#11257 = NEXT_ASSEMBLY_USAGE_OCCURRENCE ( 'NAUO7', ' ', ' ', #10518, #8210, $ ) ;
#11258 = NEXT_ASSEMBLY_USAGE_OCCURRENCE ( 'NAUO8', ' ', ' ', #10518, #8210, $ ) ;
#11259 = NEXT_ASSEMBLY_USAGE_OCCURRENCE ( 'NAUO9', ' ', ' ', #10518, #8210, $ ) ;
#11260 = NEXT_ASSEMBLY_USAGE_OCCURRENCE ( 'NAUO10', ' ', ' ', #10518, #8210, $ ) ;
#11261 = NEXT_ASSEMBLY_USAGE_OCCURRENCE ( 'NAUO11', ' ', ' ', #10518, #8210, $ ) ;
#11262 = NEXT_ASSEMBLY_USAGE_OCCURRENCE ( 'NAUO12', ' ', ' ', #10518, #8210, $ ) ;
#11263 = NEXT_ASSEMBLY_USAGE_OCCURRENCE ( 'NAUO13', ' ', ' ', #10518, #8210, $ ) ;
#11264 = NEXT_ASSEMBLY_USAGE_OCCURRENCE ( 'NAUO14', ' ', ' ', #10518, #8210, $ ) ;
#11265 = NEXT_ASSEMBLY_USAGE_OCCURRENCE ( 'NAUO15', ' ', ' ', #10518, #8210, $ ) ;
#11266 = NEXT_ASSEMBLY_USAGE_OCCURRENCE ( 'NAUO16', ' ', ' ', #10518, #8210, $ ) ;
#11267 = NEXT_ASSEMBLY_USAGE_OCCURRENCE ( 'NAUO17', ' ', ' ', #10518, #8210, $ ) ;
#11268 = NEXT_ASSEMBLY_USAGE_OCCURRENCE ( 'NAUO18', ' ', ' ', #10518, #8210, $ ) ;
#11269 = NEXT_ASSEMBLY_USAGE_OCCURRENCE ( 'NAUO19', ' ', ' ', #10518, #8210, $ ) ;
#11270 = NEXT_ASSEMBLY_USAGE_OCCURRENCE ( 'NAUO20', ' ', ' ', #10518, #8210, $ ) ;
ENDSEC;
END-ISO-10303-21;
