ISO-10303-21;
HEADER;
FILE_DESCRIPTION (( 'STEP AP214' ),
    '1' );
FILE_NAME ('M22-2510846.STEP',
    '2018-07-03T21:24:39',
    ( '' ),
    ( '' ),
    'SwSTEP 2.0',
    'SolidWorks 2014',
    '' );
FILE_SCHEMA (( 'AUTOMOTIVE_DESIGN' ));
ENDSEC;

DATA;
#1 = CARTESIAN_POINT ( 'NONE',  ( -0.1750000000000000200, 0.0000000000000000000, -0.2500000000000000000 ) ) ;
#2 = SURFACE_SIDE_STYLE ('',( #3012 ) ) ;
#3 = DIRECTION ( 'NONE',  ( 1.000000000000000000, -0.0000000000000000000, 0.0000000000000000000 ) ) ;
#4 = STYLED_ITEM ( 'NONE', ( #117 ), #2700 ) ;
#5 = FILL_AREA_STYLE ('',( #64 ) ) ;
#6 = DIRECTION ( 'NONE',  ( 1.000000000000000000, 0.0000000000000000000, 0.0000000000000000000 ) ) ;
#7 = VERTEX_POINT ( 'NONE', #4183 ) ;
#8 = DIRECTION ( 'NONE',  ( -1.000000000000000000, 0.0000000000000000000, 0.0000000000000000000 ) ) ;
#9 = AXIS2_PLACEMENT_3D ( 'NONE', #3477, #3560, #3581 ) ;
#10 = EDGE_CURVE ( 'NONE', #1398, #1981, #4338, .T. ) ;
#11 = SURFACE_STYLE_FILL_AREA ( #3877 ) ;
#12 = AXIS2_PLACEMENT_3D ( 'NONE', #4440, #4432, #4425 ) ;
#13 = DIRECTION ( 'NONE',  ( 0.0000000000000000000, 1.000000000000000000, -1.084202172485504100E-016 ) ) ;
#14 = DIRECTION ( 'NONE',  ( 0.7071067811865454600, 5.110978055611262900E-016, 0.7071067811865495700 ) ) ;
#15 = ORIENTED_EDGE ( 'NONE', *, *, #2041, .F. ) ;
#16 = FILL_AREA_STYLE ('',( #256 ) ) ;
#17 = DIRECTION ( 'NONE',  ( 0.0000000000000000000, 0.0000000000000000000, 1.000000000000000000 ) ) ;
#18 =( BOUNDED_SURFACE ( )  B_SPLINE_SURFACE ( 3, 2, ( 
 ( #2440, #2416, #2411 ),
 ( #2409, #2405, #2401 ),
 ( #2393, #2390, #2386 ),
 ( #2382, #2379, #2377 ) ),
 .UNSPECIFIED., .F., .F., .F. ) 
 B_SPLINE_SURFACE_WITH_KNOTS ( ( 4, 4 ),
 ( 3, 3 ),
 ( 8.159007782568011400E-005, 0.0001017853762841894500 ),
 ( 0.0000000000000000000, 1.000000000000000000 ),
 .UNSPECIFIED. ) 
 GEOMETRIC_REPRESENTATION_ITEM ( )  RATIONAL_B_SPLINE_SURFACE ( (
 ( 1.000000000000000000, 0.6087349684300535900, 1.000000000000000000),
 ( 1.000000000000000000, 0.6504267891776569500, 1.000000000000000000),
 ( 1.000000000000000000, 0.6897848316320613900, 1.000000000000000000),
 ( 1.000000000000000000, 0.7071067811887925500, 1.000000000000000000) ) ) 
 REPRESENTATION_ITEM ( '' )  SURFACE ( )  );
#19 = DIRECTION ( 'NONE',  ( 0.0000000000000000000, 0.0000000000000000000, -1.000000000000000000 ) ) ;
#20 = SURFACE_STYLE_FILL_AREA ( #913 ) ;
#21 = ORIENTED_EDGE ( 'NONE', *, *, #4446, .F. ) ;
#22 = CARTESIAN_POINT ( 'NONE',  ( -0.9250000000000000400, -0.0000000000000000000, 0.6689339828220161000 ) ) ;
#23 = EDGE_LOOP ( 'NONE', ( #3980, #2499, #763, #803, #1383, #4384 ) ) ;
#24 =( NAMED_UNIT ( * ) SI_UNIT ( $, .STERADIAN. ) SOLID_ANGLE_UNIT ( ) );
#25 = DIRECTION ( 'NONE',  ( 0.4472135954999586500, -0.7745966692414824100, 0.4472135954999587000 ) ) ;
#26 = DIRECTION ( 'NONE',  ( 0.0000000000000000000, 1.548860246407863300E-016, -1.000000000000000000 ) ) ;
#27 = VECTOR ( 'NONE', #621, 1000.000000000000200 ) ;
#28 = VERTEX_POINT ( 'NONE', #4403 ) ;
#29 = CARTESIAN_POINT ( 'NONE',  ( -0.9250000000000000400, 0.6750000000000001600, -7.318364664277156200E-017 ) ) ;
#30 = CARTESIAN_POINT ( 'NONE',  ( 0.2500000000000000000, 0.7500000000000001100, -0.1750000000000000200 ) ) ;
#31 = CARTESIAN_POINT ( 'NONE',  ( 0.2500000000000000000, -0.5999999999999999800, -9.293161478447179300E-017 ) ) ;
#32 = LINE ( 'NONE', #1654, #3660 ) ;
#33 = DIRECTION ( 'NONE',  ( 0.0000000000000000000, 1.000000000000000000, -0.0000000000000000000 ) ) ;
#34 = ORIENTED_EDGE ( 'NONE', *, *, #2836, .F. ) ;
#35 = DIRECTION ( 'NONE',  ( 2.891205793294679000E-015, -1.000000000000000000, 0.0000000000000000000 ) ) ;
#36 = SURFACE_STYLE_FILL_AREA ( #937 ) ;
#37 = ORIENTED_EDGE ( 'NONE', *, *, #4259, .F. ) ;
#38 = CONTEXT_DEPENDENT_SHAPE_REPRESENTATION ( #3245, #403 ) ;
#39 = AXIS2_PLACEMENT_3D ( 'NONE', #29, #1834, #1729 ) ;
#40 = EDGE_CURVE ( 'NONE', #3003, #3978, #1800, .T. ) ;
#41 = DIRECTION ( 'NONE',  ( 0.7071067811865466800, 0.0000000000000000000, -0.7071067811865481300 ) ) ;
#42 = AXIS2_PLACEMENT_3D ( 'NONE', #756, #743, #665 ) ;
#43 = SURFACE_STYLE_FILL_AREA ( #2398 ) ;
#44 = ORIENTED_EDGE ( 'NONE', *, *, #4196, .T. ) ;
#45 = DIRECTION ( 'NONE',  ( -1.000000000000000000, -2.891205793294679400E-015, 0.0000000000000000000 ) ) ;
#46 = CIRCLE ( 'NONE', #965, 0.05000000000000002400 ) ;
#47 = CARTESIAN_POINT ( 'NONE',  ( 0.9146446609406709800, -0.7499999999999997800, -0.7146446609406730300 ) ) ;
#48 = ORIENTED_EDGE ( 'NONE', *, *, #730, .F. ) ;
#49 = FILL_AREA_STYLE_COLOUR ( '', #4041 ) ;
#50 = CARTESIAN_POINT ( 'NONE',  ( 0.2500000000000000000, 3.990192378864668900, -0.1750000000000000200 ) ) ;
#51 = EDGE_CURVE ( 'NONE', #3703, #728, #837, .T. ) ;
#52 = CARTESIAN_POINT ( 'NONE',  ( -0.6689339828220179900, 0.6750000000000002700, 0.9249999999999998200 ) ) ;
#53 = DIRECTION ( 'NONE',  ( 0.0000000000000000000, 0.0000000000000000000, -1.000000000000000000 ) ) ;
#54 =( GEOMETRIC_REPRESENTATION_CONTEXT ( 3 ) GLOBAL_UNCERTAINTY_ASSIGNED_CONTEXT ( ( #3111 ) ) GLOBAL_UNIT_ASSIGNED_CONTEXT ( ( #2320, #2318, #2313 ) ) REPRESENTATION_CONTEXT ( 'NONE', 'WORKASPACE' ) );
#55 = LINE ( 'NONE', #3478, #1907 ) ;
#56 =( NAMED_UNIT ( * ) SI_UNIT ( $, .STERADIAN. ) SOLID_ANGLE_UNIT ( ) );
#57 = LINE ( 'NONE', #4333, #2704 ) ;
#58 = CARTESIAN_POINT ( 'NONE',  ( -0.2500000000000000000, 3.990192378864668900, 0.0000000000000000000 ) ) ;
#59 =( LENGTH_UNIT ( ) NAMED_UNIT ( * ) SI_UNIT ( .MILLI., .METRE. ) );
#60 = ADVANCED_FACE ( 'NONE', ( #712 ), #141, .T. ) ;
#61 =( NAMED_UNIT ( * ) SI_UNIT ( $, .STERADIAN. ) SOLID_ANGLE_UNIT ( ) );
#62 = ORIENTED_EDGE ( 'NONE', *, *, #541, .T. ) ;
#63 = DIRECTION ( 'NONE',  ( 0.0000000000000000000, 1.000000000000000000, 0.0000000000000000000 ) ) ;
#64 = FILL_AREA_STYLE_COLOUR ( '', #383 ) ;
#65 = DIRECTION ( 'NONE',  ( 0.0000000000000000000, 1.000000000000000000, 0.0000000000000000000 ) ) ;
#66 = FACE_OUTER_BOUND ( 'NONE', #139, .T. ) ;
#67 = MECHANICAL_DESIGN_GEOMETRIC_PRESENTATION_REPRESENTATION (  '', ( #4134 ), #310 ) ;
#68 = ORIENTED_EDGE ( 'NONE', *, *, #4185, .F. ) ;
#69 = CARTESIAN_POINT ( 'NONE',  ( 0.03504809471616634300, -3.049999999999999800, -0.09999999999999950600 ) ) ;
#70 = LINE ( 'NONE', #4193, #3587 ) ;
#71 = CARTESIAN_POINT ( 'NONE',  ( -0.09999999999999915900, 4.250000000000000000, 0.03504809471616718300 ) ) ;
#72 =( NAMED_UNIT ( * ) PLANE_ANGLE_UNIT ( ) SI_UNIT ( $, .RADIAN. ) );
#73 =( LENGTH_UNIT ( ) NAMED_UNIT ( * ) SI_UNIT ( .MILLI., .METRE. ) );
#74 = EDGE_LOOP ( 'NONE', ( #2566, #3101, #4295, #98 ) ) ;
#75 =( BOUNDED_CURVE ( )  B_SPLINE_CURVE ( 3, ( #295, #297, #271, #266 ),
 .UNSPECIFIED., .F., .F. ) 
 B_SPLINE_CURVE_WITH_KNOTS ( ( 4, 4 ),
 ( 0.0000000000000000000, 0.1263401276387747500 ),
 .UNSPECIFIED. ) 
 CURVE ( )  GEOMETRIC_REPRESENTATION_ITEM ( )  RATIONAL_B_SPLINE_CURVE ( ( 1.000000000000000000, 0.9986702899464854300, 0.9986702899464854300, 1.000000000000000000 ) ) 
 REPRESENTATION_ITEM ( '' )  );
#76 = EDGE_CURVE ( 'NONE', #4074, #1180, #2593, .T. ) ;
#77 = SURFACE_STYLE_USAGE ( .BOTH. , #95 ) ;
#78 = EDGE_LOOP ( 'NONE', ( #3841, #2456, #786, #3929 ) ) ;
#79 = CARTESIAN_POINT ( 'NONE',  ( 0.8792893218813440100, -0.6999999999999997300, -0.7500000000000003300 ) ) ;
#80 = SURFACE_STYLE_FILL_AREA ( #236 ) ;
#81 = CARTESIAN_POINT ( 'NONE',  ( -1.000000000000000000, 0.6750000000000000400, -0.7000000000000002900 ) ) ;
#82 =( GEOMETRIC_REPRESENTATION_CONTEXT ( 3 ) GLOBAL_UNCERTAINTY_ASSIGNED_CONTEXT ( ( #2849 ) ) GLOBAL_UNIT_ASSIGNED_CONTEXT ( ( #4039, #4051, #4057 ) ) REPRESENTATION_CONTEXT ( 'NONE', 'WORKASPACE' ) );
#83 = ORIENTED_EDGE ( 'NONE', *, *, #1557, .T. ) ;
#84 = SURFACE_SIDE_STYLE ('',( #769 ) ) ;
#85 = CARTESIAN_POINT ( 'NONE',  ( -0.6689339828220163300, -0.7499999999999998900, -0.9500000000000001800 ) ) ;
#86 = LINE ( 'NONE', #886, #4457 ) ;
#87 = ADVANCED_FACE ( 'NONE', ( #2487 ), #231, .F. ) ;
#88 = VERTEX_POINT ( 'NONE', #30 ) ;
#89 = CARTESIAN_POINT ( 'NONE',  ( 0.2500000000000000000, -3.049999999999999800, -0.09999999999999950600 ) ) ;
#90 = FILL_AREA_STYLE ('',( #2434 ) ) ;
#91 = CARTESIAN_POINT ( 'NONE',  ( 0.07483595050107518000, 4.249999999999999100, 0.09999999999999982500 ) ) ;
#92 = ORIENTED_EDGE ( 'NONE', *, *, #2307, .T. ) ;
#93 = DIRECTION ( 'NONE',  ( 0.7071067811865495700, -7.666467083416848500E-017, -0.7071067811865454600 ) ) ;
#94 = DIRECTION ( 'NONE',  ( 1.000000000000000000, -0.0000000000000000000, -0.0000000000000000000 ) ) ;
#95 = SURFACE_SIDE_STYLE ('',( #934 ) ) ;
#96 = FILL_AREA_STYLE ('',( #188 ) ) ;
#97 = COLOUR_RGB ( '',0.1098039215686274500, 0.1098039215686274500, 0.1098039215686274500 ) ;
#98 = ORIENTED_EDGE ( 'NONE', *, *, #739, .F. ) ;
#99 =( NAMED_UNIT ( * ) PLANE_ANGLE_UNIT ( ) SI_UNIT ( $, .RADIAN. ) );
#100 = DIRECTION ( 'NONE',  ( -1.000000000000000000, 0.0000000000000000000, 0.0000000000000000000 ) ) ;
#101 = SURFACE_STYLE_FILL_AREA ( #3550 ) ;
#102 = VERTEX_POINT ( 'NONE', #284 ) ;
#103 =( BOUNDED_CURVE ( )  B_SPLINE_CURVE ( 3, ( #2819, #2812, #2791, #2773 ),
 .UNSPECIFIED., .F., .F. ) 
 B_SPLINE_CURVE_WITH_KNOTS ( ( 4, 4 ),
 ( 6.156845179540813900, 6.283185307179586200 ),
 .UNSPECIFIED. ) 
 CURVE ( )  GEOMETRIC_REPRESENTATION_ITEM ( )  RATIONAL_B_SPLINE_CURVE ( ( 1.000000000000000000, 0.9986702899464854300, 0.9986702899464854300, 1.000000000000000000 ) ) 
 REPRESENTATION_ITEM ( '' )  );
#104 = EDGE_CURVE ( 'NONE', #3352, #660, #1595, .T. ) ;
#105 = DIRECTION ( 'NONE',  ( 0.0000000000000000000, 0.0000000000000000000, 1.000000000000000000 ) ) ;
#106 = PRESENTATION_LAYER_ASSIGNMENT (  '', '', ( #336 ) ) ;
#107 = FACE_OUTER_BOUND ( 'NONE', #3831, .T. ) ;
#108 = DIRECTION ( 'NONE',  ( 1.000000000000000000, 0.0000000000000000000, 0.0000000000000000000 ) ) ;
#109 = PLANE ( 'NONE',  #2282 ) ;
#110 = DIRECTION ( 'NONE',  ( -0.0000000000000000000, 0.0000000000000000000, 1.000000000000000000 ) ) ;
#111 = CARTESIAN_POINT ( 'NONE',  ( -0.1750000000000000200, 0.0000000000000000000, -0.1750000000000000200 ) ) ;
#112 = ADVANCED_FACE ( 'NONE', ( #3286 ), #4058, .T. ) ;
#113 = EDGE_CURVE ( 'NONE', #615, #1080, #1487, .T. ) ;
#114 = VECTOR ( 'NONE', #2383, 1000.000000000000000 ) ;
#115 = CARTESIAN_POINT ( 'NONE',  ( 0.1750000000000000200, -4.336808689942012800E-017, 0.1749999999999998500 ) ) ;
#116 = DIRECTION ( 'NONE',  ( 0.0000000000000000000, 1.000000000000000000, 0.0000000000000000000 ) ) ;
#117 = PRESENTATION_STYLE_ASSIGNMENT (( #2489 ) ) ;
#118 = ORIENTED_EDGE ( 'NONE', *, *, #1760, .T. ) ;
#119 = CARTESIAN_POINT ( 'NONE',  ( 0.1980384757729337900, 3.967692378864669000, 0.2629903810567674700 ) ) ;
#120 = DIRECTION ( 'NONE',  ( 0.0000000000000000000, 0.0000000000000000000, -1.000000000000000000 ) ) ;
#121 = CARTESIAN_POINT ( 'NONE',  ( 0.9499999999999999600, -0.5499999999999998200, -0.6500000000000002400 ) ) ;
#122 = CIRCLE ( 'NONE', #1696, 0.05000000000000002400 ) ;
#123 = DIRECTION ( 'NONE',  ( 0.0000000000000000000, -0.0000000000000000000, 1.000000000000000000 ) ) ;
#124 = PRESENTATION_LAYER_ASSIGNMENT (  '', '', ( #4178 ) ) ;
#125 = ORIENTED_EDGE ( 'NONE', *, *, #2918, .F. ) ;
#126 = DIRECTION ( 'NONE',  ( 0.0000000000000000000, -1.000000000000000000, 0.0000000000000000000 ) ) ;
#127 = DIRECTION ( 'NONE',  ( 1.000000000000000000, -0.0000000000000000000, 0.0000000000000000000 ) ) ;
#128 = CARTESIAN_POINT ( 'NONE',  ( -0.6689339828220179900, 0.6750000000000002700, 0.9999999999999997800 ) ) ;
#129 = EDGE_LOOP ( 'NONE', ( #199, #298, #3677, #2626 ) ) ;
#130 = CARTESIAN_POINT ( 'NONE',  ( -0.6999999999999998400, 0.6750000000000002700, 0.9999999999999997800 ) ) ;
#131 = DIRECTION ( 'NONE',  ( -0.4472135954999594800, 0.7745966692414815200, -0.4472135954999595900 ) ) ;
#132 = AXIS2_PLACEMENT_3D ( 'NONE', #2645, #2459, #2453 ) ;
#133 = EDGE_CURVE ( 'NONE', #1039, #969, #590, .T. ) ;
#134 = AXIS2_PLACEMENT_3D ( 'NONE', #1024, #1017, #1010 ) ;
#135 = EDGE_LOOP ( 'NONE', ( #2930, #1785, #1514 ) ) ;
#136 =( NAMED_UNIT ( * ) PLANE_ANGLE_UNIT ( ) SI_UNIT ( $, .RADIAN. ) );
#137 = UNCERTAINTY_MEASURE_WITH_UNIT (LENGTH_MEASURE( 1.000000000000000100E-005 ), #2668, 'distance_accuracy_value', 'NONE');
#138 = DIRECTION ( 'NONE',  ( 0.0000000000000000000, 0.0000000000000000000, 1.000000000000000000 ) ) ;
#139 = EDGE_LOOP ( 'NONE', ( #4406, #3763, #1570, #4033, #1874, #3231 ) ) ;
#140 = EDGE_CURVE ( 'NONE', #3138, #4416, #3179, .T. ) ;
#141 = PLANE ( 'NONE',  #1377 ) ;
#142 = SURFACE_STYLE_USAGE ( .BOTH. , #144 ) ;
#143 = CARTESIAN_POINT ( 'NONE',  ( 0.2500000000000000000, 0.0000000000000000000, 0.0000000000000000000 ) ) ;
#144 = SURFACE_SIDE_STYLE ('',( #3239 ) ) ;
#145 = ORIENTED_EDGE ( 'NONE', *, *, #1154, .T. ) ;
#146 = DIRECTION ( 'NONE',  ( -0.0000000000000000000, 1.000000000000000000, 0.0000000000000000000 ) ) ;
#147 = DIRECTION ( 'NONE',  ( -0.0000000000000000000, 1.000000000000000000, 0.0000000000000000000 ) ) ;
#148 = ORIENTED_EDGE ( 'NONE', *, *, #2806, .T. ) ;
#149 = PLANE ( 'NONE',  #1825 ) ;
#150 = LINE ( 'NONE', #1029, #2896 ) ;
#151 = ORIENTED_EDGE ( 'NONE', *, *, #4411, .F. ) ;
#152 = DIRECTION ( 'NONE',  ( -0.0000000000000000000, -1.000000000000000000, 1.084202172485504400E-016 ) ) ;
#153 =( GEOMETRIC_REPRESENTATION_CONTEXT ( 3 ) GLOBAL_UNCERTAINTY_ASSIGNED_CONTEXT ( ( #2724 ) ) GLOBAL_UNIT_ASSIGNED_CONTEXT ( ( #1226, #1230, #1193 ) ) REPRESENTATION_CONTEXT ( 'NONE', 'WORKASPACE' ) );
#154 = CARTESIAN_POINT ( 'NONE',  ( -0.1813149072743190100, 3.990537962666718600, -0.2498004770988582500 ) ) ;
#155 = DIRECTION ( 'NONE',  ( -1.000000000000000000, 0.0000000000000000000, -0.0000000000000000000 ) ) ;
#156 = SURFACE_STYLE_FILL_AREA ( #889 ) ;
#157 = DIRECTION ( 'NONE',  ( -0.8660254037844373800, 0.5000000000000022200, 0.0000000000000000000 ) ) ;
#158 = ORIENTED_EDGE ( 'NONE', *, *, #4254, .F. ) ;
#159 = CARTESIAN_POINT ( 'NONE',  ( 0.1750000000000000200, 0.7500000000000001100, -0.1750000000000000200 ) ) ;
#160 = CARTESIAN_POINT ( 'NONE',  ( -0.8792893218813445700, -0.6999999999999997300, -0.7000000000000002900 ) ) ;
#161 = CARTESIAN_POINT ( 'NONE',  ( 0.9250000000000000400, 0.0000000000000000000, 0.6689339828220174400 ) ) ;
#162 = VECTOR ( 'NONE', #347, 1000.000000000000200 ) ;
#163 =( GEOMETRIC_REPRESENTATION_CONTEXT ( 3 ) GLOBAL_UNCERTAINTY_ASSIGNED_CONTEXT ( ( #2995 ) ) GLOBAL_UNIT_ASSIGNED_CONTEXT ( ( #2260, #2256, #2238 ) ) REPRESENTATION_CONTEXT ( 'NONE', 'WORKASPACE' ) );
#164 = ORIENTED_EDGE ( 'NONE', *, *, #2178, .T. ) ;
#165 = CARTESIAN_POINT ( 'NONE',  ( -0.9499999999999998400, -0.6500000000000001300, 0.6499999999999999100 ) ) ;
#166 = UNCERTAINTY_MEASURE_WITH_UNIT (LENGTH_MEASURE( 1.000000000000000100E-005 ), #1631, 'distance_accuracy_value', 'NONE');
#167 = PRESENTATION_STYLE_ASSIGNMENT (( #2330 ) ) ;
#168 = CARTESIAN_POINT ( 'NONE',  ( 0.2500000000000000000, -2.790192378864667400, 0.1749999999999994300 ) ) ;
#169 = DIRECTION ( 'NONE',  ( 0.0000000000000000000, 0.0000000000000000000, 1.000000000000000000 ) ) ;
#170 = SURFACE_STYLE_FILL_AREA ( #2978 ) ;
#171 = PRODUCT_DEFINITION_FORMATION_WITH_SPECIFIED_SOURCE ( 'ANY', '', #2526, .NOT_KNOWN. ) ;
#172 = EDGE_CURVE ( 'NONE', #683, #2937, #471, .T. ) ;
#173 = CARTESIAN_POINT ( 'NONE',  ( 0.2500000000000000000, 3.990192378864668900, 0.0000000000000000000 ) ) ;
#174 = DIRECTION ( 'NONE',  ( 0.0000000000000000000, -0.5000000000000026600, -0.8660254037844371500 ) ) ;
#175 = MECHANICAL_DESIGN_GEOMETRIC_PRESENTATION_REPRESENTATION (  '', ( #4214 ), #420 ) ;
#176 = PLANE ( 'NONE',  #605 ) ;
#177 = ADVANCED_FACE ( 'NONE', ( #3953 ), #425, .F. ) ;
#178 = ORIENTED_EDGE ( 'NONE', *, *, #1959, .F. ) ;
#179 = MECHANICAL_DESIGN_GEOMETRIC_PRESENTATION_REPRESENTATION (  '', ( #4017 ), #426 ) ;
#180 = SPHERICAL_SURFACE ( 'NONE', #2387, 0.07499999999999999700 ) ;
#181 = CARTESIAN_POINT ( 'NONE',  ( 0.1750000000000000200, 3.990192378864668900, -0.2500000000000000000 ) ) ;
#182 = ORIENTED_EDGE ( 'NONE', *, *, #702, .F. ) ;
#183 =( NAMED_UNIT ( * ) PLANE_ANGLE_UNIT ( ) SI_UNIT ( $, .RADIAN. ) );
#184 = TOROIDAL_SURFACE ( 'NONE', #4127, 0.1000000000000000100, 0.05000000000000000300 ) ;
#185 = DIRECTION ( 'NONE',  ( 0.0000000000000000000, -1.000000000000000000, 0.0000000000000000000 ) ) ;
#186 = CARTESIAN_POINT ( 'NONE',  ( 0.1781606056539944700, 3.990192378864668900, -0.2500000000000000000 ) ) ;
#187 = ORIENTED_EDGE ( 'NONE', *, *, #223, .F. ) ;
#188 = FILL_AREA_STYLE_COLOUR ( '', #1898 ) ;
#189 = ORIENTED_EDGE ( 'NONE', *, *, #2615, .T. ) ;
#190 = DIRECTION ( 'NONE',  ( 0.7071067811865497900, 0.0000000000000000000, -0.7071067811865453500 ) ) ;
#191 = CARTESIAN_POINT ( 'NONE',  ( 0.6999999999999984000, 0.7500000000000002200, 0.9249999999999998200 ) ) ;
#192 = AXIS2_PLACEMENT_3D ( 'NONE', #959, #1613, #1574 ) ;
#193 = EDGE_CURVE ( 'NONE', #3453, #3978, #2756, .T. ) ;
#194 = AXIS2_PLACEMENT_3D ( 'NONE', #159, #152, #138 ) ;
#195 = ORIENTED_EDGE ( 'NONE', *, *, #2670, .F. ) ;
#196 = ORIENTED_EDGE ( 'NONE', *, *, #1302, .F. ) ;
#197 = DIRECTION ( 'NONE',  ( 0.7071067811865453500, 0.0000000000000000000, 0.7071067811865496800 ) ) ;
#198 = EDGE_CURVE ( 'NONE', #1058, #3138, #892, .T. ) ;
#199 = ORIENTED_EDGE ( 'NONE', *, *, #4089, .F. ) ;
#200 = ADVANCED_FACE ( 'NONE', ( #3640 ), #698, .F. ) ;
#201 = CARTESIAN_POINT ( 'NONE',  ( -0.2500000000000000000, 0.0000000000000000000, 0.0000000000000000000 ) ) ;
#202 = CARTESIAN_POINT ( 'NONE',  ( 0.6866116523516815300, -0.6999999999999998400, -0.9426776695296638100 ) ) ;
#203 =( NAMED_UNIT ( * ) SI_UNIT ( $, .STERADIAN. ) SOLID_ANGLE_UNIT ( ) );
#204 = FACE_OUTER_BOUND ( 'NONE', #2040, .T. ) ;
#205 = ORIENTED_EDGE ( 'NONE', *, *, #133, .F. ) ;
#206 = SURFACE_SIDE_STYLE ('',( #1680 ) ) ;
#207 = DIRECTION ( 'NONE',  ( 0.0000000000000000000, 0.0000000000000000000, 1.000000000000000000 ) ) ;
#208 = DIRECTION ( 'NONE',  ( 1.000000000000000000, -0.0000000000000000000, 0.0000000000000000000 ) ) ;
#209 = LINE ( 'NONE', #1864, #2955 ) ;
#210 = ORIENTED_EDGE ( 'NONE', *, *, #1530, .F. ) ;
#211 =( NAMED_UNIT ( * ) PLANE_ANGLE_UNIT ( ) SI_UNIT ( $, .RADIAN. ) );
#212 = CARTESIAN_POINT ( 'NONE',  ( 0.6689339828220163300, -0.7000000000000000700, 0.9999999999999997800 ) ) ;
#213 = MECHANICAL_DESIGN_GEOMETRIC_PRESENTATION_REPRESENTATION (  '', ( #4249 ), #467 ) ;
#214 = VERTEX_POINT ( 'NONE', #4194 ) ;
#215 = DIRECTION ( 'NONE',  ( -0.0000000000000000000, 1.000000000000000000, 7.228014483236698500E-016 ) ) ;
#216 = PRESENTATION_STYLE_ASSIGNMENT (( #322 ) ) ;
#217 =( LENGTH_UNIT ( ) NAMED_UNIT ( * ) SI_UNIT ( .MILLI., .METRE. ) );
#218 = DIRECTION ( 'NONE',  ( 0.0000000000000000000, -0.0000000000000000000, 1.000000000000000000 ) ) ;
#219 = SURFACE_STYLE_USAGE ( .BOTH. , #228 ) ;
#220 = DIRECTION ( 'NONE',  ( -0.0000000000000000000, 1.000000000000000000, 0.0000000000000000000 ) ) ;
#221 = UNCERTAINTY_MEASURE_WITH_UNIT (LENGTH_MEASURE( 1.000000000000000100E-005 ), #59, 'distance_accuracy_value', 'NONE');
#222 = FACE_OUTER_BOUND ( 'NONE', #1256, .T. ) ;
#223 = EDGE_CURVE ( 'NONE', #1806, #1063, #528, .T. ) ;
#224 = STYLED_ITEM ( 'NONE', ( #3072 ), #3084 ) ;
#225 = SURFACE_STYLE_USAGE ( .BOTH. , #206 ) ;
#226 = ORIENTED_EDGE ( 'NONE', *, *, #3201, .F. ) ;
#227 = CARTESIAN_POINT ( 'NONE',  ( 0.1844503219471104200, 3.991227751672056000, -0.2494022272309431900 ) ) ;
#228 = SURFACE_SIDE_STYLE ('',( #80 ) ) ;
#229 = ADVANCED_FACE ( 'NONE', ( #2315 ), #3693, .T. ) ;
#230 = SURFACE_STYLE_FILL_AREA ( #1963 ) ;
#231 = PLANE ( 'NONE',  #1848 ) ;
#232 = EDGE_CURVE ( 'NONE', #1249, #2301, #2653, .T. ) ;
#233 = VECTOR ( 'NONE', #2585, 1000.000000000000200 ) ;
#234 = CARTESIAN_POINT ( 'NONE',  ( 0.6689339828220163300, -0.7000000000000000700, 0.9249999999999998200 ) ) ;
#235 = DIRECTION ( 'NONE',  ( 0.0000000000000000000, 0.0000000000000000000, -1.000000000000000000 ) ) ;
#236 = FILL_AREA_STYLE ('',( #244 ) ) ;
#237 = CARTESIAN_POINT ( 'NONE',  ( 0.6689339828220163300, 0.6750000000000002700, 0.9249999999999998200 ) ) ;
#238 = AXIS2_PLACEMENT_3D ( 'NONE', #3182, #3170, #3166 ) ;
#239 = LINE ( 'NONE', #3524, #3374 ) ;
#240 = EDGE_LOOP ( 'NONE', ( #1945, #1446, #2816, #2200 ) ) ;
#241 = CARTESIAN_POINT ( 'NONE',  ( -0.09999999999999915900, 4.250000000000000000, 0.03504809471616718300 ) ) ;
#242 = AXIS2_PLACEMENT_3D ( 'NONE', #2932, #2757, #2855 ) ;
#243 = ORIENTED_EDGE ( 'NONE', *, *, #541, .F. ) ;
#244 = FILL_AREA_STYLE_COLOUR ( '', #2829 ) ;
#245 = DIRECTION ( 'NONE',  ( -0.0000000000000000000, -1.000000000000000000, 0.0000000000000000000 ) ) ;
#246 = B_SPLINE_CURVE_WITH_KNOTS ( 'NONE', 3,
 ( #793, #629, #587, #581, #573, #751, #1177, #1172, #562, #554 ),
 .UNSPECIFIED., .F., .F.,
 ( 4, 3, 3, 4 ),
 ( 0.0000000000000000000, 6.357616885945847900E-006, 3.310793850715353600E-005, 5.962742267941611600E-005 ),
 .UNSPECIFIED. ) ;
#247 = ORIENTED_EDGE ( 'NONE', *, *, #2546, .F. ) ;
#248 = ADVANCED_FACE ( 'NONE', ( #2807 ), #948, .T. ) ;
#249 =( LENGTH_UNIT ( ) NAMED_UNIT ( * ) SI_UNIT ( .MILLI., .METRE. ) );
#250 = CARTESIAN_POINT ( 'NONE',  ( -0.2969669914110139000, 0.6750000000000002700, 1.296966991411006200 ) ) ;
#251 = CARTESIAN_POINT ( 'NONE',  ( 0.1813149072743189500, 3.990537962666718600, -0.2498004770988582500 ) ) ;
#252 = VECTOR ( 'NONE', #6, 1000.000000000000000 ) ;
#253 = PRESENTATION_LAYER_ASSIGNMENT (  '', '', ( #4 ) ) ;
#254 = CARTESIAN_POINT ( 'NONE',  ( -1.000000000000000000, -0.6499999999999999100, -0.7000000000000002900 ) ) ;
#255 = ORIENTED_EDGE ( 'NONE', *, *, #4109, .F. ) ;
#256 = FILL_AREA_STYLE_COLOUR ( '', #542 ) ;
#257 = STYLED_ITEM ( 'NONE', ( #1112 ), #3652 ) ;
#258 = ORIENTED_EDGE ( 'NONE', *, *, #1760, .F. ) ;
#259 = EDGE_CURVE ( 'NONE', #2472, #2897, #2916, .T. ) ;
#260 = AXIS2_PLACEMENT_3D ( 'NONE', #388, #472, #13 ) ;
#261 = ORIENTED_EDGE ( 'NONE', *, *, #1154, .F. ) ;
#262 = STYLED_ITEM ( 'NONE', ( #4104 ), #229 ) ;
#263 = CARTESIAN_POINT ( 'NONE',  ( 0.2500000000000000000, -0.5999999999999999800, -0.2500000000000000000 ) ) ;
#264 = CIRCLE ( 'NONE', #1064, 0.1000000000000000500 ) ;
#265 = ORIENTED_EDGE ( 'NONE', *, *, #3740, .F. ) ;
#266 = CARTESIAN_POINT ( 'NONE',  ( -0.2494022272309432400, 3.991227751672056000, 0.1844503219471111700 ) ) ;
#267 = CARTESIAN_POINT ( 'NONE',  ( 0.1750000000000000200, 0.7500000000000001100, -0.2500000000000000000 ) ) ;
#268 = ORIENTED_EDGE ( 'NONE', *, *, #3525, .F. ) ;
#269 = DIRECTION ( 'NONE',  ( 0.0000000000000000000, -1.445602896647339500E-015, 1.000000000000000000 ) ) ;
#270 = FACE_OUTER_BOUND ( 'NONE', #3302, .T. ) ;
#271 = CARTESIAN_POINT ( 'NONE',  ( -0.2498004770988582500, 3.990537962666718600, 0.1813149072743197000 ) ) ;
#272 = DIRECTION ( 'NONE',  ( 0.4472135954999595900, -0.7745966692414816300, 0.4472135954999595900 ) ) ;
#273 = ORIENTED_EDGE ( 'NONE', *, *, #1985, .T. ) ;
#274 = DIRECTION ( 'NONE',  ( -0.0000000000000000000, 0.5000000000000022200, -0.8660254037844373800 ) ) ;
#275 = VECTOR ( 'NONE', #2488, 1000.000000000000000 ) ;
#276 = DIRECTION ( 'NONE',  ( 0.0000000000000000000, -1.084202172485504400E-016, -1.000000000000000000 ) ) ;
#277 = PRESENTATION_STYLE_ASSIGNMENT (( #949 ) ) ;
#278 = UNCERTAINTY_MEASURE_WITH_UNIT (LENGTH_MEASURE( 1.000000000000000100E-005 ), #1243, 'distance_accuracy_value', 'NONE');
#279 = FACE_OUTER_BOUND ( 'NONE', #4324, .T. ) ;
#280 = CARTESIAN_POINT ( 'NONE',  ( -0.2500000000000000000, 0.7500000000000001100, -8.131516293641284500E-017 ) ) ;
#281 = DIRECTION ( 'NONE',  ( -0.7071067811865497900, 0.0000000000000000000, 0.7071067811865453500 ) ) ;
#282 = PRESENTATION_LAYER_ASSIGNMENT (  '', '', ( #4108 ) ) ;
#283 = EDGE_CURVE ( 'NONE', #2682, #2949, #2019, .T. ) ;
#284 = CARTESIAN_POINT ( 'NONE',  ( -0.6866116523516816500, -0.7500000000000002200, 0.9426776695296637000 ) ) ;
#285 = LINE ( 'NONE', #2343, #2216 ) ;
#286 = DIRECTION ( 'NONE',  ( -1.000000000000000000, -0.0000000000000000000, -0.0000000000000000000 ) ) ;
#287 = DIRECTION ( 'NONE',  ( -0.7071067811865453500, -1.533293416683378200E-015, -0.7071067811865496800 ) ) ;
#288 = DIRECTION ( 'NONE',  ( 0.0000000000000000000, 0.0000000000000000000, 1.000000000000000000 ) ) ;
#289 = DIRECTION ( 'NONE',  ( -0.0000000000000000000, 1.000000000000000000, 1.106328747434188200E-016 ) ) ;
#290 = EDGE_CURVE ( 'NONE', #3316, #292, #57, .T. ) ;
#291 = FACE_BOUND ( 'NONE', #666, .T. ) ;
#292 = VERTEX_POINT ( 'NONE', #1365 ) ;
#293 = DIRECTION ( 'NONE',  ( 0.0000000000000000000, 0.0000000000000000000, -1.000000000000000000 ) ) ;
#294 = CARTESIAN_POINT ( 'NONE',  ( -0.2500000000000000000, -1.936075308009826700E-017, 0.1749999999999997700 ) ) ;
#295 = CARTESIAN_POINT ( 'NONE',  ( -0.2500000000000000000, 3.990192378864668900, 0.1750000000000008500 ) ) ;
#296 = EDGE_LOOP ( 'NONE', ( #3502, #1208, #4340, #2903, #4076, #2984 ) ) ;
#297 = CARTESIAN_POINT ( 'NONE',  ( -0.2500000000000000000, 3.990192378864668900, 0.1781606056539952500 ) ) ;
#298 = ORIENTED_EDGE ( 'NONE', *, *, #1507, .T. ) ;
#299 = CARTESIAN_POINT ( 'NONE',  ( 0.8792893218813439000, -0.6999999999999997300, -0.7500000000000003300 ) ) ;
#300 = DIRECTION ( 'NONE',  ( -0.0000000000000000000, -1.000000000000000000, -2.478176394252581600E-016 ) ) ;
#301 = CYLINDRICAL_SURFACE ( 'NONE', #498, 0.07499999999999998300 ) ;
#302 = UNCERTAINTY_MEASURE_WITH_UNIT (LENGTH_MEASURE( 1.000000000000000100E-005 ), #597, 'distance_accuracy_value', 'NONE');
#303 = CARTESIAN_POINT ( 'NONE',  ( 0.02803847577293290200, 4.224641016151377200, 0.02803847577293371700 ) ) ;
#304 = ORIENTED_EDGE ( 'NONE', *, *, #2670, .T. ) ;
#305 =( NAMED_UNIT ( * ) SI_UNIT ( $, .STERADIAN. ) SOLID_ANGLE_UNIT ( ) );
#306 = CARTESIAN_POINT ( 'NONE',  ( 0.8792893218813445700, -0.6999999999999999600, 0.6999999999999998400 ) ) ;
#307 = ORIENTED_EDGE ( 'NONE', *, *, #1414, .T. ) ;
#308 =( NAMED_UNIT ( * ) PLANE_ANGLE_UNIT ( ) SI_UNIT ( $, .RADIAN. ) );
#309 = CARTESIAN_POINT ( 'NONE',  ( 0.8792893218813440100, -0.6499999999999999100, -0.7000000000000002900 ) ) ;
#310 =( GEOMETRIC_REPRESENTATION_CONTEXT ( 3 ) GLOBAL_UNCERTAINTY_ASSIGNED_CONTEXT ( ( #2672 ) ) GLOBAL_UNIT_ASSIGNED_CONTEXT ( ( #1844, #1839, #1827 ) ) REPRESENTATION_CONTEXT ( 'NONE', 'WORKASPACE' ) );
#311 = CARTESIAN_POINT ( 'NONE',  ( -0.9146446609406718700, -0.6999999999999997300, -0.7853553390593278600 ) ) ;
#312 = VERTEX_POINT ( 'NONE', #1351 ) ;
#313 = DIRECTION ( 'NONE',  ( 0.0000000000000000000, 0.0000000000000000000, 1.000000000000000000 ) ) ;
#314 = DIRECTION ( 'NONE',  ( 0.0000000000000000000, 7.228014483236698500E-016, 1.000000000000000000 ) ) ;
#315 = CARTESIAN_POINT ( 'NONE',  ( -0.2129903810567661500, 4.054294919243113200, 0.1480384757729341100 ) ) ;
#316 = EDGE_CURVE ( 'NONE', #566, #317, #1797, .T. ) ;
#317 = VERTEX_POINT ( 'NONE', #1473 ) ;
#318 = DIRECTION ( 'NONE',  ( 0.0000000000000000000, 1.000000000000000000, -7.228014483236698500E-016 ) ) ;
#319 =( LENGTH_UNIT ( ) NAMED_UNIT ( * ) SI_UNIT ( .MILLI., .METRE. ) );
#320 = ORIENTED_EDGE ( 'NONE', *, *, #1129, .T. ) ;
#321 = ORIENTED_EDGE ( 'NONE', *, *, #4314, .T. ) ;
#322 = SURFACE_STYLE_USAGE ( .BOTH. , #329 ) ;
#323 = CARTESIAN_POINT ( 'NONE',  ( 0.2500000000000000000, -4.336808689942014700E-017, 0.1749999999999998500 ) ) ;
#324 = VERTEX_POINT ( 'NONE', #1425 ) ;
#325 = PRESENTATION_LAYER_ASSIGNMENT (  '', '', ( #3931 ) ) ;
#326 = CARTESIAN_POINT ( 'NONE',  ( 1.000000000000000000, -0.7499999999999992200, 5.421010862427518200E-016 ) ) ;
#327 = CYLINDRICAL_SURFACE ( 'NONE', #1239, 0.07499999999999999700 ) ;
#328 = DIRECTION ( 'NONE',  ( 1.000000000000000000, -0.0000000000000000000, -0.0000000000000000000 ) ) ;
#329 = SURFACE_SIDE_STYLE ('',( #1726 ) ) ;
#330 = AXIS2_PLACEMENT_3D ( 'NONE', #2871, #2869, #2840 ) ;
#331 = SURFACE_STYLE_FILL_AREA ( #3893 ) ;
#332 = CARTESIAN_POINT ( 'NONE',  ( 1.000000000000000000, 0.6750000000000000400, -1.000000000000000200 ) ) ;
#333 = CIRCLE ( 'NONE', #4079, 0.07499999999999998300 ) ;
#334 = AXIS2_PLACEMENT_3D ( 'NONE', #52, #45, #35 ) ;
#335 = EDGE_CURVE ( 'NONE', #3768, #850, #1040, .T. ) ;
#336 = STYLED_ITEM ( 'NONE', ( #4186 ), #3636 ) ;
#337 = VECTOR ( 'NONE', #328, 1000.000000000000000 ) ;
#338 = FILL_AREA_STYLE ('',( #1396 ) ) ;
#339 =( NAMED_UNIT ( * ) SI_UNIT ( $, .STERADIAN. ) SOLID_ANGLE_UNIT ( ) );
#340 = CARTESIAN_POINT ( 'NONE',  ( 0.1844503219471103900, 3.991227751672056000, 0.2494022272309441000 ) ) ;
#341 =( NAMED_UNIT ( * ) PLANE_ANGLE_UNIT ( ) SI_UNIT ( $, .RADIAN. ) );
#342 = CARTESIAN_POINT ( 'NONE',  ( -0.2969669914110139000, 0.7500000000000002200, 1.296966991411006500 ) ) ;
#343 = ORIENTED_EDGE ( 'NONE', *, *, #1813, .F. ) ;
#344 =( LENGTH_UNIT ( ) NAMED_UNIT ( * ) SI_UNIT ( .MILLI., .METRE. ) );
#345 = FILL_AREA_STYLE ('',( #374 ) ) ;
#346 = EDGE_CURVE ( 'NONE', #2663, #2135, #658, .T. ) ;
#347 = DIRECTION ( 'NONE',  ( 0.7071067811865454600, 7.666467083416891600E-017, 0.7071067811865495700 ) ) ;
#348 = SURFACE_STYLE_FILL_AREA ( #4003 ) ;
#349 = ORIENTED_EDGE ( 'NONE', *, *, #771, .F. ) ;
#350 = PRODUCT ( '251-pin-46', '251-pin-46', '', ( #3382 ) ) ;
#351 = COLOUR_RGB ( '',0.1098039215686274500, 0.1098039215686274500, 0.1098039215686274500 ) ;
#352 = SURFACE_STYLE_USAGE ( .BOTH. , #358 ) ;
#353 = PRESENTATION_LAYER_ASSIGNMENT (  '', '', ( #3501 ) ) ;
#354 = CARTESIAN_POINT ( 'NONE',  ( 0.1781606056539944100, 3.990192378864668900, 0.2500000000000008900 ) ) ;
#355 = EDGE_LOOP ( 'NONE', ( #2146, #4213, #1194, #4182 ) ) ;
#356 = DIRECTION ( 'NONE',  ( 0.0000000000000000000, -1.000000000000000000, 0.0000000000000000000 ) ) ;
#357 = VECTOR ( 'NONE', #100, 1000.000000000000000 ) ;
#358 = SURFACE_SIDE_STYLE ('',( #1444 ) ) ;
#359 = UNCERTAINTY_MEASURE_WITH_UNIT (LENGTH_MEASURE( 1.000000000000000100E-005 ), #3290, 'distance_accuracy_value', 'NONE');
#360 = PLANE ( 'NONE',  #4150 ) ;
#361 = ORIENTED_EDGE ( 'NONE', *, *, #711, .F. ) ;
#362 = MECHANICAL_DESIGN_GEOMETRIC_PRESENTATION_REPRESENTATION (  '', ( #4178 ), #695 ) ;
#363 = COLOUR_RGB ( '',0.1098039215686274500, 0.1098039215686274500, 0.1098039215686274500 ) ;
#364 = CARTESIAN_POINT ( 'NONE',  ( 0.6689339828220163300, 0.0000000000000000000, 0.9249999999999998200 ) ) ;
#365 = ORIENTED_EDGE ( 'NONE', *, *, #1840, .F. ) ;
#366 = CARTESIAN_POINT ( 'NONE',  ( -0.09999999999999920100, 4.250000000000000000, -0.03504809471616660000 ) ) ;
#367 = DIRECTION ( 'NONE',  ( -0.7071067811865455700, -7.666467083416894100E-017, -0.7071067811865496800 ) ) ;
#368 = PRESENTATION_LAYER_ASSIGNMENT (  '', '', ( #4373 ) ) ;
#369 = EDGE_LOOP ( 'NONE', ( #1819, #3183, #4226, #145, #3428, #3450 ) ) ;
#370 = EDGE_CURVE ( 'NONE', #615, #3336, #1924, .T. ) ;
#371 = CARTESIAN_POINT ( 'NONE',  ( 0.2500000000000000000, -2.790192378864667400, 0.2499999999999994200 ) ) ;
#372 = CARTESIAN_POINT ( 'NONE',  ( -0.9146446609406717600, -0.6500000000000000200, 0.7853553390593272000 ) ) ;
#373 = ORIENTED_EDGE ( 'NONE', *, *, #2693, .T. ) ;
#374 = FILL_AREA_STYLE_COLOUR ( '', #2954 ) ;
#375 = ITEM_DEFINED_TRANSFORMATION ( 'NONE', 'NONE', #1758,  #9 ) ;
#376 = DIRECTION ( 'NONE',  ( 1.000000000000000000, 0.0000000000000000000, 0.0000000000000000000 ) ) ;
#377 = CARTESIAN_POINT ( 'NONE',  ( -0.9999999999999985600, -0.6500000000000000200, 0.6999999999999999600 ) ) ;
#378 = DIRECTION ( 'NONE',  ( 0.0000000000000000000, 1.000000000000000000, 0.0000000000000000000 ) ) ;
#379 = CARTESIAN_POINT ( 'NONE',  ( -0.8792893218813441200, -0.6500000000000000200, 0.6999999999999998400 ) ) ;
#380 = EDGE_CURVE ( 'NONE', #2631, #1601, #829, .T. ) ;
#381 = FACE_OUTER_BOUND ( 'NONE', #1871, .T. ) ;
#382 = VERTEX_POINT ( 'NONE', #1391 ) ;
#383 = COLOUR_RGB ( '',0.1098039215686274500, 0.1098039215686274500, 0.1098039215686274500 ) ;
#384 = CARTESIAN_POINT ( 'NONE',  ( 0.7219669914110071800, -0.7000000000000000700, 0.9780330085889912300 ) ) ;
#385 = CARTESIAN_POINT ( 'NONE',  ( -0.9146446659283411500, -0.6300483260540393800, 0.7853553340716578100 ) ) ;
#386 = VECTOR ( 'NONE', #3987, 1000.000000000000000 ) ;
#387 = STYLED_ITEM ( 'NONE', ( #3846 ), #926 ) ;
#388 = CARTESIAN_POINT ( 'NONE',  ( 0.9250000000000000400, 0.6750000000000001600, -7.318364664277156200E-017 ) ) ;
#389 = FILL_AREA_STYLE_COLOUR ( '', #2171 ) ;
#390 = LINE ( 'NONE', #1168, #3998 ) ;
#391 = COLOUR_RGB ( '',0.1098039215686274500, 0.1098039215686274500, 0.1098039215686274500 ) ;
#392 = DIRECTION ( 'NONE',  ( -0.0000000000000000000, -1.000000000000000000, -0.0000000000000000000 ) ) ;
#393 =( NAMED_UNIT ( * ) SI_UNIT ( $, .STERADIAN. ) SOLID_ANGLE_UNIT ( ) );
#394 = CARTESIAN_POINT ( 'NONE',  ( -0.9999997373216759100, -0.6668582943526568700, 0.7000002626783188300 ) ) ;
#395 = DIRECTION ( 'NONE',  ( 0.0000000000000000000, 1.000000000000000000, -7.228014483236698500E-016 ) ) ;
#396 = COLOUR_RGB ( '',0.1098039215686274500, 0.1098039215686274500, 0.1098039215686274500 ) ;
#397 =( NAMED_UNIT ( * ) PLANE_ANGLE_UNIT ( ) SI_UNIT ( $, .RADIAN. ) );
#398 = ORIENTED_EDGE ( 'NONE', *, *, #3351, .F. ) ;
#399 = CARTESIAN_POINT ( 'NONE',  ( -0.8792893268690119600, -0.6400241630429123200, 0.6999999999999998400 ) ) ;
#400 = DIRECTION ( 'NONE',  ( 1.000000000000000000, 0.0000000000000000000, 0.0000000000000000000 ) ) ;
#401 = CARTESIAN_POINT ( 'NONE',  ( -0.9207758180630601900, -0.6101760860315261800, 0.7792241819369385400 ) ) ;
#402 = COLOUR_RGB ( '',0.1098039215686274500, 0.1098039215686274500, 0.1098039215686274500 ) ;
#403 = PRODUCT_DEFINITION_SHAPE ( 'NONE', 'NONE',  #4475 ) ;
#404 = AXIS2_PLACEMENT_3D ( 'NONE', #2201, #2194, #2191 ) ;
#405 = FACE_OUTER_BOUND ( 'NONE', #3863, .T. ) ;
#406 = DIRECTION ( 'NONE',  ( 1.000000000000000000, 0.0000000000000000000, 0.0000000000000000000 ) ) ;
#407 =( LENGTH_UNIT ( ) NAMED_UNIT ( * ) SI_UNIT ( .MILLI., .METRE. ) );
#408 = VERTEX_POINT ( 'NONE', #3689 ) ;
#409 = CARTESIAN_POINT ( 'NONE',  ( -0.9872637081369565200, -0.6720299237500911800, 0.7127362918630444400 ) ) ;
#410 = CARTESIAN_POINT ( 'NONE',  ( 0.9499999999999999600, -0.6499999999999999100, -0.6500000000000002400 ) ) ;
#411 = PRODUCT_RELATED_PRODUCT_CATEGORY ( 'part', '', ( #2526 ) ) ;
#412 = EDGE_CURVE ( 'NONE', #909, #3188, #4335, .T. ) ;
#413 = DIRECTION ( 'NONE',  ( 0.0000000000000000000, -1.000000000000000000, 0.0000000000000000000 ) ) ;
#414 = SURFACE_STYLE_USAGE ( .BOTH. , #2353 ) ;
#415 = ORIENTED_EDGE ( 'NONE', *, *, #3068, .T. ) ;
#416 = CARTESIAN_POINT ( 'NONE',  ( -0.8854204790037326600, -0.6300880430157636000, 0.6969344214388055700 ) ) ;
#417 = FILL_AREA_STYLE ('',( #389 ) ) ;
#418 = ORIENTED_EDGE ( 'NONE', *, *, #3283, .T. ) ;
#419 =( NAMED_UNIT ( * ) SI_UNIT ( $, .STERADIAN. ) SOLID_ANGLE_UNIT ( ) );
#420 =( GEOMETRIC_REPRESENTATION_CONTEXT ( 3 ) GLOBAL_UNCERTAINTY_ASSIGNED_CONTEXT ( ( #3729 ) ) GLOBAL_UNIT_ASSIGNED_CONTEXT ( ( #3532, #3818, #3827 ) ) REPRESENTATION_CONTEXT ( 'NONE', 'WORKASPACE' ) );
#421 = ORIENTED_EDGE ( 'NONE', *, *, #2403, .F. ) ;
#423 = ADVANCED_FACE ( 'NONE', ( #1698 ), #3176, .T. ) ;
#422 = ORIENTED_EDGE ( 'NONE', *, *, #3669, .T. ) ;
#424 =( LENGTH_UNIT ( ) NAMED_UNIT ( * ) SI_UNIT ( .MILLI., .METRE. ) );
#425 = PLANE ( 'NONE',  #3412 ) ;
#426 =( GEOMETRIC_REPRESENTATION_CONTEXT ( 3 ) GLOBAL_UNCERTAINTY_ASSIGNED_CONTEXT ( ( #3354 ) ) GLOBAL_UNIT_ASSIGNED_CONTEXT ( ( #583, #567, #564 ) ) REPRESENTATION_CONTEXT ( 'NONE', 'WORKASPACE' ) );
#427 = COLOUR_RGB ( '',0.1098039215686274500, 0.1098039215686274500, 0.1098039215686274500 ) ;
#428 =( BOUNDED_CURVE ( )  B_SPLINE_CURVE ( 3, ( #709, #716, #706, #699 ),
 .UNSPECIFIED., .F., .F. ) 
 B_SPLINE_CURVE_WITH_KNOTS ( ( 4, 4 ),
 ( 3.141592653589793100, 4.337556631278579800 ),
 .UNSPECIFIED. ) 
 CURVE ( )  GEOMETRIC_REPRESENTATION_ITEM ( )  RATIONAL_B_SPLINE_CURVE ( ( 1.000000000000000000, 0.8843155922743417600, 0.8843155922743417600, 1.000000000000000000 ) ) 
 REPRESENTATION_ITEM ( '' )  );
#429 = VERTEX_POINT ( 'NONE', #3769 ) ;
#430 =( NAMED_UNIT ( * ) PLANE_ANGLE_UNIT ( ) SI_UNIT ( $, .RADIAN. ) );
#431 = FILL_AREA_STYLE ('',( #509 ) ) ;
#432 = CARTESIAN_POINT ( 'NONE',  ( -0.9432188261369896000, -0.5772287563006712800, 0.7567811738630091400 ) ) ;
#433 = CARTESIAN_POINT ( 'NONE',  ( -0.6689339828220163300, 0.6750000000000000400, -0.9250000000000002700 ) ) ;
#434 = CARTESIAN_POINT ( 'NONE',  ( -0.9771307726134801400, -0.6526842615543971800, 0.7228692273865157100 ) ) ;
#435 = FACE_OUTER_BOUND ( 'NONE', #790, .T. ) ;
#436 = ORIENTED_EDGE ( 'NONE', *, *, #730, .T. ) ;
#437 =( LENGTH_UNIT ( ) NAMED_UNIT ( * ) SI_UNIT ( .MILLI., .METRE. ) );
#438 = CARTESIAN_POINT ( 'NONE',  ( 0.9499999999999995100, -0.6999999999999999600, 0.7500000000000001100 ) ) ;
#439 = EDGE_LOOP ( 'NONE', ( #1439, #3794, #3608, #4021 ) ) ;
#440 = FILL_AREA_STYLE ('',( #502 ) ) ;
#441 = PRESENTATION_LAYER_ASSIGNMENT (  '', '', ( #4436 ) ) ;
#442 = EDGE_CURVE ( 'NONE', #2029, #1732, #1098, .T. ) ;
#443 = ORIENTED_EDGE ( 'NONE', *, *, #4374, .F. ) ;
#444 = DIRECTION ( 'NONE',  ( -1.000000000000000000, 0.0000000000000000000, 0.0000000000000000000 ) ) ;
#445 = CLOSED_SHELL ( 'NONE', ( #623, #2223, #1701, #200, #4251, #2030, #2584, #2264, #1228, #596, #2326, #2927, #3925, #2423, #3727, #2327, #87, #4009, #1367, #4327, #1743, #1343, #3966, #4267, #177, #4341, #1035, #3385, #548, #1593, #2563, #3298, #60, #4378, #4050, #2951, #2069, #3636, #3906, #575, #454, #1006, #885, #926, #2354, #2243, #2744, #1617, #3017, #1320, #1568, #229, #3612, #1395, #2015, #423, #982, #2613, #3406, #4011, #3369, #1926, #2400, #1252, #1292, #4030, #1206, #3084, #1955, #4098, #1679, #3255, #2054, #857, #3105, #3681, #3563, #2723, #2289, #3679, #3704, #3585, #4070, #2970, #4306, #2700, #4231, #1723, #477, #2760, #3342, #1906, #2374, #3940, #248, #928, #809, #3059, #3277, #3749, #2635, #2680, #950, #833, #4361, #112, #3772, #3041 ) ) ;
#446 = CARTESIAN_POINT ( 'NONE',  ( -0.9078634870776620700, -0.6136143781503353700, 0.6857129174018408200 ) ) ;
#447 = VECTOR ( 'NONE', #3360, 1000.000000000000000 ) ;
#448 = CARTESIAN_POINT ( 'NONE',  ( -0.9594557986231107000, -0.5642519873652323000, 0.7405442013768878100 ) ) ;
#449 = SURFACE_STYLE_USAGE ( .BOTH. , #458 ) ;
#450 = VECTOR ( 'NONE', #8, 1000.000000000000000 ) ;
#451 = VECTOR ( 'NONE', #2731, 1000.000000000000000 ) ;
#452 = ORIENTED_EDGE ( 'NONE', *, *, #2638, .T. ) ;
#453 = CARTESIAN_POINT ( 'NONE',  ( -0.9792652900382046200, -0.6345597246293114300, 0.7207347099617968900 ) ) ;
#454 = ADVANCED_FACE ( 'NONE', ( #3078 ), #1012, .T. ) ;
#455 = CARTESIAN_POINT ( 'NONE',  ( -0.9240932004931358100, -0.6071274207504855400, 0.6775980610526658500 ) ) ;
#456 = EDGE_CURVE ( 'NONE', #1925, #2029, #3635, .T. ) ;
#457 = DIRECTION ( 'NONE',  ( 0.0000000000000000000, 0.0000000000000000000, 1.000000000000000000 ) ) ;
#458 = SURFACE_SIDE_STYLE ('',( #3830 ) ) ;
#459 = CARTESIAN_POINT ( 'NONE',  ( -0.9780330085918578200, -0.5569430985241308200, 0.7219669914081405800 ) ) ;
#460 = DIRECTION ( 'NONE',  ( 0.0000000000000000000, 1.000000000000000000, 0.0000000000000000000 ) ) ;
#461 = AXIS2_PLACEMENT_3D ( 'NONE', #2775, #1757, #1751 ) ;
#462 = UNCERTAINTY_MEASURE_WITH_UNIT (LENGTH_MEASURE( 1.000000000000000100E-005 ), #249, 'distance_accuracy_value', 'NONE');
#463 = SURFACE_STYLE_FILL_AREA ( #1636 ) ;
#464 = CARTESIAN_POINT ( 'NONE',  ( -0.9903831759360149900, -0.6197246575101188500, 0.7096168240639830800 ) ) ;
#465 = CIRCLE ( 'NONE', #925, 0.1000000000000000500 ) ;
#466 = FILL_AREA_STYLE ('',( #538 ) ) ;
#467 =( GEOMETRIC_REPRESENTATION_CONTEXT ( 3 ) GLOBAL_UNCERTAINTY_ASSIGNED_CONTEXT ( ( #3624 ) ) GLOBAL_UNIT_ASSIGNED_CONTEXT ( ( #3857, #3849, #3844 ) ) REPRESENTATION_CONTEXT ( 'NONE', 'WORKASPACE' ) );
#468 = CARTESIAN_POINT ( 'NONE',  ( 0.2500000000000000000, 3.990192378864668900, 0.1750000000000008800 ) ) ;
#469 =( NAMED_UNIT ( * ) SI_UNIT ( $, .STERADIAN. ) SOLID_ANGLE_UNIT ( ) );
#470 = VECTOR ( 'NONE', #2665, 1000.000000000000000 ) ;
#471 = LINE ( 'NONE', #371, #3086 ) ;
#472 = DIRECTION ( 'NONE',  ( 0.0000000000000000000, -1.084202172485504400E-016, -1.000000000000000000 ) ) ;
#473 = CARTESIAN_POINT ( 'NONE',  ( 0.2500000000000000000, 3.990192378864668900, 0.1781606056539952500 ) ) ;
#474 = EDGE_CURVE ( 'NONE', #3658, #312, #4470, .T. ) ;
#475 = AXIS2_PLACEMENT_3D ( 'NONE', #1560, #1586, #1783 ) ;
#476 = ORIENTED_EDGE ( 'NONE', *, *, #963, .F. ) ;
#477 = ADVANCED_FACE ( 'NONE', ( #2753 ), #2312, .T. ) ;
#478 = LINE ( 'NONE', #4071, #3185 ) ;
#479 = CARTESIAN_POINT ( 'NONE',  ( 0.1750000000000000200, -0.5999999999999999800, 0.2499999999999996700 ) ) ;
#480 =( NAMED_UNIT ( * ) PLANE_ANGLE_UNIT ( ) SI_UNIT ( $, .RADIAN. ) );
#481 = CARTESIAN_POINT ( 'NONE',  ( 1.000000000000000000, -0.6999999999999999600, 0.7499999999999998900 ) ) ;
#482 = EDGE_LOOP ( 'NONE', ( #2006, #864, #3919, #2709 ) ) ;
#483 = EDGE_CURVE ( 'NONE', #4083, #3104, #1535, .T. ) ;
#484 = PLANE ( 'NONE',  #3067 ) ;
#485 = DIRECTION ( 'NONE',  ( -0.7071067811865466800, 0.0000000000000000000, -0.7071067811865481300 ) ) ;
#486 = CARTESIAN_POINT ( 'NONE',  ( -0.6646446609406713200, -0.7499999999999998900, -0.9646446609406728000 ) ) ;
#487 = DIRECTION ( 'NONE',  ( -0.7071067811865482400, -0.0000000000000000000, 0.7071067811865468000 ) ) ;
#488 = ORIENTED_EDGE ( 'NONE', *, *, #40, .F. ) ;
#489 = SURFACE_STYLE_FILL_AREA ( #2621 ) ;
#490 = LINE ( 'NONE', #4235, #357 ) ;
#491 = AXIS2_PLACEMENT_3D ( 'NONE', #3322, #3317, #3310 ) ;
#492 = ORIENTED_EDGE ( 'NONE', *, *, #2257, .F. ) ;
#493 = CARTESIAN_POINT ( 'NONE',  ( 0.09999999999999927000, -3.050000000000000300, -0.07483595050107569300 ) ) ;
#494 = PRESENTATION_STYLE_ASSIGNMENT (( #589 ) ) ;
#495 = ORIENTED_EDGE ( 'NONE', *, *, #1086, .F. ) ;
#496 = SURFACE_STYLE_USAGE ( .BOTH. , #4322 ) ;
#497 =( LENGTH_UNIT ( ) NAMED_UNIT ( * ) SI_UNIT ( .MILLI., .METRE. ) );
#498 = AXIS2_PLACEMENT_3D ( 'NONE', #3001, #4135, #2906 ) ;
#499 = FACE_OUTER_BOUND ( 'NONE', #2093, .T. ) ;
#500 = ORIENTED_EDGE ( 'NONE', *, *, #4462, .T. ) ;
#501 = DIRECTION ( 'NONE',  ( 0.0000000000000000000, 1.000000000000000000, 0.0000000000000000000 ) ) ;
#502 = FILL_AREA_STYLE_COLOUR ( '', #427 ) ;
#503 = SURFACE_STYLE_USAGE ( .BOTH. , #505 ) ;
#504 = DIRECTION ( 'NONE',  ( -0.7071067811865495700, 0.0000000000000000000, 0.7071067811865454600 ) ) ;
#505 = SURFACE_SIDE_STYLE ('',( #630 ) ) ;
#506 = ORIENTED_EDGE ( 'NONE', *, *, #3496, .T. ) ;
#507 = SHAPE_DEFINITION_REPRESENTATION ( #3784, #2862 ) ;
#508 = MECHANICAL_DESIGN_GEOMETRIC_PRESENTATION_REPRESENTATION (  '', ( #4 ), #761 ) ;
#509 = FILL_AREA_STYLE_COLOUR ( '', #1770 ) ;
#510 = MANIFOLD_SOLID_BREP ( 'Fillet4', #445 ) ;
#511 = PRESENTATION_STYLE_ASSIGNMENT (( #2520 ) ) ;
#512 = ORIENTED_EDGE ( 'NONE', *, *, #2086, .T. ) ;
#513 = PRESENTATION_LAYER_ASSIGNMENT (  '', '', ( #257 ) ) ;
#514 = EDGE_CURVE ( 'NONE', #936, #1629, #2014, .T. ) ;
#515 = PRESENTATION_LAYER_ASSIGNMENT (  '', '', ( #4283 ) ) ;
#516 = FILL_AREA_STYLE_COLOUR ( '', #3318 ) ;
#517 =( NAMED_UNIT ( * ) SI_UNIT ( $, .STERADIAN. ) SOLID_ANGLE_UNIT ( ) );
#518 = CARTESIAN_POINT ( 'NONE',  ( 0.2498004770988582500, 3.990537962666718600, 0.1813149072743196500 ) ) ;
#519 = AXIS2_PLACEMENT_3D ( 'NONE', #824, #4217, #818 ) ;
#520 = LINE ( 'NONE', #3355, #4102 ) ;
#521 =( BOUNDED_CURVE ( )  B_SPLINE_CURVE ( 3, ( #2061, #2057, #2033, #3097 ),
 .UNSPECIFIED., .F., .F. ) 
 B_SPLINE_CURVE_WITH_KNOTS ( ( 4, 4 ),
 ( 0.0000000000000000000, 1.195963977688784900 ),
 .UNSPECIFIED. ) 
 CURVE ( )  GEOMETRIC_REPRESENTATION_ITEM ( )  RATIONAL_B_SPLINE_CURVE ( ( 1.000000000000000000, 0.8843155922743420900, 0.8843155922743420900, 1.000000000000000000 ) ) 
 REPRESENTATION_ITEM ( '' )  );
#522 = CARTESIAN_POINT ( 'NONE',  ( 0.1750000000000000200, 3.990192378864668900, 0.2500000000000008300 ) ) ;
#523 = CARTESIAN_POINT ( 'NONE',  ( 0.7000000000000000700, 0.0000000000000000000, -1.000000000000000200 ) ) ;
#524 = PRESENTATION_STYLE_ASSIGNMENT (( #4032 ) ) ;
#525 = AXIS2_PLACEMENT_3D ( 'NONE', #882, #873, #868 ) ;
#526 = VERTEX_POINT ( 'NONE', #3485 ) ;
#527 = CARTESIAN_POINT ( 'NONE',  ( 0.6866116523516798700, -0.7500000000000001100, 0.9426776695296635900 ) ) ;
#528 = LINE ( 'NONE', #877, #1429 ) ;
#529 = DIRECTION ( 'NONE',  ( 0.0000000000000000000, 0.0000000000000000000, 1.000000000000000000 ) ) ;
#530 = VECTOR ( 'NONE', #3030, 1000.000000000000000 ) ;
#531 = CARTESIAN_POINT ( 'NONE',  ( 0.9499999999999999600, -0.6009044190009746900, -0.6594669914105891800 ) ) ;
#532 = ORIENTED_EDGE ( 'NONE', *, *, #1002, .F. ) ;
#533 = DIRECTION ( 'NONE',  ( 0.8660254037844380400, -0.5000000000000010000, 0.0000000000000000000 ) ) ;
#534 = DIRECTION ( 'NONE',  ( 0.0000000000000000000, -1.000000000000000000, 0.0000000000000000000 ) ) ;
#535 = DIRECTION ( 'NONE',  ( 1.000000000000000000, 0.0000000000000000000, 0.0000000000000000000 ) ) ;
#536 = SURFACE_STYLE_FILL_AREA ( #3790 ) ;
#537 = ORIENTED_EDGE ( 'NONE', *, *, #2490, .F. ) ;
#538 = FILL_AREA_STYLE_COLOUR ( '', #2948 ) ;
#539 = DIRECTION ( 'NONE',  ( -0.0000000000000000000, 0.0000000000000000000, 1.000000000000000000 ) ) ;
#540 = MECHANICAL_DESIGN_GEOMETRIC_PRESENTATION_REPRESENTATION (  '', ( #4108 ), #796 ) ;
#541 = EDGE_CURVE ( 'NONE', #2496, #4170, #2914, .T. ) ;
#542 = COLOUR_RGB ( '',0.1098039215686274500, 0.1098039215686274500, 0.1098039215686274500 ) ;
#543 = PRESENTATION_LAYER_ASSIGNMENT (  '', '', ( #4311 ) ) ;
#544 = ORIENTED_EDGE ( 'NONE', *, *, #3754, .T. ) ;
#545 = CARTESIAN_POINT ( 'NONE',  ( 0.2494022272309431900, 3.991227751672056000, 0.1844503219471111100 ) ) ;
#546 = ORIENTED_EDGE ( 'NONE', *, *, #456, .F. ) ;
#547 = EDGE_CURVE ( 'NONE', #2442, #2117, #55, .T. ) ;
#548 = ADVANCED_FACE ( 'NONE', ( #2802 ), #4121, .F. ) ;
#549 = CARTESIAN_POINT ( 'NONE',  ( -0.9146446609406716500, -0.6500000000000001300, 0.7853553390593270800 ) ) ;
#550 = DIRECTION ( 'NONE',  ( -0.0000000000000000000, 1.000000000000000000, -0.0000000000000000000 ) ) ;
#551 = CARTESIAN_POINT ( 'NONE',  ( 1.000000000000000000, 0.6750000000000002700, 0.6999999999999998400 ) ) ;
#552 = CARTESIAN_POINT ( 'NONE',  ( 0.7219669914110090600, 0.0000000000000000000, -0.9780330085889912300 ) ) ;
#553 = ORIENTED_EDGE ( 'NONE', *, *, #1530, .T. ) ;
#554 = CARTESIAN_POINT ( 'NONE',  ( -0.9780330085918578200, -0.5569430985241308200, 0.7219669914081404700 ) ) ;
#555 = AXIS2_PLACEMENT_3D ( 'NONE', #2340, #2305, #2300 ) ;
#556 = FACE_OUTER_BOUND ( 'NONE', #2345, .T. ) ;
#557 = CARTESIAN_POINT ( 'NONE',  ( 0.2500000000000000000, -2.790192378864667400, 0.0000000000000000000 ) ) ;
#558 = DIRECTION ( 'NONE',  ( 0.7071067811865459100, 0.0000000000000000000, 0.7071067811865491300 ) ) ;
#559 = ORIENTED_EDGE ( 'NONE', *, *, #3638, .T. ) ;
#560 = COLOUR_RGB ( '',0.1098039215686274500, 0.1098039215686274500, 0.1098039215686274500 ) ;
#561 = EDGE_LOOP ( 'NONE', ( #2452, #3811, #4096, #2622 ) ) ;
#562 = CARTESIAN_POINT ( 'NONE',  ( -0.9841685238832480500, -0.5561384605251502600, 0.7158314761167503500 ) ) ;
#563 = ORIENTED_EDGE ( 'NONE', *, *, #346, .F. ) ;
#564 =( NAMED_UNIT ( * ) SI_UNIT ( $, .STERADIAN. ) SOLID_ANGLE_UNIT ( ) );
#565 = CYLINDRICAL_SURFACE ( 'NONE', #1645, 0.07499999999999998300 ) ;
#566 = VERTEX_POINT ( 'NONE', #4120 ) ;
#567 =( NAMED_UNIT ( * ) PLANE_ANGLE_UNIT ( ) SI_UNIT ( $, .RADIAN. ) );
#568 = SHAPE_DEFINITION_REPRESENTATION ( #1283, #3630 ) ;
#569 = SURFACE_STYLE_FILL_AREA ( #4362 ) ;
#570 = STYLED_ITEM ( 'NONE', ( #1291 ), #2970 ) ;
#571 = VECTOR ( 'NONE', #3647, 1000.000000000000000 ) ;
#572 = ORIENTED_EDGE ( 'NONE', *, *, #830, .T. ) ;
#573 = CARTESIAN_POINT ( 'NONE',  ( -0.9989911887243729800, -0.5528665609552803100, 0.6840045603157106600 ) ) ;
#574 = FILL_AREA_STYLE_COLOUR ( '', #3530 ) ;
#575 = ADVANCED_FACE ( 'NONE', ( #4430 ), #2366, .T. ) ;
#576 = VECTOR ( 'NONE', #785, 1000.000000000000000 ) ;
#577 = EDGE_CURVE ( 'NONE', #2230, #4439, #1589, .T. ) ;
#578 = DIRECTION ( 'NONE',  ( 0.0000000000000000000, 7.228014483236698500E-016, 1.000000000000000000 ) ) ;
#579 = SURFACE_STYLE_FILL_AREA ( #1426 ) ;
#580 = COLOUR_RGB ( '',0.1098039215686274500, 0.1098039215686274500, 0.1098039215686274500 ) ;
#581 = CARTESIAN_POINT ( 'NONE',  ( -0.9997317764904160000, -0.5522398438365190300, 0.6752712994928553600 ) ) ;
#582 = DIRECTION ( 'NONE',  ( 0.0000000000000000000, 1.000000000000000000, -7.228014483236698500E-016 ) ) ;
#583 =( LENGTH_UNIT ( ) NAMED_UNIT ( * ) SI_UNIT ( .MILLI., .METRE. ) );
#584 = STYLED_ITEM ( 'NONE', ( #944 ), #575 ) ;
#585 = UNCERTAINTY_MEASURE_WITH_UNIT (LENGTH_MEASURE( 1.000000000000000100E-005 ), #2609, 'distance_accuracy_value', 'NONE');
#586 = DIRECTION ( 'NONE',  ( 1.000000000000000000, 0.0000000000000000000, -0.0000000000000000000 ) ) ;
#587 = CARTESIAN_POINT ( 'NONE',  ( -0.9999103881446972400, -0.5520886949970688100, 0.6731650505992572400 ) ) ;
#588 =( NAMED_UNIT ( * ) SI_UNIT ( $, .STERADIAN. ) SOLID_ANGLE_UNIT ( ) );
#589 = SURFACE_STYLE_USAGE ( .BOTH. , #592 ) ;
#590 = LINE ( 'NONE', #323, #2267 ) ;
#591 = MECHANICAL_DESIGN_GEOMETRIC_PRESENTATION_REPRESENTATION (  '', ( #3931 ), #851 ) ;
#592 = SURFACE_SIDE_STYLE ('',( #3103 ) ) ;
#593 = VECTOR ( 'NONE', #3613, 1000.000000000000000 ) ;
#594 =( NAMED_UNIT ( * ) PLANE_ANGLE_UNIT ( ) SI_UNIT ( $, .RADIAN. ) );
#595 = ORIENTED_EDGE ( 'NONE', *, *, #3867, .F. ) ;
#596 = ADVANCED_FACE ( 'NONE', ( #3279, #1480 ), #4166, .F. ) ;
#597 =( LENGTH_UNIT ( ) NAMED_UNIT ( * ) SI_UNIT ( .MILLI., .METRE. ) );
#598 = FILL_AREA_STYLE ('',( #617 ) ) ;
#599 = AXIS2_PLACEMENT_3D ( 'NONE', #2936, #2921, #2911 ) ;
#600 = ORIENTED_EDGE ( 'NONE', *, *, #4211, .T. ) ;
#601 = CARTESIAN_POINT ( 'NONE',  ( 0.2500000000000000000, -0.5999999999999999800, -0.1749999999999999900 ) ) ;
#602 = DIRECTION ( 'NONE',  ( 1.000000000000000000, 0.0000000000000000000, 0.0000000000000000000 ) ) ;
#603 = ORIENTED_EDGE ( 'NONE', *, *, #4462, .F. ) ;
#604 = SURFACE_STYLE_USAGE ( .BOTH. , #606 ) ;
#605 = AXIS2_PLACEMENT_3D ( 'NONE', #2843, #146, #123 ) ;
#606 = SURFACE_SIDE_STYLE ('',( #3743 ) ) ;
#607 = EDGE_CURVE ( 'NONE', #740, #2937, #4181, .T. ) ;
#608 = AXIS2_PLACEMENT_3D ( 'NONE', #4044, #3392, #3210 ) ;
#609 = LINE ( 'NONE', #309, #2392 ) ;
#610 = CARTESIAN_POINT ( 'NONE',  ( -0.3146446609406674000, -0.7000000000000001800, -1.314644660940674600 ) ) ;
#611 = ORIENTED_EDGE ( 'NONE', *, *, #3171, .F. ) ;
#612 = FILL_AREA_STYLE ('',( #618 ) ) ;
#613 = UNCERTAINTY_MEASURE_WITH_UNIT (LENGTH_MEASURE( 1.000000000000000100E-005 ), #1775, 'distance_accuracy_value', 'NONE');
#614 = EDGE_CURVE ( 'NONE', #3488, #2994, #1127, .T. ) ;
#615 = VERTEX_POINT ( 'NONE', #2185 ) ;
#616 = PLANE ( 'NONE',  #2228 ) ;
#617 = FILL_AREA_STYLE_COLOUR ( '', #363 ) ;
#618 = FILL_AREA_STYLE_COLOUR ( '', #2961 ) ;
#619 = EDGE_LOOP ( 'NONE', ( #4319, #361, #3533, #2956 ) ) ;
#620 = MECHANICAL_DESIGN_GEOMETRIC_PRESENTATION_REPRESENTATION (  '', ( #3501 ), #883 ) ;
#621 = DIRECTION ( 'NONE',  ( -0.7071067811865495700, 7.666467083416848500E-017, 0.7071067811865454600 ) ) ;
#622 = DIRECTION ( 'NONE',  ( -1.000000000000000000, 0.0000000000000000000, 0.0000000000000000000 ) ) ;
#623 = ADVANCED_FACE ( 'NONE', ( #2863 ), #4199, .F. ) ;
#624 = PRESENTATION_STYLE_ASSIGNMENT (( #1537 ) ) ;
#625 = ORIENTED_EDGE ( 'NONE', *, *, #3224, .T. ) ;
#626 = FILL_AREA_STYLE ('',( #574 ) ) ;
#627 = FACE_OUTER_BOUND ( 'NONE', #2131, .T. ) ;
#628 = ORIENTED_EDGE ( 'NONE', *, *, #4468, .T. ) ;
#629 = CARTESIAN_POINT ( 'NONE',  ( -1.000000000000003600, -0.5519447713929669400, 0.6710488243312596700 ) ) ;
#630 = SURFACE_STYLE_FILL_AREA ( #3914 ) ;
#631 = CARTESIAN_POINT ( 'NONE',  ( -0.8792893218813446800, -0.6999999999999997300, -0.7500000000000003300 ) ) ;
#632 = CARTESIAN_POINT ( 'NONE',  ( -0.03504809471616620500, -3.049999999999999800, 0.09999999999999856200 ) ) ;
#633 = LINE ( 'NONE', #2530, #4195 ) ;
#634 = MECHANICAL_DESIGN_GEOMETRIC_PRESENTATION_REPRESENTATION (  '', ( #4373 ), #897 ) ;
#635 = EDGE_CURVE ( 'NONE', #3333, #2472, #1642, .T. ) ;
#636 = CARTESIAN_POINT ( 'NONE',  ( 1.000000000000000000, -0.6500000000000001300, 0.6999999999999998400 ) ) ;
#637 = DIRECTION ( 'NONE',  ( 0.0000000000000000000, 0.5000000000000010000, -0.8660254037844380400 ) ) ;
#638 = CARTESIAN_POINT ( 'NONE',  ( 0.6689339828220177700, -0.6999999999999998400, -0.9250000000000002700 ) ) ;
#639 = PLANE ( 'NONE',  #4220 ) ;
#640 = CIRCLE ( 'NONE', #491, 0.05000000000000002400 ) ;
#641 = CARTESIAN_POINT ( 'NONE',  ( 0.9426776695309371200, -0.6034715492623963200, 0.6683058261752840000 ) ) ;
#642 = ORIENTED_EDGE ( 'NONE', *, *, #198, .T. ) ;
#643 = EDGE_CURVE ( 'NONE', #3909, #2897, #3413, .T. ) ;
#644 = CARTESIAN_POINT ( 'NONE',  ( -0.07483595050107524900, -3.049999999999999800, 0.09999999999999841000 ) ) ;
#645 = B_SPLINE_CURVE_WITH_KNOTS ( 'NONE', 3,
 ( #2217, #2144, #2147, #2125, #2115, #2112, #2108, #2101, #2090, #2089 ),
 .UNSPECIFIED., .F., .F.,
 ( 4, 3, 3, 4 ),
 ( 0.0000000000000000000, 7.852076479156697400E-006, 3.354020026583984800E-005, 5.955511527377673800E-005 ),
 .UNSPECIFIED. ) ;
#646 = DIRECTION ( 'NONE',  ( -1.000000000000000000, 0.0000000000000000000, -0.0000000000000000000 ) ) ;
#647 = DIRECTION ( 'NONE',  ( -0.7071067811865496800, 9.403954806578283200E-030, 0.7071067811865453500 ) ) ;
#648 = PRODUCT_DEFINITION_SHAPE ( 'NONE', 'NONE',  #4471 ) ;
#649 = CARTESIAN_POINT ( 'NONE',  ( 0.1750000000000000200, -0.5999999999999999800, -0.2500000000000000000 ) ) ;
#650 = VECTOR ( 'NONE', #3234, 1000.000000000000000 ) ;
#651 = ORIENTED_EDGE ( 'NONE', *, *, #3839, .F. ) ;
#652 = DIRECTION ( 'NONE',  ( 0.0000000000000000000, 0.0000000000000000000, -1.000000000000000000 ) ) ;
#653 = DIRECTION ( 'NONE',  ( 0.7071067811865453500, 0.0000000000000000000, 0.7071067811865497900 ) ) ;
#654 = CARTESIAN_POINT ( 'NONE',  ( -0.2500000000000000000, -2.790192378864667400, 0.0000000000000000000 ) ) ;
#655 = AXIS2_PLACEMENT_3D ( 'NONE', #972, #953, #933 ) ;
#656 = ORIENTED_EDGE ( 'NONE', *, *, #867, .F. ) ;
#657 = SURFACE_SIDE_STYLE ('',( #1854 ) ) ;
#658 =( BOUNDED_CURVE ( )  B_SPLINE_CURVE ( 3, ( #3605, #3400, #3603, #3610 ),
 .UNSPECIFIED., .F., .F. ) 
 B_SPLINE_CURVE_WITH_KNOTS ( ( 4, 4 ),
 ( 5.624127271353177800, 6.942243343005996400 ),
 .UNSPECIFIED. ) 
 CURVE ( )  GEOMETRIC_REPRESENTATION_ITEM ( )  RATIONAL_B_SPLINE_CURVE ( ( 1.000000000000000000, 0.8603796100280629600, 0.8603796100280629600, 1.000000000000000000 ) ) 
 REPRESENTATION_ITEM ( '' )  );
#659 = CARTESIAN_POINT ( 'NONE',  ( 0.9473111022276312600, -0.6025601651897636300, 0.6659893347741044900 ) ) ;
#660 = VERTEX_POINT ( 'NONE', #3362 ) ;
#661 = CARTESIAN_POINT ( 'NONE',  ( 1.000000000000000000, 0.0000000000000000000, -0.7000000000000002900 ) ) ;
#662 = PRESENTATION_STYLE_ASSIGNMENT (( #3062 ) ) ;
#663 = CARTESIAN_POINT ( 'NONE',  ( 0.2494022272309433000, 3.991227751672056000, -0.1844503219471104200 ) ) ;
#664 = AXIS2_PLACEMENT_3D ( 'NONE', #2287, #2229, #2219 ) ;
#665 = DIRECTION ( 'NONE',  ( 0.0000000000000000000, 0.0000000000000000000, -1.000000000000000000 ) ) ;
#666 = EDGE_LOOP ( 'NONE', ( #1606, #4143, #2085, #2281, #1681, #4222, #3872, #1655 ) ) ;
#667 = CARTESIAN_POINT ( 'NONE',  ( 0.2498004770988582500, 3.990537962666718600, -0.1813149072743189000 ) ) ;
#668 = CARTESIAN_POINT ( 'NONE',  ( 0.9903831759373157300, -0.6197246575098917000, 0.7096168240611685500 ) ) ;
#669 = DIRECTION ( 'NONE',  ( -0.7071067811865496800, 5.110978055611234300E-016, 0.7071067811865455700 ) ) ;
#670 = PRODUCT_DEFINITION_FORMATION_WITH_SPECIFIED_SOURCE ( 'ANY', '', #350, .NOT_KNOWN. ) ;
#671 = VERTEX_POINT ( 'NONE', #4301 ) ;
#672 = EDGE_CURVE ( 'NONE', #2673, #4074, #640, .T. ) ;
#673 = UNCERTAINTY_MEASURE_WITH_UNIT (LENGTH_MEASURE( 1.000000000000000100E-005 ), #1318, 'distance_accuracy_value', 'NONE');
#674 =( LENGTH_UNIT ( ) NAMED_UNIT ( * ) SI_UNIT ( .MILLI., .METRE. ) );
#675 = VERTEX_POINT ( 'NONE', #3386 ) ;
#676 = CARTESIAN_POINT ( 'NONE',  ( 0.9780330085926559600, -0.5569430985248050600, 0.7219669914074992000 ) ) ;
#677 = STYLED_ITEM ( 'NONE', ( #3948 ), #454 ) ;
#678 =( NAMED_UNIT ( * ) SI_UNIT ( $, .STERADIAN. ) SOLID_ANGLE_UNIT ( ) );
#679 = LINE ( 'NONE', #911, #1566 ) ;
#680 = ORIENTED_EDGE ( 'NONE', *, *, #1238, .T. ) ;
#681 = CARTESIAN_POINT ( 'NONE',  ( 0.2500000000000000000, -3.049999999999999800, 0.09999999999999856200 ) ) ;
#682 =( NAMED_UNIT ( * ) SI_UNIT ( $, .STERADIAN. ) SOLID_ANGLE_UNIT ( ) );
#683 = VERTEX_POINT ( 'NONE', #3345 ) ;
#684 = ORIENTED_EDGE ( 'NONE', *, *, #635, .F. ) ;
#685 =( LENGTH_UNIT ( ) NAMED_UNIT ( * ) SI_UNIT ( .MILLI., .METRE. ) );
#686 = STYLED_ITEM ( 'NONE', ( #792 ), #1679 ) ;
#687 = LINE ( 'NONE', #1584, #2470 ) ;
#688 =( NAMED_UNIT ( * ) PLANE_ANGLE_UNIT ( ) SI_UNIT ( $, .RADIAN. ) );
#689 =( LENGTH_UNIT ( ) NAMED_UNIT ( * ) SI_UNIT ( .MILLI., .METRE. ) );
#690 = LINE ( 'NONE', #3789, #1687 ) ;
#691 = ORIENTED_EDGE ( 'NONE', *, *, #140, .T. ) ;
#692 =( NAMED_UNIT ( * ) PLANE_ANGLE_UNIT ( ) SI_UNIT ( $, .RADIAN. ) );
#693 = SURFACE_STYLE_USAGE ( .BOTH. , #705 ) ;
#694 = CIRCLE ( 'NONE', #3010, 0.02499999999999995600 ) ;
#695 =( GEOMETRIC_REPRESENTATION_CONTEXT ( 3 ) GLOBAL_UNCERTAINTY_ASSIGNED_CONTEXT ( ( #1255 ) ) GLOBAL_UNIT_ASSIGNED_CONTEXT ( ( #3590, #3589, #3567 ) ) REPRESENTATION_CONTEXT ( 'NONE', 'WORKASPACE' ) );
#696 = CYLINDRICAL_SURFACE ( 'NONE', #3766, 0.07499999999999998300 ) ;
#697 =( LENGTH_UNIT ( ) NAMED_UNIT ( * ) SI_UNIT ( .MILLI., .METRE. ) );
#698 = PLANE ( 'NONE',  #519 ) ;
#699 = CARTESIAN_POINT ( 'NONE',  ( 0.9426776695308620700, -0.6034715492623934400, -0.6683058261752410400 ) ) ;
#700 = CARTESIAN_POINT ( 'NONE',  ( 1.000240070484396300, -0.6112753528908484400, 0.6937445510463520200 ) ) ;
#701 = MECHANICAL_DESIGN_GEOMETRIC_PRESENTATION_REPRESENTATION (  '', ( #4436 ), #962 ) ;
#702 = EDGE_CURVE ( 'NONE', #2244, #797, #520, .T. ) ;
#703 = SURFACE_STYLE_USAGE ( .BOTH. , #710 ) ;
#704 = CARTESIAN_POINT ( 'NONE',  ( -0.9771307726135771700, -0.6526842615552265200, -0.7228692273864257800 ) ) ;
#705 = SURFACE_SIDE_STYLE ('',( #4145 ) ) ;
#706 = CARTESIAN_POINT ( 'NONE',  ( 0.9031828836381415900, -0.6112408245543832200, -0.6880532191216014400 ) ) ;
#707 = FILL_AREA_STYLE ('',( #724 ) ) ;
#708 = PRESENTATION_STYLE_ASSIGNMENT (( #3806 ) ) ;
#709 = CARTESIAN_POINT ( 'NONE',  ( 0.8792893218813440100, -0.6499999999999999100, -0.7000000000000002900 ) ) ;
#710 = SURFACE_SIDE_STYLE ('',( #2463 ) ) ;
#711 = EDGE_CURVE ( 'NONE', #4312, #408, #1528, .T. ) ;
#712 = FACE_OUTER_BOUND ( 'NONE', #23, .T. ) ;
#713 =( NAMED_UNIT ( * ) SI_UNIT ( $, .STERADIAN. ) SOLID_ANGLE_UNIT ( ) );
#714 = FACE_OUTER_BOUND ( 'NONE', #2222, .T. ) ;
#715 = SURFACE_STYLE_USAGE ( .BOTH. , #657 ) ;
#716 = CARTESIAN_POINT ( 'NONE',  ( 0.8792893218813440100, -0.6287792279419269800, -0.7000000000000002900 ) ) ;
#717 = ORIENTED_EDGE ( 'NONE', *, *, #3895, .F. ) ;
#718 = CARTESIAN_POINT ( 'NONE',  ( 0.9919101179314689900, -0.5551218872560411700, 0.7080898820668087800 ) ) ;
#719 = AXIS2_PLACEMENT_3D ( 'NONE', #1796, #1792, #1786 ) ;
#720 = FILL_AREA_STYLE ('',( #1630 ) ) ;
#721 = CARTESIAN_POINT ( 'NONE',  ( 0.2500000000000000000, 3.990192378864668900, -0.1750000000000000200 ) ) ;
#722 = VERTEX_POINT ( 'NONE', #3276 ) ;
#723 = CARTESIAN_POINT ( 'NONE',  ( 0.2500000000000000000, 3.990192378864668900, -0.1781606056539944400 ) ) ;
#724 = FILL_AREA_STYLE_COLOUR ( '', #1583 ) ;
#725 = EDGE_LOOP ( 'NONE', ( #3780, #1615, #125, #1337 ) ) ;
#726 = PLANE ( 'NONE',  #1700 ) ;
#727 = CARTESIAN_POINT ( 'NONE',  ( -0.1844503219471105800, 3.991227751672056000, 0.2494022272309441600 ) ) ;
#728 = VERTEX_POINT ( 'NONE', #3246 ) ;
#729 = DIRECTION ( 'NONE',  ( 1.000000000000000000, -0.0000000000000000000, -0.0000000000000000000 ) ) ;
#730 = EDGE_CURVE ( 'NONE', #1734, #1459, #4000, .T. ) ;
#731 =( NAMED_UNIT ( * ) SI_UNIT ( $, .STERADIAN. ) SOLID_ANGLE_UNIT ( ) );
#732 = DIRECTION ( 'NONE',  ( 0.0000000000000000000, 0.0000000000000000000, 1.000000000000000000 ) ) ;
#733 = ORIENTED_EDGE ( 'NONE', *, *, #2574, .T. ) ;
#734 =( NAMED_UNIT ( * ) PLANE_ANGLE_UNIT ( ) SI_UNIT ( $, .RADIAN. ) );
#735 = DIRECTION ( 'NONE',  ( -0.0000000000000000000, 1.000000000000000000, 7.228014483236698500E-016 ) ) ;
#736 = UNCERTAINTY_MEASURE_WITH_UNIT (LENGTH_MEASURE( 1.000000000000000100E-005 ), #3999, 'distance_accuracy_value', 'NONE');
#737 =( LENGTH_UNIT ( ) NAMED_UNIT ( * ) SI_UNIT ( .MILLI., .METRE. ) );
#738 = CARTESIAN_POINT ( 'NONE',  ( 0.6689339828220163300, -0.7500000000000001100, 0.9249999999999998200 ) ) ;
#739 = EDGE_CURVE ( 'NONE', #1879, #2230, #1417, .T. ) ;
#740 = VERTEX_POINT ( 'NONE', #3211 ) ;
#741 = SURFACE_STYLE_USAGE ( .BOTH. , #747 ) ;
#742 = DIRECTION ( 'NONE',  ( -1.000000000000000000, 0.0000000000000000000, 0.0000000000000000000 ) ) ;
#743 = DIRECTION ( 'NONE',  ( 0.0000000000000000000, -1.000000000000000000, 0.0000000000000000000 ) ) ;
#744 = FACE_OUTER_BOUND ( 'NONE', #74, .T. ) ;
#745 = ORIENTED_EDGE ( 'NONE', *, *, #4446, .T. ) ;
#746 = AXIS2_PLACEMENT_3D ( 'NONE', #2119, #3053, #2557 ) ;
#747 = SURFACE_SIDE_STYLE ('',( #4349 ) ) ;
#748 = FILL_AREA_STYLE ('',( #865 ) ) ;
#749 = ORIENTED_EDGE ( 'NONE', *, *, #1787, .F. ) ;
#750 = DIRECTION ( 'NONE',  ( 0.0000000000000000000, 0.0000000000000000000, 1.000000000000000000 ) ) ;
#751 = CARTESIAN_POINT ( 'NONE',  ( -0.9966629491164643600, -0.5536362343794689600, 0.6927240390962559100 ) ) ;
#752 = PRESENTATION_LAYER_ASSIGNMENT (  '', '', ( #1054 ) ) ;
#753 = TOROIDAL_SURFACE ( 'NONE', #1559, 0.02499999999999999100, 0.05000000000000000300 ) ;
#754 = CARTESIAN_POINT ( 'NONE',  ( 1.000000000000000000, -0.7000000000000000700, 0.9499999999999997300 ) ) ;
#755 = COLOUR_RGB ( '',0.1098039215686274500, 0.1098039215686274500, 0.1098039215686274500 ) ;
#756 = CARTESIAN_POINT ( 'NONE',  ( -0.6689339828220179900, 0.0000000000000000000, 0.9249999999999998200 ) ) ;
#757 = CYLINDRICAL_SURFACE ( 'NONE', #2555, 0.07499999999999998300 ) ;
#758 = CARTESIAN_POINT ( 'NONE',  ( -0.2494022272309431300, -2.791227751672055400, -0.1844503219471105600 ) ) ;
#759 = SURFACE_STYLE_USAGE ( .BOTH. , #906 ) ;
#760 = CARTESIAN_POINT ( 'NONE',  ( -0.9250000000000000400, 0.7500000000000000000, -0.6689339828220177700 ) ) ;
#761 =( GEOMETRIC_REPRESENTATION_CONTEXT ( 3 ) GLOBAL_UNCERTAINTY_ASSIGNED_CONTEXT ( ( #1747 ) ) GLOBAL_UNIT_ASSIGNED_CONTEXT ( ( #2486, #2481, #2479 ) ) REPRESENTATION_CONTEXT ( 'NONE', 'WORKASPACE' ) );
#762 = FACE_OUTER_BOUND ( 'NONE', #1777, .T. ) ;
#763 = ORIENTED_EDGE ( 'NONE', *, *, #3150, .T. ) ;
#764 = DIRECTION ( 'NONE',  ( 0.0000000000000000000, 1.000000000000000000, 2.478176394252581600E-016 ) ) ;
#765 = CARTESIAN_POINT ( 'NONE',  ( -0.2449180696087133500, -2.798994540498082700, -0.2197540201127991300 ) ) ;
#766 = CARTESIAN_POINT ( 'NONE',  ( -1.000000000000000000, -0.5518088380021115600, -0.6689339828220179900 ) ) ;
#767 =( BOUNDED_CURVE ( )  B_SPLINE_CURVE ( 3, ( #1896, #2137, #2179, #3348 ),
 .UNSPECIFIED., .F., .F. ) 
 B_SPLINE_CURVE_WITH_KNOTS ( ( 4, 4 ),
 ( 2.482534617831119400, 3.800650689348467300 ),
 .UNSPECIFIED. ) 
 CURVE ( )  GEOMETRIC_REPRESENTATION_ITEM ( )  RATIONAL_B_SPLINE_CURVE ( ( 1.000000000000000000, 0.8603796100557158400, 0.8603796100557158400, 1.000000000000000000 ) ) 
 REPRESENTATION_ITEM ( '' )  );
#768 = DIRECTION ( 'NONE',  ( 0.0000000000000000000, 0.0000000000000000000, 1.000000000000000000 ) ) ;
#769 = SURFACE_STYLE_FILL_AREA ( #90 ) ;
#770 = MECHANICAL_DESIGN_GEOMETRIC_PRESENTATION_REPRESENTATION (  '', ( #257 ), #1034 ) ;
#771 = EDGE_CURVE ( 'NONE', #4265, #3768, #2210, .T. ) ;
#772 = MECHANICAL_DESIGN_GEOMETRIC_PRESENTATION_REPRESENTATION (  '', ( #4283 ), #1038 ) ;
#773 =( NAMED_UNIT ( * ) PLANE_ANGLE_UNIT ( ) SI_UNIT ( $, .RADIAN. ) );
#774 = DIRECTION ( 'NONE',  ( -1.000000000000000000, 0.0000000000000000000, 0.0000000000000000000 ) ) ;
#775 = CARTESIAN_POINT ( 'NONE',  ( 0.9499999999999999600, -0.6009044190010248700, 0.6594669914108471900 ) ) ;
#776 = CARTESIAN_POINT ( 'NONE',  ( -0.1844503219471101100, -2.791227751672055400, -0.2494022272309434900 ) ) ;
#777 = DIRECTION ( 'NONE',  ( 0.0000000000000000000, 1.000000000000000000, -7.228014483236698500E-016 ) ) ;
#778 = VERTEX_POINT ( 'NONE', #3161 ) ;
#779 = CARTESIAN_POINT ( 'NONE',  ( -0.2500000000000000000, 3.990192378864668900, 0.1750000000000008500 ) ) ;
#780 = PRESENTATION_LAYER_ASSIGNMENT (  '', '', ( #262 ) ) ;
#781 = ORIENTED_EDGE ( 'NONE', *, *, #3792, .T. ) ;
#782 =( NAMED_UNIT ( * ) PLANE_ANGLE_UNIT ( ) SI_UNIT ( $, .RADIAN. ) );
#783 = CARTESIAN_POINT ( 'NONE',  ( 0.6689339828220177700, -0.7499999999999998900, -0.9250000000000002700 ) ) ;
#784 = AXIS2_PLACEMENT_3D ( 'NONE', #841, #836, #835 ) ;
#785 = DIRECTION ( 'NONE',  ( 0.0000000000000000000, 0.0000000000000000000, 1.000000000000000000 ) ) ;
#786 = ORIENTED_EDGE ( 'NONE', *, *, #3383, .F. ) ;
#787 = TOROIDAL_SURFACE ( 'NONE', #3622, 0.02499999999999999100, 0.05000000000000000300 ) ;
#788 = CARTESIAN_POINT ( 'NONE',  ( 0.9499980347393541800, -0.6015483315365821600, 0.6628063057372012300 ) ) ;
#789 = CARTESIAN_POINT ( 'NONE',  ( -0.2197540201127987600, -2.798994540498082700, -0.2449180696087137300 ) ) ;
#790 = EDGE_LOOP ( 'NONE', ( #3394, #2384, #1467, #1988 ) ) ;
#791 = CARTESIAN_POINT ( 'NONE',  ( 0.9999999999998776500, -0.6009044190009048500, 0.6594669914102246900 ) ) ;
#792 = PRESENTATION_STYLE_ASSIGNMENT (( #414 ) ) ;
#793 = CARTESIAN_POINT ( 'NONE',  ( -1.000000000000000000, -0.5518088380021114500, 0.6689339828220161000 ) ) ;
#794 = EDGE_LOOP ( 'NONE', ( #436, #544, #3016, #92 ) ) ;
#795 = DIRECTION ( 'NONE',  ( 2.891205793294679000E-015, 0.0000000000000000000, 1.000000000000000000 ) ) ;
#796 =( GEOMETRIC_REPRESENTATION_CONTEXT ( 3 ) GLOBAL_UNCERTAINTY_ASSIGNED_CONTEXT ( ( #4266 ) ) GLOBAL_UNIT_ASSIGNED_CONTEXT ( ( #1536, #1532, #1524 ) ) REPRESENTATION_CONTEXT ( 'NONE', 'WORKASPACE' ) );
#797 = VERTEX_POINT ( 'NONE', #3155 ) ;
#798 = EDGE_CURVE ( 'NONE', #1664, #812, #3325, .T. ) ;
#799 = DIRECTION ( 'NONE',  ( -1.000000000000000000, 0.0000000000000000000, 2.891205793294679400E-015 ) ) ;
#800 = MECHANICAL_DESIGN_GEOMETRIC_PRESENTATION_REPRESENTATION (  '', ( #4311 ), #1066 ) ;
#801 = CARTESIAN_POINT ( 'NONE',  ( 0.09999999999999917300, -3.049999999999999800, 0.2499999999999994200 ) ) ;
#802 =( BOUNDED_CURVE ( )  B_SPLINE_CURVE ( 3, ( #1321, #1335, #1327, #1319 ),
 .UNSPECIFIED., .F., .F. ) 
 B_SPLINE_CURVE_WITH_KNOTS ( ( 4, 4 ),
 ( 1.945628675901026000, 3.141592653589793100 ),
 .UNSPECIFIED. ) 
 CURVE ( )  GEOMETRIC_REPRESENTATION_ITEM ( )  RATIONAL_B_SPLINE_CURVE ( ( 1.000000000000000000, 0.8843155922743456400, 0.8843155922743456400, 1.000000000000000000 ) ) 
 REPRESENTATION_ITEM ( '' )  );
#803 = ORIENTED_EDGE ( 'NONE', *, *, #3224, .F. ) ;
#804 =( NAMED_UNIT ( * ) SI_UNIT ( $, .STERADIAN. ) SOLID_ANGLE_UNIT ( ) );
#805 = ITEM_DEFINED_TRANSFORMATION ( 'NONE', 'NONE', #3124,  #9 ) ;
#806 = DIRECTION ( 'NONE',  ( 0.0000000000000000000, -1.000000000000000000, -1.548860246407863800E-016 ) ) ;
#807 = CARTESIAN_POINT ( 'NONE',  ( 1.000000000000258700, -0.5530970709163866000, 0.6889690293690514700 ) ) ;
#808 = CARTESIAN_POINT ( 'NONE',  ( -0.6689339828220161000, 0.6750000000000000400, -0.9250000000000002700 ) ) ;
#809 = ADVANCED_FACE ( 'NONE', ( #3218 ), #3023, .T. ) ;
#810 = CARTESIAN_POINT ( 'NONE',  ( 0.1844503219471103900, 3.991227751672056000, 0.2494022272309441000 ) ) ;
#811 = EDGE_CURVE ( 'NONE', #671, #324, #3900, .T. ) ;
#812 = VERTEX_POINT ( 'NONE', #3091 ) ;
#813 = VECTOR ( 'NONE', #2391, 1000.000000000000000 ) ;
#814 = CARTESIAN_POINT ( 'NONE',  ( 0.03504809471616614900, -3.049999999999999800, 0.09999999999999856200 ) ) ;
#815 = CIRCLE ( 'NONE', #2644, 0.07500000000000001100 ) ;
#816 = ORIENTED_EDGE ( 'NONE', *, *, #4054, .F. ) ;
#817 = AXIS2_PLACEMENT_3D ( 'NONE', #2227, #2224, #2218 ) ;
#818 = DIRECTION ( 'NONE',  ( 0.0000000000000000000, -7.228014483236698500E-016, 1.000000000000000000 ) ) ;
#819 = DIRECTION ( 'NONE',  ( 0.0000000000000000000, 0.0000000000000000000, -1.000000000000000000 ) ) ;
#820 = VECTOR ( 'NONE', #2248, 1000.000000000000000 ) ;
#821 = DIRECTION ( 'NONE',  ( -0.8660254037844373800, -0.5000000000000022200, -0.0000000000000000000 ) ) ;
#822 =( NAMED_UNIT ( * ) PLANE_ANGLE_UNIT ( ) SI_UNIT ( $, .RADIAN. ) );
#823 = STYLED_ITEM ( 'NONE', ( #2600 ), #2223 ) ;
#824 = CARTESIAN_POINT ( 'NONE',  ( 1.000000000000000000, -0.7499999999999994400, -5.421010862427520200E-016 ) ) ;
#825 =( NAMED_UNIT ( * ) SI_UNIT ( $, .STERADIAN. ) SOLID_ANGLE_UNIT ( ) );
#826 =( LENGTH_UNIT ( ) NAMED_UNIT ( * ) SI_UNIT ( .MILLI., .METRE. ) );
#827 = COLOUR_RGB ( '',0.1098039215686274500, 0.1098039215686274500, 0.1098039215686274500 ) ;
#828 =( NAMED_UNIT ( * ) PLANE_ANGLE_UNIT ( ) SI_UNIT ( $, .RADIAN. ) );
#829 = CIRCLE ( 'NONE', #2905, 0.05000000000000004400 ) ;
#830 = EDGE_CURVE ( 'NONE', #997, #2319, #1289, .T. ) ;
#831 = AXIS2_PLACEMENT_3D ( 'NONE', #1774, #1768, #1767 ) ;
#832 = UNCERTAINTY_MEASURE_WITH_UNIT (LENGTH_MEASURE( 1.000000000000000100E-005 ), #73, 'distance_accuracy_value', 'NONE');
#833 = ADVANCED_FACE ( 'NONE', ( #279 ), #3799, .T. ) ;
#834 = COLOUR_RGB ( '',0.1098039215686274500, 0.1098039215686274500, 0.1098039215686274500 ) ;
#835 = DIRECTION ( 'NONE',  ( 0.0000000000000000000, -1.445602896647339500E-015, 1.000000000000000000 ) ) ;
#836 = DIRECTION ( 'NONE',  ( 0.0000000000000000000, -1.000000000000000000, -7.228014483236698500E-016 ) ) ;
#837 = LINE ( 'NONE', #4381, #4246 ) ;
#838 = PLANE ( 'NONE',  #2772 ) ;
#839 = EDGE_CURVE ( 'NONE', #1090, #4206, #2109, .T. ) ;
#840 = SURFACE_STYLE_USAGE ( .BOTH. , #847 ) ;
#841 = CARTESIAN_POINT ( 'NONE',  ( -0.6689339828220179900, -0.7000000000000000700, 0.9249999999999998200 ) ) ;
#842 = ORIENTED_EDGE ( 'NONE', *, *, #3979, .F. ) ;
#843 = DIRECTION ( 'NONE',  ( -0.0000000000000000000, -1.000000000000000000, -0.0000000000000000000 ) ) ;
#844 = FACE_OUTER_BOUND ( 'NONE', #4390, .T. ) ;
#845 = VERTEX_POINT ( 'NONE', #2988 ) ;
#846 = EDGE_LOOP ( 'NONE', ( #1336, #3928, #4307, #1304 ) ) ;
#847 = SURFACE_SIDE_STYLE ('',( #36 ) ) ;
#848 = AXIS2_PLACEMENT_3D ( 'NONE', #4106, #4144, #3498 ) ;
#849 = CYLINDRICAL_SURFACE ( 'NONE', #1975, 0.07499999999999998300 ) ;
#850 = VERTEX_POINT ( 'NONE', #2986 ) ;
#851 =( GEOMETRIC_REPRESENTATION_CONTEXT ( 3 ) GLOBAL_UNCERTAINTY_ASSIGNED_CONTEXT ( ( #3822 ) ) GLOBAL_UNIT_ASSIGNED_CONTEXT ( ( #217, #211, #203 ) ) REPRESENTATION_CONTEXT ( 'NONE', 'WORKASPACE' ) );
#852 = DIRECTION ( 'NONE',  ( -1.000000000000000000, 0.0000000000000000000, 0.0000000000000000000 ) ) ;
#853 = ORIENTED_EDGE ( 'NONE', *, *, #259, .F. ) ;
#854 = CARTESIAN_POINT ( 'NONE',  ( -0.2500000000000000000, 0.0000000000000000000, -0.1750000000000000200 ) ) ;
#855 = VECTOR ( 'NONE', #843, 1000.000000000000000 ) ;
#856 = CARTESIAN_POINT ( 'NONE',  ( -0.8792893218813445700, 0.0000000000000000000, -0.7500000000000003300 ) ) ;
#857 = ADVANCED_FACE ( 'NONE', ( #2912 ), #696, .T. ) ;
#858 = CARTESIAN_POINT ( 'NONE',  ( 0.09999999999999917300, 4.250000000000000000, 0.0000000000000000000 ) ) ;
#859 = ORIENTED_EDGE ( 'NONE', *, *, #3175, .T. ) ;
#860 = STYLED_ITEM ( 'NONE', ( #2116 ), #2584 ) ;
#861 = SURFACE_STYLE_FILL_AREA ( #1711 ) ;
#862 = CARTESIAN_POINT ( 'NONE',  ( 1.296966991411008000, 0.7500000000000001100, -0.2969669914110063500 ) ) ;
#863 =( NAMED_UNIT ( * ) SI_UNIT ( $, .STERADIAN. ) SOLID_ANGLE_UNIT ( ) );
#864 = ORIENTED_EDGE ( 'NONE', *, *, #1779, .F. ) ;
#865 = FILL_AREA_STYLE_COLOUR ( '', #3601 ) ;
#866 = STYLED_ITEM ( 'NONE', ( #2099 ), #4341 ) ;
#867 = EDGE_CURVE ( 'NONE', #4037, #3061, #2582, .T. ) ;
#868 = DIRECTION ( 'NONE',  ( 0.0000000000000000000, 0.0000000000000000000, -1.000000000000000000 ) ) ;
#869 = MECHANICAL_DESIGN_GEOMETRIC_PRESENTATION_REPRESENTATION (  '', ( #336 ), #1130 ) ;
#870 = ORIENTED_EDGE ( 'NONE', *, *, #3283, .F. ) ;
#871 = DIRECTION ( 'NONE',  ( 0.0000000000000000000, 0.5000000000000024400, -0.8660254037844373800 ) ) ;
#872 = DIRECTION ( 'NONE',  ( 0.7071067811865496800, 0.0000000000000000000, -0.7071067811865453500 ) ) ;
#873 = DIRECTION ( 'NONE',  ( 1.000000000000000000, -0.0000000000000000000, 0.0000000000000000000 ) ) ;
#874 = VECTOR ( 'NONE', #3051, 1000.000000000000000 ) ;
#875 = VERTEX_POINT ( 'NONE', #2925 ) ;
#876 = DIRECTION ( 'NONE',  ( -0.0000000000000000000, 1.000000000000000000, 1.106328747434188200E-016 ) ) ;
#877 = CARTESIAN_POINT ( 'NONE',  ( 0.7000000000000002900, -0.7499999999999998900, -0.9500000000000001800 ) ) ;
#878 = DIRECTION ( 'NONE',  ( -0.7071067811865454600, -7.666467083416891600E-017, -0.7071067811865495700 ) ) ;
#879 = DIRECTION ( 'NONE',  ( 0.7071067811865453500, 1.022195611122248000E-015, 0.7071067811865496800 ) ) ;
#880 = FACE_OUTER_BOUND ( 'NONE', #4111, .T. ) ;
#881 = DIRECTION ( 'NONE',  ( 0.4472135954999587000, -0.7745966692414826300, -0.4472135954999587000 ) ) ;
#882 = CARTESIAN_POINT ( 'NONE',  ( 0.9499999999999999600, -0.6500000000000001300, 0.6499999999999999100 ) ) ;
#883 =( GEOMETRIC_REPRESENTATION_CONTEXT ( 3 ) GLOBAL_UNCERTAINTY_ASSIGNED_CONTEXT ( ( #2448 ) ) GLOBAL_UNIT_ASSIGNED_CONTEXT ( ( #1465, #1456, #1452 ) ) REPRESENTATION_CONTEXT ( 'NONE', 'WORKASPACE' ) );
#884 = VECTOR ( 'NONE', #1368, 1000.000000000000000 ) ;
#885 = ADVANCED_FACE ( 'NONE', ( #4237 ), #1021, .T. ) ;
#886 = CARTESIAN_POINT ( 'NONE',  ( -0.09299038105676583900, -3.062141016151377100, -0.02803847577293325200 ) ) ;
#887 = CARTESIAN_POINT ( 'NONE',  ( 0.02196152422706713900, -3.111243556529820400, -0.02196152422706772900 ) ) ;
#888 = VECTOR ( 'NONE', #3528, 1000.000000000000000 ) ;
#889 = FILL_AREA_STYLE ('',( #1478 ) ) ;
#890 = DIRECTION ( 'NONE',  ( 1.000000000000000000, 0.0000000000000000000, 0.0000000000000000000 ) ) ;
#891 = DIRECTION ( 'NONE',  ( 0.0000000000000000000, 0.0000000000000000000, 1.000000000000000000 ) ) ;
#892 = LINE ( 'NONE', #4274, #4379 ) ;
#893 = CARTESIAN_POINT ( 'NONE',  ( 0.9250000000000001600, 0.6750000000000001600, -0.6689339828220165500 ) ) ;
#894 = UNCERTAINTY_MEASURE_WITH_UNIT (LENGTH_MEASURE( 1.000000000000000100E-005 ), #2428, 'distance_accuracy_value', 'NONE');
#895 = SURFACE_SIDE_STYLE ('',( #20 ) ) ;
#896 = DIRECTION ( 'NONE',  ( -1.000000000000000000, 0.0000000000000000000, 0.0000000000000000000 ) ) ;
#897 =( GEOMETRIC_REPRESENTATION_CONTEXT ( 3 ) GLOBAL_UNCERTAINTY_ASSIGNED_CONTEXT ( ( #3081 ) ) GLOBAL_UNIT_ASSIGNED_CONTEXT ( ( #2346, #2335, #2328 ) ) REPRESENTATION_CONTEXT ( 'NONE', 'WORKASPACE' ) );
#898 = EDGE_CURVE ( 'NONE', #1806, #1058, #3070, .T. ) ;
#899 = STYLED_ITEM ( 'NONE', ( #277 ), #3255 ) ;
#900 = ORIENTED_EDGE ( 'NONE', *, *, #140, .F. ) ;
#901 = CARTESIAN_POINT ( 'NONE',  ( 0.8792893218813439000, -0.6999999999999997300, -0.7500000000000003300 ) ) ;
#902 = COLOUR_RGB ( '',0.1098039215686274500, 0.1098039215686274500, 0.1098039215686274500 ) ;
#903 = DIRECTION ( 'NONE',  ( 0.0000000000000000000, 1.000000000000000000, 0.0000000000000000000 ) ) ;
#904 = ORIENTED_EDGE ( 'NONE', *, *, #1959, .T. ) ;
#905 = EDGE_CURVE ( 'NONE', #2889, #2140, #1693, .T. ) ;
#906 = SURFACE_SIDE_STYLE ('',( #156 ) ) ;
#907 = FACE_OUTER_BOUND ( 'NONE', #3653, .T. ) ;
#908 =( LENGTH_UNIT ( ) NAMED_UNIT ( * ) SI_UNIT ( .MILLI., .METRE. ) );
#909 = VERTEX_POINT ( 'NONE', #2722 ) ;
#910 = SURFACE_STYLE_USAGE ( .BOTH. , #895 ) ;
#911 = CARTESIAN_POINT ( 'NONE',  ( 0.2500000000000000000, 3.990192378864668900, 0.2500000000000008300 ) ) ;
#912 = ORIENTED_EDGE ( 'NONE', *, *, #3332, .T. ) ;
#913 = FILL_AREA_STYLE ('',( #1096 ) ) ;
#914 = FILL_AREA_STYLE_COLOUR ( '', #402 ) ;
#915 = FACE_OUTER_BOUND ( 'NONE', #4449, .T. ) ;
#916 = DIRECTION ( 'NONE',  ( 0.7071067811865482400, -0.0000000000000000000, 0.7071067811865469100 ) ) ;
#917 = ORIENTED_EDGE ( 'NONE', *, *, #232, .F. ) ;
#918 =( NAMED_UNIT ( * ) SI_UNIT ( $, .STERADIAN. ) SOLID_ANGLE_UNIT ( ) );
#919 = AXIS2_PLACEMENT_3D ( 'NONE', #1189, #3402, #1141 ) ;
#920 = EDGE_LOOP ( 'NONE', ( #691, #1269, #3297, #642 ) ) ;
#921 = CARTESIAN_POINT ( 'NONE',  ( 0.2500000000000000000, -2.790192378864667400, -0.1750000000000003500 ) ) ;
#922 = FILL_AREA_STYLE ('',( #914 ) ) ;
#923 = ORIENTED_EDGE ( 'NONE', *, *, #3943, .T. ) ;
#924 = CONTEXT_DEPENDENT_SHAPE_REPRESENTATION ( #3299, #3024 ) ;
#925 = AXIS2_PLACEMENT_3D ( 'NONE', #2048, #2044, #1433 ) ;
#926 = ADVANCED_FACE ( 'NONE', ( #222 ), #2637, .T. ) ;
#927 =( NAMED_UNIT ( * ) PLANE_ANGLE_UNIT ( ) SI_UNIT ( $, .RADIAN. ) );
#928 = ADVANCED_FACE ( 'NONE', ( #880 ), #757, .T. ) ;
#929 = VERTEX_POINT ( 'NONE', #2571 ) ;
#930 = DIRECTION ( 'NONE',  ( 1.000000000000000000, 0.0000000000000000000, 0.0000000000000000000 ) ) ;
#931 = PRODUCT_RELATED_PRODUCT_CATEGORY ( 'part', '', ( #350 ) ) ;
#932 = EDGE_CURVE ( 'NONE', #382, #2029, #1739, .T. ) ;
#933 = DIRECTION ( 'NONE',  ( 7.228014483236696600E-016, 0.0000000000000000000, 1.000000000000000000 ) ) ;
#934 = SURFACE_STYLE_FILL_AREA ( #96 ) ;
#935 = CIRCLE ( 'NONE', #1761, 0.07500000000000002500 ) ;
#936 = VERTEX_POINT ( 'NONE', #2568 ) ;
#937 = FILL_AREA_STYLE ('',( #1149 ) ) ;
#938 = CARTESIAN_POINT ( 'NONE',  ( 0.6866116523516814200, -0.7500000000000000000, -0.9426776695296638100 ) ) ;
#939 = AXIS2_PLACEMENT_3D ( 'NONE', #3691, #3838, #3507 ) ;
#940 = CARTESIAN_POINT ( 'NONE',  ( 0.1750000000000000200, 0.7500000000000001100, 0.2500000000000000000 ) ) ;
#941 = CIRCLE ( 'NONE', #2251, 0.07499999999999999700 ) ;
#942 =( LENGTH_UNIT ( ) NAMED_UNIT ( * ) SI_UNIT ( .MILLI., .METRE. ) );
#943 = CARTESIAN_POINT ( 'NONE',  ( 0.6689339828220164400, 0.7500000000000002200, 0.9249999999999998200 ) ) ;
#944 = PRESENTATION_STYLE_ASSIGNMENT (( #3438 ) ) ;
#945 = AXIS2_PLACEMENT_3D ( 'NONE', #1999, #487, #485 ) ;
#946 = SPHERICAL_SURFACE ( 'NONE', #4001, 0.05000000000000000300 ) ;
#947 = CARTESIAN_POINT ( 'NONE',  ( 0.8792893218813440100, -0.6999999999999997300, -0.7000000000000002900 ) ) ;
#948 = CYLINDRICAL_SURFACE ( 'NONE', #2678, 0.07500000000000001100 ) ;
#949 = SURFACE_STYLE_USAGE ( .BOTH. , #956 ) ;
#950 = ADVANCED_FACE ( 'NONE', ( #4368 ), #1639, .T. ) ;
#951 = CARTESIAN_POINT ( 'NONE',  ( -0.9426776695308620700, -0.6034715492623936600, 0.6683058261752405900 ) ) ;
#952 = ORIENTED_EDGE ( 'NONE', *, *, #963, .T. ) ;
#953 = DIRECTION ( 'NONE',  ( -0.0000000000000000000, -1.000000000000000000, 1.084202172485504400E-016 ) ) ;
#954 = CARTESIAN_POINT ( 'NONE',  ( -0.9429404233100242600, -0.6034198612636247900, 0.6681744492856416300 ) ) ;
#955 = STYLED_ITEM ( 'NONE', ( #1971 ), #2400 ) ;
#956 = SURFACE_SIDE_STYLE ('',( #2107 ) ) ;
#957 = UNCERTAINTY_MEASURE_WITH_UNIT (LENGTH_MEASURE( 1.000000000000000100E-005 ), #344, 'distance_accuracy_value', 'NONE');
#958 = ORIENTED_EDGE ( 'NONE', *, *, #474, .F. ) ;
#959 = CARTESIAN_POINT ( 'NONE',  ( 0.6689339828220163300, 0.6750000000000002700, 0.9249999999999998200 ) ) ;
#960 = FILL_AREA_STYLE ('',( #968 ) ) ;
#961 = CARTESIAN_POINT ( 'NONE',  ( -0.9432007015361495400, -0.6033669982578087100, 0.6680384562040302400 ) ) ;
#962 =( GEOMETRIC_REPRESENTATION_CONTEXT ( 3 ) GLOBAL_UNCERTAINTY_ASSIGNED_CONTEXT ( ( #1142 ) ) GLOBAL_UNIT_ASSIGNED_CONTEXT ( ( #697, #692, #678 ) ) REPRESENTATION_CONTEXT ( 'NONE', 'WORKASPACE' ) );
#963 = EDGE_CURVE ( 'NONE', #2472, #4133, #1846, .T. ) ;
#964 = VECTOR ( 'NONE', #1541, 1000.000000000000000 ) ;
#965 = AXIS2_PLACEMENT_3D ( 'NONE', #121, #110, #108 ) ;
#966 = ORIENTED_EDGE ( 'NONE', *, *, #3102, .T. ) ;
#967 = CARTESIAN_POINT ( 'NONE',  ( -0.9434580289137153300, -0.6033130035681987200, 0.6678976077782297100 ) ) ;
#968 = FILL_AREA_STYLE_COLOUR ( '', #2208 ) ;
#969 = VERTEX_POINT ( 'NONE', #2536 ) ;
#970 = EDGE_CURVE ( 'NONE', #4463, #3256, #633, .T. ) ;
#971 = CARTESIAN_POINT ( 'NONE',  ( -0.9449979618524602100, -0.6029898813188904200, 0.6670547237745450000 ) ) ;
#972 = CARTESIAN_POINT ( 'NONE',  ( -0.1750000000000000200, 0.7500000000000001100, -0.1750000000000000200 ) ) ;
#973 = CARTESIAN_POINT ( 'NONE',  ( 1.296966991411009100, 0.7500000000000001100, 0.2969669914110107400 ) ) ;
#974 = PRESENTATION_STYLE_ASSIGNMENT (( #219 ) ) ;
#975 = CARTESIAN_POINT ( 'NONE',  ( -0.9464662181298345600, -0.6026192543730628500, 0.6660262174370565900 ) ) ;
#976 = CARTESIAN_POINT ( 'NONE',  ( 1.000000000000000000, -0.5499999999999998200, -0.6500000000000002400 ) ) ;
#977 = ORIENTED_EDGE ( 'NONE', *, *, #3313, .T. ) ;
#978 = STYLED_ITEM ( 'NONE', ( #4355 ), #1252 ) ;
#979 = CIRCLE ( 'NONE', #1050, 0.07499999999999998300 ) ;
#980 =( NAMED_UNIT ( * ) SI_UNIT ( $, .STERADIAN. ) SOLID_ANGLE_UNIT ( ) );
#981 = ORIENTED_EDGE ( 'NONE', *, *, #1332, .F. ) ;
#982 = ADVANCED_FACE ( 'NONE', ( #3411 ), #2105, .T. ) ;
#983 = CARTESIAN_POINT ( 'NONE',  ( -0.9476543062507853900, -0.6022261722061602600, 0.6647533514133070500 ) ) ;
#984 = EDGE_LOOP ( 'NONE', ( #4189, #1823, #3591 ) ) ;
#985 = DIRECTION ( 'NONE',  ( -0.0000000000000000000, -1.000000000000000000, -0.0000000000000000000 ) ) ;
#986 = STYLED_ITEM ( 'NONE', ( #2438 ), #2289 ) ;
#987 = UNCERTAINTY_MEASURE_WITH_UNIT (LENGTH_MEASURE( 1.000000000000000100E-005 ), #2985, 'distance_accuracy_value', 'NONE');
#988 = CARTESIAN_POINT ( 'NONE',  ( -0.9481661492558217700, -0.6020568275641377000, 0.6642049850429040400 ) ) ;
#989 = ORIENTED_EDGE ( 'NONE', *, *, #4117, .F. ) ;
#990 = CARTESIAN_POINT ( 'NONE',  ( -0.1750000000000000200, 2.710505431213760500E-017, -0.1749999999999999100 ) ) ;
#991 = CARTESIAN_POINT ( 'NONE',  ( -0.9486292756269233400, -0.6018817439964373500, 0.6636045210509156100 ) ) ;
#992 = DIRECTION ( 'NONE',  ( 0.0000000000000000000, -1.548860246407863600E-016, 1.000000000000000000 ) ) ;
#993 = EDGE_CURVE ( 'NONE', #2994, #1762, #3018, .T. ) ;
#994 = VECTOR ( 'NONE', #3888, 1000.000000000000200 ) ;
#995 = AXIS2_PLACEMENT_3D ( 'NONE', #1485, #1468, #1458 ) ;
#996 = FACE_OUTER_BOUND ( 'NONE', #1031, .T. ) ;
#997 = VERTEX_POINT ( 'NONE', #2407 ) ;
#998 = DIRECTION ( 'NONE',  ( 0.0000000000000000000, 1.445602896647339500E-015, 1.000000000000000000 ) ) ;
#999 = CARTESIAN_POINT ( 'NONE',  ( -1.000000000000000000, 0.6750000000000000400, -0.6689339828220179900 ) ) ;
#1000 = CARTESIAN_POINT ( 'NONE',  ( -0.9490058558927427800, -0.6017079946396793900, 0.6629569370716536000 ) ) ;
#1001 = CARTESIAN_POINT ( 'NONE',  ( -0.9494404175608312000, -0.6015074933995581100, 0.6622096457242354600 ) ) ;
#1002 = EDGE_CURVE ( 'NONE', #2135, #429, #1286, .T. ) ;
#1003 = CARTESIAN_POINT ( 'NONE',  ( 0.6689339828220177700, 0.0000000000000000000, -1.000000000000000200 ) ) ;
#1004 = LINE ( 'NONE', #1374, #884 ) ;
#1005 = PRESENTATION_STYLE_ASSIGNMENT (( #2424 ) ) ;
#1006 = ADVANCED_FACE ( 'NONE', ( #3892 ), #3168, .T. ) ;
#1007 = DIRECTION ( 'NONE',  ( 0.0000000000000000000, 1.000000000000000000, -7.228014483236698500E-016 ) ) ;
#1008 = CARTESIAN_POINT ( 'NONE',  ( -0.9497654394049868100, -0.6013041736492814600, 0.6613790560085600600 ) ) ;
#1009 = CARTESIAN_POINT ( 'NONE',  ( -0.9499105921634718500, -0.6011199219182595800, 0.6605232108561478500 ) ) ;
#1010 = DIRECTION ( 'NONE',  ( 0.0000000000000000000, 0.0000000000000000000, 1.000000000000000000 ) ) ;
#1011 = AXIS2_PLACEMENT_3D ( 'NONE', #3153, #3148, #3146 ) ;
#1012 = TOROIDAL_SURFACE ( 'NONE', #2580, 0.1000000000000000100, 0.05000000000000000300 ) ;
#1013 = CARTESIAN_POINT ( 'NONE',  ( 0.6689339828220177700, -0.6999999999999998400, -0.9250000000000002700 ) ) ;
#1014 = CARTESIAN_POINT ( 'NONE',  ( -0.9499999999999998400, -0.6009044190009749100, 0.6594669914105887300 ) ) ;
#1015 = CARTESIAN_POINT ( 'NONE',  ( 0.6689339828220177700, -0.6999999999999998400, -0.9500000000000001800 ) ) ;
#1016 = CARTESIAN_POINT ( 'NONE',  ( -0.9500000000000236000, -0.6009726874617221700, 0.6598210299428879400 ) ) ;
#1017 = DIRECTION ( 'NONE',  ( 0.0000000000000000000, 1.000000000000000000, 0.0000000000000000000 ) ) ;
#1018 = MECHANICAL_DESIGN_GEOMETRIC_PRESENTATION_REPRESENTATION (  '', ( #1054 ), #1258 ) ;
#1019 = CARTESIAN_POINT ( 'NONE',  ( 1.000000000000000000, -0.5518088380020496100, 0.6689339828210488800 ) ) ;
#1020 = EDGE_LOOP ( 'NONE', ( #205, #3338, #178, #3311, #2830, #595 ) ) ;
#1021 =( BOUNDED_SURFACE ( )  B_SPLINE_SURFACE ( 3, 2, ( 
 ( #3462, #2870, #2865 ),
 ( #2861, #2859, #2848 ),
 ( #2842, #2838, #2832 ),
 ( #2821, #2815, #2814 ),
 ( #2808, #2804, #2803 ),
 ( #2797, #2781, #2778 ) ),
 .UNSPECIFIED., .F., .F., .F. ) 
 B_SPLINE_SURFACE_WITH_KNOTS ( ( 4, 2, 4 ),
 ( 3, 3 ),
 ( 1.945628675901025700, 2.543610664745409500, 3.141592653589793100 ),
 ( 0.0000000000000000000, 1.000000000000000000 ),
 .UNSPECIFIED. ) 
 GEOMETRIC_REPRESENTATION_ITEM ( )  RATIONAL_B_SPLINE_SURFACE ( (
 ( 1.000000000000000000, 0.6087349684079621500, 1.000000000000000000),
 ( 1.000000000000000000, 0.5551947689668893500, 1.000000000000000000),
 ( 1.000000000000000000, 0.4993640558049362600, 1.000000000000000000),
 ( 1.000000000000000000, 0.4123322341776296500, 1.000000000000000000),
 ( 1.000000000000000000, 0.3820761696032144400, 1.000000000000000000),
 ( 1.000000000000000000, 0.3826834323650883900, 1.000000000000000000) ) ) 
 REPRESENTATION_ITEM ( '' )  SURFACE ( )  );
#1022 = DIRECTION ( 'NONE',  ( 1.000000000000000000, 0.0000000000000000000, 0.0000000000000000000 ) ) ;
#1023 = DIRECTION ( 'NONE',  ( 0.0000000000000000000, 0.0000000000000000000, 1.000000000000000000 ) ) ;
#1024 = CARTESIAN_POINT ( 'NONE',  ( -0.6689339828220163300, 0.6750000000000000400, -0.9250000000000002700 ) ) ;
#1025 = DIRECTION ( 'NONE',  ( -0.0000000000000000000, -1.548860246407863300E-016, 1.000000000000000000 ) ) ;
#1026 = STYLED_ITEM ( 'NONE', ( #4291 ), #2723 ) ;
#1027 = ORIENTED_EDGE ( 'NONE', *, *, #316, .F. ) ;
#1028 = VECTOR ( 'NONE', #1387, 1000.000000000000000 ) ;
#1029 = CARTESIAN_POINT ( 'NONE',  ( 0.2500000000000000000, 4.250000000000000000, 0.09999999999999999200 ) ) ;
#1030 = CARTESIAN_POINT ( 'NONE',  ( -0.9499695689617391200, -0.6010450588754606700, 0.6601754737037260900 ) ) ;
#1031 = EDGE_LOOP ( 'NONE', ( #3065, #2565, #2768, #4036 ) ) ;
#1032 = DIRECTION ( 'NONE',  ( 0.0000000000000000000, 0.0000000000000000000, -1.000000000000000000 ) ) ;
#1033 = SURFACE_STYLE_USAGE ( .BOTH. , #4245 ) ;
#1034 =( GEOMETRIC_REPRESENTATION_CONTEXT ( 3 ) GLOBAL_UNCERTAINTY_ASSIGNED_CONTEXT ( ( #2888 ) ) GLOBAL_UNIT_ASSIGNED_CONTEXT ( ( #3631, #3659, #3674 ) ) REPRESENTATION_CONTEXT ( 'NONE', 'WORKASPACE' ) );
#1035 = ADVANCED_FACE ( 'NONE', ( #3842 ), #2279, .T. ) ;
#1036 = CARTESIAN_POINT ( 'NONE',  ( 0.9250000000000000400, 0.6750000000000000400, -0.6689339828220165500 ) ) ;
#1037 = EDGE_CURVE ( 'NONE', #1170, #3453, #4162, .T. ) ;
#1038 =( GEOMETRIC_REPRESENTATION_CONTEXT ( 3 ) GLOBAL_UNCERTAINTY_ASSIGNED_CONTEXT ( ( #4155 ) ) GLOBAL_UNIT_ASSIGNED_CONTEXT ( ( #4394, #4387, #4376 ) ) REPRESENTATION_CONTEXT ( 'NONE', 'WORKASPACE' ) );
#1039 = VERTEX_POINT ( 'NONE', #2266 ) ;
#1040 = B_SPLINE_CURVE_WITH_KNOTS ( 'NONE', 3,
 ( #3487, #4287, #3562, #3569, #3474, #3573, #3576, #3422, #3588, #3404 ),
 .UNSPECIFIED., .F., .F.,
 ( 4, 3, 3, 4 ),
 ( 0.0000000000000000000, 6.357616885946289200E-006, 3.310793850715363800E-005, 5.962742267941633300E-005 ),
 .UNSPECIFIED. ) ;
#1041 = CARTESIAN_POINT ( 'NONE',  ( 0.1750000000000000200, -0.5999999999999999800, 0.2499999999999996700 ) ) ;
#1042 = CIRCLE ( 'NONE', #945, 0.07500000000000003900 ) ;
#1043 = MECHANICAL_DESIGN_GEOMETRIC_PRESENTATION_REPRESENTATION (  '', ( #262 ), #1282 ) ;
#1044 = ORIENTED_EDGE ( 'NONE', *, *, #2178, .F. ) ;
#1045 = DIRECTION ( 'NONE',  ( 0.0000000000000000000, 0.0000000000000000000, 1.000000000000000000 ) ) ;
#1046 =( NAMED_UNIT ( * ) PLANE_ANGLE_UNIT ( ) SI_UNIT ( $, .RADIAN. ) );
#1047 = FACE_OUTER_BOUND ( 'NONE', #135, .T. ) ;
#1048 = EDGE_LOOP ( 'NONE', ( #3985, #4347, #343, #2469, #1984, #656 ) ) ;
#1049 = DIRECTION ( 'NONE',  ( 0.0000000000000000000, 1.000000000000000000, 0.0000000000000000000 ) ) ;
#1050 = AXIS2_PLACEMENT_3D ( 'NONE', #808, #799, #795 ) ;
#1051 = CARTESIAN_POINT ( 'NONE',  ( -0.2500000000000000000, 0.7500000000000001100, 0.1750000000000000200 ) ) ;
#1052 = FACE_OUTER_BOUND ( 'NONE', #4359, .T. ) ;
#1053 = ORIENTED_EDGE ( 'NONE', *, *, #1675, .F. ) ;
#1054 = STYLED_ITEM ( 'NONE', ( #3140 ), #1955 ) ;
#1055 =( BOUNDED_CURVE ( )  B_SPLINE_CURVE ( 3, ( #1730, #1678, #1673, #1669 ),
 .UNSPECIFIED., .F., .T. ) 
 B_SPLINE_CURVE_WITH_KNOTS ( ( 4, 4 ),
 ( 3.015252525951021700, 3.141592653589793100 ),
 .UNSPECIFIED. ) 
 CURVE ( )  GEOMETRIC_REPRESENTATION_ITEM ( )  RATIONAL_B_SPLINE_CURVE ( ( 1.000000000000000000, 0.9986702899464854300, 0.9986702899464854300, 1.000000000000000000 ) ) 
 REPRESENTATION_ITEM ( '' )  );
#1056 = PRESENTATION_STYLE_ASSIGNMENT (( #759 ) ) ;
#1057 = TOROIDAL_SURFACE ( 'NONE', #132, 0.1000000000000000100, 0.05000000000000000300 ) ;
#1058 = VERTEX_POINT ( 'NONE', #2274 ) ;
#1059 = CARTESIAN_POINT ( 'NONE',  ( 0.9250000000000000400, 0.6750000000000002700, 0.6689339828220174400 ) ) ;
#1060 = CARTESIAN_POINT ( 'NONE',  ( -0.8792893218813446800, -0.6500000000000000200, -0.7000000000000002900 ) ) ;
#1061 = CARTESIAN_POINT ( 'NONE',  ( -1.000000000000000000, -0.6499999999999998000, -0.7000000000000004000 ) ) ;
#1062 = PRODUCT_DEFINITION_SHAPE ( 'NONE', 'NONE',  #4477 ) ;
#1063 = VERTEX_POINT ( 'NONE', #2249 ) ;
#1064 = AXIS2_PLACEMENT_3D ( 'NONE', #1344, #1309, #1299 ) ;
#1065 = EDGE_CURVE ( 'NONE', #1058, #1170, #4218, .T. ) ;
#1066 =( GEOMETRIC_REPRESENTATION_CONTEXT ( 3 ) GLOBAL_UNCERTAINTY_ASSIGNED_CONTEXT ( ( #302 ) ) GLOBAL_UNIT_ASSIGNED_CONTEXT ( ( #597, #594, #588 ) ) REPRESENTATION_CONTEXT ( 'NONE', 'WORKASPACE' ) );
#1067 = CARTESIAN_POINT ( 'NONE',  ( 0.9999999999996827000, -0.6009044190006629400, -0.6594669914089726900 ) ) ;
#1068 = EDGE_CURVE ( 'NONE', #929, #1459, #2303, .T. ) ;
#1069 = VECTOR ( 'NONE', #4085, 1000.000000000000200 ) ;
#1070 = CARTESIAN_POINT ( 'NONE',  ( -0.7219669914110071800, 0.0000000000000000000, -0.9780330085889915600 ) ) ;
#1071 = CARTESIAN_POINT ( 'NONE',  ( 0.07483595050107544300, -3.050000000000000300, -0.09999999999999954800 ) ) ;
#1072 = CARTESIAN_POINT ( 'NONE',  ( -0.9146446609406719800, -0.6500000000000001300, -0.7853553390593278600 ) ) ;
#1073 = CARTESIAN_POINT ( 'NONE',  ( 1.002527761640438700, -0.6040333207304532400, 0.6756904691862643000 ) ) ;
#1074 = AXIS2_PLACEMENT_3D ( 'NONE', #2296, #2417, #2270 ) ;
#1075 = EDGE_LOOP ( 'NONE', ( #611, #1771, #4015, #3403, #981, #1084, #816, #500 ) ) ;
#1076 = DIRECTION ( 'NONE',  ( 1.000000000000000000, -0.0000000000000000000, -0.0000000000000000000 ) ) ;
#1077 = DIRECTION ( 'NONE',  ( 1.000000000000000000, 0.0000000000000000000, 0.0000000000000000000 ) ) ;
#1078 = VECTOR ( 'NONE', #3812, 1000.000000000000000 ) ;
#1079 = PRESENTATION_LAYER_ASSIGNMENT (  '', '', ( #823 ) ) ;
#1080 = VERTEX_POINT ( 'NONE', #241 ) ;
#1081 = CARTESIAN_POINT ( 'NONE',  ( -0.8792893268690125100, -0.6400241630430620900, -0.7000000000000002900 ) ) ;
#1082 = CARTESIAN_POINT ( 'NONE',  ( 0.9250000000000000400, 0.6750000000000002700, 0.6689339828220175500 ) ) ;
#1083 = CARTESIAN_POINT ( 'NONE',  ( -0.9499999999999998400, -0.6009044190009748000, -0.6594669914105899500 ) ) ;
#1084 = ORIENTED_EDGE ( 'NONE', *, *, #3599, .T. ) ;
#1085 = CARTESIAN_POINT ( 'NONE',  ( -0.9999997373216746900, -0.6668582943523055900, -0.7000002626783359300 ) ) ;
#1086 = EDGE_CURVE ( 'NONE', #4170, #7, #1527, .T. ) ;
#1087 = CARTESIAN_POINT ( 'NONE',  ( -0.9146446659283414800, -0.6300483260543400200, -0.7853553340716583600 ) ) ;
#1088 = AXIS2_PLACEMENT_3D ( 'NONE', #481, #1880, #1817 ) ;
#1089 = CARTESIAN_POINT ( 'NONE',  ( -0.9500000000036770100, -0.6010334796196376000, -0.6601362965577493000 ) ) ;
#1090 = VERTEX_POINT ( 'NONE', #2155 ) ;
#1091 = CARTESIAN_POINT ( 'NONE',  ( 0.9499999999999998400, -0.6000000000000000900, 0.6499999999999999100 ) ) ;
#1092 = VECTOR ( 'NONE', #289, 1000.000000000000000 ) ;
#1093 = CARTESIAN_POINT ( 'NONE',  ( -0.9498885092543942800, -0.6011780798770829400, -0.6608094220637578100 ) ) ;
#1094 = CARTESIAN_POINT ( 'NONE',  ( -0.8854204790035439300, -0.6300880430160606900, -0.6969344214389005000 ) ) ;
#1095 = ORIENTED_EDGE ( 'NONE', *, *, #3150, .F. ) ;
#1096 = FILL_AREA_STYLE_COLOUR ( '', #1867 ) ;
#1097 = EDGE_CURVE ( 'NONE', #2230, #3341, #645, .T. ) ;
#1098 =( BOUNDED_CURVE ( )  B_SPLINE_CURVE ( 3, ( #3856, #3851, #3845, #3865 ),
 .UNSPECIFIED., .F., .F. ) 
 B_SPLINE_CURVE_WITH_KNOTS ( ( 4, 4 ),
 ( 3.141592653589793100, 4.337556631265686100 ),
 .UNSPECIFIED. ) 
 CURVE ( )  GEOMETRIC_REPRESENTATION_ITEM ( )  RATIONAL_B_SPLINE_CURVE ( ( 1.000000000000000000, 0.8843155922767614900, 0.8843155922767614900, 1.000000000000000000 ) ) 
 REPRESENTATION_ITEM ( '' )  );
#1099 = LINE ( 'NONE', #1220, #2941 ) ;
#1100 = CARTESIAN_POINT ( 'NONE',  ( -0.9872637081373207800, -0.6720299237500019200, -0.7127362918626765100 ) ) ;
#1101 = CARTESIAN_POINT ( 'NONE',  ( 0.9499999999999999600, -0.5499999999999999300, -8.518731355243247400E-017 ) ) ;
#1102 = ORIENTED_EDGE ( 'NONE', *, *, #3043, .F. ) ;
#1103 = CARTESIAN_POINT ( 'NONE',  ( -0.9496856838198024500, -0.6013270115166446900, -0.6614429102100531900 ) ) ;
#1104 = PRESENTATION_LAYER_ASSIGNMENT (  '', '', ( #584 ) ) ;
#1105 = DIRECTION ( 'NONE',  ( 0.0000000000000000000, 0.0000000000000000000, 1.000000000000000000 ) ) ;
#1106 = ORIENTED_EDGE ( 'NONE', *, *, #442, .F. ) ;
#1107 = CARTESIAN_POINT ( 'NONE',  ( -0.9207758180628719000, -0.6101760860321207000, -0.7792241819371281700 ) ) ;
#1108 = CYLINDRICAL_SURFACE ( 'NONE', #3223, 0.05000000000000002400 ) ;
#1109 = EDGE_LOOP ( 'NONE', ( #1196, #1522, #4352, #4343 ) ) ;
#1110 = DIRECTION ( 'NONE',  ( 1.000000000000000000, 0.0000000000000000000, -0.0000000000000000000 ) ) ;
#1111 = AXIS2_PLACEMENT_3D ( 'NONE', #3955, #3910, #3901 ) ;
#1112 = PRESENTATION_STYLE_ASSIGNMENT (( #3615 ) ) ;
#1113 = CARTESIAN_POINT ( 'NONE',  ( -0.1750000000000000200, 3.990192378864668900, -0.2500000000000000000 ) ) ;
#1114 =( BOUNDED_SURFACE ( )  B_SPLINE_SURFACE ( 3, 2, ( 
 ( #1019, #791, #775 ),
 ( #807, #1073, #788 ),
 ( #718, #700, #659 ),
 ( #676, #668, #641 ) ),
 .UNSPECIFIED., .F., .F., .F. ) 
 B_SPLINE_SURFACE_WITH_KNOTS ( ( 4, 4 ),
 ( 3, 3 ),
 ( 8.179730087304520400E-005, 0.0001019673504704718300 ),
 ( 0.0000000000000000000, 1.000000000000000000 ),
 .UNSPECIFIED. ) 
 GEOMETRIC_REPRESENTATION_ITEM ( )  RATIONAL_B_SPLINE_SURFACE ( (
 ( 1.000000000000000000, 0.7071067811874121000, 1.000000000000000000),
 ( 1.000000000000000000, 0.6898491212567157100, 1.000000000000000000),
 ( 1.000000000000000000, 0.6504848785875933000, 1.000000000000000000),
 ( 1.000000000000000000, 0.6087349684149371300, 1.000000000000000000) ) ) 
 REPRESENTATION_ITEM ( '' )  SURFACE ( )  );
#1115 = CARTESIAN_POINT ( 'NONE',  ( 0.03504809471616634300, -3.049999999999999800, -0.09999999999999950600 ) ) ;
#1116 = CARTESIAN_POINT ( 'NONE',  ( -0.9494309709816503000, -0.6015140432894583400, -0.6622384591706824700 ) ) ;
#1117 = LINE ( 'NONE', #3824, #994 ) ;
#1118 = LINE ( 'NONE', #3079, #3738 ) ;
#1119 = ORIENTED_EDGE ( 'NONE', *, *, #1470, .F. ) ;
#1120 = CARTESIAN_POINT ( 'NONE',  ( -0.9078634870768425000, -0.6136143781507790200, -0.6857129174022518200 ) ) ;
#1121 = CARTESIAN_POINT ( 'NONE',  ( -0.8792893218813441200, -0.6999999999999999600, 0.7499999999999998900 ) ) ;
#1122 = CYLINDRICAL_SURFACE ( 'NONE', #42, 0.07499999999999998300 ) ;
#1123 = PRESENTATION_LAYER_ASSIGNMENT (  '', '', ( #860 ) ) ;
#1124 = CARTESIAN_POINT ( 'NONE',  ( -0.9432188261361691400, -0.5772287563015591200, -0.7567811738638309200 ) ) ;
#1125 = CARTESIAN_POINT ( 'NONE',  ( -0.9490292115901424200, -0.6017119913192440200, -0.6629910013659436900 ) ) ;
#1126 = CARTESIAN_POINT ( 'NONE',  ( -0.9485445892423052200, -0.6019049039874250200, -0.6636697380933659400 ) ) ;
#1127 = LINE ( 'NONE', #2867, #114 ) ;
#1128 = PRESENTATION_LAYER_ASSIGNMENT (  '', '', ( #866 ) ) ;
#1129 = EDGE_CURVE ( 'NONE', #969, #88, #3220, .T. ) ;
#1130 =( GEOMETRIC_REPRESENTATION_CONTEXT ( 3 ) GLOBAL_UNCERTAINTY_ASSIGNED_CONTEXT ( ( #2942 ) ) GLOBAL_UNIT_ASSIGNED_CONTEXT ( ( #2809, #2827, #2785 ) ) REPRESENTATION_CONTEXT ( 'NONE', 'WORKASPACE' ) );
#1131 = CARTESIAN_POINT ( 'NONE',  ( -0.9240932004918773800, -0.6071274207509253000, -0.6775980610532953400 ) ) ;
#1132 = CARTESIAN_POINT ( 'NONE',  ( -0.9474789610240372800, -0.6023290965237215700, -0.6651622012716401600 ) ) ;
#1133 = CARTESIAN_POINT ( 'NONE',  ( -0.9459943119458522600, -0.6027435756963289700, -0.6663676559334735800 ) ) ;
#1134 = CARTESIAN_POINT ( 'NONE',  ( -0.9792652900378326900, -0.6345597246305458800, -0.7207347099621643800 ) ) ;
#1135 = COLOUR_RGB ( '',0.1098039215686274500, 0.1098039215686274500, 0.1098039215686274500 ) ;
#1136 = CARTESIAN_POINT ( 'NONE',  ( -0.9444216866183233700, -0.6031022290158748500, -0.6673377933059710900 ) ) ;
#1137 = FACE_OUTER_BOUND ( 'NONE', #4209, .T. ) ;
#1138 = DIRECTION ( 'NONE',  ( -0.4472135954999595900, 0.7745966692414816300, 0.4472135954999595900 ) ) ;
#1139 = CARTESIAN_POINT ( 'NONE',  ( -0.9594557986218522600, -0.5642519873661102600, -0.7405442013781479100 ) ) ;
#1140 = ORIENTED_EDGE ( 'NONE', *, *, #113, .F. ) ;
#1141 = DIRECTION ( 'NONE',  ( -1.000000000000000000, 0.0000000000000000000, -0.0000000000000000000 ) ) ;
#1142 = UNCERTAINTY_MEASURE_WITH_UNIT (LENGTH_MEASURE( 1.000000000000000100E-005 ), #697, 'distance_accuracy_value', 'NONE');
#1143 = CARTESIAN_POINT ( 'NONE',  ( -0.9438567356868474700, -0.6032310718644590100, -0.6676863060779949500 ) ) ;
#1144 = CARTESIAN_POINT ( 'NONE',  ( -0.9426776695308618500, -0.6034715492623936600, -0.6683058261752419200 ) ) ;
#1145 = ORIENTED_EDGE ( 'NONE', *, *, #3073, .F. ) ;
#1146 = CARTESIAN_POINT ( 'NONE',  ( -0.9903831759351066100, -0.6197246575113325400, -0.7096168240648936800 ) ) ;
#1147 = DIRECTION ( 'NONE',  ( 0.0000000000000000000, 5.421010862427519800E-015, -1.000000000000000000 ) ) ;
#1148 = ORIENTED_EDGE ( 'NONE', *, *, #1803, .F. ) ;
#1149 = FILL_AREA_STYLE_COLOUR ( '', #1995 ) ;
#1150 = DIRECTION ( 'NONE',  ( -1.000000000000000000, 0.0000000000000000000, -0.0000000000000000000 ) ) ;
#1151 = PRESENTATION_STYLE_ASSIGNMENT (( #3759 ) ) ;
#1152 = ORIENTED_EDGE ( 'NONE', *, *, #898, .F. ) ;
#1153 = CARTESIAN_POINT ( 'NONE',  ( -0.2500000000000000000, -2.790192378864667400, 0.1749999999999994600 ) ) ;
#1154 = EDGE_CURVE ( 'NONE', #2152, #850, #4402, .T. ) ;
#1155 = CARTESIAN_POINT ( 'NONE',  ( 0.09999999999999917300, -3.049999999999999800, -0.03504809471616664200 ) ) ;
#1156 = PRESENTATION_LAYER_ASSIGNMENT (  '', '', ( #899 ) ) ;
#1157 = CARTESIAN_POINT ( 'NONE',  ( 1.000000000000000000, -0.6500000000000001300, 0.6499999999999999100 ) ) ;
#1158 = ORIENTED_EDGE ( 'NONE', *, *, #3664, .F. ) ;
#1159 = CARTESIAN_POINT ( 'NONE',  ( -0.9426776695308618500, -0.6034715492623937700, -0.6683058261752419200 ) ) ;
#1160 = ORIENTED_EDGE ( 'NONE', *, *, #1646, .T. ) ;
#1161 = CARTESIAN_POINT ( 'NONE',  ( -0.9432733213202899600, -0.6033543747385609100, -0.6680080002804875700 ) ) ;
#1162 = CARTESIAN_POINT ( 'NONE',  ( 0.2197540201127982100, -2.798994540498086300, -0.2449180696087131500 ) ) ;
#1163 =( NAMED_UNIT ( * ) SI_UNIT ( $, .STERADIAN. ) SOLID_ANGLE_UNIT ( ) );
#1164 = CARTESIAN_POINT ( 'NONE',  ( -0.1750000000000000200, 3.990192378864668900, 0.2500000000000008300 ) ) ;
#1165 = EDGE_CURVE ( 'NONE', #1732, #2631, #4297, .T. ) ;
#1166 = EDGE_LOOP ( 'NONE', ( #3112, #3493, #3956 ) ) ;
#1167 = DIRECTION ( 'NONE',  ( 0.7071067811865464600, 0.0000000000000000000, 0.7071067811865486800 ) ) ;
#1168 = CARTESIAN_POINT ( 'NONE',  ( 1.000000000000000000, -0.6999999999999997300, -0.7000000000000002900 ) ) ;
#1169 = CIRCLE ( 'NONE', #3350, 0.07500000000000002500 ) ;
#1170 = VERTEX_POINT ( 'NONE', #1974 ) ;
#1171 = PRESENTATION_LAYER_ASSIGNMENT (  '', '', ( #387 ) ) ;
#1172 = CARTESIAN_POINT ( 'NONE',  ( -0.9892935543301788500, -0.5552616905053080500, 0.7085145382581414800 ) ) ;
#1173 = LINE ( 'NONE', #1653, #3009 ) ;
#1174 =( NAMED_UNIT ( * ) PLANE_ANGLE_UNIT ( ) SI_UNIT ( $, .RADIAN. ) );
#1175 = VERTEX_POINT ( 'NONE', #1972 ) ;
#1176 = UNCERTAINTY_MEASURE_WITH_UNIT (LENGTH_MEASURE( 1.000000000000000100E-005 ), #2976, 'distance_accuracy_value', 'NONE');
#1177 = CARTESIAN_POINT ( 'NONE',  ( -0.9929629187523560900, -0.5544523444123203900, 0.7006521428358103400 ) ) ;
#1178 = STYLED_ITEM ( 'NONE', ( #4393 ), #2054 ) ;
#1179 = CIRCLE ( 'NONE', #4438, 0.05000000000000006500 ) ;
#1180 = VERTEX_POINT ( 'NONE', #1962 ) ;
#1181 =( LENGTH_UNIT ( ) NAMED_UNIT ( * ) SI_UNIT ( .MILLI., .METRE. ) );
#1182 = SURFACE_STYLE_FILL_AREA ( #2338 ) ;
#1183 = SURFACE_STYLE_USAGE ( .BOTH. , #1295 ) ;
#1184 = VECTOR ( 'NONE', #2998, 1000.000000000000000 ) ;
#1185 = ORIENTED_EDGE ( 'NONE', *, *, #1068, .F. ) ;
#1186 = SURFACE_STYLE_USAGE ( .BOTH. , #1187 ) ;
#1187 = SURFACE_SIDE_STYLE ('',( #3254 ) ) ;
#1188 = CARTESIAN_POINT ( 'NONE',  ( -0.2500000000000000000, 3.990192378864668900, -0.1750000000000000200 ) ) ;
#1189 = CARTESIAN_POINT ( 'NONE',  ( 1.000000000000000000, 0.0000000000000000000, -1.000000000000000200 ) ) ;
#1190 = ORIENTED_EDGE ( 'NONE', *, *, #1339, .T. ) ;
#1191 = EDGE_CURVE ( 'NONE', #3658, #2949, #1878, .T. ) ;
#1192 = FILL_AREA_STYLE ('',( #1210 ) ) ;
#1193 =( NAMED_UNIT ( * ) SI_UNIT ( $, .STERADIAN. ) SOLID_ANGLE_UNIT ( ) );
#1194 = ORIENTED_EDGE ( 'NONE', *, *, #1964, .F. ) ;
#1195 = CARTESIAN_POINT ( 'NONE',  ( -0.2500000000000000000, 3.990192378864668900, -0.1781606056539945200 ) ) ;
#1196 = ORIENTED_EDGE ( 'NONE', *, *, #3814, .T. ) ;
#1197 =( BOUNDED_CURVE ( )  B_SPLINE_CURVE ( 3, ( #632, #644, #1690, #1685 ),
 .UNSPECIFIED., .F., .F. ) 
 B_SPLINE_CURVE_WITH_KNOTS ( ( 4, 4 ),
 ( 2.482534617763385600, 3.800650689416202000 ),
 .UNSPECIFIED. ) 
 CURVE ( )  GEOMETRIC_REPRESENTATION_ITEM ( )  RATIONAL_B_SPLINE_CURVE ( ( 1.000000000000000000, 0.8603796100280636200, 0.8603796100280636200, 1.000000000000000000 ) ) 
 REPRESENTATION_ITEM ( '' )  );
#1198 = DIRECTION ( 'NONE',  ( 0.0000000000000000000, 0.0000000000000000000, 1.000000000000000000 ) ) ;
#1199 = FILL_AREA_STYLE ('',( #1886 ) ) ;
#1200 = AXIS2_PLACEMENT_3D ( 'NONE', #610, #669, #558 ) ;
#1201 = EDGE_LOOP ( 'NONE', ( #3042, #4423, #2512, #958 ) ) ;
#1202 = DIRECTION ( 'NONE',  ( 0.0000000000000000000, 1.000000000000000000, -0.0000000000000000000 ) ) ;
#1203 = DIRECTION ( 'NONE',  ( 0.0000000000000000000, 0.0000000000000000000, 1.000000000000000000 ) ) ;
#1204 = CARTESIAN_POINT ( 'NONE',  ( -0.8792893218813445700, -0.6999999999999997300, -0.7500000000000002200 ) ) ;
#1206 = ADVANCED_FACE ( 'NONE', ( #3271 ), #1888, .T. ) ;
#1205 = VERTEX_POINT ( 'NONE', #1943 ) ;
#1207 = AXIS2_PLACEMENT_3D ( 'NONE', #3459, #3451, #3441 ) ;
#1208 = ORIENTED_EDGE ( 'NONE', *, *, #3839, .T. ) ;
#1209 = DIRECTION ( 'NONE',  ( 1.000000000000000000, -0.0000000000000000000, -0.0000000000000000000 ) ) ;
#1210 = FILL_AREA_STYLE_COLOUR ( '', #3340 ) ;
#1211 = ORIENTED_EDGE ( 'NONE', *, *, #2552, .T. ) ;
#1212 = EDGE_CURVE ( 'NONE', #102, #2278, #3508, .T. ) ;
#1213 = STYLED_ITEM ( 'NONE', ( #3557 ), #3563 ) ;
#1214 = CARTESIAN_POINT ( 'NONE',  ( -0.8792893218813445700, -0.6999999999999997300, -0.7500000000000003300 ) ) ;
#1215 = CARTESIAN_POINT ( 'NONE',  ( -0.1750000000000000200, -0.5999999999999999800, 0.2499999999999996700 ) ) ;
#1216 = LINE ( 'NONE', #636, #2145 ) ;
#1217 = VERTEX_POINT ( 'NONE', #1892 ) ;
#1218 = CARTESIAN_POINT ( 'NONE',  ( -0.09999999999999920100, 4.250000000000000000, -0.03504809471616660000 ) ) ;
#1219 = CARTESIAN_POINT ( 'NONE',  ( 0.09999999999999917300, 4.250000000000000000, 0.03504809471616718300 ) ) ;
#1220 = CARTESIAN_POINT ( 'NONE',  ( -1.000000000000000000, -0.5499999999999999300, -8.518731355243247400E-017 ) ) ;
#1221 = CARTESIAN_POINT ( 'NONE',  ( -0.2498004770988582500, 3.990537962666718600, -0.1813149072743190600 ) ) ;
#1222 = EDGE_CURVE ( 'NONE', #2140, #3991, #1910, .T. ) ;
#1223 = VERTEX_POINT ( 'NONE', #1873 ) ;
#1224 = ORIENTED_EDGE ( 'NONE', *, *, #3332, .F. ) ;
#1225 = CARTESIAN_POINT ( 'NONE',  ( -0.09999999999999914500, 4.250000000000000000, -0.07483595050107554000 ) ) ;
#1226 =( LENGTH_UNIT ( ) NAMED_UNIT ( * ) SI_UNIT ( .MILLI., .METRE. ) );
#1227 = ORIENTED_EDGE ( 'NONE', *, *, #1308, .T. ) ;
#1228 = ADVANCED_FACE ( 'NONE', ( #435 ), #1845, .F. ) ;
#1229 = CARTESIAN_POINT ( 'NONE',  ( -0.9780330085901892700, -0.5569430985247875200, -0.7219669914098110200 ) ) ;
#1230 =( NAMED_UNIT ( * ) PLANE_ANGLE_UNIT ( ) SI_UNIT ( $, .RADIAN. ) );
#1231 = CARTESIAN_POINT ( 'NONE',  ( -0.2500000000000000000, 3.990192378864668900, -0.2500000000000000000 ) ) ;
#1232 = VECTOR ( 'NONE', #2750, 1000.000000000000000 ) ;
#1233 = AXIS2_PLACEMENT_3D ( 'NONE', #3834, #3829, #3828 ) ;
#1234 = DIRECTION ( 'NONE',  ( 1.445602896647339500E-015, 0.0000000000000000000, -1.000000000000000000 ) ) ;
#1235 = DIRECTION ( 'NONE',  ( 0.4472135954999594800, 0.7745966692414815200, 0.4472135954999595900 ) ) ;
#1236 = DIRECTION ( 'NONE',  ( -1.000000000000000000, 0.0000000000000000000, -1.445602896647339700E-015 ) ) ;
#1237 = DIRECTION ( 'NONE',  ( 0.0000000000000000000, 1.000000000000000000, 1.106328747434188200E-016 ) ) ;
#1238 = EDGE_CURVE ( 'NONE', #3614, #2679, #4313, .T. ) ;
#1239 = AXIS2_PLACEMENT_3D ( 'NONE', #990, #1534, #992 ) ;
#1240 = LINE ( 'NONE', #438, #233 ) ;
#1241 = CARTESIAN_POINT ( 'NONE',  ( 0.1844503219471102800, -2.791227751672055400, -0.2494022272309434400 ) ) ;
#1242 = DIRECTION ( 'NONE',  ( 0.0000000000000000000, 1.106328747434188200E-016, -1.000000000000000000 ) ) ;
#1243 =( LENGTH_UNIT ( ) NAMED_UNIT ( * ) SI_UNIT ( .MILLI., .METRE. ) );
#1244 = PRESENTATION_STYLE_ASSIGNMENT (( #496 ) ) ;
#1245 = CARTESIAN_POINT ( 'NONE',  ( 0.6689339828220164400, 0.6750000000000002700, 0.9249999999999998200 ) ) ;
#1246 = EDGE_CURVE ( 'NONE', #1080, #2193, #1994, .T. ) ;
#1247 = FACE_OUTER_BOUND ( 'NONE', #4395, .T. ) ;
#1248 = SURFACE_STYLE_USAGE ( .BOTH. , #1251 ) ;
#1249 = VERTEX_POINT ( 'NONE', #69 ) ;
#1250 = CARTESIAN_POINT ( 'NONE',  ( -0.6689339828220163300, 0.6750000000000000400, -1.000000000000000200 ) ) ;
#1251 = SURFACE_SIDE_STYLE ('',( #4081 ) ) ;
#1252 = ADVANCED_FACE ( 'NONE', ( #1828 ), #2402, .T. ) ;
#1253 = ORIENTED_EDGE ( 'NONE', *, *, #2699, .T. ) ;
#1254 = AXIS2_PLACEMENT_3D ( 'NONE', #3131, #3122, #3118 ) ;
#1255 = UNCERTAINTY_MEASURE_WITH_UNIT (LENGTH_MEASURE( 1.000000000000000100E-005 ), #3590, 'distance_accuracy_value', 'NONE');
#1256 = EDGE_LOOP ( 'NONE', ( #2022, #506, #265, #4258 ) ) ;
#1257 = PLANE ( 'NONE',  #2759 ) ;
#1258 =( GEOMETRIC_REPRESENTATION_CONTEXT ( 3 ) GLOBAL_UNCERTAINTY_ASSIGNED_CONTEXT ( ( #585 ) ) GLOBAL_UNIT_ASSIGNED_CONTEXT ( ( #2609, #2614, #2559 ) ) REPRESENTATION_CONTEXT ( 'NONE', 'WORKASPACE' ) );
#1259 = VECTOR ( 'NONE', #4467, 1000.000000000000000 ) ;
#1260 = EDGE_LOOP ( 'NONE', ( #3926, #418, #2908, #2737, #304, #3580 ) ) ;
#1261 = CARTESIAN_POINT ( 'NONE',  ( 0.6689339828220177700, -0.6999999999999998400, -1.000000000000000200 ) ) ;
#1262 = DIRECTION ( 'NONE',  ( 0.7071067812224975900, 0.0000000000000000000, 0.7071067811505975500 ) ) ;
#1263 = DIRECTION ( 'NONE',  ( 0.0000000000000000000, 0.0000000000000000000, -1.000000000000000000 ) ) ;
#1264 = ORIENTED_EDGE ( 'NONE', *, *, #3383, .T. ) ;
#1265 = CARTESIAN_POINT ( 'NONE',  ( 0.6689339828220177700, 0.6750000000000000400, -1.000000000000000200 ) ) ;
#1266 = AXIS2_PLACEMENT_3D ( 'NONE', #2541, #2473, #2466 ) ;
#1267 = CARTESIAN_POINT ( 'NONE',  ( -0.9426776695309371200, -0.6034715492623961000, -0.6683058261752844500 ) ) ;
#1268 = DIRECTION ( 'NONE',  ( 0.0000000000000000000, -0.5000000000000026600, 0.8660254037844371500 ) ) ;
#1269 = ORIENTED_EDGE ( 'NONE', *, *, #3229, .T. ) ;
#1270 = AXIS2_PLACEMENT_3D ( 'NONE', #3723, #3733, #3742 ) ;
#1271 = EDGE_CURVE ( 'NONE', #28, #2496, #1511, .T. ) ;
#1272 = CIRCLE ( 'NONE', #2225, 0.05000000000000002400 ) ;
#1273 = ORIENTED_EDGE ( 'NONE', *, *, #4382, .F. ) ;
#1274 = ITEM_DEFINED_TRANSFORMATION ( 'NONE', 'NONE', #1983,  #9 ) ;
#1275 = CARTESIAN_POINT ( 'NONE',  ( -0.9903831759373161700, -0.6197246575098917000, -0.7096168240611688800 ) ) ;
#1276 = DIRECTION ( 'NONE',  ( 1.000000000000000000, -0.0000000000000000000, 0.0000000000000000000 ) ) ;
#1277 = ORIENTED_EDGE ( 'NONE', *, *, #4353, .F. ) ;
#1278 = CARTESIAN_POINT ( 'NONE',  ( -0.9780330085889910000, 0.6750000000000000400, -0.7219669914110092800 ) ) ;
#1279 = CARTESIAN_POINT ( 'NONE',  ( 0.07803847577293342200, 4.138038475772932900, -0.07803847577293342200 ) ) ;
#1280 = CYLINDRICAL_SURFACE ( 'NONE', #4351, 0.07499999999999998300 ) ;
#1281 = DIRECTION ( 'NONE',  ( 0.7071067811865460200, 0.0000000000000000000, 0.7071067811865489100 ) ) ;
#1282 =( GEOMETRIC_REPRESENTATION_CONTEXT ( 3 ) GLOBAL_UNCERTAINTY_ASSIGNED_CONTEXT ( ( #4197 ) ) GLOBAL_UNIT_ASSIGNED_CONTEXT ( ( #4257, #1046, #980 ) ) REPRESENTATION_CONTEXT ( 'NONE', 'WORKASPACE' ) );
#1283 = PRODUCT_DEFINITION_SHAPE ( 'NONE', 'NONE',  #4409 ) ;
#1284 = PRESENTATION_STYLE_ASSIGNMENT (( #4401 ) ) ;
#1285 = DIRECTION ( 'NONE',  ( 0.0000000000000000000, 0.0000000000000000000, 1.000000000000000000 ) ) ;
#1286 = LINE ( 'NONE', #2378, #3797 ) ;
#1287 = STYLED_ITEM ( 'NONE', ( #2620 ), #1568 ) ;
#1288 = VECTOR ( 'NONE', #1032, 1000.000000000000000 ) ;
#1289 = CIRCLE ( 'NONE', #1510, 0.05000000000000006500 ) ;
#1290 = CARTESIAN_POINT ( 'NONE',  ( -0.2969669914110033000, 0.6750000000000000400, -1.296966991411010900 ) ) ;
#1291 = PRESENTATION_STYLE_ASSIGNMENT (( #1756 ) ) ;
#1292 = ADVANCED_FACE ( 'NONE', ( #499 ), #4005, .T. ) ;
#1293 = DIRECTION ( 'NONE',  ( 0.0000000000000000000, 1.000000000000000000, 0.0000000000000000000 ) ) ;
#1294 = CARTESIAN_POINT ( 'NONE',  ( 0.7219669914110070600, -0.7000000000000001800, 0.9780330085889912300 ) ) ;
#1295 = SURFACE_SIDE_STYLE ('',( #1375 ) ) ;
#1296 = CARTESIAN_POINT ( 'NONE',  ( 0.2449180696087127900, -2.798994540498086300, -0.2197540201127985400 ) ) ;
#1297 = PLANE ( 'NONE',  #2295 ) ;
#1298 = COLOUR_RGB ( '',0.1098039215686274500, 0.1098039215686274500, 0.1098039215686274500 ) ;
#1299 = DIRECTION ( 'NONE',  ( 0.0000000000000000000, 0.0000000000000000000, -1.000000000000000000 ) ) ;
#1300 = VECTOR ( 'NONE', #2947, 1000.000000000000000 ) ;
#1301 = FILL_AREA_STYLE ('',( #3712 ) ) ;
#1302 = EDGE_CURVE ( 'NONE', #683, #3307, #3233, .T. ) ;
#1303 = AXIS2_PLACEMENT_3D ( 'NONE', #1608, #539, #535 ) ;
#1304 = ORIENTED_EDGE ( 'NONE', *, *, #2368, .F. ) ;
#1305 = CARTESIAN_POINT ( 'NONE',  ( 0.2494022272309431300, -2.791227751672055400, -0.1844503219471106400 ) ) ;
#1306 =( NAMED_UNIT ( * ) SI_UNIT ( $, .STERADIAN. ) SOLID_ANGLE_UNIT ( ) );
#1307 = ORIENTED_EDGE ( 'NONE', *, *, #1479, .T. ) ;
#1308 = EDGE_CURVE ( 'NONE', #4230, #1175, #32, .T. ) ;
#1309 = DIRECTION ( 'NONE',  ( 1.000000000000000000, -0.0000000000000000000, 0.0000000000000000000 ) ) ;
#1310 =( NAMED_UNIT ( * ) PLANE_ANGLE_UNIT ( ) SI_UNIT ( $, .RADIAN. ) );
#1311 = CARTESIAN_POINT ( 'NONE',  ( -0.6689339828220163300, -0.7499999999999998900, -0.9250000000000002700 ) ) ;
#1312 = ORIENTED_EDGE ( 'NONE', *, *, #1068, .T. ) ;
#1313 = CARTESIAN_POINT ( 'NONE',  ( 0.9426776695308618500, -0.5569430985247878500, 0.6866116523504831600 ) ) ;
#1314 = UNCERTAINTY_MEASURE_WITH_UNIT (LENGTH_MEASURE( 1.000000000000000100E-005 ), #737, 'distance_accuracy_value', 'NONE');
#1315 = CIRCLE ( 'NONE', #242, 0.07499999999999999700 ) ;
#1316 = STYLED_ITEM ( 'NONE', ( #1829 ), #1206 ) ;
#1317 = EDGE_LOOP ( 'NONE', ( #3859, #2357, #4400, #2324 ) ) ;
#1318 =( LENGTH_UNIT ( ) NAMED_UNIT ( * ) SI_UNIT ( .MILLI., .METRE. ) );
#1319 = CARTESIAN_POINT ( 'NONE',  ( 0.8792893218813445700, -0.6500000000000001300, 0.6999999999999998400 ) ) ;
#1320 = ADVANCED_FACE ( 'NONE', ( #1047 ), #4216, .T. ) ;
#1321 = CARTESIAN_POINT ( 'NONE',  ( 0.9426776695308618500, -0.6034715492623939900, 0.6683058261752414800 ) ) ;
#1322 = ORIENTED_EDGE ( 'NONE', *, *, #1271, .F. ) ;
#1323 = SURFACE_STYLE_USAGE ( .BOTH. , #1330 ) ;
#1324 = MECHANICAL_DESIGN_GEOMETRIC_PRESENTATION_REPRESENTATION (  '', ( #823 ), #1575 ) ;
#1325 = ORIENTED_EDGE ( 'NONE', *, *, #1620, .F. ) ;
#1326 = DIRECTION ( 'NONE',  ( -0.7071067811865486800, 0.0000000000000000000, 0.7071067811865464600 ) ) ;
#1327 = CARTESIAN_POINT ( 'NONE',  ( 0.8792893218813446800, -0.6287792279419275300, 0.6999999999999998400 ) ) ;
#1328 = SURFACE_STYLE_USAGE ( .BOTH. , #2323 ) ;
#1329 = CARTESIAN_POINT ( 'NONE',  ( -0.2500000000000000000, 0.0000000000000000000, 0.0000000000000000000 ) ) ;
#1330 = SURFACE_SIDE_STYLE ('',( #2747 ) ) ;
#1331 = ORIENTED_EDGE ( 'NONE', *, *, #10, .T. ) ;
#1332 = EDGE_CURVE ( 'NONE', #4265, #1941, #1670, .T. ) ;
#1333 = PRESENTATION_LAYER_ASSIGNMENT (  '', '', ( #570 ) ) ;
#1334 = DIRECTION ( 'NONE',  ( -0.6812359763068537300, -0.2680206877763736100, 0.6812359763761214300 ) ) ;
#1335 = CARTESIAN_POINT ( 'NONE',  ( 0.9031828836381418100, -0.6112408245543840000, 0.6880532191216014400 ) ) ;
#1336 = ORIENTED_EDGE ( 'NONE', *, *, #1876, .F. ) ;
#1337 = ORIENTED_EDGE ( 'NONE', *, *, #193, .F. ) ;
#1338 = CARTESIAN_POINT ( 'NONE',  ( 0.9426776695308620700, -0.6034715492623934400, -0.6683058261752410400 ) ) ;
#1339 = EDGE_CURVE ( 'NONE', #4024, #1925, #802, .T. ) ;
#1340 = CARTESIAN_POINT ( 'NONE',  ( -0.2494022272309433000, 3.991227751672056000, -0.1844503219471106100 ) ) ;
#1341 = ORIENTED_EDGE ( 'NONE', *, *, #4117, .T. ) ;
#1342 = UNCERTAINTY_MEASURE_WITH_UNIT (LENGTH_MEASURE( 1.000000000000000100E-005 ), #685, 'distance_accuracy_value', 'NONE');
#1343 = ADVANCED_FACE ( 'NONE', ( #556 ), #1297, .F. ) ;
#1344 = CARTESIAN_POINT ( 'NONE',  ( -1.000000000000000000, -0.6500000000000001300, 0.6499999999999999100 ) ) ;
#1345 = CARTESIAN_POINT ( 'NONE',  ( 0.9429404233100243700, -0.6034198612636244600, -0.6681744492856420700 ) ) ;
#1346 = CARTESIAN_POINT ( 'NONE',  ( 0.9432007015361496500, -0.6033669982578083700, -0.6680384562040305700 ) ) ;
#1347 = FILL_AREA_STYLE ('',( #1394 ) ) ;
#1348 = MECHANICAL_DESIGN_GEOMETRIC_PRESENTATION_REPRESENTATION (  '', ( #584 ), #1596 ) ;
#1349 = CIRCLE ( 'NONE', #995, 0.05000000000000006500 ) ;
#1350 = DIRECTION ( 'NONE',  ( -0.7071067811865496800, 7.666467083416849700E-017, 0.7071067811865455700 ) ) ;
#1351 = CARTESIAN_POINT ( 'NONE',  ( 0.1844503219471104200, 3.991227751672056000, -0.2494022272309431900 ) ) ;
#1352 = VECTOR ( 'NONE', #2091, 1000.000000000000000 ) ;
#1353 = CARTESIAN_POINT ( 'NONE',  ( 0.9434580289137155500, -0.6033130035681983900, -0.6678976077782300400 ) ) ;
#1354 = COLOUR_RGB ( '',0.1098039215686274500, 0.1098039215686274500, 0.1098039215686274500 ) ;
#1355 = DIRECTION ( 'NONE',  ( 0.0000000000000000000, 1.000000000000000000, 2.891205793294679000E-015 ) ) ;
#1356 = VECTOR ( 'NONE', #2689, 1000.000000000000200 ) ;
#1357 = CARTESIAN_POINT ( 'NONE',  ( -1.000000000000000000, 0.6750000000000001600, 0.6689339828220161000 ) ) ;
#1358 = CARTESIAN_POINT ( 'NONE',  ( 0.9449979618524604300, -0.6029898813188900900, -0.6670547237745453300 ) ) ;
#1359 = SURFACE_STYLE_FILL_AREA ( #417 ) ;
#1360 = DIRECTION ( 'NONE',  ( 0.7071067811865453500, -5.110978055611250900E-015, 0.7071067811865497900 ) ) ;
#1361 = MECHANICAL_DESIGN_GEOMETRIC_PRESENTATION_REPRESENTATION (  '', ( #860 ), #1612 ) ;
#1362 = DIRECTION ( 'NONE',  ( -0.0000000000000000000, -2.891205793294679400E-015, 1.000000000000000000 ) ) ;
#1363 = VERTEX_POINT ( 'NONE', #1294 ) ;
#1364 = CARTESIAN_POINT ( 'NONE',  ( -0.9250000000000000400, 0.6750000000000000400, -0.6689339828220179900 ) ) ;
#1365 = CARTESIAN_POINT ( 'NONE',  ( -0.03504809471616620500, -3.049999999999999800, 0.09999999999999856200 ) ) ;
#1366 = MECHANICAL_DESIGN_GEOMETRIC_PRESENTATION_REPRESENTATION (  '', ( #866 ), #1618 ) ;
#1367 = ADVANCED_FACE ( 'NONE', ( #2344 ), #1257, .F. ) ;
#1368 = DIRECTION ( 'NONE',  ( 0.4472135954999595900, -0.7745966692414815200, 0.4472135954999594800 ) ) ;
#1369 = EDGE_CURVE ( 'NONE', #3453, #1180, #1562, .T. ) ;
#1370 = CYLINDRICAL_SURFACE ( 'NONE', #2241, 0.05000000000000002400 ) ;
#1371 = AXIS2_PLACEMENT_3D ( 'NONE', #1378, #1326, #1167 ) ;
#1372 = ORIENTED_EDGE ( 'NONE', *, *, #3519, .F. ) ;
#1373 = CARTESIAN_POINT ( 'NONE',  ( 0.9464662181298345600, -0.6026192543730626300, -0.6660262174370569200 ) ) ;
#1374 = CARTESIAN_POINT ( 'NONE',  ( 0.09299038105676568600, 4.262141016151377700, 0.02803847577293370000 ) ) ;
#1375 = SURFACE_STYLE_FILL_AREA ( #1199 ) ;
#1376 = ORIENTED_EDGE ( 'NONE', *, *, #380, .F. ) ;
#1377 = AXIS2_PLACEMENT_3D ( 'NONE', #58, #157, #105 ) ;
#1378 = CARTESIAN_POINT ( 'NONE',  ( 0.8792893218813445700, -0.6999999999999999600, 0.7499999999999998900 ) ) ;
#1379 = CARTESIAN_POINT ( 'NONE',  ( 0.9476543062507853900, -0.6022261722061600400, -0.6647533514133073800 ) ) ;
#1380 = LINE ( 'NONE', #89, #252 ) ;
#1381 = CARTESIAN_POINT ( 'NONE',  ( -0.9250000000000001600, 0.6750000000000001600, 0.6689339828220161000 ) ) ;
#1382 = CARTESIAN_POINT ( 'NONE',  ( -0.1750000000000000200, 0.7500000000000001100, -0.2500000000000000000 ) ) ;
#1383 = ORIENTED_EDGE ( 'NONE', *, *, #1708, .T. ) ;
#1384 = AXIS2_PLACEMENT_3D ( 'NONE', #1489, #1441, #1438 ) ;
#1385 = CYLINDRICAL_SURFACE ( 'NONE', #3135, 0.05000000000000002400 ) ;
#1386 = CARTESIAN_POINT ( 'NONE',  ( 0.9481661492558217700, -0.6020568275641374800, -0.6642049850429043700 ) ) ;
#1387 = DIRECTION ( 'NONE',  ( -1.000000000000000000, 0.0000000000000000000, 0.0000000000000000000 ) ) ;
#1388 = CARTESIAN_POINT ( 'NONE',  ( 0.9486292756269233400, -0.6018817439964371200, -0.6636045210509158300 ) ) ;
#1389 = ORIENTED_EDGE ( 'NONE', *, *, #1587, .F. ) ;
#1390 = PRESENTATION_STYLE_ASSIGNMENT (( #1248 ) ) ;
#1391 = CARTESIAN_POINT ( 'NONE',  ( 0.9146446609406718700, -0.6999999999999999600, 0.7853553390593274200 ) ) ;
#1392 = UNCERTAINTY_MEASURE_WITH_UNIT (LENGTH_MEASURE( 1.000000000000000100E-005 ), #424, 'distance_accuracy_value', 'NONE');
#1393 = ORIENTED_EDGE ( 'NONE', *, *, #40, .T. ) ;
#1394 = FILL_AREA_STYLE_COLOUR ( '', #4370 ) ;
#1395 = ADVANCED_FACE ( 'NONE', ( #4128 ), #3683, .T. ) ;
#1396 = FILL_AREA_STYLE_COLOUR ( '', #755 ) ;
#1397 = CARTESIAN_POINT ( 'NONE',  ( 0.9490058558927427800, -0.6017079946396791700, -0.6629569370716540400 ) ) ;
#1398 = VERTEX_POINT ( 'NONE', #1219 ) ;
#1399 = DIRECTION ( 'NONE',  ( 0.7071067811865489100, 0.0000000000000000000, -0.7071067811865460200 ) ) ;
#1400 = CARTESIAN_POINT ( 'NONE',  ( 0.9494404175608312000, -0.6015074933995578900, -0.6622096457242359100 ) ) ;
#1401 = CONTEXT_DEPENDENT_SHAPE_REPRESENTATION ( #3391, #648 ) ;
#1402 = STYLED_ITEM ( 'NONE', ( #2356 ), #4050 ) ;
#1403 = EDGE_CURVE ( 'NONE', #671, #4398, #1099, .T. ) ;
#1404 = MECHANICAL_DESIGN_GEOMETRIC_PRESENTATION_REPRESENTATION (  '', ( #899 ), #1647 ) ;
#1405 = CIRCLE ( 'NONE', #2172, 0.07499999999999998300 ) ;
#1406 = ORIENTED_EDGE ( 'NONE', *, *, #4060, .F. ) ;
#1407 = CARTESIAN_POINT ( 'NONE',  ( -0.9780330085889914500, -0.5510781424257875600, 0.7219669914110069500 ) ) ;
#1408 = CARTESIAN_POINT ( 'NONE',  ( 0.9497654394049869200, -0.6013041736492812400, -0.6613790560085604000 ) ) ;
#1409 =( NAMED_UNIT ( * ) SI_UNIT ( $, .STERADIAN. ) SOLID_ANGLE_UNIT ( ) );
#1410 =( NAMED_UNIT ( * ) PLANE_ANGLE_UNIT ( ) SI_UNIT ( $, .RADIAN. ) );
#1411 = COLOUR_RGB ( '',0.1098039215686274500, 0.1098039215686274500, 0.1098039215686274500 ) ;
#1412 = B_SPLINE_CURVE_WITH_KNOTS ( 'NONE', 3,
 ( #1932, #2163, #2157, #2156, #2148, #2141, #2136, #2133, #2126, #2120, #2113, #2110, #2096 ),
 .UNSPECIFIED., .F., .F.,
 ( 4, 3, 3, 3, 4 ),
 ( 1.084202172485504400E-019, 2.028566164027121600E-006, 7.754038643049069800E-006, 1.032198108530598400E-005, 1.236343080016373900E-005 ),
 .UNSPECIFIED. ) ;
#1413 = SURFACE_SIDE_STYLE ('',( #3364 ) ) ;
#1414 = EDGE_CURVE ( 'NONE', #3614, #2319, #2915, .T. ) ;
#1415 =( LENGTH_UNIT ( ) NAMED_UNIT ( * ) SI_UNIT ( .MILLI., .METRE. ) );
#1416 = LINE ( 'NONE', #1003, #3898 ) ;
#1417 = CIRCLE ( 'NONE', #238, 0.04999999999999992000 ) ;
#1418 = DIRECTION ( 'NONE',  ( 0.4472135954999587000, -0.7745966692414824100, -0.4472135954999586500 ) ) ;
#1419 = CARTESIAN_POINT ( 'NONE',  ( 0.9499105921634719600, -0.6011199219182593600, -0.6605232108561482900 ) ) ;
#1420 = SURFACE_STYLE_USAGE ( .BOTH. , #1421 ) ;
#1421 = SURFACE_SIDE_STYLE ('',( #579 ) ) ;
#1422 = MECHANICAL_DESIGN_GEOMETRIC_PRESENTATION_REPRESENTATION (  '', ( #387 ), #1659 ) ;
#1423 = FACE_OUTER_BOUND ( 'NONE', #2176, .T. ) ;
#1424 = COLOUR_RGB ( '',0.8941176470588234600, 0.9137254901960784000, 0.9294117647058823800 ) ;
#1425 = CARTESIAN_POINT ( 'NONE',  ( -0.9499999999999998400, -0.5999999999999998700, -0.6500000000000002400 ) ) ;
#1426 = FILL_AREA_STYLE ('',( #1454 ) ) ;
#1427 = CARTESIAN_POINT ( 'NONE',  ( 0.9500000000000237100, -0.6009726874617219400, -0.6598210299428883800 ) ) ;
#1428 = DIRECTION ( 'NONE',  ( 0.7071067811865455700, 7.666467083416894100E-017, 0.7071067811865496800 ) ) ;
#1429 = VECTOR ( 'NONE', #2045, 1000.000000000000000 ) ;
#1430 = PRESENTATION_LAYER_ASSIGNMENT (  '', '', ( #1178 ) ) ;
#1431 = CARTESIAN_POINT ( 'NONE',  ( 0.9499695689617392300, -0.6010450588754604500, -0.6601754737037265300 ) ) ;
#1432 = CIRCLE ( 'NONE', #330, 0.07499999999999998300 ) ;
#1433 = DIRECTION ( 'NONE',  ( 0.0000000000000000000, 0.0000000000000000000, -1.000000000000000000 ) ) ;
#1434 = ORIENTED_EDGE ( 'NONE', *, *, #3068, .F. ) ;
#1435 = CARTESIAN_POINT ( 'NONE',  ( 0.02196152422706724700, -3.148743556529821000, 0.04299038105676514200 ) ) ;
#1436 = CARTESIAN_POINT ( 'NONE',  ( 0.2500000000000000000, -2.765821868585467500E-017, 0.2499999999999997200 ) ) ;
#1437 = VERTEX_POINT ( 'NONE', #938 ) ;
#1438 = DIRECTION ( 'NONE',  ( 1.000000000000000000, 0.0000000000000000000, 0.0000000000000000000 ) ) ;
#1439 = ORIENTED_EDGE ( 'NONE', *, *, #4310, .T. ) ;
#1440 = PLANE ( 'NONE',  #919 ) ;
#1441 = DIRECTION ( 'NONE',  ( 0.0000000000000000000, 1.000000000000000000, 0.0000000000000000000 ) ) ;
#1442 = EDGE_CURVE ( 'NONE', #2551, #3909, #2038, .T. ) ;
#1443 = ORIENTED_EDGE ( 'NONE', *, *, #2693, .F. ) ;
#1444 = SURFACE_STYLE_FILL_AREA ( #440 ) ;
#1445 =( GEOMETRIC_REPRESENTATION_CONTEXT ( 3 ) GLOBAL_UNCERTAINTY_ASSIGNED_CONTEXT ( ( #987 ) ) GLOBAL_UNIT_ASSIGNED_CONTEXT ( ( #2985, #2974, #2962 ) ) REPRESENTATION_CONTEXT ( 'NONE', 'WORKASPACE' ) );
#1446 = ORIENTED_EDGE ( 'NONE', *, *, #547, .T. ) ;
#1447 = CARTESIAN_POINT ( 'NONE',  ( 0.2500000000000000000, -2.790192378864667400, 0.1749999999999994300 ) ) ;
#1448 = FILL_AREA_STYLE_COLOUR ( '', #580 ) ;
#1449 = CARTESIAN_POINT ( 'NONE',  ( 0.1844503219471100900, -2.791227751672055400, 0.2494022272309424600 ) ) ;
#1450 = PRESENTATION_STYLE_ASSIGNMENT (( #1186 ) ) ;
#1451 = VERTEX_POINT ( 'NONE', #947 ) ;
#1452 =( NAMED_UNIT ( * ) SI_UNIT ( $, .STERADIAN. ) SOLID_ANGLE_UNIT ( ) );
#1453 = CARTESIAN_POINT ( 'NONE',  ( 0.2197540201127982400, -2.798994540498084000, 0.2449180696087122400 ) ) ;
#1454 = FILL_AREA_STYLE_COLOUR ( '', #3939 ) ;
#1455 = ORIENTED_EDGE ( 'NONE', *, *, #1496, .F. ) ;
#1456 =( NAMED_UNIT ( * ) PLANE_ANGLE_UNIT ( ) SI_UNIT ( $, .RADIAN. ) );
#1457 = CARTESIAN_POINT ( 'NONE',  ( -0.9780330085926559600, -0.5569430985248048400, -0.7219669914074997600 ) ) ;
#1458 = DIRECTION ( 'NONE',  ( -0.7071067811865453500, 0.0000000000000000000, -0.7071067811865497900 ) ) ;
#1459 = VERTEX_POINT ( 'NONE', #921 ) ;
#1460 = ORIENTED_EDGE ( 'NONE', *, *, #4242, .F. ) ;
#1461 = LINE ( 'NONE', #1856, #447 ) ;
#1462 = AXIS2_PLACEMENT_3D ( 'NONE', #3543, #3648, #3537 ) ;
#1463 = CARTESIAN_POINT ( 'NONE',  ( -0.9473111022276310400, -0.6025601651897634100, -0.6659893347741051600 ) ) ;
#1464 = FACE_OUTER_BOUND ( 'NONE', #3663, .T. ) ;
#1465 =( LENGTH_UNIT ( ) NAMED_UNIT ( * ) SI_UNIT ( .MILLI., .METRE. ) );
#1466 = SURFACE_STYLE_FILL_AREA ( #3349 ) ;
#1467 = ORIENTED_EDGE ( 'NONE', *, *, #4259, .T. ) ;
#1468 = DIRECTION ( 'NONE',  ( 0.7071067811865496800, 0.0000000000000000000, -0.7071067811865453500 ) ) ;
#1469 = STYLED_ITEM ( 'NONE', ( #2042 ), #4267 ) ;
#1470 = EDGE_CURVE ( 'NONE', #3003, #1451, #3716, .T. ) ;
#1471 = PRESENTATION_LAYER_ASSIGNMENT (  '', '', ( #1213 ) ) ;
#1472 = CARTESIAN_POINT ( 'NONE',  ( -1.000240070484398300, -0.6112753528908507800, -0.6937445510463514700 ) ) ;
#1473 = CARTESIAN_POINT ( 'NONE',  ( 0.8792893218813440100, -0.6499999999999999100, -0.7000000000000002900 ) ) ;
#1474 = UNCERTAINTY_MEASURE_WITH_UNIT (LENGTH_MEASURE( 1.000000000000000100E-005 ), #3058, 'distance_accuracy_value', 'NONE');
#1475 = SURFACE_STYLE_USAGE ( .BOTH. , #1477 ) ;
#1476 = CYLINDRICAL_SURFACE ( 'NONE', #4255, 0.04999999999999995400 ) ;
#1477 = SURFACE_SIDE_STYLE ('',( #1987 ) ) ;
#1478 = FILL_AREA_STYLE_COLOUR ( '', #2000 ) ;
#1479 = EDGE_CURVE ( 'NONE', #4206, #1601, #2833, .T. ) ;
#1480 = FACE_OUTER_BOUND ( 'NONE', #2726, .T. ) ;
#1481 = CARTESIAN_POINT ( 'NONE',  ( 0.9146446609406718700, -0.6500000000000001300, 0.7853553390593274200 ) ) ;
#1482 = CIRCLE ( 'NONE', #404, 0.07499999999999998300 ) ;
#1483 = CARTESIAN_POINT ( 'NONE',  ( -0.9919101179314696600, -0.5551218872560417200, -0.7080898820668089000 ) ) ;
#1484 = FILL_AREA_STYLE ('',( #2134 ) ) ;
#1485 = CARTESIAN_POINT ( 'NONE',  ( 0.6866116523516798700, -0.7000000000000000700, 0.9426776695296637000 ) ) ;
#1486 = LINE ( 'NONE', #2677, #1356 ) ;
#1487 = LINE ( 'NONE', #315, #4157 ) ;
#1488 = CARTESIAN_POINT ( 'NONE',  ( -0.9499980347393541800, -0.6015483315365819400, -0.6628063057372017800 ) ) ;
#1489 = CARTESIAN_POINT ( 'NONE',  ( -0.8792893218813445700, -0.6999999999999997300, -0.7500000000000003300 ) ) ;
#1490 = PRESENTATION_LAYER_ASSIGNMENT (  '', '', ( #986 ) ) ;
#1491 = ORIENTED_EDGE ( 'NONE', *, *, #4353, .T. ) ;
#1492 = DIRECTION ( 'NONE',  ( -0.0000000000000000000, -1.000000000000000000, -0.0000000000000000000 ) ) ;
#1493 = EDGE_LOOP ( 'NONE', ( #307, #2712, #158, #1509 ) ) ;
#1494 = CARTESIAN_POINT ( 'NONE',  ( -1.002527761640439100, -0.6040333207304546800, -0.6756904691862654100 ) ) ;
#1495 = CARTESIAN_POINT ( 'NONE',  ( 1.000000000000000000, 0.6750000000000002700, 0.9249999999999998200 ) ) ;
#1496 = EDGE_CURVE ( 'NONE', #7, #2663, #86, .T. ) ;
#1497 = DIRECTION ( 'NONE',  ( 0.7071067811865453500, 0.0000000000000000000, 0.7071067811865497900 ) ) ;
#1498 = UNCERTAINTY_MEASURE_WITH_UNIT (LENGTH_MEASURE( 1.000000000000000100E-005 ), #2012, 'distance_accuracy_value', 'NONE');
#1499 = CARTESIAN_POINT ( 'NONE',  ( 1.296966991411008000, 0.6750000000000001600, -0.2969669914110063500 ) ) ;
#1500 = ORIENTED_EDGE ( 'NONE', *, *, #2574, .F. ) ;
#1501 = CARTESIAN_POINT ( 'NONE',  ( -1.000000000000258700, -0.5530970709163879300, -0.6889690293690522400 ) ) ;
#1502 = VECTOR ( 'NONE', #131, 1000.000000000000000 ) ;
#1503 = CARTESIAN_POINT ( 'NONE',  ( -0.1750000000000000200, -2.790192378864667400, -0.2500000000000003300 ) ) ;
#1504 = CARTESIAN_POINT ( 'NONE',  ( 0.07803847577293344900, 4.175538475772933500, -0.1429903810567662000 ) ) ;
#1505 = EDGE_LOOP ( 'NONE', ( #2749, #923, #3197, #1859, #1224, #1671 ) ) ;
#1506 = CARTESIAN_POINT ( 'NONE',  ( 0.2494022272309431300, -2.791227751672055400, 0.1844503219471096400 ) ) ;
#1507 = EDGE_CURVE ( 'NONE', #722, #1934, #1936, .T. ) ;
#1508 = CARTESIAN_POINT ( 'NONE',  ( -0.9499999999999999600, -0.6009044190010246500, -0.6594669914108476400 ) ) ;
#1509 = ORIENTED_EDGE ( 'NONE', *, *, #1238, .F. ) ;
#1510 = AXIS2_PLACEMENT_3D ( 'NONE', #3040, #3028, #3022 ) ;
#1511 = LINE ( 'NONE', #1656, #3205 ) ;
#1512 = CARTESIAN_POINT ( 'NONE',  ( -0.9999999999998776500, -0.6009044190009046300, -0.6594669914102251300 ) ) ;
#1513 = CARTESIAN_POINT ( 'NONE',  ( 0.8792893218813447900, -0.6500000000000001300, 0.7499999999999998900 ) ) ;
#1514 = ORIENTED_EDGE ( 'NONE', *, *, #1369, .F. ) ;
#1515 = CARTESIAN_POINT ( 'NONE',  ( -0.1813149072743187600, -2.790537962666717900, 0.2498004770988577200 ) ) ;
#1516 = VERTEX_POINT ( 'NONE', #943 ) ;
#1517 = DIRECTION ( 'NONE',  ( 0.0000000000000000000, 4.336808689942015400E-015, -1.000000000000000000 ) ) ;
#1518 = DIRECTION ( 'NONE',  ( 0.0000000000000000000, 1.000000000000000000, 2.478176394252581600E-016 ) ) ;
#1519 = CARTESIAN_POINT ( 'NONE',  ( -1.000000000000000000, -0.5500000000000000400, 0.6499999999999999100 ) ) ;
#1520 = DIRECTION ( 'NONE',  ( -0.7071067811865496800, 9.403954806578304300E-030, 0.7071067811865454600 ) ) ;
#1521 = VECTOR ( 'NONE', #3046, 1000.000000000000000 ) ;
#1522 = ORIENTED_EDGE ( 'NONE', *, *, #3291, .F. ) ;
#1523 = PRESENTATION_LAYER_ASSIGNMENT (  '', '', ( #1026 ) ) ;
#1524 =( NAMED_UNIT ( * ) SI_UNIT ( $, .STERADIAN. ) SOLID_ANGLE_UNIT ( ) );
#1525 = CARTESIAN_POINT ( 'NONE',  ( -0.1781606056539943900, -2.790192378864667400, 0.2499999999999994700 ) ) ;
#1526 = CARTESIAN_POINT ( 'NONE',  ( -0.1750000000000000200, 3.990192378864668900, 0.2500000000000008300 ) ) ;
#1527 =( BOUNDED_CURVE ( )  B_SPLINE_CURVE ( 3, ( #2302, #2190, #2168, #2166 ),
 .UNSPECIFIED., .F., .T. ) 
 B_SPLINE_CURVE_WITH_KNOTS ( ( 4, 4 ),
 ( 0.0000000000000000000, 0.1263401276387733600 ),
 .UNSPECIFIED. ) 
 CURVE ( )  GEOMETRIC_REPRESENTATION_ITEM ( )  RATIONAL_B_SPLINE_CURVE ( ( 1.000000000000000000, 0.9986702899464854300, 0.9986702899464854300, 1.000000000000000000 ) ) 
 REPRESENTATION_ITEM ( '' )  );
#1528 = LINE ( 'NONE', #3284, #2309 ) ;
#1529 = AXIS2_PLACEMENT_3D ( 'NONE', #4330, #3747, #3755 ) ;
#1530 = EDGE_CURVE ( 'NONE', #875, #3138, #979, .T. ) ;
#1531 = AXIS2_PLACEMENT_3D ( 'NONE', #4464, #4348, #4346 ) ;
#1532 =( NAMED_UNIT ( * ) PLANE_ANGLE_UNIT ( ) SI_UNIT ( $, .RADIAN. ) );
#1533 = CARTESIAN_POINT ( 'NONE',  ( -0.1781606056539945000, 3.990192378864668900, 0.2500000000000008900 ) ) ;
#1534 = DIRECTION ( 'NONE',  ( 0.0000000000000000000, 1.000000000000000000, 1.548860246407863800E-016 ) ) ;
#1535 = LINE ( 'NONE', #3444, #4103 ) ;
#1536 =( LENGTH_UNIT ( ) NAMED_UNIT ( * ) SI_UNIT ( .MILLI., .METRE. ) );
#1537 = SURFACE_STYLE_USAGE ( .BOTH. , #1543 ) ;
#1538 = VECTOR ( 'NONE', #3219, 1000.000000000000000 ) ;
#1539 = CARTESIAN_POINT ( 'NONE',  ( 0.9499999999999999600, -0.6009044190009746900, -0.6594669914105891800 ) ) ;
#1540 = ORIENTED_EDGE ( 'NONE', *, *, #4171, .F. ) ;
#1541 = DIRECTION ( 'NONE',  ( 0.0000000000000000000, -1.000000000000000000, -0.0000000000000000000 ) ) ;
#1542 = LINE ( 'NONE', #3819, #3235 ) ;
#1543 = SURFACE_SIDE_STYLE ('',( #2518 ) ) ;
#1544 = CARTESIAN_POINT ( 'NONE',  ( 1.000000000000000000, -0.5518088380019495800, -0.6689339828195014500 ) ) ;
#1545 = ORIENTED_EDGE ( 'NONE', *, *, #172, .F. ) ;
#1546 = CARTESIAN_POINT ( 'NONE',  ( -0.1844503219471105800, 3.991227751672056000, 0.2494022272309441600 ) ) ;
#1547 = CARTESIAN_POINT ( 'NONE',  ( 0.9500007616159571500, -0.6015499927053147300, -0.6628149205168535300 ) ) ;
#1548 = CARTESIAN_POINT ( 'NONE',  ( -0.1813149072743189800, 3.990537962666718600, 0.2498004770988591100 ) ) ;
#1549 = FACE_OUTER_BOUND ( 'NONE', #1830, .T. ) ;
#1550 = EDGE_LOOP ( 'NONE', ( #3165, #1885, #226, #2683 ) ) ;
#1551 = FILL_AREA_STYLE ('',( #1623 ) ) ;
#1552 = CARTESIAN_POINT ( 'NONE',  ( 0.1844503219471102800, -2.791227751672055400, -0.2494022272309434400 ) ) ;
#1553 = UNCERTAINTY_MEASURE_WITH_UNIT (LENGTH_MEASURE( 1.000000000000000100E-005 ), #1415, 'distance_accuracy_value', 'NONE');
#1554 = EDGE_LOOP ( 'NONE', ( #2743, #1211, #1312, #48, #3500, #189 ) ) ;
#1555 = CARTESIAN_POINT ( 'NONE',  ( 1.002540608606799800, -0.6040394262272559300, -0.6757388708916582900 ) ) ;
#1556 = AXIS2_PLACEMENT_3D ( 'NONE', #3853, #1293, #1285 ) ;
#1557 = EDGE_CURVE ( 'NONE', #675, #2341, #2729, .T. ) ;
#1558 = CARTESIAN_POINT ( 'NONE',  ( 1.000000000000673500, -0.5530997104567290100, -0.6890213413969708000 ) ) ;
#1559 = AXIS2_PLACEMENT_3D ( 'NONE', #638, #582, #578 ) ;
#1560 = CARTESIAN_POINT ( 'NONE',  ( -0.1480384757729333300, 4.016794919243112700, 0.1480384757729341600 ) ) ;
#1561 = ORIENTED_EDGE ( 'NONE', *, *, #3431, .T. ) ;
#1562 = CIRCLE ( 'NONE', #2533, 0.05000000000000002400 ) ;
#1563 = EDGE_CURVE ( 'NONE', #429, #7, #2121, .T. ) ;
#1564 = ORIENTED_EDGE ( 'NONE', *, *, #51, .F. ) ;
#1565 = DIRECTION ( 'NONE',  ( 0.0000000000000000000, 0.0000000000000000000, -1.000000000000000000 ) ) ;
#1566 = VECTOR ( 'NONE', #742, 1000.000000000000000 ) ;
#1567 = ORIENTED_EDGE ( 'NONE', *, *, #3572, .T. ) ;
#1568 = ADVANCED_FACE ( 'NONE', ( #3494 ), #1385, .T. ) ;
#1569 = CARTESIAN_POINT ( 'NONE',  ( 0.9473012383171980400, -0.6025615140631590500, -0.6659927632446776000 ) ) ;
#1570 = ORIENTED_EDGE ( 'NONE', *, *, #905, .T. ) ;
#1571 = SURFACE_STYLE_FILL_AREA ( #2129 ) ;
#1572 = ORIENTED_EDGE ( 'NONE', *, *, #2959, .T. ) ;
#1573 = CARTESIAN_POINT ( 'NONE',  ( 0.2494022272309433000, 3.991227751672056000, -0.1844503219471104200 ) ) ;
#1574 = DIRECTION ( 'NONE',  ( 1.000000000000000000, 0.0000000000000000000, 0.0000000000000000000 ) ) ;
#1575 =( GEOMETRIC_REPRESENTATION_CONTEXT ( 3 ) GLOBAL_UNCERTAINTY_ASSIGNED_CONTEXT ( ( #2385 ) ) GLOBAL_UNIT_ASSIGNED_CONTEXT ( ( #4122, #4113, #4105 ) ) REPRESENTATION_CONTEXT ( 'NONE', 'WORKASPACE' ) );
#1576 = LINE ( 'NONE', #31, #4142 ) ;
#1577 = CARTESIAN_POINT ( 'NONE',  ( 1.000222304331802800, -0.6112858781082742800, -0.6937608180777622400 ) ) ;
#1578 = CIRCLE ( 'NONE', #2611, 0.1000000000000000500 ) ;
#1579 = ORIENTED_EDGE ( 'NONE', *, *, #3175, .F. ) ;
#1580 = CARTESIAN_POINT ( 'NONE',  ( 0.2449180696087134800, 3.998994540498083300, -0.2197540201127989300 ) ) ;
#1581 = CARTESIAN_POINT ( 'NONE',  ( 0.9918907493973709900, -0.5551242104284158700, -0.7081092505981332300 ) ) ;
#1582 = CARTESIAN_POINT ( 'NONE',  ( 0.2449180696087127900, -2.798994540498084000, 0.2197540201127976800 ) ) ;
#1583 = COLOUR_RGB ( '',0.1098039215686274500, 0.1098039215686274500, 0.1098039215686274500 ) ;
#1584 = CARTESIAN_POINT ( 'NONE',  ( -0.09803847577293320300, 4.140897459621557500, 0.1629903810567667800 ) ) ;
#1585 = DIRECTION ( 'NONE',  ( 1.000000000000000000, 0.0000000000000000000, -0.0000000000000000000 ) ) ;
#1586 = DIRECTION ( 'NONE',  ( -0.4472135954999595900, -0.7745966692414816300, 0.4472135954999595900 ) ) ;
#1587 = EDGE_CURVE ( 'NONE', #317, #1941, #428, .T. ) ;
#1588 = MECHANICAL_DESIGN_GEOMETRIC_PRESENTATION_REPRESENTATION (  '', ( #570 ), #1805 ) ;
#1589 = LINE ( 'NONE', #2288, #4148 ) ;
#1590 = CARTESIAN_POINT ( 'NONE',  ( -0.6866116523516798700, -0.6999999999999999600, -0.9426776695296640300 ) ) ;
#1591 = EDGE_CURVE ( 'NONE', #214, #2656, #4131, .T. ) ;
#1592 = CARTESIAN_POINT ( 'NONE',  ( -0.6689339828220179900, -0.7000000000000000700, 0.9499999999999997300 ) ) ;
#1593 = ADVANCED_FACE ( 'NONE', ( #3976 ), #639, .F. ) ;
#1594 = FILL_AREA_STYLE_COLOUR ( '', #2066 ) ;
#1595 = LINE ( 'NONE', #263, #2376 ) ;
#1596 =( GEOMETRIC_REPRESENTATION_CONTEXT ( 3 ) GLOBAL_UNCERTAINTY_ASSIGNED_CONTEXT ( ( #3637 ) ) GLOBAL_UNIT_ASSIGNED_CONTEXT ( ( #3522, #4156, #3517 ) ) REPRESENTATION_CONTEXT ( 'NONE', 'WORKASPACE' ) );
#1597 = CARTESIAN_POINT ( 'NONE',  ( -0.09999999999999914500, -3.049999999999999800, 0.03504809471616554500 ) ) ;
#1598 = FACE_OUTER_BOUND ( 'NONE', #1317, .T. ) ;
#1599 = CARTESIAN_POINT ( 'NONE',  ( 0.9426776695325304000, -0.6034715492620651400, -0.6683058261744069300 ) ) ;
#1600 = UNCERTAINTY_MEASURE_WITH_UNIT (LENGTH_MEASURE( 1.000000000000000100E-005 ), #3915, 'distance_accuracy_value', 'NONE');
#1601 = VERTEX_POINT ( 'NONE', #2701 ) ;
#1602 = CARTESIAN_POINT ( 'NONE',  ( 0.9903831759410490800, -0.6197246575065622500, -0.7096168240549444200 ) ) ;
#1603 = PLANE ( 'NONE',  #3482 ) ;
#1604 = AXIS2_PLACEMENT_3D ( 'NONE', #250, #367, #4238 ) ;
#1605 = CARTESIAN_POINT ( 'NONE',  ( 0.1844503219471104200, 3.991227751672056000, -0.2494022272309431900 ) ) ;
#1606 = ORIENTED_EDGE ( 'NONE', *, *, #1129, .F. ) ;
#1607 = DIRECTION ( 'NONE',  ( -0.0000000000000000000, 1.000000000000000000, 1.548860246407863800E-016 ) ) ;
#1608 = CARTESIAN_POINT ( 'NONE',  ( 0.9499999999999999600, -0.5500000000000000400, 0.6499999999999999100 ) ) ;
#1609 = EDGE_LOOP ( 'NONE', ( #3641, #2154, #2560, #3037 ) ) ;
#1610 = CARTESIAN_POINT ( 'NONE',  ( -0.9426776695325304000, -0.6034715492620654800, 0.6683058261744065900 ) ) ;
#1611 = VECTOR ( 'NONE', #169, 1000.000000000000000 ) ;
#1612 =( GEOMETRIC_REPRESENTATION_CONTEXT ( 3 ) GLOBAL_UNCERTAINTY_ASSIGNED_CONTEXT ( ( #3312 ) ) GLOBAL_UNIT_ASSIGNED_CONTEXT ( ( #2817, #2799, #2796 ) ) REPRESENTATION_CONTEXT ( 'NONE', 'WORKASPACE' ) );
#1613 = DIRECTION ( 'NONE',  ( 0.0000000000000000000, 1.000000000000000000, 0.0000000000000000000 ) ) ;
#1614 =( BOUNDED_CURVE ( )  B_SPLINE_CURVE ( 3, ( #4052, #4088, #4038, #4026 ),
 .UNSPECIFIED., .F., .F. ) 
 B_SPLINE_CURVE_WITH_KNOTS ( ( 4, 4 ),
 ( 5.087221329472873400, 6.283185307179586200 ),
 .UNSPECIFIED. ) 
 CURVE ( )  GEOMETRIC_REPRESENTATION_ITEM ( )  RATIONAL_B_SPLINE_CURVE ( ( 1.000000000000000000, 0.8843155922709780000, 0.8843155922709780000, 1.000000000000000000 ) ) 
 REPRESENTATION_ITEM ( '' )  );
#1615 = ORIENTED_EDGE ( 'NONE', *, *, #2016, .T. ) ;
#1616 = CARTESIAN_POINT ( 'NONE',  ( 0.2197540201127989300, 3.998994540498083300, -0.2449180696087134800 ) ) ;
#1617 = ADVANCED_FACE ( 'NONE', ( #4075 ), #1877, .T. ) ;
#1618 =( GEOMETRIC_REPRESENTATION_CONTEXT ( 3 ) GLOBAL_UNCERTAINTY_ASSIGNED_CONTEXT ( ( #2415 ) ) GLOBAL_UNIT_ASSIGNED_CONTEXT ( ( #4380, #136, #3419 ) ) REPRESENTATION_CONTEXT ( 'NONE', 'WORKASPACE' ) );
#1619 = ORIENTED_EDGE ( 'NONE', *, *, #3490, .F. ) ;
#1620 = EDGE_CURVE ( 'NONE', #3137, #1217, #2774, .T. ) ;
#1621 = DIRECTION ( 'NONE',  ( -0.7071067811865448000, 0.0000000000000000000, -0.7071067811865502400 ) ) ;
#1622 = ORIENTED_EDGE ( 'NONE', *, *, #4234, .F. ) ;
#1623 = FILL_AREA_STYLE_COLOUR ( '', #3398 ) ;
#1624 =( NAMED_UNIT ( * ) SI_UNIT ( $, .STERADIAN. ) SOLID_ANGLE_UNIT ( ) );
#1625 =( NAMED_UNIT ( * ) SI_UNIT ( $, .STERADIAN. ) SOLID_ANGLE_UNIT ( ) );
#1626 =( NAMED_UNIT ( * ) PLANE_ANGLE_UNIT ( ) SI_UNIT ( $, .RADIAN. ) );
#1627 = PRESENTATION_LAYER_ASSIGNMENT (  '', '', ( #2068 ) ) ;
#1628 = CYLINDRICAL_SURFACE ( 'NONE', #39, 0.07499999999999998300 ) ;
#1629 = VERTEX_POINT ( 'NONE', #527 ) ;
#1630 = FILL_AREA_STYLE_COLOUR ( '', #560 ) ;
#1631 =( LENGTH_UNIT ( ) NAMED_UNIT ( * ) SI_UNIT ( .MILLI., .METRE. ) );
#1632 =( NAMED_UNIT ( * ) PLANE_ANGLE_UNIT ( ) SI_UNIT ( $, .RADIAN. ) );
#1633 = COLOUR_RGB ( '',0.1098039215686274500, 0.1098039215686274500, 0.1098039215686274500 ) ;
#1634 = ORIENTED_EDGE ( 'NONE', *, *, #4360, .F. ) ;
#1635 = FILL_AREA_STYLE ('',( #1649 ) ) ;
#1636 = FILL_AREA_STYLE ('',( #1448 ) ) ;
#1637 = CARTESIAN_POINT ( 'NONE',  ( 1.000000000000000000, 0.0000000000000000000, 0.0000000000000000000 ) ) ;
#1638 = VECTOR ( 'NONE', #550, 1000.000000000000000 ) ;
#1639 = CYLINDRICAL_SURFACE ( 'NONE', #2788, 0.07499999999999999700 ) ;
#1640 = SURFACE_STYLE_USAGE ( .BOTH. , #1644 ) ;
#1641 =( BOUNDED_CURVE ( )  B_SPLINE_CURVE ( 3, ( #1241, #1162, #1296, #1305 ),
 .UNSPECIFIED., .F., .F. ) 
 B_SPLINE_CURVE_WITH_KNOTS ( ( 4, 4 ),
 ( 5.624127271420912100, 6.942243342938260400 ),
 .UNSPECIFIED. ) 
 CURVE ( )  GEOMETRIC_REPRESENTATION_ITEM ( )  RATIONAL_B_SPLINE_CURVE ( ( 1.000000000000000000, 0.8603796100557158400, 0.8603796100557158400, 1.000000000000000000 ) ) 
 REPRESENTATION_ITEM ( '' )  );
#1642 = LINE ( 'NONE', #4408, #2534 ) ;
#1643 = CARTESIAN_POINT ( 'NONE',  ( -1.000000000000000000, -0.5518088380020493800, -0.6689339828210494300 ) ) ;
#1644 = SURFACE_SIDE_STYLE ('',( #2800 ) ) ;
#1645 = AXIS2_PLACEMENT_3D ( 'NONE', #2542, #2437, #2258 ) ;
#1646 = EDGE_CURVE ( 'NONE', #3137, #3991, #1042, .T. ) ;
#1647 =( GEOMETRIC_REPRESENTATION_CONTEXT ( 3 ) GLOBAL_UNCERTAINTY_ASSIGNED_CONTEXT ( ( #2801 ) ) GLOBAL_UNIT_ASSIGNED_CONTEXT ( ( #942, #927, #918 ) ) REPRESENTATION_CONTEXT ( 'NONE', 'WORKASPACE' ) );
#1648 = FACE_OUTER_BOUND ( 'NONE', #1493, .T. ) ;
#1649 = FILL_AREA_STYLE_COLOUR ( '', #2292 ) ;
#1650 = FILL_AREA_STYLE ('',( #1697 ) ) ;
#1651 = EDGE_CURVE ( 'NONE', #2572, #1039, #2581, .T. ) ;
#1652 = LINE ( 'NONE', #3241, #650 ) ;
#1653 = CARTESIAN_POINT ( 'NONE',  ( -0.1750000000000000200, -0.5999999999999999800, -0.2500000000000000000 ) ) ;
#1654 = CARTESIAN_POINT ( 'NONE',  ( 0.1750000000000000200, -6.195440985631449200E-017, 0.2499999999999998300 ) ) ;
#1655 = ORIENTED_EDGE ( 'NONE', *, *, #3525, .T. ) ;
#1656 = CARTESIAN_POINT ( 'NONE',  ( -0.2500000000000000000, -0.5999999999999999800, -9.293161478447179300E-017 ) ) ;
#1657 = CARTESIAN_POINT ( 'NONE',  ( 1.314644660940672800, -0.6999999999999996200, 0.3146446609406742300 ) ) ;
#1658 = ORIENTED_EDGE ( 'NONE', *, *, #259, .T. ) ;
#1659 =( GEOMETRIC_REPRESENTATION_CONTEXT ( 3 ) GLOBAL_UNCERTAINTY_ASSIGNED_CONTEXT ( ( #137 ) ) GLOBAL_UNIT_ASSIGNED_CONTEXT ( ( #2668, #2666, #2655 ) ) REPRESENTATION_CONTEXT ( 'NONE', 'WORKASPACE' ) );
#1660 = ORIENTED_EDGE ( 'NONE', *, *, #2546, .T. ) ;
#1661 = DIRECTION ( 'NONE',  ( 1.000000000000000000, 0.0000000000000000000, 0.0000000000000000000 ) ) ;
#1662 = MECHANICAL_DESIGN_GEOMETRIC_PRESENTATION_REPRESENTATION (  '', ( #1178 ), #1890 ) ;
#1663 = SURFACE_STYLE_FILL_AREA ( #4107 ) ;
#1664 = VERTEX_POINT ( 'NONE', #479 ) ;
#1665 = CARTESIAN_POINT ( 'NONE',  ( 0.1750000000000000200, 0.7500000000000001100, -0.2500000000000000000 ) ) ;
#1666 = DIRECTION ( 'NONE',  ( 0.0000000000000000000, -1.548860246407863300E-016, 1.000000000000000000 ) ) ;
#1667 =( REPRESENTATION_RELATIONSHIP ('NONE','NONE', #3630, #2862 ) REPRESENTATION_RELATIONSHIP_WITH_TRANSFORMATION ( #1274 )SHAPE_REPRESENTATION_RELATIONSHIP( ) );
#1668 = DIRECTION ( 'NONE',  ( 0.0000000000000000000, 1.000000000000000000, 0.0000000000000000000 ) ) ;
#1669 = CARTESIAN_POINT ( 'NONE',  ( -0.2500000000000000000, -2.790192378864667400, 0.1749999999999994600 ) ) ;
#1670 = B_SPLINE_CURVE_WITH_KNOTS ( 'NONE', 3,
 ( #2138, #1427, #1431, #1419, #1408, #1400, #1397, #1388, #1386, #1379, #1373, #1358, #1353, #1346, #1345, #1338 ),
 .UNSPECIFIED., .F., .F.,
 ( 4, 3, 3, 3, 3, 4 ),
 ( 0.0000000000000000000, 1.081681462246615800E-006, 3.780472803047454400E-006, 6.102219355300915000E-006, 1.154453294435633300E-005, 1.244504902450369500E-005 ),
 .UNSPECIFIED. ) ;
#1671 = ORIENTED_EDGE ( 'NONE', *, *, #1675, .T. ) ;
#1672 = STYLED_ITEM ( 'NONE', ( #2060 ), #2927 ) ;
#1673 = CARTESIAN_POINT ( 'NONE',  ( -0.2500000000000000000, -2.790192378864667900, 0.1781606056539938000 ) ) ;
#1674 = ORIENTED_EDGE ( 'NONE', *, *, #2307, .F. ) ;
#1675 = EDGE_CURVE ( 'NONE', #2351, #2278, #4399, .T. ) ;
#1676 = SPHERICAL_SURFACE ( 'NONE', #192, 0.07499999999999999700 ) ;
#1677 = ORIENTED_EDGE ( 'NONE', *, *, #2283, .F. ) ;
#1678 = CARTESIAN_POINT ( 'NONE',  ( -0.2498004770988583000, -2.790537962666718400, 0.1813149072743181500 ) ) ;
#1679 = ADVANCED_FACE ( 'NONE', ( #915 ), #3248, .T. ) ;
#1680 = SURFACE_STYLE_FILL_AREA ( #338 ) ;
#1681 = ORIENTED_EDGE ( 'NONE', *, *, #3465, .T. ) ;
#1682 =( NAMED_UNIT ( * ) SI_UNIT ( $, .STERADIAN. ) SOLID_ANGLE_UNIT ( ) );
#1683 = EDGE_LOOP ( 'NONE', ( #2686, #258, #904, #4115 ) ) ;
#1684 = CYLINDRICAL_SURFACE ( 'NONE', #2979, 0.07499999999999998300 ) ;
#1685 = CARTESIAN_POINT ( 'NONE',  ( -0.09999999999999914500, -3.049999999999999800, 0.03504809471616554500 ) ) ;
#1686 = PRESENTATION_LAYER_ASSIGNMENT (  '', '', ( #677 ) ) ;
#1687 = VECTOR ( 'NONE', #3750, 1000.000000000000000 ) ;
#1688 = ORIENTED_EDGE ( 'NONE', *, *, #2866, .F. ) ;
#1689 = CARTESIAN_POINT ( 'NONE',  ( -0.8792893218813445700, -0.6499999999999999100, -0.7000000000000002900 ) ) ;
#1690 = CARTESIAN_POINT ( 'NONE',  ( -0.09999999999999902000, -3.049999999999999800, 0.07483595050107456900 ) ) ;
#1691 =( NAMED_UNIT ( * ) PLANE_ANGLE_UNIT ( ) SI_UNIT ( $, .RADIAN. ) );
#1692 = CYLINDRICAL_SURFACE ( 'NONE', #2547, 0.07500000000000003900 ) ;
#1693 = LINE ( 'NONE', #2745, #1232 ) ;
#1694 =( BOUNDED_CURVE ( )  B_SPLINE_CURVE ( 3, ( #227, #251, #186, #181 ),
 .UNSPECIFIED., .F., .F. ) 
 B_SPLINE_CURVE_WITH_KNOTS ( ( 4, 4 ),
 ( 6.156845179540810300, 6.283185307179586200 ),
 .UNSPECIFIED. ) 
 CURVE ( )  GEOMETRIC_REPRESENTATION_ITEM ( )  RATIONAL_B_SPLINE_CURVE ( ( 1.000000000000000000, 0.9986702899464854300, 0.9986702899464854300, 1.000000000000000000 ) ) 
 REPRESENTATION_ITEM ( '' )  );
#1695 = DIRECTION ( 'NONE',  ( 0.7071067811865496800, 5.110978055611234300E-016, -0.7071067811865455700 ) ) ;
#1696 = AXIS2_PLACEMENT_3D ( 'NONE', #1015, #3368, #3363 ) ;
#1697 = FILL_AREA_STYLE_COLOUR ( '', #3568 ) ;
#1698 = FACE_OUTER_BOUND ( 'NONE', #4412, .T. ) ;
#1699 = DIRECTION ( 'NONE',  ( 0.0000000000000000000, 0.0000000000000000000, 1.000000000000000000 ) ) ;
#1700 = AXIS2_PLACEMENT_3D ( 'NONE', #661, #652, #646 ) ;
#1701 = ADVANCED_FACE ( 'NONE', ( #2339 ), #360, .F. ) ;
#1702 = EDGE_CURVE ( 'NONE', #4160, #28, #3713, .T. ) ;
#1703 = MECHANICAL_DESIGN_GEOMETRIC_PRESENTATION_REPRESENTATION (  '', ( #1213 ), #1931 ) ;
#1704 = VECTOR ( 'NONE', #2053, 1000.000000000000000 ) ;
#1705 = SURFACE_STYLE_USAGE ( .BOTH. , #1709 ) ;
#1706 = DIRECTION ( 'NONE',  ( -0.0000000000000000000, 1.000000000000000000, 1.548860246407863300E-016 ) ) ;
#1707 = ORIENTED_EDGE ( 'NONE', *, *, #1246, .T. ) ;
#1708 = EDGE_CURVE ( 'NONE', #778, #615, #75, .T. ) ;
#1709 = SURFACE_SIDE_STYLE ('',( #861 ) ) ;
#1710 = DIRECTION ( 'NONE',  ( 1.000000000000000000, 0.0000000000000000000, 0.0000000000000000000 ) ) ;
#1711 = FILL_AREA_STYLE ('',( #1742 ) ) ;
#1712 = ORIENTED_EDGE ( 'NONE', *, *, #1191, .F. ) ;
#1713 = FACE_OUTER_BOUND ( 'NONE', #984, .T. ) ;
#1714 = CARTESIAN_POINT ( 'NONE',  ( -0.2500000000000000000, -2.790192378864667400, -0.1750000000000003500 ) ) ;
#1715 = PRESENTATION_LAYER_ASSIGNMENT (  '', '', ( #978 ) ) ;
#1716 = ORIENTED_EDGE ( 'NONE', *, *, #3943, .F. ) ;
#1717 = CARTESIAN_POINT ( 'NONE',  ( -0.1750000000000000200, -0.5999999999999999800, -0.1749999999999999900 ) ) ;
#1718 = CARTESIAN_POINT ( 'NONE',  ( -0.1750000000000000200, -2.790192378864667400, 0.2499999999999994200 ) ) ;
#1719 = ORIENTED_EDGE ( 'NONE', *, *, #3922, .F. ) ;
#1720 = CARTESIAN_POINT ( 'NONE',  ( 0.8792893218813439000, -0.7499999999999997800, -0.7500000000000003300 ) ) ;
#1721 = MECHANICAL_DESIGN_GEOMETRIC_PRESENTATION_REPRESENTATION (  '', ( #986 ), #1948 ) ;
#1722 = ORIENTED_EDGE ( 'NONE', *, *, #2836, .T. ) ;
#1723 = ADVANCED_FACE ( 'NONE', ( #1933 ), #4172, .T. ) ;
#1724 = CARTESIAN_POINT ( 'NONE',  ( 0.9999999999999988900, -0.6500000000000000200, -0.7000000000000000700 ) ) ;
#1725 = CARTESIAN_POINT ( 'NONE',  ( 0.6689339828220177700, 0.6750000000000000400, -0.9250000000000002700 ) ) ;
#1726 = SURFACE_STYLE_FILL_AREA ( #345 ) ;
#1727 = EDGE_LOOP ( 'NONE', ( #1491, #3454, #2080, #781, #2853, #2237 ) ) ;
#1728 = EDGE_CURVE ( 'NONE', #214, #1039, #3388, .T. ) ;
#1729 = DIRECTION ( 'NONE',  ( 0.0000000000000000000, -1.000000000000000000, 1.084202172485504100E-016 ) ) ;
#1730 = CARTESIAN_POINT ( 'NONE',  ( -0.2494022272309430700, -2.791227751672055400, 0.1844503219471095000 ) ) ;
#1731 = CARTESIAN_POINT ( 'NONE',  ( -0.8792893218813441200, -0.6999999999999999600, 0.6999999999999998400 ) ) ;
#1732 = VERTEX_POINT ( 'NONE', #4232 ) ;
#1733 = EDGE_CURVE ( 'NONE', #1451, #317, #609, .T. ) ;
#1734 = VERTEX_POINT ( 'NONE', #168 ) ;
#1735 = DIRECTION ( 'NONE',  ( -0.7071067811865455700, 0.0000000000000000000, -0.7071067811865495700 ) ) ;
#1736 = CARTESIAN_POINT ( 'NONE',  ( -0.03504809471616658600, 4.250000000000000000, 0.1000000000000000700 ) ) ;
#1737 = CARTESIAN_POINT ( 'NONE',  ( 0.9780330085889910000, 0.6750000000000002700, 0.7219669914110087300 ) ) ;
#1738 = AXIS2_PLACEMENT_3D ( 'NONE', #3076, #3075, #930 ) ;
#1739 = LINE ( 'NONE', #2629, #4279 ) ;
#1740 = CARTESIAN_POINT ( 'NONE',  ( 0.9146446609406715400, -0.6499999999999999100, -0.7853553390593276400 ) ) ;
#1741 = CARTESIAN_POINT ( 'NONE',  ( -0.07483595050107542900, 4.250000000000000900, 0.09999999999999982500 ) ) ;
#1742 = FILL_AREA_STYLE_COLOUR ( '', #2736 ) ;
#1743 = ADVANCED_FACE ( 'NONE', ( #2502 ), #149, .T. ) ;
#1744 = DIRECTION ( 'NONE',  ( 0.0000000000000000000, 1.000000000000000000, 0.0000000000000000000 ) ) ;
#1745 = AXIS2_PLACEMENT_3D ( 'NONE', #79, #2103, #2074 ) ;
#1746 = LINE ( 'NONE', #1897, #3523 ) ;
#1747 = UNCERTAINTY_MEASURE_WITH_UNIT (LENGTH_MEASURE( 1.000000000000000100E-005 ), #2486, 'distance_accuracy_value', 'NONE');
#1748 =( NAMED_UNIT ( * ) SI_UNIT ( $, .STERADIAN. ) SOLID_ANGLE_UNIT ( ) );
#1749 = LINE ( 'NONE', #2524, #3423 ) ;
#1750 =( NAMED_UNIT ( * ) PLANE_ANGLE_UNIT ( ) SI_UNIT ( $, .RADIAN. ) );
#1751 = DIRECTION ( 'NONE',  ( 0.0000000000000000000, 0.9819116199805023600, 0.1893398282117779400 ) ) ;
#1752 = MECHANICAL_DESIGN_GEOMETRIC_PRESENTATION_REPRESENTATION (  '', ( #1026 ), #1980 ) ;
#1753 =( LENGTH_UNIT ( ) NAMED_UNIT ( * ) SI_UNIT ( .MILLI., .METRE. ) );
#1754 = ORIENTED_EDGE ( 'NONE', *, *, #2173, .T. ) ;
#1755 =( NAMED_UNIT ( * ) SI_UNIT ( $, .STERADIAN. ) SOLID_ANGLE_UNIT ( ) );
#1756 = SURFACE_STYLE_USAGE ( .BOTH. , #1759 ) ;
#1757 = DIRECTION ( 'NONE',  ( -2.129181423143238100E-015, 0.1893398282117780000, -0.9819116199805024700 ) ) ;
#1758 = AXIS2_PLACEMENT_3D ( 'NONE', #3761, #457, #3774 ) ;
#1759 = SURFACE_SIDE_STYLE ('',( #4002 ) ) ;
#1760 = EDGE_CURVE ( 'NONE', #3304, #3757, #3301, .T. ) ;
#1761 = AXIS2_PLACEMENT_3D ( 'NONE', #3266, #3259, #3250 ) ;
#1762 = VERTEX_POINT ( 'NONE', #2484 ) ;
#1763 = FILL_AREA_STYLE ('',( #1788 ) ) ;
#1764 = ORIENTED_EDGE ( 'NONE', *, *, #2844, .T. ) ;
#1765 = AXIS2_PLACEMENT_3D ( 'NONE', #3546, #3475, #3551 ) ;
#1766 =( NAMED_UNIT ( * ) PLANE_ANGLE_UNIT ( ) SI_UNIT ( $, .RADIAN. ) );
#1767 = DIRECTION ( 'NONE',  ( 0.0000000000000000000, 1.445602896647339500E-015, 1.000000000000000000 ) ) ;
#1768 = DIRECTION ( 'NONE',  ( 1.445602896647335000E-015, -1.000000000000000000, 1.445602896647343800E-015 ) ) ;
#1769 = ORIENTED_EDGE ( 'NONE', *, *, #2895, .T. ) ;
#1770 = COLOUR_RGB ( '',0.1098039215686274500, 0.1098039215686274500, 0.1098039215686274500 ) ;
#1771 = ORIENTED_EDGE ( 'NONE', *, *, #2483, .T. ) ;
#1772 = CARTESIAN_POINT ( 'NONE',  ( -0.09999999999999911700, 4.250000000000000900, 0.07483595050107606800 ) ) ;
#1773 = ORIENTED_EDGE ( 'NONE', *, *, #3093, .F. ) ;
#1774 = CARTESIAN_POINT ( 'NONE',  ( -0.6689339828220177700, 0.6750000000000001600, 0.9249999999999998200 ) ) ;
#1775 =( LENGTH_UNIT ( ) NAMED_UNIT ( * ) SI_UNIT ( .MILLI., .METRE. ) );
#1776 = DIRECTION ( 'NONE',  ( 0.0000000000000000000, 1.548860246407863300E-016, -1.000000000000000000 ) ) ;
#1777 = EDGE_LOOP ( 'NONE', ( #1677, #2184, #3425, #3732 ) ) ;
#1778 = CONTEXT_DEPENDENT_SHAPE_REPRESENTATION ( #3204, #1062 ) ;
#1779 = EDGE_CURVE ( 'NONE', #2551, #1516, #4073, .T. ) ;
#1780 = ORIENTED_EDGE ( 'NONE', *, *, #290, .T. ) ;
#1781 = SURFACE_STYLE_USAGE ( .BOTH. , #1790 ) ;
#1782 = FACE_OUTER_BOUND ( 'NONE', #1020, .T. ) ;
#1783 = DIRECTION ( 'NONE',  ( 0.0000000000000000000, -0.5000000000000026600, -0.8660254037844371500 ) ) ;
#1784 = FACE_OUTER_BOUND ( 'NONE', #3446, .T. ) ;
#1785 = ORIENTED_EDGE ( 'NONE', *, *, #3144, .F. ) ;
#1786 = DIRECTION ( 'NONE',  ( 1.000000000000000000, 0.0000000000000000000, -0.0000000000000000000 ) ) ;
#1787 = EDGE_CURVE ( 'NONE', #4153, #1058, #490, .T. ) ;
#1788 = FILL_AREA_STYLE_COLOUR ( '', #396 ) ;
#1789 = LINE ( 'NONE', #2255, #820 ) ;
#1790 = SURFACE_SIDE_STYLE ('',( #3835 ) ) ;
#1791 = FILL_AREA_STYLE ('',( #1842 ) ) ;
#1792 = DIRECTION ( 'NONE',  ( 0.0000000000000000000, 0.0000000000000000000, 1.000000000000000000 ) ) ;
#1793 = DIRECTION ( 'NONE',  ( 0.7071067811865496800, -7.666467083416849700E-017, -0.7071067811865455700 ) ) ;
#1794 = VECTOR ( 'NONE', #3855, 1000.000000000000000 ) ;
#1795 = UNCERTAINTY_MEASURE_WITH_UNIT (LENGTH_MEASURE( 1.000000000000000100E-005 ), #407, 'distance_accuracy_value', 'NONE');
#1796 = CARTESIAN_POINT ( 'NONE',  ( 1.000000000000000000, 0.0000000000000000000, 0.6999999999999998400 ) ) ;
#1797 = CIRCLE ( 'NONE', #1765, 0.05000000000000002400 ) ;
#1798 = DIRECTION ( 'NONE',  ( -0.7071067811865453500, -1.445602896647338700E-015, -0.7071067811865496800 ) ) ;
#1799 = SURFACE_STYLE_FILL_AREA ( #2732 ) ;
#1800 = LINE ( 'NONE', #4441, #1704 ) ;
#1801 = DIRECTION ( 'NONE',  ( -0.7071067811865497900, 1.022195611122259300E-015, 0.7071067811865453500 ) ) ;
#1802 =( NAMED_UNIT ( * ) SI_UNIT ( $, .STERADIAN. ) SOLID_ANGLE_UNIT ( ) );
#1803 = EDGE_CURVE ( 'NONE', #88, #214, #3195, .T. ) ;
#1804 =( NAMED_UNIT ( * ) PLANE_ANGLE_UNIT ( ) SI_UNIT ( $, .RADIAN. ) );
#1805 =( GEOMETRIC_REPRESENTATION_CONTEXT ( 3 ) GLOBAL_UNCERTAINTY_ASSIGNED_CONTEXT ( ( #1884 ) ) GLOBAL_UNIT_ASSIGNED_CONTEXT ( ( #1753, #1750, #1748 ) ) REPRESENTATION_CONTEXT ( 'NONE', 'WORKASPACE' ) );
#1806 = VERTEX_POINT ( 'NONE', #85 ) ;
#1807 = FILL_AREA_STYLE ('',( #1990 ) ) ;
#1808 = VECTOR ( 'NONE', #4174, 1000.000000000000000 ) ;
#1809 = CARTESIAN_POINT ( 'NONE',  ( 0.9146446659283393700, -0.6300483260540392600, -0.7853553340716598100 ) ) ;
#1810 = ORIENTED_EDGE ( 'NONE', *, *, #1733, .T. ) ;
#1811 =( NAMED_UNIT ( * ) PLANE_ANGLE_UNIT ( ) SI_UNIT ( $, .RADIAN. ) );
#1812 =( LENGTH_UNIT ( ) NAMED_UNIT ( * ) SI_UNIT ( .MILLI., .METRE. ) );
#1813 = EDGE_CURVE ( 'NONE', #2135, #1249, #1380, .T. ) ;
#1814 = SURFACE_STYLE_FILL_AREA ( #1807 ) ;
#1815 = CARTESIAN_POINT ( 'NONE',  ( 0.9780330085975910100, -0.5569430985241306000, -0.7219669914024076100 ) ) ;
#1816 = ORIENTED_EDGE ( 'NONE', *, *, #2806, .F. ) ;
#1817 = DIRECTION ( 'NONE',  ( 0.0000000000000000000, 0.0000000000000000000, 1.000000000000000000 ) ) ;
#1818 = PRESENTATION_LAYER_ASSIGNMENT (  '', '', ( #2051 ) ) ;
#1819 = ORIENTED_EDGE ( 'NONE', *, *, #3740, .T. ) ;
#1820 = CARTESIAN_POINT ( 'NONE',  ( 0.8792893218813440100, -0.6499999999999999100, -0.7000000000000002900 ) ) ;
#1821 = FILL_AREA_STYLE_COLOUR ( '', #3126 ) ;
#1822 =( BOUNDED_CURVE ( )  B_SPLINE_CURVE ( 3, ( #3314, #3359, #3243, #3232 ),
 .UNSPECIFIED., .F., .T. ) 
 B_SPLINE_CURVE_WITH_KNOTS ( ( 4, 4 ),
 ( 3.141592653589793100, 3.267932781228566800 ),
 .UNSPECIFIED. ) 
 CURVE ( )  GEOMETRIC_REPRESENTATION_ITEM ( )  RATIONAL_B_SPLINE_CURVE ( ( 1.000000000000000000, 0.9986702899464854300, 0.9986702899464854300, 1.000000000000000000 ) ) 
 REPRESENTATION_ITEM ( '' )  );
#1823 = ORIENTED_EDGE ( 'NONE', *, *, #2257, .T. ) ;
#1824 = CARTESIAN_POINT ( 'NONE',  ( -0.6689339828220163300, 0.6750000000000000400, -0.9250000000000003800 ) ) ;
#1825 = AXIS2_PLACEMENT_3D ( 'NONE', #143, #127, #120 ) ;
#1826 = DIRECTION ( 'NONE',  ( 0.0000000000000000000, -1.000000000000000000, -2.891205793294679000E-015 ) ) ;
#1827 =( NAMED_UNIT ( * ) SI_UNIT ( $, .STERADIAN. ) SOLID_ANGLE_UNIT ( ) );
#1828 = FACE_OUTER_BOUND ( 'NONE', #3866, .T. ) ;
#1829 = PRESENTATION_STYLE_ASSIGNMENT (( #1927 ) ) ;
#1830 = EDGE_LOOP ( 'NONE', ( #4125, #2221, #3399, #2034 ) ) ;
#1831 =( LENGTH_UNIT ( ) NAMED_UNIT ( * ) SI_UNIT ( .MILLI., .METRE. ) );
#1832 = ORIENTED_EDGE ( 'NONE', *, *, #2980, .T. ) ;
#1833 = SURFACE_STYLE_FILL_AREA ( #2083 ) ;
#1834 = DIRECTION ( 'NONE',  ( 0.0000000000000000000, 1.084202172485504400E-016, 1.000000000000000000 ) ) ;
#1835 = DIRECTION ( 'NONE',  ( 0.0000000000000000000, -2.891205793294679400E-015, 1.000000000000000000 ) ) ;
#1836 = SURFACE_STYLE_FILL_AREA ( #3020 ) ;
#1837 = ORIENTED_EDGE ( 'NONE', *, *, #2160, .F. ) ;
#1838 = CARTESIAN_POINT ( 'NONE',  ( 0.6689339828220177700, 0.6750000000000000400, -0.9250000000000002700 ) ) ;
#1839 =( NAMED_UNIT ( * ) PLANE_ANGLE_UNIT ( ) SI_UNIT ( $, .RADIAN. ) );
#1840 = EDGE_CURVE ( 'NONE', #3104, #2244, #2182, .T. ) ;
#1841 = STYLED_ITEM ( 'NONE', ( #1056 ), #3679 ) ;
#1842 = FILL_AREA_STYLE_COLOUR ( '', #97 ) ;
#1843 = CARTESIAN_POINT ( 'NONE',  ( 0.9250000000000000400, 0.6750000000000002700, 0.6689339828220174400 ) ) ;
#1844 =( LENGTH_UNIT ( ) NAMED_UNIT ( * ) SI_UNIT ( .MILLI., .METRE. ) );
#1845 = PLANE ( 'NONE',  #719 ) ;
#1846 = CIRCLE ( 'NONE', #2104, 0.07499999999999998300 ) ;
#1847 = CYLINDRICAL_SURFACE ( 'NONE', #3095, 0.07499999999999995600 ) ;
#1848 = AXIS2_PLACEMENT_3D ( 'NONE', #201, #208, #235 ) ;
#1849 = SURFACE_STYLE_USAGE ( .BOTH. , #1851 ) ;
#1850 = SURFACE_STYLE_FILL_AREA ( #3416 ) ;
#1851 = SURFACE_SIDE_STYLE ('',( #4371 ) ) ;
#1852 = FILL_AREA_STYLE ('',( #1870 ) ) ;
#1853 = UNCERTAINTY_MEASURE_WITH_UNIT (LENGTH_MEASURE( 1.000000000000000100E-005 ), #2910, 'distance_accuracy_value', 'NONE');
#1854 = SURFACE_STYLE_FILL_AREA ( #626 ) ;
#1855 = DIRECTION ( 'NONE',  ( 0.0000000000000000000, 0.0000000000000000000, -1.000000000000000000 ) ) ;
#1856 = CARTESIAN_POINT ( 'NONE',  ( 0.09299038105676585300, 4.262141016151377700, -0.02803847577293303400 ) ) ;
#1857 = DIRECTION ( 'NONE',  ( 0.0000000000000000000, 0.0000000000000000000, 1.000000000000000000 ) ) ;
#1858 = DIRECTION ( 'NONE',  ( 0.0000000000000000000, -1.000000000000000000, 0.0000000000000000000 ) ) ;
#1859 = ORIENTED_EDGE ( 'NONE', *, *, #514, .T. ) ;
#1860 = DIRECTION ( 'NONE',  ( 1.000000000000000000, -0.0000000000000000000, -0.0000000000000000000 ) ) ;
#1861 = CARTESIAN_POINT ( 'NONE',  ( 0.8792893218813445700, -0.6999999999999999600, 0.7499999999999998900 ) ) ;
#1862 = CYLINDRICAL_SURFACE ( 'NONE', #3832, 0.05000000000000002400 ) ;
#1863 = ORIENTED_EDGE ( 'NONE', *, *, #1964, .T. ) ;
#1864 = CARTESIAN_POINT ( 'NONE',  ( 1.000000000000000000, -0.5999999999999998700, -0.6500000000000002400 ) ) ;
#1865 = DIRECTION ( 'NONE',  ( -0.0000000000000000000, 1.000000000000000000, 7.228014483236698500E-016 ) ) ;
#1866 = EDGE_CURVE ( 'NONE', #1437, #3003, #3870, .T. ) ;
#1867 = COLOUR_RGB ( '',0.1098039215686274500, 0.1098039215686274500, 0.1098039215686274500 ) ;
#1868 = CARTESIAN_POINT ( 'NONE',  ( -0.6689339828220179900, -0.7500000000000001100, 0.9249999999999998200 ) ) ;
#1869 = AXIS2_PLACEMENT_3D ( 'NONE', #783, #777, #768 ) ;
#1870 = FILL_AREA_STYLE_COLOUR ( '', #4285 ) ;
#1871 = EDGE_LOOP ( 'NONE', ( #4323, #680, #255, #2548 ) ) ;
#1872 = CARTESIAN_POINT ( 'NONE',  ( 1.296966991411009100, 0.6750000000000001600, 0.2969669914110107400 ) ) ;
#1873 = CARTESIAN_POINT ( 'NONE',  ( 0.9250000000000000400, 0.7500000000000000000, -0.6689339828220165500 ) ) ;
#1874 = ORIENTED_EDGE ( 'NONE', *, *, #2465, .T. ) ;
#1875 = CARTESIAN_POINT ( 'NONE',  ( -0.03504809471616647500, 4.250000000000000000, -0.09999999999999917300 ) ) ;
#1876 = EDGE_CURVE ( 'NONE', #3930, #3316, #3056, .T. ) ;
#1877 = CYLINDRICAL_SURFACE ( 'NONE', #1200, 0.04999999999999995400 ) ;
#1878 = LINE ( 'NONE', #1958, #3031 ) ;
#1879 = VERTEX_POINT ( 'NONE', #4455 ) ;
#1880 = DIRECTION ( 'NONE',  ( -1.000000000000000000, -0.0000000000000000000, 0.0000000000000000000 ) ) ;
#1881 = PRODUCT_DEFINITION_SHAPE ( 'NONE', 'NONE',  #4472 ) ;
#1882 = STYLED_ITEM ( 'NONE', ( #2528 ), #982 ) ;
#1883 = PRESENTATION_STYLE_ASSIGNMENT (( #1475 ) ) ;
#1884 = UNCERTAINTY_MEASURE_WITH_UNIT (LENGTH_MEASURE( 1.000000000000000100E-005 ), #1753, 'distance_accuracy_value', 'NONE');
#1885 = ORIENTED_EDGE ( 'NONE', *, *, #2751, .F. ) ;
#1886 = FILL_AREA_STYLE_COLOUR ( '', #351 ) ;
#1887 = DIRECTION ( 'NONE',  ( -1.000000000000000000, 0.0000000000000000000, 0.0000000000000000000 ) ) ;
#1888 = CYLINDRICAL_SURFACE ( 'NONE', #3584, 0.07499999999999998300 ) ;
#1889 = EDGE_LOOP ( 'NONE', ( #195, #415, #4273, #2835 ) ) ;
#1890 =( GEOMETRIC_REPRESENTATION_CONTEXT ( 3 ) GLOBAL_UNCERTAINTY_ASSIGNED_CONTEXT ( ( #1939 ) ) GLOBAL_UNIT_ASSIGNED_CONTEXT ( ( #908, #828, #825 ) ) REPRESENTATION_CONTEXT ( 'NONE', 'WORKASPACE' ) );
#1891 = FACE_OUTER_BOUND ( 'NONE', #2605, .T. ) ;
#1892 = CARTESIAN_POINT ( 'NONE',  ( 0.7219669914110071800, 0.6750000000000002700, 0.9780330085889912300 ) ) ;
#1893 =( LENGTH_UNIT ( ) NAMED_UNIT ( * ) SI_UNIT ( .MILLI., .METRE. ) );
#1894 = PRESENTATION_STYLE_ASSIGNMENT (( #2352 ) ) ;
#1895 = ORIENTED_EDGE ( 'NONE', *, *, #4234, .T. ) ;
#1896 = CARTESIAN_POINT ( 'NONE',  ( -0.2494022272309430700, -2.791227751672055400, 0.1844503219471095000 ) ) ;
#1897 = CARTESIAN_POINT ( 'NONE',  ( -1.000000000000000000, -0.6000000000000000900, 0.6499999999999999100 ) ) ;
#1898 = COLOUR_RGB ( '',0.1098039215686274500, 0.1098039215686274500, 0.1098039215686274500 ) ;
#1899 = FACE_OUTER_BOUND ( 'NONE', #3151, .T. ) ;
#1900 = ORIENTED_EDGE ( 'NONE', *, *, #2368, .T. ) ;
#1901 = DIRECTION ( 'NONE',  ( 0.0000000000000000000, 0.0000000000000000000, 1.000000000000000000 ) ) ;
#1902 = CARTESIAN_POINT ( 'NONE',  ( 1.000000000000000000, 0.6750000000000000400, -0.9250000000000002700 ) ) ;
#1903 = CARTESIAN_POINT ( 'NONE',  ( 0.1750000000000000200, -2.790192378864667400, 0.2499999999999994200 ) ) ;
#1904 = EDGE_CURVE ( 'NONE', #850, #1941, #3968, .T. ) ;
#1905 = SURFACE_STYLE_USAGE ( .BOTH. , #1913 ) ;
#1906 = ADVANCED_FACE ( 'NONE', ( #3764 ), #787, .T. ) ;
#1907 = VECTOR ( 'NONE', #4087, 1000.000000000000000 ) ;
#1908 = MECHANICAL_DESIGN_GEOMETRIC_PRESENTATION_REPRESENTATION (  '', ( #677 ), #2128 ) ;
#1909 =( NAMED_UNIT ( * ) SI_UNIT ( $, .STERADIAN. ) SOLID_ANGLE_UNIT ( ) );
#1910 = CIRCLE ( 'NONE', #3156, 0.07499999999999998300 ) ;
#1911 =( NAMED_UNIT ( * ) SI_UNIT ( $, .STERADIAN. ) SOLID_ANGLE_UNIT ( ) );
#1912 = ORIENTED_EDGE ( 'NONE', *, *, #2234, .T. ) ;
#1913 = SURFACE_SIDE_STYLE ('',( #1814 ) ) ;
#1914 = PRESENTATION_LAYER_ASSIGNMENT (  '', '', ( #686 ) ) ;
#1915 = ORIENTED_EDGE ( 'NONE', *, *, #4060, .T. ) ;
#1916 = DIRECTION ( 'NONE',  ( 0.0000000000000000000, 0.0000000000000000000, -1.000000000000000000 ) ) ;
#1917 =( NAMED_UNIT ( * ) PLANE_ANGLE_UNIT ( ) SI_UNIT ( $, .RADIAN. ) );
#1918 = DIRECTION ( 'NONE',  ( 1.000000000000000000, -0.0000000000000000000, 0.0000000000000000000 ) ) ;
#1919 = LINE ( 'NONE', #4288, #1808 ) ;
#1920 = AXIS2_PLACEMENT_3D ( 'NONE', #3463, #3480, #3505 ) ;
#1921 = VERTEX_POINT ( 'NONE', #3393 ) ;
#1922 = CARTESIAN_POINT ( 'NONE',  ( -1.000000000000000000, 0.0000000000000000000, 0.0000000000000000000 ) ) ;
#1923 =( LENGTH_UNIT ( ) NAMED_UNIT ( * ) SI_UNIT ( .MILLI., .METRE. ) );
#1924 =( BOUNDED_CURVE ( )  B_SPLINE_CURVE ( 3, ( #3634, #3621, #3629, #3649 ),
 .UNSPECIFIED., .F., .F. ) 
 B_SPLINE_CURVE_WITH_KNOTS ( ( 4, 4 ),
 ( 2.482534617831119400, 3.800650689348464200 ),
 .UNSPECIFIED. ) 
 CURVE ( )  GEOMETRIC_REPRESENTATION_ITEM ( )  RATIONAL_B_SPLINE_CURVE ( ( 1.000000000000000000, 0.8603796100557163900, 0.8603796100557163900, 1.000000000000000000 ) ) 
 REPRESENTATION_ITEM ( '' )  );
#1926 = ADVANCED_FACE ( 'NONE', ( #3437 ), #301, .T. ) ;
#1925 = VERTEX_POINT ( 'NONE', #3160 ) ;
#1927 = SURFACE_STYLE_USAGE ( .BOTH. , #1930 ) ;
#1928 = PRESENTATION_LAYER_ASSIGNMENT (  '', '', ( #1469 ) ) ;
#1929 = EDGE_CURVE ( 'NONE', #3247, #3352, #1315, .T. ) ;
#1930 = SURFACE_SIDE_STYLE ('',( #1833 ) ) ;
#1931 =( GEOMETRIC_REPRESENTATION_CONTEXT ( 3 ) GLOBAL_UNCERTAINTY_ASSIGNED_CONTEXT ( ( #832 ) ) GLOBAL_UNIT_ASSIGNED_CONTEXT ( ( #73, #72, #56 ) ) REPRESENTATION_CONTEXT ( 'NONE', 'WORKASPACE' ) );
#1932 = CARTESIAN_POINT ( 'NONE',  ( 0.9426776695308618500, -0.6034715492623939900, 0.6683058261752414800 ) ) ;
#1933 = FACE_OUTER_BOUND ( 'NONE', #2073, .T. ) ;
#1934 = VERTEX_POINT ( 'NONE', #2940 ) ;
#1935 =( NAMED_UNIT ( * ) PLANE_ANGLE_UNIT ( ) SI_UNIT ( $, .RADIAN. ) );
#1936 = CIRCLE ( 'NONE', #784, 0.07499999999999998300 ) ;
#1937 = EDGE_CURVE ( 'NONE', #2404, #2663, #3917, .T. ) ;
#1938 = VERTEX_POINT ( 'NONE', #2958 ) ;
#1939 = UNCERTAINTY_MEASURE_WITH_UNIT (LENGTH_MEASURE( 1.000000000000000100E-005 ), #908, 'distance_accuracy_value', 'NONE');
#1940 = CARTESIAN_POINT ( 'NONE',  ( 0.9146446609406715400, -0.6999999999999997300, -0.7853553390593276400 ) ) ;
#1941 = VERTEX_POINT ( 'NONE', #2823 ) ;
#1942 = MECHANICAL_DESIGN_GEOMETRIC_PRESENTATION_REPRESENTATION (  '', ( #978 ), #2164 ) ;
#1943 = CARTESIAN_POINT ( 'NONE',  ( -0.2494022272309430700, -2.791227751672055400, 0.1844503219471095000 ) ) ;
#1944 = DIRECTION ( 'NONE',  ( -1.000000000000000000, 0.0000000000000000000, 0.0000000000000000000 ) ) ;
#1945 = ORIENTED_EDGE ( 'NONE', *, *, #2095, .T. ) ;
#1946 = CARTESIAN_POINT ( 'NONE',  ( 1.000000000000000000, 0.6750000000000001600, -0.6689339828220164400 ) ) ;
#1947 =( LENGTH_UNIT ( ) NAMED_UNIT ( * ) SI_UNIT ( .MILLI., .METRE. ) );
#1948 =( GEOMETRIC_REPRESENTATION_CONTEXT ( 3 ) GLOBAL_UNCERTAINTY_ASSIGNED_CONTEXT ( ( #2864 ) ) GLOBAL_UNIT_ASSIGNED_CONTEXT ( ( #3680, #3786, #3776 ) ) REPRESENTATION_CONTEXT ( 'NONE', 'WORKASPACE' ) );
#1949 = CYLINDRICAL_SURFACE ( 'NONE', #3730, 0.07499999999999998300 ) ;
#1950 = DIRECTION ( 'NONE',  ( -1.000000000000000000, 0.0000000000000000000, 0.0000000000000000000 ) ) ;
#1951 = CYLINDRICAL_SURFACE ( 'NONE', #3542, 0.05000000000000002400 ) ;
#1952 = ORIENTED_EDGE ( 'NONE', *, *, #3728, .F. ) ;
#1953 = SURFACE_STYLE_USAGE ( .BOTH. , #1957 ) ;
#1954 = FILL_AREA_STYLE_COLOUR ( '', #3039 ) ;
#1955 = ADVANCED_FACE ( 'NONE', ( #2130 ), #849, .T. ) ;
#1956 = CARTESIAN_POINT ( 'NONE',  ( 0.8792893268690117300, -0.6400241630429122100, -0.7000000000000002900 ) ) ;
#1957 = SURFACE_SIDE_STYLE ('',( #230 ) ) ;
#1958 = CARTESIAN_POINT ( 'NONE',  ( -0.2500000000000000000, 4.250000000000000000, -0.09999999999999917300 ) ) ;
#1959 = EDGE_CURVE ( 'NONE', #3304, #2572, #4247, .T. ) ;
#1960 = PRESENTATION_LAYER_ASSIGNMENT (  '', '', ( #224 ) ) ;
#1961 = COLOUR_RGB ( '',0.1098039215686274500, 0.1098039215686274500, 0.1098039215686274500 ) ;
#1962 = CARTESIAN_POINT ( 'NONE',  ( -0.8792893218813445700, -0.6999999999999997300, -0.7000000000000002900 ) ) ;
#1963 = FILL_AREA_STYLE ('',( #1970 ) ) ;
#1964 = EDGE_CURVE ( 'NONE', #2841, #1451, #4451, .T. ) ;
#1965 = DIRECTION ( 'NONE',  ( 0.0000000000000000000, 0.0000000000000000000, 1.000000000000000000 ) ) ;
#1966 = PLANE ( 'NONE',  #3918 ) ;
#1967 = UNCERTAINTY_MEASURE_WITH_UNIT (LENGTH_MEASURE( 1.000000000000000100E-005 ), #826, 'distance_accuracy_value', 'NONE');
#1968 = DIRECTION ( 'NONE',  ( 0.7071067811865495700, -5.110978055611233300E-016, -0.7071067811865454600 ) ) ;
#1969 = AXIS2_PLACEMENT_3D ( 'NONE', #4357, #3240, #3136 ) ;
#1970 = FILL_AREA_STYLE_COLOUR ( '', #2967 ) ;
#1971 = PRESENTATION_STYLE_ASSIGNMENT (( #3294 ) ) ;
#1972 = CARTESIAN_POINT ( 'NONE',  ( 0.1750000000000000200, 3.990192378864668900, 0.2500000000000008300 ) ) ;
#1973 = ORIENTED_EDGE ( 'NONE', *, *, #1414, .F. ) ;
#1974 = CARTESIAN_POINT ( 'NONE',  ( -0.7219669914110070600, -0.6999999999999999600, -0.9780330085889915600 ) ) ;
#1975 = AXIS2_PLACEMENT_3D ( 'NONE', #2858, #3006, #2549 ) ;
#1976 = EDGE_LOOP ( 'NONE', ( #2001, #3200, #1145, #2158, #1674, #3539 ) ) ;
#1977 = CARTESIAN_POINT ( 'NONE',  ( 0.9999997373216452700, -0.6668582943526538700, -0.7000002626783448100 ) ) ;
#1978 = ORIENTED_EDGE ( 'NONE', *, *, #4171, .T. ) ;
#1979 = CARTESIAN_POINT ( 'NONE',  ( -0.6689339828220182100, 0.7500000000000002200, 0.9249999999999998200 ) ) ;
#1980 =( GEOMETRIC_REPRESENTATION_CONTEXT ( 3 ) GLOBAL_UNCERTAINTY_ASSIGNED_CONTEXT ( ( #894 ) ) GLOBAL_UNIT_ASSIGNED_CONTEXT ( ( #2428, #2425, #2421 ) ) REPRESENTATION_CONTEXT ( 'NONE', 'WORKASPACE' ) );
#1981 = VERTEX_POINT ( 'NONE', #2192 ) ;
#1982 = CARTESIAN_POINT ( 'NONE',  ( 1.000000000000000000, -0.5523576888175939500, 0.6774729627102573600 ) ) ;
#1983 = AXIS2_PLACEMENT_3D ( 'NONE', #3577, #3795, #602 ) ;
#1984 = ORIENTED_EDGE ( 'NONE', *, *, #3979, .T. ) ;
#1985 = EDGE_CURVE ( 'NONE', #3157, #683, #3486, .T. ) ;
#1986 = AXIS2_PLACEMENT_3D ( 'NONE', #4286, #4458, #4278 ) ;
#1987 = SURFACE_STYLE_FILL_AREA ( #1484 ) ;
#1988 = ORIENTED_EDGE ( 'NONE', *, *, #3974, .T. ) ;
#1989 =( NAMED_UNIT ( * ) SI_UNIT ( $, .STERADIAN. ) SOLID_ANGLE_UNIT ( ) );
#1990 = FILL_AREA_STYLE_COLOUR ( '', #2719 ) ;
#1991 = CARTESIAN_POINT ( 'NONE',  ( 0.9984992817992834900, -0.5530493615753009400, 0.6861238842473975600 ) ) ;
#1992 = CARTESIAN_POINT ( 'NONE',  ( 0.03504809471616642000, 4.250000000000000000, -0.09999999999999917300 ) ) ;
#1993 = AXIS2_PLACEMENT_3D ( 'NONE', #856, #4264, #1023 ) ;
#1994 =( BOUNDED_CURVE ( )  B_SPLINE_CURVE ( 3, ( #71, #1772, #1741, #1736 ),
 .UNSPECIFIED., .F., .F. ) 
 B_SPLINE_CURVE_WITH_KNOTS ( ( 4, 4 ),
 ( 5.624127271353178700, 6.942243343005991100 ),
 .UNSPECIFIED. ) 
 CURVE ( )  GEOMETRIC_REPRESENTATION_ITEM ( )  RATIONAL_B_SPLINE_CURVE ( ( 1.000000000000000000, 0.8603796100280642900, 0.8603796100280642900, 1.000000000000000000 ) ) 
 REPRESENTATION_ITEM ( '' )  );
#1995 = COLOUR_RGB ( '',0.1098039215686274500, 0.1098039215686274500, 0.1098039215686274500 ) ;
#1996 = VERTEX_POINT ( 'NONE', #2032 ) ;
#1997 = CARTESIAN_POINT ( 'NONE',  ( 0.9872637081369594100, -0.6720299237500941800, -0.7127362918630418800 ) ) ;
#1998 = CARTESIAN_POINT ( 'NONE',  ( 0.07483595050107537400, 4.250000000000000000, -0.09999999999999904800 ) ) ;
#1999 = CARTESIAN_POINT ( 'NONE',  ( 0.9250000000000000400, 0.6750000000000002700, 0.6689339828220176600 ) ) ;
#2000 = COLOUR_RGB ( '',0.1098039215686274500, 0.1098039215686274500, 0.1098039215686274500 ) ;
#2001 = ORIENTED_EDGE ( 'NONE', *, *, #3257, .F. ) ;
#2002 = PRESENTATION_LAYER_ASSIGNMENT (  '', '', ( #1287 ) ) ;
#2003 = CARTESIAN_POINT ( 'NONE',  ( 0.9956337676538455900, -0.5538098079748504700, 0.6941504628900717600 ) ) ;
#2004 = CARTESIAN_POINT ( 'NONE',  ( -0.9780330085889914500, 0.6750000000000001600, 0.7219669914110069500 ) ) ;
#2005 = VECTOR ( 'NONE', #276, 1000.000000000000000 ) ;
#2006 = ORIENTED_EDGE ( 'NONE', *, *, #3125, .T. ) ;
#2007 =( NAMED_UNIT ( * ) PLANE_ANGLE_UNIT ( ) SI_UNIT ( $, .RADIAN. ) );
#2008 = CARTESIAN_POINT ( 'NONE',  ( 0.9928029327505333300, -0.5545610512424401500, 0.7020799016653219700 ) ) ;
#2009 = CARTESIAN_POINT ( 'NONE',  ( 0.9885634155822886600, -0.5553988951449998500, 0.7096217851704382800 ) ) ;
#2010 = CARTESIAN_POINT ( 'NONE',  ( 0.09999999999999917300, 4.250000000000000000, -0.03504809471616635000 ) ) ;
#2011 = PRESENTATION_STYLE_ASSIGNMENT (( #2969 ) ) ;
#2012 =( LENGTH_UNIT ( ) NAMED_UNIT ( * ) SI_UNIT ( .MILLI., .METRE. ) );
#2013 = CARTESIAN_POINT ( 'NONE',  ( 0.9832650598066116100, -0.5562044580267526700, 0.7161587941581358800 ) ) ;
#2014 = LINE ( 'NONE', #4078, #1069 ) ;
#2015 = ADVANCED_FACE ( 'NONE', ( #1713 ), #4066, .T. ) ;
#2016 = EDGE_CURVE ( 'NONE', #1170, #2667, #2280, .T. ) ;
#2017 = STYLED_ITEM ( 'NONE', ( #4192 ), #3406 ) ;
#2018 = APPLICATION_CONTEXT ( 'automotive_design' ) ;
#2019 = LINE ( 'NONE', #4268, #4434 ) ;
#2020 = UNCERTAINTY_MEASURE_WITH_UNIT (LENGTH_MEASURE( 1.000000000000000100E-005 ), #689, 'distance_accuracy_value', 'NONE');
#2021 = EDGE_CURVE ( 'NONE', #4024, #1732, #3190, .T. ) ;
#2022 = ORIENTED_EDGE ( 'NONE', *, *, #1866, .F. ) ;
#2023 = CARTESIAN_POINT ( 'NONE',  ( 0.9816245035219781600, -0.5564538884735327200, 0.7181828808052997900 ) ) ;
#2024 = SURFACE_STYLE_FILL_AREA ( #3705 ) ;
#2025 = ORIENTED_EDGE ( 'NONE', *, *, #3201, .T. ) ;
#2026 = LINE ( 'NONE', #4447, #3815 ) ;
#2027 = EDGE_LOOP ( 'NONE', ( #3209, #3598, #476, #684 ) ) ;
#2028 = STYLED_ITEM ( 'NONE', ( #3090 ), #2243 ) ;
#2029 = VERTEX_POINT ( 'NONE', #1481 ) ;
#2030 = ADVANCED_FACE ( 'NONE', ( #3962 ), #1440, .T. ) ;
#2031 = SURFACE_STYLE_USAGE ( .BOTH. , #2118 ) ;
#2032 = CARTESIAN_POINT ( 'NONE',  ( -0.9499999999999998400, -0.6000000000000000900, 0.6499999999999999100 ) ) ;
#2033 = CARTESIAN_POINT ( 'NONE',  ( -0.9031828836381417000, -0.6112408245543834400, 0.6880532191216011100 ) ) ;
#2034 = ORIENTED_EDGE ( 'NONE', *, *, #3549, .F. ) ;
#2035 = EDGE_CURVE ( 'NONE', #317, #4074, #3650, .T. ) ;
#2036 = DIRECTION ( 'NONE',  ( 0.7071067811865495700, -7.666467083416848500E-017, -0.7071067811865454600 ) ) ;
#2037 = STYLED_ITEM ( 'NONE', ( #2698 ), #3017 ) ;
#2038 = CIRCLE ( 'NONE', #3880, 0.07500000000000003900 ) ;
#2039 = CARTESIAN_POINT ( 'NONE',  ( 0.9798758540292369400, -0.5567014198120413500, 0.7201241459706974000 ) ) ;
#2040 = EDGE_LOOP ( 'NONE', ( #2333, #164, #4461, #422, #1912, #2297 ) ) ;
#2041 = EDGE_CURVE ( 'NONE', #2341, #3104, #2767, .T. ) ;
#2042 = PRESENTATION_STYLE_ASSIGNMENT (( #449 ) ) ;
#2043 = ORIENTED_EDGE ( 'NONE', *, *, #172, .T. ) ;
#2044 = DIRECTION ( 'NONE',  ( 1.000000000000000000, -0.0000000000000000000, 0.0000000000000000000 ) ) ;
#2045 = DIRECTION ( 'NONE',  ( 1.000000000000000000, -0.0000000000000000000, -0.0000000000000000000 ) ) ;
#2046 = CIRCLE ( 'NONE', #3007, 0.07500000000000002500 ) ;
#2047 = ORIENTED_EDGE ( 'NONE', *, *, #635, .T. ) ;
#2048 = CARTESIAN_POINT ( 'NONE',  ( -1.000000000000000000, -0.6499999999999999100, -0.6500000000000002400 ) ) ;
#2049 = SURFACE_STYLE_FILL_AREA ( #3596 ) ;
#2050 = CARTESIAN_POINT ( 'NONE',  ( -0.9426776695308620700, -0.6034715492623936600, 0.6683058261752405900 ) ) ;
#2051 = STYLED_ITEM ( 'NONE', ( #4049 ), #596 ) ;
#2052 = ORIENTED_EDGE ( 'NONE', *, *, #867, .T. ) ;
#2053 = DIRECTION ( 'NONE',  ( -1.000000000000000000, 0.0000000000000000000, 0.0000000000000000000 ) ) ;
#2054 = ADVANCED_FACE ( 'NONE', ( #907 ), #1114, .T. ) ;
#2055 = LINE ( 'NONE', #654, #3843 ) ;
#2056 = CARTESIAN_POINT ( 'NONE',  ( 0.9780330085889910000, -0.5569430985252592500, 0.7219669914110087300 ) ) ;
#2057 = CARTESIAN_POINT ( 'NONE',  ( -0.8792893218813440100, -0.6287792279419274200, 0.6999999999999997300 ) ) ;
#2058 = STYLED_ITEM ( 'NONE', ( #3579 ), #2613 ) ;
#2059 = FILL_AREA_STYLE_COLOUR ( '', #3701 ) ;
#2060 = PRESENTATION_STYLE_ASSIGNMENT (( #1953 ) ) ;
#2061 = CARTESIAN_POINT ( 'NONE',  ( -0.8792893218813440100, -0.6500000000000001300, 0.6999999999999998400 ) ) ;
#2062 = CYLINDRICAL_SURFACE ( 'NONE', #4276, 0.07500000000000003900 ) ;
#2063 = AXIS2_PLACEMENT_3D ( 'NONE', #1311, #395, #17 ) ;
#2064 = EDGE_CURVE ( 'NONE', #2117, #1217, #4118, .T. ) ;
#2065 = UNCERTAINTY_MEASURE_WITH_UNIT (LENGTH_MEASURE( 1.000000000000000100E-005 ), #3692, 'distance_accuracy_value', 'NONE');
#2066 = COLOUR_RGB ( '',0.1098039215686274500, 0.1098039215686274500, 0.1098039215686274500 ) ;
#2067 = EDGE_LOOP ( 'NONE', ( #2856, #151, #2506, #1140 ) ) ;
#2068 = STYLED_ITEM ( 'NONE', ( #1244 ), #177 ) ;
#2069 = ADVANCED_FACE ( 'NONE', ( #1549 ), #184, .T. ) ;
#2070 = DIRECTION ( 'NONE',  ( -0.0000000000000000000, -1.000000000000000000, -2.478176394252581600E-016 ) ) ;
#2071 = CARTESIAN_POINT ( 'NONE',  ( 0.9780330085889914500, 0.0000000000000000000, -0.7219669914110074000 ) ) ;
#2072 = EDGE_LOOP ( 'NONE', ( #917, #537, #3511, #2945 ) ) ;
#2073 = EDGE_LOOP ( 'NONE', ( #1658, #3620, #3054, #4019 ) ) ;
#2074 = DIRECTION ( 'NONE',  ( 0.0000000000000000000, 0.0000000000000000000, -1.000000000000000000 ) ) ;
#2075 = DIRECTION ( 'NONE',  ( -0.0000000000000000000, -1.000000000000000000, 0.0000000000000000000 ) ) ;
#2076 = VECTOR ( 'NONE', #14, 1000.000000000000200 ) ;
#2077 = CARTESIAN_POINT ( 'NONE',  ( 0.2500000000000000000, 0.7500000000000001100, -8.131516293641284500E-017 ) ) ;
#2078 = ORIENTED_EDGE ( 'NONE', *, *, #1097, .T. ) ;
#2079 = CARTESIAN_POINT ( 'NONE',  ( -0.1750000000000000200, 0.7500000000000001100, 0.2500000000000000000 ) ) ;
#2080 = ORIENTED_EDGE ( 'NONE', *, *, #1037, .T. ) ;
#2081 = DIRECTION ( 'NONE',  ( 0.0000000000000000000, -1.084202172485504400E-016, -1.000000000000000000 ) ) ;
#2082 = DIRECTION ( 'NONE',  ( 0.0000000000000000000, -1.000000000000000000, -1.106328747434188200E-016 ) ) ;
#2083 = FILL_AREA_STYLE ('',( #1954 ) ) ;
#2084 = PRESENTATION_LAYER_ASSIGNMENT (  '', '', ( #1402 ) ) ;
#2085 = ORIENTED_EDGE ( 'NONE', *, *, #2205, .T. ) ;
#2086 = EDGE_CURVE ( 'NONE', #2244, #2682, #3947, .T. ) ;
#2087 = AXIS2_PLACEMENT_3D ( 'NONE', #1036, #903, #890 ) ;
#2088 = UNCERTAINTY_MEASURE_WITH_UNIT (LENGTH_MEASURE( 1.000000000000000100E-005 ), #4198, 'distance_accuracy_value', 'NONE');
#2089 = CARTESIAN_POINT ( 'NONE',  ( -1.000000000000000000, -0.5518088380021115600, -0.6689339828220179900 ) ) ;
#2090 = CARTESIAN_POINT ( 'NONE',  ( -1.000000000000000000, -0.5523576888175937300, -0.6774729627102579200 ) ) ;
#2091 = DIRECTION ( 'NONE',  ( 0.0000000000000000000, -1.084202172485504400E-016, -1.000000000000000000 ) ) ;
#2092 = CIRCLE ( 'NONE', #2917, 0.07499999999999998300 ) ;
#2093 = EDGE_LOOP ( 'NONE', ( #4443, #3886, #4175, #349 ) ) ;
#2094 = ITEM_DEFINED_TRANSFORMATION ( 'NONE', 'NONE', #2204,  #9 ) ;
#2095 = EDGE_CURVE ( 'NONE', #722, #2442, #2026, .T. ) ;
#2096 = CARTESIAN_POINT ( 'NONE',  ( 0.9499999999999999600, -0.6009044190012010600, 0.6594669914117612400 ) ) ;
#2097 = LINE ( 'NONE', #1407, #2902 ) ;
#2098 = VERTEX_POINT ( 'NONE', #128 ) ;
#2099 = PRESENTATION_STYLE_ASSIGNMENT (( #4364 ) ) ;
#2100 = CARTESIAN_POINT ( 'NONE',  ( -0.8792893218813441200, -0.6999999999999999600, 0.7499999999999998900 ) ) ;
#2101 = CARTESIAN_POINT ( 'NONE',  ( -0.9984992817992834900, -0.5530493615753007100, -0.6861238842473981200 ) ) ;
#2102 = ORIENTED_EDGE ( 'NONE', *, *, #4254, .T. ) ;
#2103 = DIRECTION ( 'NONE',  ( 0.0000000000000000000, -1.000000000000000000, 0.0000000000000000000 ) ) ;
#2104 = AXIS2_PLACEMENT_3D ( 'NONE', #2513, #2508, #2505 ) ;
#2105 = CYLINDRICAL_SURFACE ( 'NONE', #4123, 0.05000000000000002400 ) ;
#2106 = CARTESIAN_POINT ( 'NONE',  ( -0.1750000000000000200, -4.336808689942014700E-017, 0.1749999999999998500 ) ) ;
#2107 = SURFACE_STYLE_FILL_AREA ( #960 ) ;
#2108 = CARTESIAN_POINT ( 'NONE',  ( -0.9956337676538455900, -0.5538098079748502400, -0.6941504628900723200 ) ) ;
#2109 = LINE ( 'NONE', #3000, #1184 ) ;
#2110 = CARTESIAN_POINT ( 'NONE',  ( 0.9500000000036770100, -0.6010334796196378200, 0.6601362965577488600 ) ) ;
#2111 = AXIS2_PLACEMENT_3D ( 'NONE', #237, #3344, #207 ) ;
#2112 = CARTESIAN_POINT ( 'NONE',  ( -0.9928029327505333300, -0.5545610512424399300, -0.7020799016653224100 ) ) ;
#2113 = CARTESIAN_POINT ( 'NONE',  ( 0.9498885092543941600, -0.6011780798770830500, 0.6608094220637573700 ) ) ;
#2114 = DIRECTION ( 'NONE',  ( 0.0000000000000000000, 0.0000000000000000000, 1.000000000000000000 ) ) ;
#2115 = CARTESIAN_POINT ( 'NONE',  ( -0.9885634155822886600, -0.5553988951449995200, -0.7096217851704387200 ) ) ;
#2116 = PRESENTATION_STYLE_ASSIGNMENT (( #2825 ) ) ;
#2117 = VERTEX_POINT ( 'NONE', #4424 ) ;
#2118 = SURFACE_SIDE_STYLE ('',( #1571 ) ) ;
#2119 = CARTESIAN_POINT ( 'NONE',  ( 1.000000000000000000, -0.6499999999999999100, -0.6500000000000002400 ) ) ;
#2120 = CARTESIAN_POINT ( 'NONE',  ( 0.9496856838198023400, -0.6013270115166448000, 0.6614429102100527500 ) ) ;
#2121 =( BOUNDED_CURVE ( )  B_SPLINE_CURVE ( 3, ( #776, #789, #765, #758 ),
 .UNSPECIFIED., .F., .F. ) 
 B_SPLINE_CURVE_WITH_KNOTS ( ( 4, 4 ),
 ( 5.624127271420912100, 6.942243342938259500 ),
 .UNSPECIFIED. ) 
 CURVE ( )  GEOMETRIC_REPRESENTATION_ITEM ( )  RATIONAL_B_SPLINE_CURVE ( ( 1.000000000000000000, 0.8603796100557159500, 0.8603796100557159500, 1.000000000000000000 ) ) 
 REPRESENTATION_ITEM ( '' )  );
#2122 = DIRECTION ( 'NONE',  ( -0.0000000000000000000, 1.084202172485504400E-016, 1.000000000000000000 ) ) ;
#2123 = EDGE_CURVE ( 'NONE', #2673, #2230, #3181, .T. ) ;
#2124 = ORIENTED_EDGE ( 'NONE', *, *, #2035, .T. ) ;
#2125 = CARTESIAN_POINT ( 'NONE',  ( -0.9832650598066116100, -0.5562044580267524500, -0.7161587941581364400 ) ) ;
#2126 = CARTESIAN_POINT ( 'NONE',  ( 0.9494309709816501900, -0.6015140432894584600, 0.6622384591706820300 ) ) ;
#2127 = ORIENTED_EDGE ( 'NONE', *, *, #370, .F. ) ;
#2128 =( GEOMETRIC_REPRESENTATION_CONTEXT ( 3 ) GLOBAL_UNCERTAINTY_ASSIGNED_CONTEXT ( ( #1600 ) ) GLOBAL_UNIT_ASSIGNED_CONTEXT ( ( #3915, #2851, #3924 ) ) REPRESENTATION_CONTEXT ( 'NONE', 'WORKASPACE' ) );
#2129 = FILL_AREA_STYLE ('',( #2427 ) ) ;
#2130 = FACE_OUTER_BOUND ( 'NONE', #3816, .T. ) ;
#2131 = EDGE_LOOP ( 'NONE', ( #717, #3673, #1389, #1027 ) ) ;
#2132 = MECHANICAL_DESIGN_GEOMETRIC_PRESENTATION_REPRESENTATION (  '', ( #686 ), #2358 ) ;
#2133 = CARTESIAN_POINT ( 'NONE',  ( 0.9490292115901424200, -0.6017119913192442400, 0.6629910013659433600 ) ) ;
#2134 = FILL_AREA_STYLE_COLOUR ( '', #2780 ) ;
#2135 = VERTEX_POINT ( 'NONE', #4298 ) ;
#2136 = CARTESIAN_POINT ( 'NONE',  ( 0.9485445892423052200, -0.6019049039874252400, 0.6636697380933654900 ) ) ;
#2137 = CARTESIAN_POINT ( 'NONE',  ( -0.2449180696087133500, -2.798994540498083200, 0.2197540201127981300 ) ) ;
#2138 = CARTESIAN_POINT ( 'NONE',  ( 0.9499999999999999600, -0.6009044190009746900, -0.6594669914105891800 ) ) ;
#2139 = CARTESIAN_POINT ( 'NONE',  ( 1.000000000000000000, -0.6999999999999997300, -0.7500000000000003300 ) ) ;
#2140 = VERTEX_POINT ( 'NONE', #4292 ) ;
#2141 = CARTESIAN_POINT ( 'NONE',  ( 0.9474789610240373900, -0.6023290965237218000, 0.6651622012716397200 ) ) ;
#2142 = PRESENTATION_LAYER_ASSIGNMENT (  '', '', ( #955 ) ) ;
#2143 = CARTESIAN_POINT ( 'NONE',  ( 0.9432188261369894900, -0.5772287563006708300, -0.7567811738630094700 ) ) ;
#2144 = CARTESIAN_POINT ( 'NONE',  ( -0.9798758540292369400, -0.5567014198120411300, -0.7201241459706979600 ) ) ;
#2145 = VECTOR ( 'NONE', #729, 1000.000000000000000 ) ;
#2146 = ORIENTED_EDGE ( 'NONE', *, *, #316, .T. ) ;
#2147 = CARTESIAN_POINT ( 'NONE',  ( -0.9816245035219781600, -0.5564538884735325000, -0.7181828808053003500 ) ) ;
#2148 = CARTESIAN_POINT ( 'NONE',  ( 0.9459943119458523700, -0.6027435756963291900, 0.6663676559334730200 ) ) ;
#2149 =( BOUNDED_SURFACE ( )  B_SPLINE_SURFACE ( 3, 2, ( 
 ( #3033, #2664, #2674 ),
 ( #2931, #2627, #2654 ),
 ( #2389, #4460, #2143 ),
 ( #2165, #1997, #2159 ),
 ( #1956, #1977, #1809 ),
 ( #1820, #1724, #1740 ) ),
 .UNSPECIFIED., .F., .F., .F. ) 
 B_SPLINE_SURFACE_WITH_KNOTS ( ( 4, 2, 4 ),
 ( 3, 3 ),
 ( 1.945628675883078800, 2.543610664736435800, 3.141592653589793100 ),
 ( 0.0000000000000000000, 1.000000000000000000 ),
 .UNSPECIFIED. ) 
 GEOMETRIC_REPRESENTATION_ITEM ( )  RATIONAL_B_SPLINE_SURFACE ( (
 ( 1.000000000000000000, 0.6087349684128136000, 1.000000000000000000),
 ( 1.000000000000000000, 0.5551947689709995100, 1.000000000000000000),
 ( 1.000000000000000000, 0.4993640558079342500, 1.000000000000000000),
 ( 1.000000000000000000, 0.4123322341785577400, 1.000000000000000000),
 ( 1.000000000000000000, 0.3820761696031931300, 1.000000000000000000),
 ( 1.000000000000000000, 0.3826834323650893900, 1.000000000000000000) ) ) 
 REPRESENTATION_ITEM ( '' )  SURFACE ( )  );
#2150 = MECHANICAL_DESIGN_GEOMETRIC_PRESENTATION_REPRESENTATION (  '', ( #1469 ), #2367 ) ;
#2151 = EDGE_CURVE ( 'NONE', #2795, #4416, #2929, .T. ) ;
#2152 = VERTEX_POINT ( 'NONE', #4302 ) ;
#2153 = PRESENTATION_LAYER_ASSIGNMENT (  '', '', ( #2369 ) ) ;
#2154 = ORIENTED_EDGE ( 'NONE', *, *, #739, .T. ) ;
#2155 = CARTESIAN_POINT ( 'NONE',  ( 0.9499999999999999600, -0.5999999999999998700, -0.6500000000000002400 ) ) ;
#2156 = CARTESIAN_POINT ( 'NONE',  ( 0.9444216866183234900, -0.6031022290158750700, 0.6673377933059705400 ) ) ;
#2157 = CARTESIAN_POINT ( 'NONE',  ( 0.9438567356868474700, -0.6032310718644592300, 0.6676863060779945100 ) ) ;
#2158 = ORIENTED_EDGE ( 'NONE', *, *, #4034, .F. ) ;
#2159 = CARTESIAN_POINT ( 'NONE',  ( 0.9207758180630600800, -0.6101760860315258400, -0.7792241819369388800 ) ) ;
#2160 = EDGE_CURVE ( 'NONE', #2098, #722, #2818, .T. ) ;
#2161 = SURFACE_STYLE_FILL_AREA ( #2692 ) ;
#2162 = DIRECTION ( 'NONE',  ( -1.000000000000000000, 0.0000000000000000000, 0.0000000000000000000 ) ) ;
#2163 = CARTESIAN_POINT ( 'NONE',  ( 0.9432733213202900700, -0.6033543747385611300, 0.6680080002804871200 ) ) ;
#2164 =( GEOMETRIC_REPRESENTATION_CONTEXT ( 3 ) GLOBAL_UNCERTAINTY_ASSIGNED_CONTEXT ( ( #1176 ) ) GLOBAL_UNIT_ASSIGNED_CONTEXT ( ( #2976, #1691, #1682 ) ) REPRESENTATION_CONTEXT ( 'NONE', 'WORKASPACE' ) );
#2165 = CARTESIAN_POINT ( 'NONE',  ( 0.8854204790037325500, -0.6300880430157626000, -0.6969344214388056800 ) ) ;
#2166 = CARTESIAN_POINT ( 'NONE',  ( -0.2494022272309431300, -2.791227751672055400, -0.1844503219471105600 ) ) ;
#2167 = VECTOR ( 'NONE', #1968, 1000.000000000000200 ) ;
#2168 = CARTESIAN_POINT ( 'NONE',  ( -0.2498004770988582500, -2.790537962666718400, -0.1813149072743191200 ) ) ;
#2169 = AXIS2_PLACEMENT_3D ( 'NONE', #3721, #3718, #3711 ) ;
#2170 = CYLINDRICAL_SURFACE ( 'NONE', #3862, 0.07499999999999998300 ) ;
#2171 = COLOUR_RGB ( '',0.1098039215686274500, 0.1098039215686274500, 0.1098039215686274500 ) ;
#2172 = AXIS2_PLACEMENT_3D ( 'NONE', #2639, #2606, #2595 ) ;
#2173 = EDGE_CURVE ( 'NONE', #875, #3333, #70, .T. ) ;
#2174 = MECHANICAL_DESIGN_GEOMETRIC_PRESENTATION_REPRESENTATION (  '', ( #224 ), #2397 ) ;
#2175 = ORIENTED_EDGE ( 'NONE', *, *, #2599, .F. ) ;
#2176 = EDGE_LOOP ( 'NONE', ( #1160, #4299, #1952, #1325 ) ) ;
#2177 = CARTESIAN_POINT ( 'NONE',  ( -0.1844503219471105600, 3.991227751672056000, -0.2494022272309433000 ) ) ;
#2178 = EDGE_CURVE ( 'NONE', #1934, #3909, #1919, .T. ) ;
#2179 = CARTESIAN_POINT ( 'NONE',  ( -0.2197540201127987400, -2.798994540498083200, 0.2449180696087127100 ) ) ;
#2180 = ORIENTED_EDGE ( 'NONE', *, *, #4360, .T. ) ;
#2181 = CARTESIAN_POINT ( 'NONE',  ( 0.09999999999999917300, 4.250000000000000000, 0.03504809471616718300 ) ) ;
#2182 = LINE ( 'NONE', #1, #1259 ) ;
#2183 = PRESENTATION_LAYER_ASSIGNMENT (  '', '', ( #2412 ) ) ;
#2184 = ORIENTED_EDGE ( 'NONE', *, *, #4164, .T. ) ;
#2185 = CARTESIAN_POINT ( 'NONE',  ( -0.2494022272309432400, 3.991227751672056000, 0.1844503219471111700 ) ) ;
#2186 = CARTESIAN_POINT ( 'NONE',  ( 0.09999999999999896500, 4.249999999999999100, 0.07483595050107610900 ) ) ;
#2187 = CARTESIAN_POINT ( 'NONE',  ( 0.6689339828220177700, 0.7500000000000000000, -0.9250000000000002700 ) ) ;
#2188 = ORIENTED_EDGE ( 'NONE', *, *, #104, .F. ) ;
#2189 = CARTESIAN_POINT ( 'NONE',  ( 0.2494022272309431300, -2.791227751672055400, 0.1844503219471096400 ) ) ;
#2190 = CARTESIAN_POINT ( 'NONE',  ( -0.2500000000000000000, -2.790192378864667900, -0.1781606056539947500 ) ) ;
#2191 = DIRECTION ( 'NONE',  ( 0.0000000000000000000, 1.445602896647339500E-015, 1.000000000000000000 ) ) ;
#2192 = CARTESIAN_POINT ( 'NONE',  ( 0.09999999999999917300, 4.250000000000000000, -0.03504809471616635000 ) ) ;
#2193 = VERTEX_POINT ( 'NONE', #4169 ) ;
#2194 = DIRECTION ( 'NONE',  ( -1.445602896647330800E-015, 1.000000000000000000, -1.445602896647339700E-015 ) ) ;
#2195 = CIRCLE ( 'NONE', #1556, 0.07499999999999998300 ) ;
#2196 = ORIENTED_EDGE ( 'NONE', *, *, #1086, .T. ) ;
#2197 = CONTEXT_DEPENDENT_SHAPE_REPRESENTATION ( #4429, #1881 ) ;
#2198 = STYLED_ITEM ( 'NONE', ( #3029 ), #2744 ) ;
#2199 =( BOUNDED_CURVE ( )  B_SPLINE_CURVE ( 3, ( #2211, #91, #2186, #2181 ),
 .UNSPECIFIED., .F., .T. ) 
 B_SPLINE_CURVE_WITH_KNOTS ( ( 4, 4 ),
 ( 5.624127271353178700, 6.942243343005992900 ),
 .UNSPECIFIED. ) 
 CURVE ( )  GEOMETRIC_REPRESENTATION_ITEM ( )  RATIONAL_B_SPLINE_CURVE ( ( 1.000000000000000000, 0.8603796100280638500, 0.8603796100280638500, 1.000000000000000000 ) ) 
 REPRESENTATION_ITEM ( '' )  );
#2200 = ORIENTED_EDGE ( 'NONE', *, *, #2160, .T. ) ;
#2201 = CARTESIAN_POINT ( 'NONE',  ( 0.6689339828220177700, 0.6750000000000001600, -0.9250000000000002700 ) ) ;
#2202 = CIRCLE ( 'NONE', #4163, 0.07499999999999998300 ) ;
#2203 = CARTESIAN_POINT ( 'NONE',  ( 0.9250000000000000400, 0.7500000000000001100, -8.131516293641284500E-017 ) ) ;
#2204 = AXIS2_PLACEMENT_3D ( 'NONE', #3805, #288, #3934 ) ;
#2205 = EDGE_CURVE ( 'NONE', #4230, #909, #4448, .T. ) ;
#2206 = SURFACE_STYLE_FILL_AREA ( #4445 ) ;
#2207 = CARTESIAN_POINT ( 'NONE',  ( 0.2449180696087137100, 3.998994540498081600, 0.2197540201127999900 ) ) ;
#2208 = COLOUR_RGB ( '',0.1098039215686274500, 0.1098039215686274500, 0.1098039215686274500 ) ;
#2209 = CARTESIAN_POINT ( 'NONE',  ( 0.2498004770988582500, -2.790537962666718400, 0.1813149072743182300 ) ) ;
#2210 = CIRCLE ( 'NONE', #1011, 0.05000000000000001000 ) ;
#2211 = CARTESIAN_POINT ( 'NONE',  ( 0.03504809471616631600, 4.250000000000000000, 0.09999999999999999200 ) ) ;
#2212 = CYLINDRICAL_SURFACE ( 'NONE', #1088, 0.05000000000000002400 ) ;
#2213 = CARTESIAN_POINT ( 'NONE',  ( 0.2500000000000000000, -2.790192378864667400, -0.1750000000000003500 ) ) ;
#2214 = CARTESIAN_POINT ( 'NONE',  ( 0.2500000000000000000, -2.790192378864667900, -0.1781606056539947500 ) ) ;
#2215 = MECHANICAL_DESIGN_GEOMETRIC_PRESENTATION_REPRESENTATION (  '', ( #1287 ), #2444 ) ;
#2216 = VECTOR ( 'NONE', #2337, 1000.000000000000000 ) ;
#2217 = CARTESIAN_POINT ( 'NONE',  ( -0.9780330085889910000, -0.5569430985252588100, -0.7219669914110092800 ) ) ;
#2218 = DIRECTION ( 'NONE',  ( 0.0000000000000000000, 1.445602896647339500E-015, 1.000000000000000000 ) ) ;
#2219 = DIRECTION ( 'NONE',  ( 1.000000000000000000, 0.0000000000000000000, 0.0000000000000000000 ) ) ;
#2220 = LINE ( 'NONE', #3014, #1300 ) ;
#2221 = ORIENTED_EDGE ( 'NONE', *, *, #771, .T. ) ;
#2222 = EDGE_LOOP ( 'NONE', ( #320, #3057, #3439, #3034 ) ) ;
#2223 = ADVANCED_FACE ( 'NONE', ( #844 ), #1370, .F. ) ;
#2224 = DIRECTION ( 'NONE',  ( 0.0000000000000000000, 1.000000000000000000, -7.228014483236698500E-016 ) ) ;
#2225 = AXIS2_PLACEMENT_3D ( 'NONE', #1121, #1110, #1105 ) ;
#2226 = EDGE_CURVE ( 'NONE', #566, #2841, #478, .T. ) ;
#2227 = CARTESIAN_POINT ( 'NONE',  ( -0.6689339828220163300, -0.6999999999999998400, -0.9250000000000002700 ) ) ;
#2228 = AXIS2_PLACEMENT_3D ( 'NONE', #557, #533, #529 ) ;
#2229 = DIRECTION ( 'NONE',  ( 0.0000000000000000000, 1.000000000000000000, 0.0000000000000000000 ) ) ;
#2230 = VERTEX_POINT ( 'NONE', #4086 ) ;
#2231 = SURFACE_STYLE_FILL_AREA ( #2659 ) ;
#2232 = SURFACE_SIDE_STYLE ('',( #3745 ) ) ;
#2233 = EDGE_LOOP ( 'NONE', ( #3548, #3913, #628, #2730, #966, #2577 ) ) ;
#2234 = EDGE_CURVE ( 'NONE', #997, #4312, #1614, .T. ) ;
#2235 = ORIENTED_EDGE ( 'NONE', *, *, #2151, .F. ) ;
#2236 = CARTESIAN_POINT ( 'NONE',  ( 0.2494022272309431900, 3.991227751672056000, 0.1844503219471111100 ) ) ;
#2237 = ORIENTED_EDGE ( 'NONE', *, *, #577, .T. ) ;
#2238 =( NAMED_UNIT ( * ) SI_UNIT ( $, .STERADIAN. ) SOLID_ANGLE_UNIT ( ) );
#2239 = ORIENTED_EDGE ( 'NONE', *, *, #4008, .F. ) ;
#2240 = CARTESIAN_POINT ( 'NONE',  ( 0.2500000000000000000, -2.790192378864667900, 0.1781606056539938300 ) ) ;
#2241 = AXIS2_PLACEMENT_3D ( 'NONE', #4191, #4151, #4099 ) ;
#2242 = CARTESIAN_POINT ( 'NONE',  ( 0.2498004770988582500, -2.790537962666718400, -0.1813149072743191800 ) ) ;
#2243 = ADVANCED_FACE ( 'NONE', ( #3958 ), #1862, .T. ) ;
#2244 = VERTEX_POINT ( 'NONE', #3949 ) ;
#2245 = VERTEX_POINT ( 'NONE', #3937 ) ;
#2246 = CARTESIAN_POINT ( 'NONE',  ( 0.1750000000000000200, -2.790192378864667400, -0.2500000000000003300 ) ) ;
#2247 = UNCERTAINTY_MEASURE_WITH_UNIT (LENGTH_MEASURE( 1.000000000000000100E-005 ), #3748, 'distance_accuracy_value', 'NONE');
#2248 = DIRECTION ( 'NONE',  ( -0.0000000000000000000, 1.000000000000000000, -0.0000000000000000000 ) ) ;
#2249 = CARTESIAN_POINT ( 'NONE',  ( 0.6689339828220177700, -0.7499999999999998900, -0.9500000000000001800 ) ) ;
#2250 = EDGE_CURVE ( 'NONE', #2682, #728, #4365, .T. ) ;
#2251 = AXIS2_PLACEMENT_3D ( 'NONE', #1717, #1706, #1699 ) ;
#2252 = ORIENTED_EDGE ( 'NONE', *, *, #839, .T. ) ;
#2253 = CARTESIAN_POINT ( 'NONE',  ( 0.2494022272309431300, -2.791227751672055400, -0.1844503219471106400 ) ) ;
#2254 = DIRECTION ( 'NONE',  ( -0.7071067811865495700, 5.110978055611233300E-016, 0.7071067811865454600 ) ) ;
#2255 = CARTESIAN_POINT ( 'NONE',  ( 0.9780330085889910000, 0.0000000000000000000, 0.7219669914110087300 ) ) ;
#2256 =( NAMED_UNIT ( * ) PLANE_ANGLE_UNIT ( ) SI_UNIT ( $, .RADIAN. ) );
#2257 = EDGE_CURVE ( 'NONE', #3775, #408, #3645, .T. ) ;
#2258 = DIRECTION ( 'NONE',  ( 0.0000000000000000000, 0.0000000000000000000, 1.000000000000000000 ) ) ;
#2259 = CARTESIAN_POINT ( 'NONE',  ( -0.9499999999999998400, -0.6999999999999997300, -0.7500000000000002200 ) ) ;
#2260 =( LENGTH_UNIT ( ) NAMED_UNIT ( * ) SI_UNIT ( .MILLI., .METRE. ) );
#2261 = AXIS2_PLACEMENT_3D ( 'NONE', #2900, #3410, #4159 ) ;
#2262 = LINE ( 'NONE', #2079, #3077 ) ;
#2263 = SURFACE_STYLE_USAGE ( .BOTH. , #2268 ) ;
#2264 = ADVANCED_FACE ( 'NONE', ( #2762 ), #3950, .F. ) ;
#2265 = FACE_OUTER_BOUND ( 'NONE', #1976, .T. ) ;
#2266 = CARTESIAN_POINT ( 'NONE',  ( 0.2500000000000000000, 3.990192378864668900, 0.1750000000000008800 ) ) ;
#2267 = VECTOR ( 'NONE', #300, 1000.000000000000000 ) ;
#2268 = SURFACE_SIDE_STYLE ('',( #2703 ) ) ;
#2269 = FILL_AREA_STYLE ('',( #2284 ) ) ;
#2270 = DIRECTION ( 'NONE',  ( 1.000000000000000000, 0.0000000000000000000, 0.0000000000000000000 ) ) ;
#2271 = ORIENTED_EDGE ( 'NONE', *, *, #2064, .T. ) ;
#2272 = CARTESIAN_POINT ( 'NONE',  ( 1.000000000000000000, -0.5500000000000000400, 0.6499999999999999100 ) ) ;
#2273 =( BOUNDED_CURVE ( )  B_SPLINE_CURVE ( 3, ( #1447, #2240, #2209, #2189 ),
 .UNSPECIFIED., .F., .F. ) 
 B_SPLINE_CURVE_WITH_KNOTS ( ( 4, 4 ),
 ( 0.0000000000000000000, 0.1263401276387731400 ),
 .UNSPECIFIED. ) 
 CURVE ( )  GEOMETRIC_REPRESENTATION_ITEM ( )  RATIONAL_B_SPLINE_CURVE ( ( 1.000000000000000000, 0.9986702899464854300, 0.9986702899464854300, 1.000000000000000000 ) ) 
 REPRESENTATION_ITEM ( '' )  );
#2274 = CARTESIAN_POINT ( 'NONE',  ( -0.6689339828220163300, -0.6999999999999998400, -1.000000000000000200 ) ) ;
#2275 = CARTESIAN_POINT ( 'NONE',  ( 0.2197540201127992400, 3.998994540498081600, 0.2449180696087144600 ) ) ;
#2276 = COLOUR_RGB ( '',0.1098039215686274500, 0.1098039215686274500, 0.1098039215686274500 ) ;
#2277 = AXIS2_PLACEMENT_3D ( 'NONE', #2792, #2787, #2784 ) ;
#2278 = VERTEX_POINT ( 'NONE', #3899 ) ;
#2279 = PLANE ( 'NONE',  #1074 ) ;
#2280 = CIRCLE ( 'NONE', #3326, 0.05000000000000006500 ) ;
#2281 = ORIENTED_EDGE ( 'NONE', *, *, #412, .T. ) ;
#2282 = AXIS2_PLACEMENT_3D ( 'NONE', #3512, #2660, #63 ) ;
#2283 = EDGE_CURVE ( 'NONE', #3775, #936, #1542, .T. ) ;
#2284 = FILL_AREA_STYLE_COLOUR ( '', #827 ) ;
#2285 = VECTOR ( 'NONE', #94, 1000.000000000000000 ) ;
#2286 = ORIENTED_EDGE ( 'NONE', *, *, #2151, .T. ) ;
#2287 = CARTESIAN_POINT ( 'NONE',  ( -0.6689339828220177700, 0.6750000000000002700, 0.9249999999999998200 ) ) ;
#2288 = CARTESIAN_POINT ( 'NONE',  ( -0.9780330085889910000, 0.7500000000000000000, -0.7219669914110092800 ) ) ;
#2289 = ADVANCED_FACE ( 'NONE', ( #4114 ), #180, .T. ) ;
#2290 = AXIS2_PLACEMENT_3D ( 'NONE', #303, #272, #174 ) ;
#2291 = ORIENTED_EDGE ( 'NONE', *, *, #2782, .T. ) ;
#2292 = COLOUR_RGB ( '',0.1098039215686274500, 0.1098039215686274500, 0.1098039215686274500 ) ;
#2293 = DIRECTION ( 'NONE',  ( 0.0000000000000000000, 1.000000000000000000, 0.0000000000000000000 ) ) ;
#2294 = ORIENTED_EDGE ( 'NONE', *, *, #3792, .F. ) ;
#2295 = AXIS2_PLACEMENT_3D ( 'NONE', #1329, #1276, #1263 ) ;
#2296 = CARTESIAN_POINT ( 'NONE',  ( 0.2500000000000000000, -2.790192378864667400, -0.2500000000000003300 ) ) ;
#2297 = ORIENTED_EDGE ( 'NONE', *, *, #711, .T. ) ;
#2298 = CARTESIAN_POINT ( 'NONE',  ( -0.6689339828220163300, -0.6999999999999998400, -0.9250000000000002700 ) ) ;
#2299 =( GEOMETRIC_REPRESENTATION_CONTEXT ( 3 ) GLOBAL_UNCERTAINTY_ASSIGNED_CONTEXT ( ( #3405 ) ) GLOBAL_UNIT_ASSIGNED_CONTEXT ( ( #1831, #2503, #4112 ) ) REPRESENTATION_CONTEXT ( 'NONE', 'WORKASPACE' ) );
#2300 = DIRECTION ( 'NONE',  ( 1.000000000000000000, 0.0000000000000000000, 0.0000000000000000000 ) ) ;
#2301 = VERTEX_POINT ( 'NONE', #3736 ) ;
#2302 = CARTESIAN_POINT ( 'NONE',  ( -0.2500000000000000000, -2.790192378864667400, -0.1750000000000003500 ) ) ;
#2303 =( BOUNDED_CURVE ( )  B_SPLINE_CURVE ( 3, ( #2253, #2242, #2214, #2213 ),
 .UNSPECIFIED., .F., .F. ) 
 B_SPLINE_CURVE_WITH_KNOTS ( ( 4, 4 ),
 ( 3.015252525951019000, 3.141592653589793100 ),
 .UNSPECIFIED. ) 
 CURVE ( )  GEOMETRIC_REPRESENTATION_ITEM ( )  RATIONAL_B_SPLINE_CURVE ( ( 1.000000000000000000, 0.9986702899464854300, 0.9986702899464854300, 1.000000000000000000 ) ) 
 REPRESENTATION_ITEM ( '' )  );
#2304 = FACE_OUTER_BOUND ( 'NONE', #3192, .T. ) ;
#2305 = DIRECTION ( 'NONE',  ( 0.0000000000000000000, 1.000000000000000000, 0.0000000000000000000 ) ) ;
#2306 = MECHANICAL_DESIGN_GEOMETRIC_PRESENTATION_REPRESENTATION (  '', ( #1402 ), #2545 ) ;
#2307 = EDGE_CURVE ( 'NONE', #812, #1734, #3810, .T. ) ;
#2308 = CYLINDRICAL_SURFACE ( 'NONE', #4375, 0.07499999999999995600 ) ;
#2309 = VECTOR ( 'NONE', #4272, 1000.000000000000000 ) ;
#2310 =( NAMED_UNIT ( * ) PLANE_ANGLE_UNIT ( ) SI_UNIT ( $, .RADIAN. ) );
#2311 = EDGE_CURVE ( 'NONE', #3341, #2245, #2923, .T. ) ;
#2312 = CYLINDRICAL_SURFACE ( 'NONE', #4146, 0.07499999999999998300 ) ;
#2313 =( NAMED_UNIT ( * ) SI_UNIT ( $, .STERADIAN. ) SOLID_ANGLE_UNIT ( ) );
#2314 =( LENGTH_UNIT ( ) NAMED_UNIT ( * ) SI_UNIT ( .MILLI., .METRE. ) );
#2315 = FACE_OUTER_BOUND ( 'NONE', #3476, .T. ) ;
#2316 = AXIS2_PLACEMENT_3D ( 'NONE', #2715, #2872, #2649 ) ;
#2317 = LINE ( 'NONE', #2999, #4010 ) ;
#2318 =( NAMED_UNIT ( * ) PLANE_ANGLE_UNIT ( ) SI_UNIT ( $, .RADIAN. ) );
#2319 = VERTEX_POINT ( 'NONE', #2050 ) ;
#2320 =( LENGTH_UNIT ( ) NAMED_UNIT ( * ) SI_UNIT ( .MILLI., .METRE. ) );
#2321 = COLOUR_RGB ( '',0.1098039215686274500, 0.1098039215686274500, 0.1098039215686274500 ) ;
#2322 = AXIS2_PLACEMENT_3D ( 'NONE', #4260, #4084, #4077 ) ;
#2323 = SURFACE_SIDE_STYLE ('',( #3129 ) ) ;
#2324 = ORIENTED_EDGE ( 'NONE', *, *, #3974, .F. ) ;
#2325 =( BOUNDED_CURVE ( )  B_SPLINE_CURVE ( 3, ( #1506, #1582, #1453, #1449 ),
 .UNSPECIFIED., .F., .F. ) 
 B_SPLINE_CURVE_WITH_KNOTS ( ( 4, 4 ),
 ( 2.482534617831120300, 3.800650689348466800 ),
 .UNSPECIFIED. ) 
 CURVE ( )  GEOMETRIC_REPRESENTATION_ITEM ( )  RATIONAL_B_SPLINE_CURVE ( ( 1.000000000000000000, 0.8603796100557161700, 0.8603796100557161700, 1.000000000000000000 ) ) 
 REPRESENTATION_ITEM ( '' )  );
#2326 = ADVANCED_FACE ( 'NONE', ( #66 ), #2624, .T. ) ;
#2327 = ADVANCED_FACE ( 'NONE', ( #714 ), #3707, .T. ) ;
#2328 =( NAMED_UNIT ( * ) SI_UNIT ( $, .STERADIAN. ) SOLID_ANGLE_UNIT ( ) );
#2329 = PRESENTATION_STYLE_ASSIGNMENT (( #142 ) ) ;
#2330 = SURFACE_STYLE_USAGE ( .BOTH. , #2332 ) ;
#2331 = FILL_AREA_STYLE ('',( #2334 ) ) ;
#2332 = SURFACE_SIDE_STYLE ('',( #1182 ) ) ;
#2333 = ORIENTED_EDGE ( 'NONE', *, *, #3606, .T. ) ;
#2334 = FILL_AREA_STYLE_COLOUR ( '', #1298 ) ;
#2335 =( NAMED_UNIT ( * ) PLANE_ANGLE_UNIT ( ) SI_UNIT ( $, .RADIAN. ) );
#2336 = ORIENTED_EDGE ( 'NONE', *, *, #1271, .T. ) ;
#2337 = DIRECTION ( 'NONE',  ( 0.0000000000000000000, 0.0000000000000000000, 1.000000000000000000 ) ) ;
#2338 = FILL_AREA_STYLE ('',( #2348 ) ) ;
#2339 = FACE_OUTER_BOUND ( 'NONE', #4061, .T. ) ;
#2340 = CARTESIAN_POINT ( 'NONE',  ( 0.8792893218813439000, -0.6999999999999997300, -0.7500000000000003300 ) ) ;
#2341 = VERTEX_POINT ( 'NONE', #3623 ) ;
#2342 = EDGE_CURVE ( 'NONE', #1996, #324, #2491, .T. ) ;
#2343 = CARTESIAN_POINT ( 'NONE',  ( -0.09999999999999915900, 4.250000000000000000, 0.2500000000000008900 ) ) ;
#2344 = FACE_OUTER_BOUND ( 'NONE', #3206, .T. ) ;
#2345 = EDGE_LOOP ( 'NONE', ( #2336, #62, #4091, #4454 ) ) ;
#2346 =( LENGTH_UNIT ( ) NAMED_UNIT ( * ) SI_UNIT ( .MILLI., .METRE. ) );
#2347 = DIRECTION ( 'NONE',  ( 0.0000000000000000000, 0.0000000000000000000, 1.000000000000000000 ) ) ;
#2348 = FILL_AREA_STYLE_COLOUR ( '', #2909 ) ;
#2349 = CARTESIAN_POINT ( 'NONE',  ( 0.1844503219471103900, 3.991227751672056000, 0.2494022272309441000 ) ) ;
#2350 = AXIS2_PLACEMENT_3D ( 'NONE', #1513, #3964, #3972 ) ;
#2351 = VERTEX_POINT ( 'NONE', #3617 ) ;
#2352 = SURFACE_STYLE_USAGE ( .BOTH. , #2375 ) ;
#2353 = SURFACE_SIDE_STYLE ('',( #3547 ) ) ;
#2354 = ADVANCED_FACE ( 'NONE', ( #1598 ), #2975, .T. ) ;
#2355 = ORIENTED_EDGE ( 'NONE', *, *, #2016, .F. ) ;
#2356 = PRESENTATION_STYLE_ASSIGNMENT (( #2031 ) ) ;
#2357 = ORIENTED_EDGE ( 'NONE', *, *, #932, .F. ) ;
#2358 =( GEOMETRIC_REPRESENTATION_CONTEXT ( 3 ) GLOBAL_UNCERTAINTY_ASSIGNED_CONTEXT ( ( #1795 ) ) GLOBAL_UNIT_ASSIGNED_CONTEXT ( ( #407, #397, #393 ) ) REPRESENTATION_CONTEXT ( 'NONE', 'WORKASPACE' ) );
#2359 = SHAPE_REPRESENTATION_RELATIONSHIP ( 'NONE' , 'NONE' ,  #2862, #3652 ) ;
#2360 = CYLINDRICAL_SURFACE ( 'NONE', #2602, 0.07499999999999998300 ) ;
#2361 = PRESENTATION_STYLE_ASSIGNMENT (( #3169 ) ) ;
#2362 = ORIENTED_EDGE ( 'NONE', *, *, #2771, .F. ) ;
#2363 = DIRECTION ( 'NONE',  ( -0.4472135954999587000, 0.7745966692414824100, -0.4472135954999586500 ) ) ;
#2364 = PRESENTATION_STYLE_ASSIGNMENT (( #693 ) ) ;
#2365 = MECHANICAL_DESIGN_GEOMETRIC_PRESENTATION_REPRESENTATION (  '', ( #955 ), #2594 ) ;
#2366 = CYLINDRICAL_SURFACE ( 'NONE', #2261, 0.05000000000000002400 ) ;
#2367 =( GEOMETRIC_REPRESENTATION_CONTEXT ( 3 ) GLOBAL_UNCERTAINTY_ASSIGNED_CONTEXT ( ( #3977 ) ) GLOBAL_UNIT_ASSIGNED_CONTEXT ( ( #437, #430, #419 ) ) REPRESENTATION_CONTEXT ( 'NONE', 'WORKASPACE' ) );
#2368 = EDGE_CURVE ( 'NONE', #3316, #740, #239, .T. ) ;
#2369 = STYLED_ITEM ( 'NONE', ( #3163 ), #3585 ) ;
#2370 = SPHERICAL_SURFACE ( 'NONE', #664, 0.07499999999999999700 ) ;
#2371 = UNCERTAINTY_MEASURE_WITH_UNIT (LENGTH_MEASURE( 1.000000000000000100E-005 ), #3989, 'distance_accuracy_value', 'NONE');
#2372 = EDGE_CURVE ( 'NONE', #4398, #1996, #3858, .T. ) ;
#2373 = LINE ( 'NONE', #2671, #470 ) ;
#2374 = ADVANCED_FACE ( 'NONE', ( #1247 ), #2875, .T. ) ;
#2375 = SURFACE_SIDE_STYLE ('',( #43 ) ) ;
#2376 = VECTOR ( 'NONE', #286, 1000.000000000000000 ) ;
#2377 = CARTESIAN_POINT ( 'NONE',  ( -0.9499999999999999600, -0.6009044190009749100, 0.6594669914105887300 ) ) ;
#2378 = CARTESIAN_POINT ( 'NONE',  ( -0.09803847577293331500, -2.940897459621555100, -0.1629903810567666600 ) ) ;
#2379 = CARTESIAN_POINT ( 'NONE',  ( -0.9999999999996827000, -0.6009044190006632700, 0.6594669914089720300 ) ) ;
#2380 = EDGE_LOOP ( 'NONE', ( #1331, #1769, #3134, #4270, #3823, #1707, #44, #2291 ) ) ;
#2381 = STYLED_ITEM ( 'NONE', ( #1390 ), #1292 ) ;
#2382 = CARTESIAN_POINT ( 'NONE',  ( -1.000000000000000000, -0.5518088380019498000, 0.6689339828195007800 ) ) ;
#2383 = DIRECTION ( 'NONE',  ( -1.000000000000000000, -0.0000000000000000000, 0.0000000000000000000 ) ) ;
#2384 = ORIENTED_EDGE ( 'NONE', *, *, #993, .T. ) ;
#2385 = UNCERTAINTY_MEASURE_WITH_UNIT (LENGTH_MEASURE( 1.000000000000000100E-005 ), #4122, 'distance_accuracy_value', 'NONE');
#2386 = CARTESIAN_POINT ( 'NONE',  ( -0.9500007616159570300, -0.6015499927053148400, 0.6628149205168523100 ) ) ;
#2387 = AXIS2_PLACEMENT_3D ( 'NONE', #3798, #3758, #3751 ) ;
#2388 = EDGE_LOOP ( 'NONE', ( #1716, #4228, #2786, #492 ) ) ;
#2389 = CARTESIAN_POINT ( 'NONE',  ( 0.9078634870776619600, -0.6136143781503354800, -0.6857129174018415900 ) ) ;
#2390 = CARTESIAN_POINT ( 'NONE',  ( -1.002540608606799200, -0.6040394262272561500, 0.6757388708916571800 ) ) ;
#2391 = DIRECTION ( 'NONE',  ( -0.4472135954999586500, 0.7745966692414824100, 0.4472135954999587000 ) ) ;
#2392 = VECTOR ( 'NONE', #147, 1000.000000000000000 ) ;
#2393 = CARTESIAN_POINT ( 'NONE',  ( -1.000000000000673700, -0.5530997104567292300, 0.6890213413969699100 ) ) ;
#2394 = ORIENTED_EDGE ( 'NONE', *, *, #2874, .T. ) ;
#2395 = AXIS2_PLACEMENT_3D ( 'NONE', #2938, #2924, #2898 ) ;
#2396 = EDGE_CURVE ( 'NONE', #4153, #1063, #122, .T. ) ;
#2397 =( GEOMETRIC_REPRESENTATION_CONTEXT ( 3 ) GLOBAL_UNCERTAINTY_ASSIGNED_CONTEXT ( ( #1553 ) ) GLOBAL_UNIT_ASSIGNED_CONTEXT ( ( #1415, #1410, #1409 ) ) REPRESENTATION_CONTEXT ( 'NONE', 'WORKASPACE' ) );
#2398 = FILL_AREA_STYLE ('',( #2406 ) ) ;
#2399 = ORIENTED_EDGE ( 'NONE', *, *, #2342, .T. ) ;
#2400 = ADVANCED_FACE ( 'NONE', ( #1137 ), #4293, .T. ) ;
#2401 = CARTESIAN_POINT ( 'NONE',  ( -0.9473012383171989200, -0.6025615140631600500, 0.6659927632446787100 ) ) ;
#2402 = SPHERICAL_SURFACE ( 'NONE', #2619, 0.07499999999999999700 ) ;
#2403 = EDGE_CURVE ( 'NONE', #3768, #2889, #1652, .T. ) ;
#2404 = VERTEX_POINT ( 'NONE', #1597 ) ;
#2405 = CARTESIAN_POINT ( 'NONE',  ( -1.000222304331803500, -0.6112858781082721700, 0.6937608180777623500 ) ) ;
#2406 = FILL_AREA_STYLE_COLOUR ( '', #3672 ) ;
#2407 = CARTESIAN_POINT ( 'NONE',  ( -0.9780330085918578200, -0.5569430985241308200, 0.7219669914081404700 ) ) ;
#2408 = ORIENTED_EDGE ( 'NONE', *, *, #232, .T. ) ;
#2409 = CARTESIAN_POINT ( 'NONE',  ( -0.9918907493973716500, -0.5551242104284153100, 0.7081092505981322300 ) ) ;
#2410 = CARTESIAN_POINT ( 'NONE',  ( 0.1813149072743188200, -2.790537962666717900, 0.2498004770988577200 ) ) ;
#2411 = CARTESIAN_POINT ( 'NONE',  ( -0.9426776695325302900, -0.6034715492620654800, 0.6683058261744064800 ) ) ;
#2412 = STYLED_ITEM ( 'NONE', ( #2011 ), #857 ) ;
#2413 = CYLINDRICAL_SURFACE ( 'NONE', #608, 0.04999999999999995400 ) ;
#2414 = ORIENTED_EDGE ( 'NONE', *, *, #76, .T. ) ;
#2415 = UNCERTAINTY_MEASURE_WITH_UNIT (LENGTH_MEASURE( 1.000000000000000100E-005 ), #4380, 'distance_accuracy_value', 'NONE');
#2416 = CARTESIAN_POINT ( 'NONE',  ( -0.9903831759410486300, -0.6197246575065625800, 0.7096168240549442000 ) ) ;
#2417 = DIRECTION ( 'NONE',  ( 0.0000000000000000000, -0.5000000000000010000, -0.8660254037844380400 ) ) ;
#2418 = STYLED_ITEM ( 'NONE', ( #4344 ), #2015 ) ;
#2419 = FACE_OUTER_BOUND ( 'NONE', #4303, .T. ) ;
#2420 = CARTESIAN_POINT ( 'NONE',  ( -0.8792893218813441200, -0.6500000000000001300, 0.6999999999999998400 ) ) ;
#2421 =( NAMED_UNIT ( * ) SI_UNIT ( $, .STERADIAN. ) SOLID_ANGLE_UNIT ( ) );
#2422 = VECTOR ( 'NONE', #4317, 1000.000000000000200 ) ;
#2423 = ADVANCED_FACE ( 'NONE', ( #4205 ), #1603, .T. ) ;
#2424 = SURFACE_STYLE_USAGE ( .BOTH. , #2232 ) ;
#2425 =( NAMED_UNIT ( * ) PLANE_ANGLE_UNIT ( ) SI_UNIT ( $, .RADIAN. ) );
#2426 = DIRECTION ( 'NONE',  ( 0.0000000000000000000, 0.0000000000000000000, 1.000000000000000000 ) ) ;
#2427 = FILL_AREA_STYLE_COLOUR ( '', #3263 ) ;
#2428 =( LENGTH_UNIT ( ) NAMED_UNIT ( * ) SI_UNIT ( .MILLI., .METRE. ) );
#2429 = AXIS2_PLACEMENT_3D ( 'NONE', #4466, #3954, #4356 ) ;
#2430 = SURFACE_STYLE_USAGE ( .BOTH. , #84 ) ;
#2431 = EDGE_CURVE ( 'NONE', #2351, #2442, #3424, .T. ) ;
#2432 = AXIS2_PLACEMENT_3D ( 'NONE', #3860, #3833, #2114 ) ;
#2433 = CIRCLE ( 'NONE', #3720, 0.1000000000000000500 ) ;
#2434 = FILL_AREA_STYLE_COLOUR ( '', #2540 ) ;
#2435 = ORIENTED_EDGE ( 'NONE', *, *, #104, .T. ) ;
#2436 = AXIS2_PLACEMENT_3D ( 'NONE', #1381, #1360, #4240 ) ;
#2437 = DIRECTION ( 'NONE',  ( 0.0000000000000000000, 1.000000000000000000, 0.0000000000000000000 ) ) ;
#2438 = PRESENTATION_STYLE_ASSIGNMENT (( #3715 ) ) ;
#2439 =( NAMED_UNIT ( * ) SI_UNIT ( $, .STERADIAN. ) SOLID_ANGLE_UNIT ( ) );
#2440 = CARTESIAN_POINT ( 'NONE',  ( -0.9780330085975909000, -0.5569430985241308200, 0.7219669914024073900 ) ) ;
#2441 = PRODUCT_DEFINITION_SHAPE ( 'NONE', 'NONE',  #4474 ) ;
#2442 = VERTEX_POINT ( 'NONE', #212 ) ;
#2443 = CARTESIAN_POINT ( 'NONE',  ( 0.9426776695308618500, -0.6034715492623939900, 0.6683058261752414800 ) ) ;
#2444 =( GEOMETRIC_REPRESENTATION_CONTEXT ( 3 ) GLOBAL_UNCERTAINTY_ASSIGNED_CONTEXT ( ( #1314 ) ) GLOBAL_UNIT_ASSIGNED_CONTEXT ( ( #737, #734, #731 ) ) REPRESENTATION_CONTEXT ( 'NONE', 'WORKASPACE' ) );
#2445 = SURFACE_STYLE_USAGE ( .BOTH. , #3225 ) ;
#2446 = ORIENTED_EDGE ( 'NONE', *, *, #1339, .F. ) ;
#2447 = CARTESIAN_POINT ( 'NONE',  ( 0.8792893218813445700, -0.6999999999999999600, 0.7499999999999998900 ) ) ;
#2448 = UNCERTAINTY_MEASURE_WITH_UNIT (LENGTH_MEASURE( 1.000000000000000100E-005 ), #1465, 'distance_accuracy_value', 'NONE');
#2449 = DIRECTION ( 'NONE',  ( 0.0000000000000000000, 1.000000000000000000, -7.228014483236698500E-016 ) ) ;
#2450 =( NAMED_UNIT ( * ) PLANE_ANGLE_UNIT ( ) SI_UNIT ( $, .RADIAN. ) );
#2451 = ORIENTED_EDGE ( 'NONE', *, *, #3257, .T. ) ;
#2452 = ORIENTED_EDGE ( 'NONE', *, *, #811, .T. ) ;
#2453 = DIRECTION ( 'NONE',  ( 0.0000000000000000000, 0.0000000000000000000, -1.000000000000000000 ) ) ;
#2454 =( LENGTH_UNIT ( ) NAMED_UNIT ( * ) SI_UNIT ( .MILLI., .METRE. ) );
#2455 = SURFACE_STYLE_USAGE ( .BOTH. , #2460 ) ;
#2456 = ORIENTED_EDGE ( 'NONE', *, *, #970, .F. ) ;
#2457 = EDGE_CURVE ( 'NONE', #2679, #4133, #3328, .T. ) ;
#2458 = PRESENTATION_LAYER_ASSIGNMENT (  '', '', ( #2017 ) ) ;
#2459 = DIRECTION ( 'NONE',  ( 1.000000000000000000, -0.0000000000000000000, 0.0000000000000000000 ) ) ;
#2460 = SURFACE_SIDE_STYLE ('',( #3515 ) ) ;
#2461 =( NAMED_UNIT ( * ) SI_UNIT ( $, .STERADIAN. ) SOLID_ANGLE_UNIT ( ) );
#2462 = DIRECTION ( 'NONE',  ( -1.000000000000000000, 0.0000000000000000000, 0.0000000000000000000 ) ) ;
#2463 = SURFACE_STYLE_FILL_AREA ( #720 ) ;
#2464 = ORIENTED_EDGE ( 'NONE', *, *, #1065, .F. ) ;
#2465 = EDGE_CURVE ( 'NONE', #2631, #4463, #2433, .T. ) ;
#2466 = DIRECTION ( 'NONE',  ( 1.000000000000000000, 0.0000000000000000000, 0.0000000000000000000 ) ) ;
#2467 = ORIENTED_EDGE ( 'NONE', *, *, #798, .T. ) ;
#2468 = VECTOR ( 'NONE', #1418, 1000.000000000000000 ) ;
#2469 = ORIENTED_EDGE ( 'NONE', *, *, #1002, .T. ) ;
#2470 = VECTOR ( 'NONE', #3941, 1000.000000000000000 ) ;
#2471 = LINE ( 'NONE', #3696, #571 ) ;
#2472 = VERTEX_POINT ( 'NONE', #3194 ) ;
#2473 = DIRECTION ( 'NONE',  ( 0.0000000000000000000, 1.000000000000000000, 0.0000000000000000000 ) ) ;
#2474 = PRESENTATION_LAYER_ASSIGNMENT (  '', '', ( #1316 ) ) ;
#2475 =( BOUNDED_CURVE ( )  B_SPLINE_CURVE ( 3, ( #522, #354, #2558, #340 ),
 .UNSPECIFIED., .F., .T. ) 
 B_SPLINE_CURVE_WITH_KNOTS ( ( 4, 4 ),
 ( 3.141592653589793100, 3.267932781228567200 ),
 .UNSPECIFIED. ) 
 CURVE ( )  GEOMETRIC_REPRESENTATION_ITEM ( )  RATIONAL_B_SPLINE_CURVE ( ( 1.000000000000000000, 0.9986702899464854300, 0.9986702899464854300, 1.000000000000000000 ) ) 
 REPRESENTATION_ITEM ( '' )  );
#2476 = CIRCLE ( 'NONE', #1869, 0.02499999999999995600 ) ;
#2477 = FILL_AREA_STYLE ('',( #2498 ) ) ;
#2478 = PRESENTATION_STYLE_ASSIGNMENT (( #2913 ) ) ;
#2479 =( NAMED_UNIT ( * ) SI_UNIT ( $, .STERADIAN. ) SOLID_ANGLE_UNIT ( ) );
#2480 = AXIS2_PLACEMENT_3D ( 'NONE', #3688, #3670, #3655 ) ;
#2481 =( NAMED_UNIT ( * ) PLANE_ANGLE_UNIT ( ) SI_UNIT ( $, .RADIAN. ) );
#2482 =( NAMED_UNIT ( * ) SI_UNIT ( $, .STERADIAN. ) SOLID_ANGLE_UNIT ( ) );
#2483 = EDGE_CURVE ( 'NONE', #1879, #4074, #4082, .T. ) ;
#2484 = CARTESIAN_POINT ( 'NONE',  ( -0.8792893218813440100, -0.6500000000000001300, 0.6999999999999998400 ) ) ;
#2485 = AXIS2_PLACEMENT_3D ( 'NONE', #1872, #1793, #1735 ) ;
#2486 =( LENGTH_UNIT ( ) NAMED_UNIT ( * ) SI_UNIT ( .MILLI., .METRE. ) );
#2487 = FACE_OUTER_BOUND ( 'NONE', #2880, .T. ) ;
#2488 = DIRECTION ( 'NONE',  ( -0.0000000000000000000, 1.000000000000000000, -0.0000000000000000000 ) ) ;
#2489 = SURFACE_STYLE_USAGE ( .BOTH. , #2495 ) ;
#2490 = EDGE_CURVE ( 'NONE', #3050, #1249, #2543, .T. ) ;
#2491 = LINE ( 'NONE', #3626, #593 ) ;
#2492 = ORIENTED_EDGE ( 'NONE', *, *, #380, .T. ) ;
#2493 = DIRECTION ( 'NONE',  ( 0.0000000000000000000, 1.548860246407863300E-016, -1.000000000000000000 ) ) ;
#2494 =( NAMED_UNIT ( * ) PLANE_ANGLE_UNIT ( ) SI_UNIT ( $, .RADIAN. ) );
#2495 = SURFACE_SIDE_STYLE ('',( #4056 ) ) ;
#2496 = VERTEX_POINT ( 'NONE', #3035 ) ;
#2497 = MECHANICAL_DESIGN_GEOMETRIC_PRESENTATION_REPRESENTATION (  '', ( #2051 ), #2735 ) ;
#2498 = FILL_AREA_STYLE_COLOUR ( '', #3321 ) ;
#2499 = ORIENTED_EDGE ( 'NONE', *, *, #51, .T. ) ;
#2500 =( LENGTH_UNIT ( ) NAMED_UNIT ( * ) SI_UNIT ( .MILLI., .METRE. ) );
#2501 = STYLED_ITEM ( 'NONE', ( #1151 ), #1906 ) ;
#2502 = FACE_OUTER_BOUND ( 'NONE', #794, .T. ) ;
#2503 =( NAMED_UNIT ( * ) PLANE_ANGLE_UNIT ( ) SI_UNIT ( $, .RADIAN. ) );
#2504 = FILL_AREA_STYLE ('',( #2521 ) ) ;
#2505 = DIRECTION ( 'NONE',  ( 1.000000000000000000, 0.0000000000000000000, 5.782411586589358000E-015 ) ) ;
#2506 = ORIENTED_EDGE ( 'NONE', *, *, #1246, .F. ) ;
#2507 = DIRECTION ( 'NONE',  ( 0.7071067811865439100, 0.0000000000000000000, 0.7071067811865511300 ) ) ;
#2508 = DIRECTION ( 'NONE',  ( -5.782411586589358800E-015, 0.0000000000000000000, 1.000000000000000000 ) ) ;
#2509 = ORIENTED_EDGE ( 'NONE', *, *, #2699, .F. ) ;
#2510 = DIRECTION ( 'NONE',  ( -0.7071067811865512400, 0.0000000000000000000, 0.7071067811865439100 ) ) ;
#2511 = PRESENTATION_LAYER_ASSIGNMENT (  '', '', ( #2058 ) ) ;
#2512 = ORIENTED_EDGE ( 'NONE', *, *, #3019, .F. ) ;
#2513 = CARTESIAN_POINT ( 'NONE',  ( -0.9250000000000000400, 0.6750000000000002700, 0.6689339828220165500 ) ) ;
#2514 = CARTESIAN_POINT ( 'NONE',  ( -0.9250000000000000400, 0.6750000000000000400, -0.6689339828220177700 ) ) ;
#2515 = AXIS2_PLACEMENT_3D ( 'NONE', #2952, #3087, #3986 ) ;
#2516 = EDGE_CURVE ( 'NONE', #3488, #936, #3230, .T. ) ;
#2517 = PRESENTATION_LAYER_ASSIGNMENT (  '', '', ( #1841 ) ) ;
#2518 = SURFACE_STYLE_FILL_AREA ( #1551 ) ;
#2519 = ORIENTED_EDGE ( 'NONE', *, *, #1557, .F. ) ;
#2520 = SURFACE_STYLE_USAGE ( .BOTH. , #2529 ) ;
#2521 = FILL_AREA_STYLE_COLOUR ( '', #1135 ) ;
#2522 = EDGE_LOOP ( 'NONE', ( #4363, #3921, #842, #3788, #495, #243 ) ) ;
#2523 = MECHANICAL_DESIGN_GEOMETRIC_PRESENTATION_REPRESENTATION (  '', ( #2068 ), #2755 ) ;
#2524 = CARTESIAN_POINT ( 'NONE',  ( 1.000000000000000000, 0.7500000000000000000, -0.9250000000000002700 ) ) ;
#2525 = LINE ( 'NONE', #552, #1638 ) ;
#2526 = PRODUCT ( 'M22-2510846', 'M22-2510846', '', ( #3323 ) ) ;
#2527 = UNCERTAINTY_MEASURE_WITH_UNIT (LENGTH_MEASURE( 1.000000000000000100E-005 ), #2710, 'distance_accuracy_value', 'NONE');
#2528 = PRESENTATION_STYLE_ASSIGNMENT (( #2455 ) ) ;
#2529 = SURFACE_SIDE_STYLE ('',( #3990 ) ) ;
#2530 = CARTESIAN_POINT ( 'NONE',  ( 1.000000000000000000, -0.5499999999999998200, -0.6500000000000002400 ) ) ;
#2531 = CARTESIAN_POINT ( 'NONE',  ( -0.8792893218813441200, 0.0000000000000000000, 0.7499999999999998900 ) ) ;
#2532 = DIRECTION ( 'NONE',  ( 0.0000000000000000000, 0.0000000000000000000, 1.000000000000000000 ) ) ;
#2533 = AXIS2_PLACEMENT_3D ( 'NONE', #1204, #1202, #1198 ) ;
#2534 = VECTOR ( 'NONE', #2122, 1000.000000000000000 ) ;
#2535 = FILL_AREA_STYLE ('',( #2881 ) ) ;
#2536 = CARTESIAN_POINT ( 'NONE',  ( 0.2500000000000000000, 0.7500000000000001100, 0.1750000000000000400 ) ) ;
#2537 = DIRECTION ( 'NONE',  ( 0.0000000000000000000, 1.000000000000000000, 0.0000000000000000000 ) ) ;
#2538 = CARTESIAN_POINT ( 'NONE',  ( -0.9250000000000000400, 0.6750000000000001600, 0.6689339828220161000 ) ) ;
#2539 = AXIS2_PLACEMENT_3D ( 'NONE', #2106, #3873, #4067 ) ;
#2540 = COLOUR_RGB ( '',0.1098039215686274500, 0.1098039215686274500, 0.1098039215686274500 ) ;
#2541 = CARTESIAN_POINT ( 'NONE',  ( -0.9250000000000000400, 0.6750000000000002700, 0.6689339828220161000 ) ) ;
#2542 = CARTESIAN_POINT ( 'NONE',  ( -0.6689339828220163300, 0.0000000000000000000, -0.9250000000000002700 ) ) ;
#2543 = LINE ( 'NONE', #3128, #530 ) ;
#2544 = DIRECTION ( 'NONE',  ( -0.0000000000000000000, 1.000000000000000000, 0.0000000000000000000 ) ) ;
#2545 =( GEOMETRIC_REPRESENTATION_CONTEXT ( 3 ) GLOBAL_UNCERTAINTY_ASSIGNED_CONTEXT ( ( #1498 ) ) GLOBAL_UNIT_ASSIGNED_CONTEXT ( ( #2012, #2007, #1989 ) ) REPRESENTATION_CONTEXT ( 'NONE', 'WORKASPACE' ) );
#2546 = EDGE_CURVE ( 'NONE', #1664, #3157, #2317, .T. ) ;
#2547 = AXIS2_PLACEMENT_3D ( 'NONE', #887, #881, #871 ) ;
#2548 = ORIENTED_EDGE ( 'NONE', *, *, #2372, .T. ) ;
#2549 = DIRECTION ( 'NONE',  ( 0.0000000000000000000, 0.0000000000000000000, -1.000000000000000000 ) ) ;
#2550 = DIRECTION ( 'NONE',  ( 0.0000000000000000000, 1.000000000000000000, -0.0000000000000000000 ) ) ;
#2551 = VERTEX_POINT ( 'NONE', #1979 ) ;
#2552 = EDGE_CURVE ( 'NONE', #2301, #929, #2220, .T. ) ;
#2553 = EDGE_LOOP ( 'NONE', ( #4261, #4167, #2362, #2892 ) ) ;
#2554 = COLOUR_RGB ( '',0.1098039215686274500, 0.1098039215686274500, 0.1098039215686274500 ) ;
#2555 = AXIS2_PLACEMENT_3D ( 'NONE', #2642, #2630, #2708 ) ;
#2556 = EDGE_LOOP ( 'NONE', ( #398, #2196, #2616, #3089, #4138, #2779 ) ) ;
#2557 = DIRECTION ( 'NONE',  ( 0.0000000000000000000, 0.0000000000000000000, -1.000000000000000000 ) ) ;
#2558 = CARTESIAN_POINT ( 'NONE',  ( 0.1813149072743188200, 3.990537962666718600, 0.2498004770988591100 ) ) ;
#2559 =( NAMED_UNIT ( * ) SI_UNIT ( $, .STERADIAN. ) SOLID_ANGLE_UNIT ( ) );
#2560 = ORIENTED_EDGE ( 'NONE', *, *, #2123, .F. ) ;
#2561 = AXIS2_PLACEMENT_3D ( 'NONE', #3616, #3609, #3597 ) ;
#2562 = STYLED_ITEM ( 'NONE', ( #2329 ), #2069 ) ;
#2563 = ADVANCED_FACE ( 'NONE', ( #3133 ), #2922, .F. ) ;
#2564 = CARTESIAN_POINT ( 'NONE',  ( -0.1844503219471105600, 3.991227751672056000, -0.2494022272309433000 ) ) ;
#2565 = ORIENTED_EDGE ( 'NONE', *, *, #3490, .T. ) ;
#2566 = ORIENTED_EDGE ( 'NONE', *, *, #3171, .T. ) ;
#2567 = CONTEXT_DEPENDENT_SHAPE_REPRESENTATION ( #3191, #3554 ) ;
#2568 = CARTESIAN_POINT ( 'NONE',  ( 0.8792893218813445700, -0.7500000000000000000, 0.7499999999999998900 ) ) ;
#2569 = PRESENTATION_STYLE_ASSIGNMENT (( #225 ) ) ;
#2570 = ORIENTED_EDGE ( 'NONE', *, *, #1222, .T. ) ;
#2571 = CARTESIAN_POINT ( 'NONE',  ( 0.2494022272309431300, -2.791227751672055400, -0.1844503219471106400 ) ) ;
#2572 = VERTEX_POINT ( 'NONE', #2884 ) ;
#2573 = LINE ( 'NONE', #973, #4139 ) ;
#2574 = EDGE_CURVE ( 'NONE', #2889, #2152, #1432, .T. ) ;
#2575 = DIRECTION ( 'NONE',  ( 0.0000000000000000000, 1.000000000000000000, 1.548860246407863800E-016 ) ) ;
#2576 = FACE_OUTER_BOUND ( 'NONE', #2876, .T. ) ;
#2577 = ORIENTED_EDGE ( 'NONE', *, *, #1651, .T. ) ;
#2578 = CARTESIAN_POINT ( 'NONE',  ( -1.000000000000000000, -0.5518088380021114500, 0.6689339828220161000 ) ) ;
#2579 = FACE_OUTER_BOUND ( 'NONE', #2233, .T. ) ;
#2580 = AXIS2_PLACEMENT_3D ( 'NONE', #3840, #3938, #3944 ) ;
#2581 =( BOUNDED_CURVE ( )  B_SPLINE_CURVE ( 3, ( #545, #518, #473, #468 ),
 .UNSPECIFIED., .F., .F. ) 
 B_SPLINE_CURVE_WITH_KNOTS ( ( 4, 4 ),
 ( 3.015252525951019000, 3.141592653589793100 ),
 .UNSPECIFIED. ) 
 CURVE ( )  GEOMETRIC_REPRESENTATION_ITEM ( )  RATIONAL_B_SPLINE_CURVE ( ( 1.000000000000000000, 0.9986702899464854300, 0.9986702899464854300, 1.000000000000000000 ) ) 
 REPRESENTATION_ITEM ( '' )  );
#2582 = LINE ( 'NONE', #2935, #3464 ) ;
#2583 = CARTESIAN_POINT ( 'NONE',  ( 0.07803847577293317200, -2.938038475772932800, 0.07803847577293260300 ) ) ;
#2584 = ADVANCED_FACE ( 'NONE', ( #405, #291 ), #2873, .T. ) ;
#2585 = DIRECTION ( 'NONE',  ( 0.7071067811865495700, 5.110978055611233300E-016, -0.7071067811865454600 ) ) ;
#2586 = STYLED_ITEM ( 'NONE', ( #4023 ), #1701 ) ;
#2587 = CARTESIAN_POINT ( 'NONE',  ( -0.9146446609406718700, -0.6499999999999999100, -0.7853553390593278600 ) ) ;
#2588 = COLOUR_RGB ( '',0.1098039215686274500, 0.1098039215686274500, 0.1098039215686274500 ) ;
#2589 = DIRECTION ( 'NONE',  ( 0.0000000000000000000, 1.548860246407863800E-016, -1.000000000000000000 ) ) ;
#2590 = CARTESIAN_POINT ( 'NONE',  ( -0.6866116523516799800, -0.7499999999999998900, -0.9426776695296641400 ) ) ;
#2591 = DIRECTION ( 'NONE',  ( 0.0000000000000000000, 0.0000000000000000000, 1.000000000000000000 ) ) ;
#2592 = CARTESIAN_POINT ( 'NONE',  ( -0.09999999999999917300, -3.049999999999999800, -0.03504809471616659300 ) ) ;
#2593 = LINE ( 'NONE', #160, #3372 ) ;
#2594 =( GEOMETRIC_REPRESENTATION_CONTEXT ( 3 ) GLOBAL_UNCERTAINTY_ASSIGNED_CONTEXT ( ( #359 ) ) GLOBAL_UNIT_ASSIGNED_CONTEXT ( ( #3290, #3289, #2461 ) ) REPRESENTATION_CONTEXT ( 'NONE', 'WORKASPACE' ) );
#2595 = DIRECTION ( 'NONE',  ( 0.0000000000000000000, 0.0000000000000000000, 1.000000000000000000 ) ) ;
#2596 = DIRECTION ( 'NONE',  ( -1.000000000000000000, 0.0000000000000000000, -1.445602896647339500E-015 ) ) ;
#2597 = ORIENTED_EDGE ( 'NONE', *, *, #1985, .F. ) ;
#2598 = DIRECTION ( 'NONE',  ( -0.0000000000000000000, 1.000000000000000000, -0.0000000000000000000 ) ) ;
#2599 = EDGE_CURVE ( 'NONE', #3352, #4037, #2707, .T. ) ;
#2600 = PRESENTATION_STYLE_ASSIGNMENT (( #4126 ) ) ;
#2601 = SURFACE_STYLE_USAGE ( .BOTH. , #2618 ) ;
#2602 = AXIS2_PLACEMENT_3D ( 'NONE', #161, #126, #53 ) ;
#2603 = DIRECTION ( 'NONE',  ( -1.445602896647339700E-015, -0.0000000000000000000, 1.000000000000000000 ) ) ;
#2604 = CARTESIAN_POINT ( 'NONE',  ( 0.9250000000000000400, 0.6750000000000000400, -0.6689339828220165500 ) ) ;
#2605 = EDGE_LOOP ( 'NONE', ( #1915, #1277, #2509, #4064 ) ) ;
#2606 = DIRECTION ( 'NONE',  ( -0.0000000000000000000, 1.000000000000000000, 1.548860246407863300E-016 ) ) ;
#2607 = VECTOR ( 'NONE', #2082, 1000.000000000000000 ) ;
#2608 = CARTESIAN_POINT ( 'NONE',  ( 0.1781606056539944100, -2.790192378864667400, 0.2499999999999994700 ) ) ;
#2609 =( LENGTH_UNIT ( ) NAMED_UNIT ( * ) SI_UNIT ( .MILLI., .METRE. ) );
#2610 = UNCERTAINTY_MEASURE_WITH_UNIT (LENGTH_MEASURE( 1.000000000000000100E-005 ), #3167, 'distance_accuracy_value', 'NONE');
#2611 = AXIS2_PLACEMENT_3D ( 'NONE', #3516, #3503, #3495 ) ;
#2613 = ADVANCED_FACE ( 'NONE', ( #4337 ), #3178, .T. ) ;
#2612 = EDGE_LOOP ( 'NONE', ( #1863, #1119, #4129 ) ) ;
#2614 =( NAMED_UNIT ( * ) PLANE_ANGLE_UNIT ( ) SI_UNIT ( $, .RADIAN. ) );
#2615 = EDGE_CURVE ( 'NONE', #1938, #3930, #2373, .T. ) ;
#2616 = ORIENTED_EDGE ( 'NONE', *, *, #1496, .T. ) ;
#2617 = CARTESIAN_POINT ( 'NONE',  ( 0.2494022272309433000, 3.991227751672056000, -0.1844503219471104200 ) ) ;
#2618 = SURFACE_SIDE_STYLE ('',( #489 ) ) ;
#2619 = AXIS2_PLACEMENT_3D ( 'NONE', #1725, #1668, #1661 ) ;
#2620 = PRESENTATION_STYLE_ASSIGNMENT (( #741 ) ) ;
#2621 = FILL_AREA_STYLE ('',( #1821 ) ) ;
#2622 = ORIENTED_EDGE ( 'NONE', *, *, #1403, .F. ) ;
#2623 = DIRECTION ( 'NONE',  ( 0.0000000000000000000, 0.5000000000000024400, -0.8660254037844373800 ) ) ;
#2624 = PLANE ( 'NONE',  #3961 ) ;
#2625 = FACE_OUTER_BOUND ( 'NONE', #439, .T. ) ;
#2626 = ORIENTED_EDGE ( 'NONE', *, *, #1212, .T. ) ;
#2627 = CARTESIAN_POINT ( 'NONE',  ( 0.9792652900381938500, -0.6345597246292991000, -0.7207347099618028900 ) ) ;
#2628 = STYLED_ITEM ( 'NONE', ( #2813 ), #2326 ) ;
#2629 = CARTESIAN_POINT ( 'NONE',  ( 0.9146446609406718700, -0.6500000000000001300, 0.7853553390593274200 ) ) ;
#2630 = DIRECTION ( 'NONE',  ( -0.0000000000000000000, -1.000000000000000000, 0.0000000000000000000 ) ) ;
#2631 = VERTEX_POINT ( 'NONE', #2734 ) ;
#2632 = EDGE_CURVE ( 'NONE', #526, #2152, #1486, .T. ) ;
#2633 = STYLED_ITEM ( 'NONE', ( #2641 ), #3105 ) ;
#2634 = ORIENTED_EDGE ( 'NONE', *, *, #2844, .F. ) ;
#2635 = ADVANCED_FACE ( 'NONE', ( #2265 ), #2170, .T. ) ;
#2636 = DIRECTION ( 'NONE',  ( -0.4472135954999587000, -0.7745966692414826300, -0.4472135954999587000 ) ) ;
#2637 = CYLINDRICAL_SURFACE ( 'NONE', #2316, 0.04999999999999995400 ) ;
#2638 = EDGE_CURVE ( 'NONE', #2889, #1223, #3083, .T. ) ;
#2639 = CARTESIAN_POINT ( 'NONE',  ( -0.1750000000000000200, -0.5999999999999999800, 0.1749999999999997100 ) ) ;
#2640 = DIRECTION ( 'NONE',  ( 0.0000000000000000000, 1.000000000000000000, 1.106328747434188200E-016 ) ) ;
#2641 = PRESENTATION_STYLE_ASSIGNMENT (( #1323 ) ) ;
#2642 = CARTESIAN_POINT ( 'NONE',  ( 0.1750000000000000200, 0.0000000000000000000, -0.1750000000000000200 ) ) ;
#2643 = UNCERTAINTY_MEASURE_WITH_UNIT (LENGTH_MEASURE( 1.000000000000000100E-005 ), #2968, 'distance_accuracy_value', 'NONE');
#2644 = AXIS2_PLACEMENT_3D ( 'NONE', #3479, #3466, #3460 ) ;
#2645 = CARTESIAN_POINT ( 'NONE',  ( -0.9499999999999998400, -0.6500000000000001300, 0.6499999999999999100 ) ) ;
#2646 = AXIS2_PLACEMENT_3D ( 'NONE', #3100, #3063, #3047 ) ;
#2647 = CIRCLE ( 'NONE', #3695, 0.05000000000000002400 ) ;
#2648 = CARTESIAN_POINT ( 'NONE',  ( 0.1750000000000000200, -1.936075308009826700E-017, 0.1749999999999997700 ) ) ;
#2649 = DIRECTION ( 'NONE',  ( 0.7071067811865491300, 0.0000000000000000000, -0.7071067811865459100 ) ) ;
#2650 = SPHERICAL_SURFACE ( 'NONE', #1266, 0.07499999999999999700 ) ;
#2651 = PRESENTATION_STYLE_ASSIGNMENT (( #715 ) ) ;
#2652 = PRESENTATION_LAYER_ASSIGNMENT (  '', '', ( #2418 ) ) ;
#2653 =( BOUNDED_CURVE ( )  B_SPLINE_CURVE ( 3, ( #1115, #1071, #493, #1155 ),
 .UNSPECIFIED., .F., .F. ) 
 B_SPLINE_CURVE_WITH_KNOTS ( ( 4, 4 ),
 ( 5.624127271353177800, 6.942243343005996400 ),
 .UNSPECIFIED. ) 
 CURVE ( )  GEOMETRIC_REPRESENTATION_ITEM ( )  RATIONAL_B_SPLINE_CURVE ( ( 1.000000000000000000, 0.8603796100280629600, 0.8603796100280629600, 1.000000000000000000 ) ) 
 REPRESENTATION_ITEM ( '' )  );
#2654 = CARTESIAN_POINT ( 'NONE',  ( 0.9594557986231104800, -0.5642519873652319700, -0.7405442013768881400 ) ) ;
#2655 =( NAMED_UNIT ( * ) SI_UNIT ( $, .STERADIAN. ) SOLID_ANGLE_UNIT ( ) );
#2656 = VERTEX_POINT ( 'NONE', #2617 ) ;
#2657 = DIRECTION ( 'NONE',  ( 0.0000000000000000000, -1.106328747434188100E-016, 1.000000000000000000 ) ) ;
#2658 = CARTESIAN_POINT ( 'NONE',  ( -0.7000000000000000700, 0.6750000000000001600, 0.9999999999999997800 ) ) ;
#2659 = FILL_AREA_STYLE ('',( #2805 ) ) ;
#2660 = DIRECTION ( 'NONE',  ( 0.7071067811865454600, -0.0000000000000000000, 0.7071067811865495700 ) ) ;
#2661 = PRODUCT_DEFINITION_CONTEXT ( 'detailed design', #2018, 'design' ) ;
#2662 = PRESENTATION_LAYER_ASSIGNMENT (  '', '', ( #2198 ) ) ;
#2663 = VERTEX_POINT ( 'NONE', #2592 ) ;
#2664 = CARTESIAN_POINT ( 'NONE',  ( 0.9903831759360152100, -0.6197246575101184000, -0.7096168240639835200 ) ) ;
#2665 = DIRECTION ( 'NONE',  ( -0.4472135954999586500, -0.7745966692414824100, -0.4472135954999587000 ) ) ;
#2666 =( NAMED_UNIT ( * ) PLANE_ANGLE_UNIT ( ) SI_UNIT ( $, .RADIAN. ) );
#2667 = VERTEX_POINT ( 'NONE', #2590 ) ;
#2668 =( LENGTH_UNIT ( ) NAMED_UNIT ( * ) SI_UNIT ( .MILLI., .METRE. ) );
#2669 = AXIS2_PLACEMENT_3D ( 'NONE', #4020, #3387, #4022 ) ;
#2670 = EDGE_CURVE ( 'NONE', #1363, #382, #1240, .T. ) ;
#2671 = CARTESIAN_POINT ( 'NONE',  ( 0.2129903810567665700, -2.854294919243111300, 0.1480384757729330800 ) ) ;
#2672 = UNCERTAINTY_MEASURE_WITH_UNIT (LENGTH_MEASURE( 1.000000000000000100E-005 ), #1844, 'distance_accuracy_value', 'NONE');
#2673 = VERTEX_POINT ( 'NONE', #2587 ) ;
#2674 = CARTESIAN_POINT ( 'NONE',  ( 0.9780330085918578200, -0.5569430985241306000, -0.7219669914081408000 ) ) ;
#2675 = SURFACE_STYLE_USAGE ( .BOTH. , #2681 ) ;
#2676 = VECTOR ( 'NONE', #444, 1000.000000000000000 ) ;
#2677 = CARTESIAN_POINT ( 'NONE',  ( 0.7000000000000000700, 0.6750000000000001600, -1.000000000000000200 ) ) ;
#2678 = AXIS2_PLACEMENT_3D ( 'NONE', #1279, #1138, #1268 ) ;
#2679 = VERTEX_POINT ( 'NONE', #2578 ) ;
#2680 = ADVANCED_FACE ( 'NONE', ( #3952 ), #2062, .T. ) ;
#2681 = SURFACE_SIDE_STYLE ('',( #2231 ) ) ;
#2682 = VERTEX_POINT ( 'NONE', #2564 ) ;
#2683 = ORIENTED_EDGE ( 'NONE', *, *, #198, .F. ) ;
#2684 = CARTESIAN_POINT ( 'NONE',  ( -0.1781606056539945000, 3.990192378864668900, -0.2500000000000000000 ) ) ;
#2685 = SURFACE_STYLE_USAGE ( .BOTH. , #2687 ) ;
#2686 = ORIENTED_EDGE ( 'NONE', *, *, #2782, .F. ) ;
#2687 = SURFACE_SIDE_STYLE ('',( #2161 ) ) ;
#2688 = CIRCLE ( 'NONE', #2063, 0.02499999999999995600 ) ;
#2689 = DIRECTION ( 'NONE',  ( 0.7071067811865454600, 7.666467083416892900E-017, 0.7071067811865495700 ) ) ;
#2690 = LINE ( 'NONE', #3997, #386 ) ;
#2691 = ORIENTED_EDGE ( 'NONE', *, *, #898, .T. ) ;
#2692 = FILL_AREA_STYLE ('',( #2696 ) ) ;
#2693 = EDGE_CURVE ( 'NONE', #4133, #2897, #333, .T. ) ;
#2694 = MECHANICAL_DESIGN_GEOMETRIC_PRESENTATION_REPRESENTATION (  '', ( #2017 ), #2919 ) ;
#2695 = LINE ( 'NONE', #1041, #4328 ) ;
#2696 = FILL_AREA_STYLE_COLOUR ( '', #3936 ) ;
#2697 = DIRECTION ( 'NONE',  ( 0.0000000000000000000, 1.000000000000000000, 1.548860246407862100E-016 ) ) ;
#2698 = PRESENTATION_STYLE_ASSIGNMENT (( #1640 ) ) ;
#2699 = EDGE_CURVE ( 'NONE', #3333, #4439, #2972, .T. ) ;
#2700 = ADVANCED_FACE ( 'NONE', ( #3852 ), #2650, .T. ) ;
#2701 = CARTESIAN_POINT ( 'NONE',  ( 0.9499999999999999600, -0.6009044190012010600, 0.6594669914117612400 ) ) ;
#2702 =( NAMED_UNIT ( * ) SI_UNIT ( $, .STERADIAN. ) SOLID_ANGLE_UNIT ( ) );
#2703 = SURFACE_STYLE_FILL_AREA ( #2269 ) ;
#2704 = VECTOR ( 'NONE', #4243, 1000.000000000000000 ) ;
#2705 = MECHANICAL_DESIGN_GEOMETRIC_PRESENTATION_REPRESENTATION (  '', ( #1316 ), #2933 ) ;
#2706 =( NAMED_UNIT ( * ) PLANE_ANGLE_UNIT ( ) SI_UNIT ( $, .RADIAN. ) );
#2707 = LINE ( 'NONE', #2776, #4435 ) ;
#2708 = DIRECTION ( 'NONE',  ( 0.0000000000000000000, 0.0000000000000000000, -1.000000000000000000 ) ) ;
#2709 = ORIENTED_EDGE ( 'NONE', *, *, #3578, .F. ) ;
#2710 =( LENGTH_UNIT ( ) NAMED_UNIT ( * ) SI_UNIT ( .MILLI., .METRE. ) );
#2711 = PRESENTATION_LAYER_ASSIGNMENT (  '', '', ( #2028 ) ) ;
#2712 = ORIENTED_EDGE ( 'NONE', *, *, #830, .F. ) ;
#2713 = CARTESIAN_POINT ( 'NONE',  ( 0.2500000000000000000, 3.872150616019658300E-017, -0.2499999999999998900 ) ) ;
#2714 = SURFACE_STYLE_FILL_AREA ( #4140 ) ;
#2715 = CARTESIAN_POINT ( 'NONE',  ( 1.314644660940671900, -0.6999999999999994000, -0.3146446609406697300 ) ) ;
#2716 = EDGE_LOOP ( 'NONE', ( #1978, #2570, #3154 ) ) ;
#2717 = SURFACE_STYLE_USAGE ( .BOTH. , #2728 ) ;
#2718 = EDGE_CURVE ( 'NONE', #2795, #875, #1749, .T. ) ;
#2719 = COLOUR_RGB ( '',0.1098039215686274500, 0.1098039215686274500, 0.1098039215686274500 ) ;
#2720 = CARTESIAN_POINT ( 'NONE',  ( 0.9250000000000000400, 0.7500000000000002200, 0.6689339828220176600 ) ) ;
#2721 = EDGE_LOOP ( 'NONE', ( #3836, #3339, #182, #512, #3497, #1712 ) ) ;
#2722 = CARTESIAN_POINT ( 'NONE',  ( -0.1750000000000000200, 0.7500000000000001100, 0.2500000000000000000 ) ) ;
#2723 = ADVANCED_FACE ( 'NONE', ( #1648 ), #18, .T. ) ;
#2724 = UNCERTAINTY_MEASURE_WITH_UNIT (LENGTH_MEASURE( 1.000000000000000100E-005 ), #1226, 'distance_accuracy_value', 'NONE');
#2725 = DIRECTION ( 'NONE',  ( 0.0000000000000000000, 0.0000000000000000000, -1.000000000000000000 ) ) ;
#2726 = EDGE_LOOP ( 'NONE', ( #3011, #2399, #3092, #2252 ) ) ;
#2727 = EDGE_CURVE ( 'NONE', #3703, #1080, #285, .T. ) ;
#2728 = SURFACE_SIDE_STYLE ('',( #1799 ) ) ;
#2729 = LINE ( 'NONE', #854, #855 ) ;
#2730 = ORIENTED_EDGE ( 'NONE', *, *, #10, .F. ) ;
#2731 = DIRECTION ( 'NONE',  ( -0.0000000000000000000, -1.000000000000000000, 0.0000000000000000000 ) ) ;
#2732 = FILL_AREA_STYLE ('',( #2741 ) ) ;
#2733 = DIRECTION ( 'NONE',  ( 1.000000000000000000, 0.0000000000000000000, 0.0000000000000000000 ) ) ;
#2734 = CARTESIAN_POINT ( 'NONE',  ( 1.000000000000000000, -0.5518088380021117800, 0.6689339828220174400 ) ) ;
#2735 =( GEOMETRIC_REPRESENTATION_CONTEXT ( 3 ) GLOBAL_UNCERTAINTY_ASSIGNED_CONTEXT ( ( #3607 ) ) GLOBAL_UNIT_ASSIGNED_CONTEXT ( ( #2824, #3106, #4415 ) ) REPRESENTATION_CONTEXT ( 'NONE', 'WORKASPACE' ) );
#2736 = COLOUR_RGB ( '',0.1098039215686274500, 0.1098039215686274500, 0.1098039215686274500 ) ;
#2737 = ORIENTED_EDGE ( 'NONE', *, *, #4282, .T. ) ;
#2738 = CARTESIAN_POINT ( 'NONE',  ( -0.6689339828220163300, -0.6999999999999998400, -0.9500000000000001800 ) ) ;
#2739 = ORIENTED_EDGE ( 'NONE', *, *, #2771, .T. ) ;
#2740 = PRESENTATION_LAYER_ASSIGNMENT (  '', '', ( #2501 ) ) ;
#2741 = FILL_AREA_STYLE_COLOUR ( '', #834 ) ;
#2742 = CYLINDRICAL_SURFACE ( 'NONE', #3421, 0.07500000000000003900 ) ;
#2743 = ORIENTED_EDGE ( 'NONE', *, *, #3313, .F. ) ;
#2744 = ADVANCED_FACE ( 'NONE', ( #3904 ), #946, .T. ) ;
#2745 = CARTESIAN_POINT ( 'NONE',  ( 1.000000000000000000, 0.6750000000000001600, -7.318364664277156200E-017 ) ) ;
#2746 = MECHANICAL_DESIGN_GEOMETRIC_PRESENTATION_REPRESENTATION (  '', ( #2058 ), #2973 ) ;
#2747 = SURFACE_STYLE_FILL_AREA ( #1347 ) ;
#2748 =( BOUNDED_CURVE ( )  B_SPLINE_CURVE ( 3, ( #3869, #3864, #1225, #1218 ),
 .UNSPECIFIED., .F., .F. ) 
 B_SPLINE_CURVE_WITH_KNOTS ( ( 4, 4 ),
 ( 2.482534617763385600, 3.800650689416198900 ),
 .UNSPECIFIED. ) 
 CURVE ( )  GEOMETRIC_REPRESENTATION_ITEM ( )  RATIONAL_B_SPLINE_CURVE ( ( 1.000000000000000000, 0.8603796100280641800, 0.8603796100280641800, 1.000000000000000000 ) ) 
 REPRESENTATION_ITEM ( '' )  );
#2749 = ORIENTED_EDGE ( 'NONE', *, *, #1212, .F. ) ;
#2750 = DIRECTION ( 'NONE',  ( -0.0000000000000000000, 1.084202172485504400E-016, 1.000000000000000000 ) ) ;
#2751 = EDGE_CURVE ( 'NONE', #1921, #1170, #3574, .T. ) ;
#2752 = MECHANICAL_DESIGN_GEOMETRIC_PRESENTATION_REPRESENTATION (  '', ( #1841 ), #2982 ) ;
#2753 = FACE_OUTER_BOUND ( 'NONE', #482, .T. ) ;
#2754 = DIRECTION ( 'NONE',  ( 0.0000000000000000000, 1.548860246407863300E-016, -1.000000000000000000 ) ) ;
#2755 =( GEOMETRIC_REPRESENTATION_CONTEXT ( 3 ) GLOBAL_UNCERTAINTY_ASSIGNED_CONTEXT ( ( #1392 ) ) GLOBAL_UNIT_ASSIGNED_CONTEXT ( ( #424, #4280, #517 ) ) REPRESENTATION_CONTEXT ( 'NONE', 'WORKASPACE' ) );
#2756 = CIRCLE ( 'NONE', #3208, 0.05000000000000006500 ) ;
#2757 = DIRECTION ( 'NONE',  ( -0.0000000000000000000, 1.000000000000000000, 1.548860246407863300E-016 ) ) ;
#2758 = EDGE_LOOP ( 'NONE', ( #952, #373, #853 ) ) ;
#2759 = AXIS2_PLACEMENT_3D ( 'NONE', #1436, #1242, #1237 ) ;
#2760 = ADVANCED_FACE ( 'NONE', ( #4332 ), #2370, .T. ) ;
#2761 =( NAMED_UNIT ( * ) SI_UNIT ( $, .STERADIAN. ) SOLID_ANGLE_UNIT ( ) );
#2762 = FACE_OUTER_BOUND ( 'NONE', #240, .T. ) ;
#2763 = ORIENTED_EDGE ( 'NONE', *, *, #811, .F. ) ;
#2764 = EDGE_LOOP ( 'NONE', ( #1253, #1341, #1773 ) ) ;
#2765 = SURFACE_SIDE_STYLE ('',( #170 ) ) ;
#2766 = CARTESIAN_POINT ( 'NONE',  ( -0.9499999999999998400, -0.5499999999999999300, -8.518731355243247400E-017 ) ) ;
#2767 = CIRCLE ( 'NONE', #655, 0.07499999999999999700 ) ;
#2768 = ORIENTED_EDGE ( 'NONE', *, *, #483, .T. ) ;
#2769 = ORIENTED_EDGE ( 'NONE', *, *, #1563, .F. ) ;
#2770 = STYLED_ITEM ( 'NONE', ( #2846 ), #4070 ) ;
#2771 = EDGE_CURVE ( 'NONE', #526, #4416, #1482, .T. ) ;
#2772 = AXIS2_PLACEMENT_3D ( 'NONE', #858, #821, #819 ) ;
#2773 = CARTESIAN_POINT ( 'NONE',  ( -0.1750000000000000200, -2.790192378864667400, -0.2500000000000003300 ) ) ;
#2774 = LINE ( 'NONE', #551, #27 ) ;
#2775 = CARTESIAN_POINT ( 'NONE',  ( -0.9499999999999998400, -0.5518088380019498000, 0.6689339828211776600 ) ) ;
#2776 = CARTESIAN_POINT ( 'NONE',  ( 0.1750000000000000200, 3.872150616019658300E-017, -0.2499999999999998900 ) ) ;
#2777 = UNCERTAINTY_MEASURE_WITH_UNIT (LENGTH_MEASURE( 1.000000000000000100E-005 ), #1812, 'distance_accuracy_value', 'NONE');
#2778 = CARTESIAN_POINT ( 'NONE',  ( 0.8792893218813446800, -0.6500000000000000200, 0.6999999999999998400 ) ) ;
#2779 = ORIENTED_EDGE ( 'NONE', *, *, #3008, .T. ) ;
#2780 = COLOUR_RGB ( '',0.1098039215686274500, 0.1098039215686274500, 0.1098039215686274500 ) ;
#2781 = CARTESIAN_POINT ( 'NONE',  ( 1.000000000000000000, -0.6500000000000000200, 0.6999999999999999600 ) ) ;
#2782 = EDGE_CURVE ( 'NONE', #3757, #1398, #2199, .T. ) ;
#2783 = ORIENTED_EDGE ( 'NONE', *, *, #1591, .F. ) ;
#2784 = DIRECTION ( 'NONE',  ( 0.0000000000000000000, 1.084202172485504400E-016, 1.000000000000000000 ) ) ;
#2785 =( NAMED_UNIT ( * ) SI_UNIT ( $, .STERADIAN. ) SOLID_ANGLE_UNIT ( ) );
#2786 = ORIENTED_EDGE ( 'NONE', *, *, #3606, .F. ) ;
#2787 = DIRECTION ( 'NONE',  ( 0.0000000000000000000, 1.000000000000000000, -1.084202172485504400E-016 ) ) ;
#2788 = AXIS2_PLACEMENT_3D ( 'NONE', #111, #2550, #2591 ) ;
#2789 = FACE_OUTER_BOUND ( 'NONE', #1550, .T. ) ;
#2790 = ORIENTED_EDGE ( 'NONE', *, *, #2086, .F. ) ;
#2791 = CARTESIAN_POINT ( 'NONE',  ( -0.1781606056539943900, -2.790192378864667900, -0.2500000000000003300 ) ) ;
#2792 = CARTESIAN_POINT ( 'NONE',  ( 1.000000000000000000, 0.7500000000000001100, -8.131516293641284500E-017 ) ) ;
#2793 = CIRCLE ( 'NONE', #194, 0.07499999999999999700 ) ;
#2794 = LINE ( 'NONE', #4180, #3558 ) ;
#2795 = VERTEX_POINT ( 'NONE', #2187 ) ;
#2796 =( NAMED_UNIT ( * ) SI_UNIT ( $, .STERADIAN. ) SOLID_ANGLE_UNIT ( ) );
#2797 = CARTESIAN_POINT ( 'NONE',  ( 0.9146446609406719800, -0.6500000000000000200, 0.7853553390593274200 ) ) ;
#2798 = PRESENTATION_LAYER_ASSIGNMENT (  '', '', ( #1672 ) ) ;
#2799 =( NAMED_UNIT ( * ) PLANE_ANGLE_UNIT ( ) SI_UNIT ( $, .RADIAN. ) );
#2800 = SURFACE_STYLE_FILL_AREA ( #1650 ) ;
#2801 = UNCERTAINTY_MEASURE_WITH_UNIT (LENGTH_MEASURE( 1.000000000000000100E-005 ), #942, 'distance_accuracy_value', 'NONE');
#2802 = FACE_OUTER_BOUND ( 'NONE', #2556, .T. ) ;
#2803 = CARTESIAN_POINT ( 'NONE',  ( 0.8792893268690125100, -0.6400241630430633100, 0.6999999999999998400 ) ) ;
#2804 = CARTESIAN_POINT ( 'NONE',  ( 0.9999997373216568100, -0.6668582943523025900, 0.7000002626783329300 ) ) ;
#2805 = FILL_AREA_STYLE_COLOUR ( '', #4304 ) ;
#2806 = EDGE_CURVE ( 'NONE', #4024, #1601, #1412, .T. ) ;
#2807 = FACE_OUTER_BOUND ( 'NONE', #1201, .T. ) ;
#2808 = CARTESIAN_POINT ( 'NONE',  ( 0.9146446659283414800, -0.6300483260543403600, 0.7853553340716580300 ) ) ;
#2809 =( LENGTH_UNIT ( ) NAMED_UNIT ( * ) SI_UNIT ( .MILLI., .METRE. ) );
#2810 = EDGE_LOOP ( 'NONE', ( #2124, #2414, #859, #1810 ) ) ;
#2811 = STYLED_ITEM ( 'NONE', ( #3526 ), #477 ) ;
#2812 = CARTESIAN_POINT ( 'NONE',  ( -0.1813149072743187600, -2.790537962666718400, -0.2498004770988586400 ) ) ;
#2813 = PRESENTATION_STYLE_ASSIGNMENT (( #3697 ) ) ;
#2814 = CARTESIAN_POINT ( 'NONE',  ( 0.8854204790035437000, -0.6300880430160602500, 0.6969344214388995000 ) ) ;
#2815 = CARTESIAN_POINT ( 'NONE',  ( 0.9872637081373271100, -0.6720299237500060300, 0.7127362918626742900 ) ) ;
#2816 = ORIENTED_EDGE ( 'NONE', *, *, #3578, .T. ) ;
#2817 =( LENGTH_UNIT ( ) NAMED_UNIT ( * ) SI_UNIT ( .MILLI., .METRE. ) );
#2818 = LINE ( 'NONE', #4203, #964 ) ;
#2819 = CARTESIAN_POINT ( 'NONE',  ( -0.1844503219471101100, -2.791227751672055400, -0.2494022272309434900 ) ) ;
#2820 = AXIS2_PLACEMENT_3D ( 'NONE', #433, #378, #376 ) ;
#2821 = CARTESIAN_POINT ( 'NONE',  ( 0.9207758180628716800, -0.6101760860321212600, 0.7792241819371279500 ) ) ;
#2822 = ORIENTED_EDGE ( 'NONE', *, *, #3308, .F. ) ;
#2823 = CARTESIAN_POINT ( 'NONE',  ( 0.9426776695308620700, -0.6034715492623934400, -0.6683058261752410400 ) ) ;
#2824 =( LENGTH_UNIT ( ) NAMED_UNIT ( * ) SI_UNIT ( .MILLI., .METRE. ) );
#2825 = SURFACE_STYLE_USAGE ( .BOTH. , #2828 ) ;
#2826 = ORIENTED_EDGE ( 'NONE', *, *, #412, .F. ) ;
#2827 =( NAMED_UNIT ( * ) PLANE_ANGLE_UNIT ( ) SI_UNIT ( $, .RADIAN. ) );
#2828 = SURFACE_SIDE_STYLE ('',( #3032 ) ) ;
#2829 = COLOUR_RGB ( '',0.1098039215686274500, 0.1098039215686274500, 0.1098039215686274500 ) ;
#2830 = ORIENTED_EDGE ( 'NONE', *, *, #1308, .F. ) ;
#2831 = PLANE ( 'NONE',  #3518 ) ;
#2832 = CARTESIAN_POINT ( 'NONE',  ( 0.9078634870768422800, -0.6136143781507802400, 0.6857129174022521500 ) ) ;
#2833 = CIRCLE ( 'NONE', #525, 0.05000000000000002400 ) ;
#2834 = STYLED_ITEM ( 'NONE', ( #216 ), #4306 ) ;
#2835 = ORIENTED_EDGE ( 'NONE', *, *, #3664, .T. ) ;
#2836 = EDGE_CURVE ( 'NONE', #3991, #1223, #4053, .T. ) ;
#2837 = MECHANICAL_DESIGN_GEOMETRIC_PRESENTATION_REPRESENTATION (  '', ( #2369 ), #3069 ) ;
#2838 = CARTESIAN_POINT ( 'NONE',  ( 0.9771307726135728400, -0.6526842615552254100, 0.7228692273864260100 ) ) ;
#2839 = FILL_AREA_STYLE ('',( #2893 ) ) ;
#2840 = DIRECTION ( 'NONE',  ( 0.0000000000000000000, 0.0000000000000000000, 1.000000000000000000 ) ) ;
#2841 = VERTEX_POINT ( 'NONE', #1940 ) ;
#2842 = CARTESIAN_POINT ( 'NONE',  ( 0.9432188261361689200, -0.5772287563015596800, 0.7567811738638307000 ) ) ;
#2843 = CARTESIAN_POINT ( 'NONE',  ( 0.2500000000000000000, -3.049999999999999800, 0.0000000000000000000 ) ) ;
#2844 = EDGE_CURVE ( 'NONE', #3158, #909, #2262, .T. ) ;
#2845 = DIRECTION ( 'NONE',  ( 0.0000000000000000000, 0.0000000000000000000, -1.000000000000000000 ) ) ;
#2846 = PRESENTATION_STYLE_ASSIGNMENT (( #1781 ) ) ;
#2847 = ORIENTED_EDGE ( 'NONE', *, *, #3308, .T. ) ;
#2848 = CARTESIAN_POINT ( 'NONE',  ( 0.9240932004918798200, -0.6071274207509269600, 0.6775980610532987800 ) ) ;
#2849 = UNCERTAINTY_MEASURE_WITH_UNIT (LENGTH_MEASURE( 1.000000000000000100E-005 ), #4039, 'distance_accuracy_value', 'NONE');
#2850 = FACE_OUTER_BOUND ( 'NONE', #2388, .T. ) ;
#2851 =( NAMED_UNIT ( * ) PLANE_ANGLE_UNIT ( ) SI_UNIT ( $, .RADIAN. ) );
#2852 = FACE_OUTER_BOUND ( 'NONE', #1727, .T. ) ;
#2853 = ORIENTED_EDGE ( 'NONE', *, *, #2123, .T. ) ;
#2854 = PRESENTATION_LAYER_ASSIGNMENT (  '', '', ( #2381 ) ) ;
#2855 = DIRECTION ( 'NONE',  ( 0.0000000000000000000, 0.0000000000000000000, 1.000000000000000000 ) ) ;
#2856 = ORIENTED_EDGE ( 'NONE', *, *, #370, .T. ) ;
#2857 = PRESENTATION_STYLE_ASSIGNMENT (( #604 ) ) ;
#2858 = CARTESIAN_POINT ( 'NONE',  ( 0.9250000000000000400, 0.0000000000000000000, -0.6689339828220164400 ) ) ;
#2859 = CARTESIAN_POINT ( 'NONE',  ( 0.9792652900378342500, -0.6345597246305358900, 0.7207347099621771400 ) ) ;
#2860 = PRESENTATION_LAYER_ASSIGNMENT (  '', '', ( #2628 ) ) ;
#2861 = CARTESIAN_POINT ( 'NONE',  ( 0.9594557986218526000, -0.5642519873661123700, 0.7405442013781470300 ) ) ;
#2862 = SHAPE_REPRESENTATION ( '251-pin-46', ( #9 ), #4281 ) ;
#2863 = FACE_OUTER_BOUND ( 'NONE', #1075, .T. ) ;
#2864 = UNCERTAINTY_MEASURE_WITH_UNIT (LENGTH_MEASURE( 1.000000000000000100E-005 ), #3680, 'distance_accuracy_value', 'NONE');
#2865 = CARTESIAN_POINT ( 'NONE',  ( 0.9426776695308618500, -0.6034715492623938800, 0.6683058261752414800 ) ) ;
#2866 = EDGE_CURVE ( 'NONE', #3341, #671, #465, .T. ) ;
#2867 = CARTESIAN_POINT ( 'NONE',  ( 1.000000000000000000, -0.6999999999999999600, 0.6999999999999998400 ) ) ;
#2868 = AXIS2_PLACEMENT_3D ( 'NONE', #1364, #1362, #1355 ) ;
#2869 = DIRECTION ( 'NONE',  ( -0.0000000000000000000, 1.000000000000000000, 0.0000000000000000000 ) ) ;
#2870 = CARTESIAN_POINT ( 'NONE',  ( 0.9903831759351065000, -0.6197246575113331000, 0.7096168240648934600 ) ) ;
#2871 = CARTESIAN_POINT ( 'NONE',  ( 0.9250000000000000400, 0.6750000000000001600, -0.6689339828220164400 ) ) ;
#2872 = DIRECTION ( 'NONE',  ( 0.7071067811865455700, 5.110978055611263900E-016, 0.7071067811865496800 ) ) ;
#2873 = PLANE ( 'NONE',  #2277 ) ;
#2874 = EDGE_CURVE ( 'NONE', #1762, #2319, #521, .T. ) ;
#2875 = CYLINDRICAL_SURFACE ( 'NONE', #1920, 0.07499999999999998300 ) ;
#2876 = EDGE_LOOP ( 'NONE', ( #2634, #1102, #2127, #3559, #1622, #2826 ) ) ;
#2877 = EDGE_LOOP ( 'NONE', ( #3933, #4315, #21, #443 ) ) ;
#2878 = MECHANICAL_DESIGN_GEOMETRIC_PRESENTATION_REPRESENTATION (  '', ( #2412 ), #3108 ) ;
#2879 =( NAMED_UNIT ( * ) SI_UNIT ( $, .STERADIAN. ) SOLID_ANGLE_UNIT ( ) );
#2880 = EDGE_LOOP ( 'NONE', ( #625, #83, #3378, #1895 ) ) ;
#2881 = FILL_AREA_STYLE_COLOUR ( '', #3115 ) ;
#2882 = MECHANICAL_DESIGN_GEOMETRIC_PRESENTATION_REPRESENTATION (  '', ( #2418 ), #3113 ) ;
#2883 = SURFACE_STYLE_FILL_AREA ( #3765 ) ;
#2884 = CARTESIAN_POINT ( 'NONE',  ( 0.2494022272309431900, 3.991227751672056000, 0.1844503219471111100 ) ) ;
#2885 =( NAMED_UNIT ( * ) PLANE_ANGLE_UNIT ( ) SI_UNIT ( $, .RADIAN. ) );
#2886 = ORIENTED_EDGE ( 'NONE', *, *, #1929, .T. ) ;
#2887 = DIRECTION ( 'NONE',  ( 0.0000000000000000000, -2.478176394252582100E-016, 1.000000000000000000 ) ) ;
#2888 = UNCERTAINTY_MEASURE_WITH_UNIT (LENGTH_MEASURE( 1.000000000000000100E-005 ), #3631, 'distance_accuracy_value', 'NONE');
#2889 = VERTEX_POINT ( 'NONE', #1946 ) ;
#2890 = CARTESIAN_POINT ( 'NONE',  ( 0.8792893218813445700, -0.6999999999999999600, 0.6999999999999998400 ) ) ;
#2891 = FILL_AREA_STYLE_COLOUR ( '', #3801 ) ;
#2892 = ORIENTED_EDGE ( 'NONE', *, *, #3375, .F. ) ;
#2893 = FILL_AREA_STYLE_COLOUR ( '', #3907 ) ;
#2894 = AXIS2_PLACEMENT_3D ( 'NONE', #3114, #4055, #4059 ) ;
#2895 = EDGE_CURVE ( 'NONE', #1981, #3658, #4204, .T. ) ;
#2896 = VECTOR ( 'NONE', #1022, 1000.000000000000000 ) ;
#2897 = VERTEX_POINT ( 'NONE', #2004 ) ;
#2898 = DIRECTION ( 'NONE',  ( 0.0000000000000000000, 1.000000000000000000, 0.0000000000000000000 ) ) ;
#2899 = ITEM_DEFINED_TRANSFORMATION ( 'NONE', 'NONE', #2429,  #9 ) ;
#2900 = CARTESIAN_POINT ( 'NONE',  ( 0.8792893218813440100, 0.0000000000000000000, -0.7500000000000003300 ) ) ;
#2901 = SURFACE_SIDE_STYLE ('',( #3570 ) ) ;
#2902 = VECTOR ( 'NONE', #1492, 1000.000000000000000 ) ;
#2903 = ORIENTED_EDGE ( 'NONE', *, *, #1403, .T. ) ;
#2904 =( LENGTH_UNIT ( ) NAMED_UNIT ( * ) SI_UNIT ( .MILLI., .METRE. ) );
#2905 = AXIS2_PLACEMENT_3D ( 'NONE', #3719, #3725, #3734 ) ;
#2906 = DIRECTION ( 'NONE',  ( 0.0000000000000000000, 0.0000000000000000000, 1.000000000000000000 ) ) ;
#2907 = LINE ( 'NONE', #267, #3675 ) ;
#2908 = ORIENTED_EDGE ( 'NONE', *, *, #1620, .T. ) ;
#2909 = COLOUR_RGB ( '',0.1098039215686274500, 0.1098039215686274500, 0.1098039215686274500 ) ;
#2910 =( LENGTH_UNIT ( ) NAMED_UNIT ( * ) SI_UNIT ( .MILLI., .METRE. ) );
#2911 = DIRECTION ( 'NONE',  ( -1.000000000000000000, 0.0000000000000000000, 0.0000000000000000000 ) ) ;
#2912 = FACE_OUTER_BOUND ( 'NONE', #3483, .T. ) ;
#2913 = SURFACE_STYLE_USAGE ( .BOTH. , #1413 ) ;
#2914 = LINE ( 'NONE', #4094, #3687 ) ;
#2915 = B_SPLINE_CURVE_WITH_KNOTS ( 'NONE', 3,
 ( #1014, #1016, #1030, #1009, #1008, #1001, #1000, #991, #988, #983, #975, #971, #967, #961, #954, #951 ),
 .UNSPECIFIED., .F., .F.,
 ( 4, 3, 3, 3, 3, 4 ),
 ( 0.0000000000000000000, 1.081681462246616000E-006, 3.780472803047404800E-006, 6.102219355300921800E-006, 1.154453294435646700E-005, 1.244504902450357700E-005 ),
 .UNSPECIFIED. ) ;
#2916 = CIRCLE ( 'NONE', #2436, 0.07500000000000002500 ) ;
#2917 = AXIS2_PLACEMENT_3D ( 'NONE', #1059, #1049, #1045 ) ;
#2918 = EDGE_CURVE ( 'NONE', #3978, #2667, #3946, .T. ) ;
#2919 =( GEOMETRIC_REPRESENTATION_CONTEXT ( 3 ) GLOBAL_UNCERTAINTY_ASSIGNED_CONTEXT ( ( #4025 ) ) GLOBAL_UNIT_ASSIGNED_CONTEXT ( ( #497, #480, #469 ) ) REPRESENTATION_CONTEXT ( 'NONE', 'WORKASPACE' ) );
#2920 = ORIENTED_EDGE ( 'NONE', *, *, #1813, .T. ) ;
#2921 = DIRECTION ( 'NONE',  ( -0.0000000000000000000, -0.5000000000000022200, -0.8660254037844373800 ) ) ;
#2922 = PLANE ( 'NONE',  #599 ) ;
#2923 = CIRCLE ( 'NONE', #2169, 0.04999999999999996800 ) ;
#2924 = DIRECTION ( 'NONE',  ( -0.7071067811865454600, 0.0000000000000000000, -0.7071067811865495700 ) ) ;
#2925 = CARTESIAN_POINT ( 'NONE',  ( -0.6689339828220161000, 0.7500000000000000000, -0.9250000000000002700 ) ) ;
#2926 = ORIENTED_EDGE ( 'NONE', *, *, #1779, .T. ) ;
#2927 = ADVANCED_FACE ( 'NONE', ( #3850 ), #1966, .F. ) ;
#2928 = EDGE_CURVE ( 'NONE', #4206, #1996, #1746, .T. ) ;
#2929 = CIRCLE ( 'NONE', #3911, 0.07499999999999998300 ) ;
#2930 = ORIENTED_EDGE ( 'NONE', *, *, #193, .T. ) ;
#2931 = CARTESIAN_POINT ( 'NONE',  ( 0.9240932004931381400, -0.6071274207504866500, -0.6775980610526696200 ) ) ;
#2932 = CARTESIAN_POINT ( 'NONE',  ( 0.1750000000000000200, -0.5999999999999999800, -0.1749999999999999900 ) ) ;
#2933 =( GEOMETRIC_REPRESENTATION_CONTEXT ( 3 ) GLOBAL_UNCERTAINTY_ASSIGNED_CONTEXT ( ( #3541 ) ) GLOBAL_UNIT_ASSIGNED_CONTEXT ( ( #1923, #1917, #1911 ) ) REPRESENTATION_CONTEXT ( 'NONE', 'WORKASPACE' ) );
#2934 = EDGE_LOOP ( 'NONE', ( #1579, #3878, #488, #4224 ) ) ;
#2935 = CARTESIAN_POINT ( 'NONE',  ( -0.2500000000000000000, -2.790192378864667400, -0.2500000000000003300 ) ) ;
#2936 = CARTESIAN_POINT ( 'NONE',  ( 0.2500000000000000000, 3.990192378864668900, 0.2500000000000008300 ) ) ;
#2937 = VERTEX_POINT ( 'NONE', #1903 ) ;
#2938 = CARTESIAN_POINT ( 'NONE',  ( -1.000000000000000000, 0.0000000000000000000, -0.7000000000000002900 ) ) ;
#2939 = MECHANICAL_DESIGN_GEOMETRIC_PRESENTATION_REPRESENTATION (  '', ( #2028 ), #3162 ) ;
#2940 = CARTESIAN_POINT ( 'NONE',  ( -0.7219669914110090600, -0.7000000000000001800, 0.9780330085889907800 ) ) ;
#2941 = VECTOR ( 'NONE', #1025, 1000.000000000000000 ) ;
#2942 = UNCERTAINTY_MEASURE_WITH_UNIT (LENGTH_MEASURE( 1.000000000000000100E-005 ), #2809, 'distance_accuracy_value', 'NONE');
#2943 = DIRECTION ( 'NONE',  ( -1.000000000000000000, 0.0000000000000000000, 0.0000000000000000000 ) ) ;
#2944 = CARTESIAN_POINT ( 'NONE',  ( -0.1750000000000000200, -2.765821868585467500E-017, 0.2499999999999997200 ) ) ;
#2945 = ORIENTED_EDGE ( 'NONE', *, *, #2552, .F. ) ;
#2946 = SURFACE_STYLE_USAGE ( .BOTH. , #2997 ) ;
#2947 = DIRECTION ( 'NONE',  ( 0.4472135954999586500, 0.7745966692414824100, -0.4472135954999587000 ) ) ;
#2948 = COLOUR_RGB ( '',0.1098039215686274500, 0.1098039215686274500, 0.1098039215686274500 ) ;
#2949 = VERTEX_POINT ( 'NONE', #1875 ) ;
#2950 = EDGE_CURVE ( 'NONE', #3488, #382, #2647, .T. ) ;
#2951 = ADVANCED_FACE ( 'NONE', ( #762 ), #2212, .T. ) ;
#2952 = CARTESIAN_POINT ( 'NONE',  ( -0.9499999999999998400, -0.6499999999999999100, -0.6500000000000002400 ) ) ;
#2953 = DIRECTION ( 'NONE',  ( 0.0000000000000000000, 0.0000000000000000000, 1.000000000000000000 ) ) ;
#2954 = COLOUR_RGB ( '',0.1098039215686274500, 0.1098039215686274500, 0.1098039215686274500 ) ;
#2955 = VECTOR ( 'NONE', #1860, 1000.000000000000000 ) ;
#2956 = ORIENTED_EDGE ( 'NONE', *, *, #993, .F. ) ;
#2957 = COLOUR_RGB ( '',0.8941176470588234600, 0.9137254901960784000, 0.9294117647058823800 ) ;
#2958 = CARTESIAN_POINT ( 'NONE',  ( 0.2494022272309431300, -2.791227751672055400, 0.1844503219471096400 ) ) ;
#2959 = EDGE_CURVE ( 'NONE', #2098, #3909, #3127, .T. ) ;
#2960 = ORIENTED_EDGE ( 'NONE', *, *, #2250, .T. ) ;
#2961 = COLOUR_RGB ( '',0.1098039215686274500, 0.1098039215686274500, 0.1098039215686274500 ) ;
#2962 =( NAMED_UNIT ( * ) SI_UNIT ( $, .STERADIAN. ) SOLID_ANGLE_UNIT ( ) );
#2963 =( NAMED_UNIT ( * ) SI_UNIT ( $, .STERADIAN. ) SOLID_ANGLE_UNIT ( ) );
#2964 =( NAMED_UNIT ( * ) PLANE_ANGLE_UNIT ( ) SI_UNIT ( $, .RADIAN. ) );
#2965 = MECHANICAL_DESIGN_GEOMETRIC_PRESENTATION_REPRESENTATION (  '', ( #2501 ), #3187 ) ;
#2966 = DIRECTION ( 'NONE',  ( 0.0000000000000000000, 0.0000000000000000000, 1.000000000000000000 ) ) ;
#2967 = COLOUR_RGB ( '',0.1098039215686274500, 0.1098039215686274500, 0.1098039215686274500 ) ;
#2968 =( LENGTH_UNIT ( ) NAMED_UNIT ( * ) SI_UNIT ( .MILLI., .METRE. ) );
#2969 = SURFACE_STYLE_USAGE ( .BOTH. , #2765 ) ;
#2970 = ADVANCED_FACE ( 'NONE', ( #1423 ), #4428, .T. ) ;
#2971 = DIRECTION ( 'NONE',  ( -1.000000000000000000, -0.0000000000000000000, 0.0000000000000000000 ) ) ;
#2972 = CIRCLE ( 'NONE', #3401, 0.07500000000000002500 ) ;
#2973 =( GEOMETRIC_REPRESENTATION_CONTEXT ( 3 ) GLOBAL_UNCERTAINTY_ASSIGNED_CONTEXT ( ( #2527 ) ) GLOBAL_UNIT_ASSIGNED_CONTEXT ( ( #2710, #2706, #2702 ) ) REPRESENTATION_CONTEXT ( 'NONE', 'WORKASPACE' ) );
#2974 =( NAMED_UNIT ( * ) PLANE_ANGLE_UNIT ( ) SI_UNIT ( $, .RADIAN. ) );
#2975 = CYLINDRICAL_SURFACE ( 'NONE', #1462, 0.05000000000000002400 ) ;
#2976 =( LENGTH_UNIT ( ) NAMED_UNIT ( * ) SI_UNIT ( .MILLI., .METRE. ) );
#2977 = ORIENTED_EDGE ( 'NONE', *, *, #3043, .T. ) ;
#2978 = FILL_AREA_STYLE ('',( #4152 ) ) ;
#2979 = AXIS2_PLACEMENT_3D ( 'NONE', #115, #3969, #2887 ) ;
#2980 = EDGE_CURVE ( 'NONE', #660, #2496, #941, .T. ) ;
#2981 = CARTESIAN_POINT ( 'NONE',  ( -0.9250000000000000400, 0.0000000000000000000, -0.6689339828220179900 ) ) ;
#2982 =( GEOMETRIC_REPRESENTATION_CONTEXT ( 3 ) GLOBAL_UNCERTAINTY_ASSIGNED_CONTEXT ( ( #1342 ) ) GLOBAL_UNIT_ASSIGNED_CONTEXT ( ( #685, #773, #713 ) ) REPRESENTATION_CONTEXT ( 'NONE', 'WORKASPACE' ) );
#2983 = CARTESIAN_POINT ( 'NONE',  ( 0.8792893218813445700, -0.6999999999999999600, 0.7499999999999998900 ) ) ;
#2984 = ORIENTED_EDGE ( 'NONE', *, *, #2457, .T. ) ;
#2985 =( LENGTH_UNIT ( ) NAMED_UNIT ( * ) SI_UNIT ( .MILLI., .METRE. ) );
#2986 = CARTESIAN_POINT ( 'NONE',  ( 0.9780330085918578200, -0.5569430985241306000, -0.7219669914081408000 ) ) ;
#2987 = DIRECTION ( 'NONE',  ( -1.000000000000000000, -0.0000000000000000000, -0.0000000000000000000 ) ) ;
#2988 = CARTESIAN_POINT ( 'NONE',  ( 0.7219669914110090600, -0.6999999999999998400, -0.9780330085889912300 ) ) ;
#2989 = ORIENTED_EDGE ( 'NONE', *, *, #1222, .F. ) ;
#2990 = COLOUR_RGB ( '',0.1098039215686274500, 0.1098039215686274500, 0.1098039215686274500 ) ;
#2991 = SURFACE_STYLE_USAGE ( .BOTH. , #3005 ) ;
#2992 = EDGE_LOOP ( 'NONE', ( #247, #2467, #1567, #2886, #2435, #1832, #1322, #3583 ) ) ;
#2993 = STYLED_ITEM ( 'NONE', ( #1450 ), #1395 ) ;
#2994 = VERTEX_POINT ( 'NONE', #1731 ) ;
#2995 = UNCERTAINTY_MEASURE_WITH_UNIT (LENGTH_MEASURE( 1.000000000000000100E-005 ), #2260, 'distance_accuracy_value', 'NONE');
#2996 = ORIENTED_EDGE ( 'NONE', *, *, #2874, .F. ) ;
#2997 = SURFACE_SIDE_STYLE ('',( #3315 ) ) ;
#2998 = DIRECTION ( 'NONE',  ( -0.0000000000000000000, -1.548860246407863300E-016, 1.000000000000000000 ) ) ;
#2999 = CARTESIAN_POINT ( 'NONE',  ( 0.2500000000000000000, -0.5999999999999999800, 0.2499999999999996700 ) ) ;
#3000 = CARTESIAN_POINT ( 'NONE',  ( 0.9499999999999999600, -0.6000000000000000900, 0.6499999999999999100 ) ) ;
#3001 = CARTESIAN_POINT ( 'NONE',  ( 0.6689339828220177700, 0.0000000000000000000, -0.9250000000000002700 ) ) ;
#3002 = CIRCLE ( 'NONE', #3143, 0.07499999999999998300 ) ;
#3003 = VERTEX_POINT ( 'NONE', #1720 ) ;
#3004 = CONTEXT_DEPENDENT_SHAPE_REPRESENTATION ( #1667, #4305 ) ;
#3005 = SURFACE_SIDE_STYLE ('',( #1836 ) ) ;
#3006 = DIRECTION ( 'NONE',  ( 0.0000000000000000000, -1.000000000000000000, 0.0000000000000000000 ) ) ;
#3007 = AXIS2_PLACEMENT_3D ( 'NONE', #1824, #1801, #1798 ) ;
#3008 = EDGE_CURVE ( 'NONE', #1205, #4160, #1055, .T. ) ;
#3009 = VECTOR ( 'NONE', #1607, 1000.000000000000000 ) ;
#3010 = AXIS2_PLACEMENT_3D ( 'NONE', #738, #735, #732 ) ;
#3011 = ORIENTED_EDGE ( 'NONE', *, *, #2928, .T. ) ;
#3012 = SURFACE_STYLE_FILL_AREA ( #5 ) ;
#3013 = DIRECTION ( 'NONE',  ( 0.0000000000000000000, 1.000000000000000000, 0.0000000000000000000 ) ) ;
#3014 = CARTESIAN_POINT ( 'NONE',  ( 0.2129903810567663800, -2.854294919243111700, -0.1480384757729338900 ) ) ;
#3015 = CIRCLE ( 'NONE', #3145, 0.05000000000000006500 ) ;
#3016 = ORIENTED_EDGE ( 'NONE', *, *, #3572, .F. ) ;
#3017 = ADVANCED_FACE ( 'NONE', ( #3686 ), #1476, .T. ) ;
#3018 = LINE ( 'NONE', #2420, #275 ) ;
#3019 = EDGE_CURVE ( 'NONE', #312, #2656, #3902, .T. ) ;
#3020 = FILL_AREA_STYLE ('',( #3193 ) ) ;
#3021 = FACE_OUTER_BOUND ( 'NONE', #3096, .T. ) ;
#3022 = DIRECTION ( 'NONE',  ( 0.7071067811865497900, 0.0000000000000000000, -0.7071067811865453500 ) ) ;
#3023 = CYLINDRICAL_SURFACE ( 'NONE', #1969, 0.07500000000000003900 ) ;
#3024 = PRODUCT_DEFINITION_SHAPE ( 'NONE', 'NONE',  #4476 ) ;
#3025 = STYLED_ITEM ( 'NONE', ( #2361 ), #3906 ) ;
#3026 = CARTESIAN_POINT ( 'NONE',  ( 0.03504809471616642000, 4.250000000000000000, -0.09999999999999917300 ) ) ;
#3027 = PRESENTATION_LAYER_ASSIGNMENT (  '', '', ( #1882 ) ) ;
#3028 = DIRECTION ( 'NONE',  ( 0.6812359763535859000, -0.2680206877148619300, 0.6812359763535900100 ) ) ;
#3029 = PRESENTATION_STYLE_ASSIGNMENT (( #1328 ) ) ;
#3030 = DIRECTION ( 'NONE',  ( -0.4472135954999587000, -0.7745966692414824100, 0.4472135954999586500 ) ) ;
#3031 = VECTOR ( 'NONE', #1950, 1000.000000000000000 ) ;
#3032 = SURFACE_STYLE_FILL_AREA ( #2839 ) ;
#3033 = CARTESIAN_POINT ( 'NONE',  ( 0.9426776695325304000, -0.6034715492620651400, -0.6683058261744069300 ) ) ;
#3034 = ORIENTED_EDGE ( 'NONE', *, *, #133, .T. ) ;
#3035 = CARTESIAN_POINT ( 'NONE',  ( -0.2500000000000000000, -0.5999999999999999800, -0.1749999999999999900 ) ) ;
#3036 = MECHANICAL_DESIGN_GEOMETRIC_PRESENTATION_REPRESENTATION (  '', ( #1672 ), #3253 ) ;
#3037 = ORIENTED_EDGE ( 'NONE', *, *, #672, .T. ) ;
#3038 = PLANE ( 'NONE',  #2395 ) ;
#3039 = COLOUR_RGB ( '',0.1098039215686274500, 0.1098039215686274500, 0.1098039215686274500 ) ;
#3040 = CARTESIAN_POINT ( 'NONE',  ( -0.9426776695325302900, -0.5569430985241307100, 0.6866116523488130500 ) ) ;
#3041 = ADVANCED_FACE ( 'NONE', ( #3275 ), #3173, .T. ) ;
#3042 = ORIENTED_EDGE ( 'NONE', *, *, #2895, .F. ) ;
#3043 = EDGE_CURVE ( 'NONE', #3336, #3158, #3132, .T. ) ;
#3044 = VECTOR ( 'NONE', #2845, 1000.000000000000000 ) ;
#3045 = EDGE_LOOP ( 'NONE', ( #3594, #3735, #1053, #4173 ) ) ;
#3046 = DIRECTION ( 'NONE',  ( -0.0000000000000000000, -1.000000000000000000, 0.0000000000000000000 ) ) ;
#3047 = DIRECTION ( 'NONE',  ( 0.0000000000000000000, -0.5000000000000027800, 0.8660254037844371500 ) ) ;
#3048 =( NAMED_UNIT ( * ) SI_UNIT ( $, .STERADIAN. ) SOLID_ANGLE_UNIT ( ) );
#3049 = PRESENTATION_LAYER_ASSIGNMENT (  '', '', ( #2811 ) ) ;
#3050 = VERTEX_POINT ( 'NONE', #1552 ) ;
#3051 = DIRECTION ( 'NONE',  ( 0.0000000000000000000, -1.084202172485504400E-016, -1.000000000000000000 ) ) ;
#3052 =( NAMED_UNIT ( * ) PLANE_ANGLE_UNIT ( ) SI_UNIT ( $, .RADIAN. ) );
#3053 = DIRECTION ( 'NONE',  ( 1.000000000000000000, 0.0000000000000000000, 0.0000000000000000000 ) ) ;
#3054 = ORIENTED_EDGE ( 'NONE', *, *, #1442, .F. ) ;
#3055 = PRESENTATION_LAYER_ASSIGNMENT (  '', '', ( #2586 ) ) ;
#3056 =( BOUNDED_CURVE ( )  B_SPLINE_CURVE ( 3, ( #4442, #4465, #4046, #4284 ),
 .UNSPECIFIED., .F., .F. ) 
 B_SPLINE_CURVE_WITH_KNOTS ( ( 4, 4 ),
 ( 2.482534617763385600, 3.800650689416202000 ),
 .UNSPECIFIED. ) 
 CURVE ( )  GEOMETRIC_REPRESENTATION_ITEM ( )  RATIONAL_B_SPLINE_CURVE ( ( 1.000000000000000000, 0.8603796100280636200, 0.8603796100280636200, 1.000000000000000000 ) ) 
 REPRESENTATION_ITEM ( '' )  );
#3057 = ORIENTED_EDGE ( 'NONE', *, *, #1803, .T. ) ;
#3058 =( LENGTH_UNIT ( ) NAMED_UNIT ( * ) SI_UNIT ( .MILLI., .METRE. ) );
#3059 = ADVANCED_FACE ( 'NONE', ( #4147 ), #327, .T. ) ;
#3060 = ORIENTED_EDGE ( 'NONE', *, *, #283, .F. ) ;
#3061 = VERTEX_POINT ( 'NONE', #1503 ) ;
#3062 = SURFACE_STYLE_USAGE ( .BOTH. , #3066 ) ;
#3063 = DIRECTION ( 'NONE',  ( 0.4472135954999595900, 0.7745966692414816300, 0.4472135954999595900 ) ) ;
#3064 = AXIS2_PLACEMENT_3D ( 'NONE', #2298, #2449, #3278 ) ;
#3065 = ORIENTED_EDGE ( 'NONE', *, *, #702, .T. ) ;
#3066 = SURFACE_SIDE_STYLE ('',( #1663 ) ) ;
#3067 = AXIS2_PLACEMENT_3D ( 'NONE', #3582, #3575, #413 ) ;
#3068 = EDGE_CURVE ( 'NONE', #1363, #1629, #1349, .T. ) ;
#3069 =( GEOMETRIC_REPRESENTATION_CONTEXT ( 3 ) GLOBAL_UNCERTAINTY_ASSIGNED_CONTEXT ( ( #4444 ) ) GLOBAL_UNIT_ASSIGNED_CONTEXT ( ( #2904, #4149, #4100 ) ) REPRESENTATION_CONTEXT ( 'NONE', 'WORKASPACE' ) );
#3070 = CIRCLE ( 'NONE', #4392, 0.05000000000000002400 ) ;
#3071 = CARTESIAN_POINT ( 'NONE',  ( -0.8792893218813445700, -0.6499999999999999100, -0.7000000000000002900 ) ) ;
#3072 = PRESENTATION_STYLE_ASSIGNMENT (( #1420 ) ) ;
#3073 = EDGE_CURVE ( 'NONE', #1938, #740, #2325, .T. ) ;
#3074 = DIRECTION ( 'NONE',  ( -0.7071067811865454600, 5.110978055611262900E-016, -0.7071067811865495700 ) ) ;
#3075 = DIRECTION ( 'NONE',  ( 0.0000000000000000000, 0.0000000000000000000, 1.000000000000000000 ) ) ;
#3076 = CARTESIAN_POINT ( 'NONE',  ( -0.9499999999999999600, -0.5499999999999998200, -0.6500000000000002400 ) ) ;
#3077 = VECTOR ( 'NONE', #2070, 1000.000000000000000 ) ;
#3078 = FACE_OUTER_BOUND ( 'NONE', #3965, .T. ) ;
#3079 = CARTESIAN_POINT ( 'NONE',  ( -0.9146446609406715400, -0.7500000000000000000, 0.7146446609406724700 ) ) ;
#3080 = MECHANICAL_DESIGN_GEOMETRIC_PRESENTATION_REPRESENTATION (  '', ( #2381 ), #3296 ) ;
#3081 = UNCERTAINTY_MEASURE_WITH_UNIT (LENGTH_MEASURE( 1.000000000000000100E-005 ), #2346, 'distance_accuracy_value', 'NONE');
#3082 = CARTESIAN_POINT ( 'NONE',  ( -0.8792893218813445700, -0.6287792279419274200, -0.7000000000000002900 ) ) ;
#3083 = CIRCLE ( 'NONE', #3196, 0.07499999999999998300 ) ;
#3084 = ADVANCED_FACE ( 'NONE', ( #4048 ), #1847, .T. ) ;
#3085 = CARTESIAN_POINT ( 'NONE',  ( -0.9031828836381415900, -0.6112408245543837800, -0.6880532191216017800 ) ) ;
#3086 = VECTOR ( 'NONE', #406, 1000.000000000000000 ) ;
#3087 = DIRECTION ( 'NONE',  ( -1.000000000000000000, 0.0000000000000000000, -0.0000000000000000000 ) ) ;
#3088 = MECHANICAL_DESIGN_GEOMETRIC_PRESENTATION_REPRESENTATION (  '', ( #2628 ), #3303 ) ;
#3089 = ORIENTED_EDGE ( 'NONE', *, *, #1937, .F. ) ;
#3090 = PRESENTATION_STYLE_ASSIGNMENT (( #3984 ) ) ;
#3091 = CARTESIAN_POINT ( 'NONE',  ( 0.2500000000000000000, -0.5999999999999999800, 0.1749999999999997100 ) ) ;
#3092 = ORIENTED_EDGE ( 'NONE', *, *, #4054, .T. ) ;
#3093 = EDGE_CURVE ( 'NONE', #3333, #3237, #3628, .T. ) ;
#3094 = PRESENTATION_STYLE_ASSIGNMENT (( #1183 ) ) ;
#3095 = AXIS2_PLACEMENT_3D ( 'NONE', #1499, #1428, #1399 ) ;
#3096 = EDGE_LOOP ( 'NONE', ( #733, #600, #3270 ) ) ;
#3097 = CARTESIAN_POINT ( 'NONE',  ( -0.9426776695308620700, -0.6034715492623936600, 0.6683058261752405900 ) ) ;
#3098 = CARTESIAN_POINT ( 'NONE',  ( -0.9426776695308618500, -0.6034715492623937700, -0.6683058261752419200 ) ) ;
#3099 = VECTOR ( 'NONE', #33, 1000.000000000000000 ) ;
#3100 = CARTESIAN_POINT ( 'NONE',  ( 0.02196152422706727400, 4.311243556529821500, 0.02196152422706729500 ) ) ;
#3101 = ORIENTED_EDGE ( 'NONE', *, *, #2311, .F. ) ;
#3102 = EDGE_CURVE ( 'NONE', #1398, #2572, #1004, .T. ) ;
#3103 = SURFACE_STYLE_FILL_AREA ( #598 ) ;
#3104 = VERTEX_POINT ( 'NONE', #1382 ) ;
#3105 = ADVANCED_FACE ( 'NONE', ( #1891 ), #2308, .T. ) ;
#3106 =( NAMED_UNIT ( * ) PLANE_ANGLE_UNIT ( ) SI_UNIT ( $, .RADIAN. ) );
#3107 = CARTESIAN_POINT ( 'NONE',  ( -0.09999999999999917300, -3.049999999999999800, 0.0000000000000000000 ) ) ;
#3108 =( GEOMETRIC_REPRESENTATION_CONTEXT ( 3 ) GLOBAL_UNCERTAINTY_ASSIGNED_CONTEXT ( ( #2643 ) ) GLOBAL_UNIT_ASSIGNED_CONTEXT ( ( #2968, #2964, #2963 ) ) REPRESENTATION_CONTEXT ( 'NONE', 'WORKASPACE' ) );
#3109 = ORIENTED_EDGE ( 'NONE', *, *, #2311, .T. ) ;
#3110 = DIRECTION ( 'NONE',  ( 0.0000000000000000000, -1.000000000000000000, -1.548860246407863800E-016 ) ) ;
#3111 = UNCERTAINTY_MEASURE_WITH_UNIT (LENGTH_MEASURE( 1.000000000000000100E-005 ), #2320, 'distance_accuracy_value', 'NONE');
#3112 = ORIENTED_EDGE ( 'NONE', *, *, #4334, .T. ) ;
#3113 =( GEOMETRIC_REPRESENTATION_CONTEXT ( 3 ) GLOBAL_UNCERTAINTY_ASSIGNED_CONTEXT ( ( #3484 ) ) GLOBAL_UNIT_ASSIGNED_CONTEXT ( ( #1893, #1811, #1909 ) ) REPRESENTATION_CONTEXT ( 'NONE', 'WORKASPACE' ) );
#3114 = CARTESIAN_POINT ( 'NONE',  ( -9.221012267728740500, 0.0000000000000000000, 0.0000000000000000000 ) ) ;
#3115 = COLOUR_RGB ( '',0.1098039215686274500, 0.1098039215686274500, 0.1098039215686274500 ) ;
#3116 = ORIENTED_EDGE ( 'NONE', *, *, #3496, .F. ) ;
#3117 = CIRCLE ( 'NONE', #3942, 0.05000000000000002400 ) ;
#3118 = DIRECTION ( 'NONE',  ( 0.0000000000000000000, 0.0000000000000000000, 1.000000000000000000 ) ) ;
#3119 = CYLINDRICAL_SURFACE ( 'NONE', #260, 0.07499999999999998300 ) ;
#3120 = CARTESIAN_POINT ( 'NONE',  ( -0.8792893218813445700, -0.7499999999999997800, -0.7500000000000003300 ) ) ;
#3121 = LINE ( 'NONE', #1231, #1288 ) ;
#3122 = DIRECTION ( 'NONE',  ( -0.0000000000000000000, 1.000000000000000000, 1.548860246407863300E-016 ) ) ;
#3123 = VECTOR ( 'NONE', #3324, 1000.000000000000000 ) ;
#3124 = AXIS2_PLACEMENT_3D ( 'NONE', #4063, #4110, #4116 ) ;
#3125 = EDGE_CURVE ( 'NONE', #2117, #1516, #4101, .T. ) ;
#3126 = COLOUR_RGB ( '',0.1098039215686274500, 0.1098039215686274500, 0.1098039215686274500 ) ;
#3127 = CIRCLE ( 'NONE', #831, 0.07499999999999998300 ) ;
#3128 = CARTESIAN_POINT ( 'NONE',  ( 0.1980384757729337900, -2.767692378864667500, -0.2629903810567669200 ) ) ;
#3129 = SURFACE_STYLE_FILL_AREA ( #2331 ) ;
#3130 = CARTESIAN_POINT ( 'NONE',  ( 0.1480384757729335300, -2.816794919243111200, -0.1480384757729338900 ) ) ;
#3131 = CARTESIAN_POINT ( 'NONE',  ( 0.1750000000000000200, -0.5999999999999999800, 0.1749999999999997100 ) ) ;
#3132 =( BOUNDED_CURVE ( )  B_SPLINE_CURVE ( 3, ( #1546, #1548, #1533, #1526 ),
 .UNSPECIFIED., .F., .F. ) 
 B_SPLINE_CURVE_WITH_KNOTS ( ( 4, 4 ),
 ( 6.156845179540809500, 6.283185307179586200 ),
 .UNSPECIFIED. ) 
 CURVE ( )  GEOMETRIC_REPRESENTATION_ITEM ( )  RATIONAL_B_SPLINE_CURVE ( ( 1.000000000000000000, 0.9986702899464854300, 0.9986702899464854300, 1.000000000000000000 ) ) 
 REPRESENTATION_ITEM ( '' )  );
#3133 = FACE_OUTER_BOUND ( 'NONE', #4124, .T. ) ;
#3134 = ORIENTED_EDGE ( 'NONE', *, *, #1191, .T. ) ;
#3135 = AXIS2_PLACEMENT_3D ( 'NONE', #754, #774, #2347 ) ;
#3136 = DIRECTION ( 'NONE',  ( 0.0000000000000000000, 0.5000000000000024400, 0.8660254037844373800 ) ) ;
#3137 = VERTEX_POINT ( 'NONE', #1737 ) ;
#3138 = VERTEX_POINT ( 'NONE', #1250 ) ;
#3139 = CARTESIAN_POINT ( 'NONE',  ( 0.09999999999999917300, -3.049999999999999800, 0.03504809471616566300 ) ) ;
#3140 = PRESENTATION_STYLE_ASSIGNMENT (( #2675 ) ) ;
#3141 = DIRECTION ( 'NONE',  ( 0.0000000000000000000, 0.0000000000000000000, 1.000000000000000000 ) ) ;
#3142 = EDGE_LOOP ( 'NONE', ( #1545, #4367, #3826, #3916, #1900, #3396 ) ) ;
#3143 = AXIS2_PLACEMENT_3D ( 'NONE', #1013, #1007, #998 ) ;
#3144 = EDGE_CURVE ( 'NONE', #1180, #3978, #3521, .T. ) ;
#3145 = AXIS2_PLACEMENT_3D ( 'NONE', #299, #287, #281 ) ;
#3146 = DIRECTION ( 'NONE',  ( 0.0000000000000000000, -0.9819116199805023600, 0.1893398282117779400 ) ) ;
#3147 = ORIENTED_EDGE ( 'NONE', *, *, #577, .F. ) ;
#3148 = DIRECTION ( 'NONE',  ( -0.0000000000000000000, 0.1893398282117780000, 0.9819116199805024700 ) ) ;
#3149 = DIRECTION ( 'NONE',  ( 0.0000000000000000000, 0.5000000000000024400, 0.8660254037844373800 ) ) ;
#3150 = EDGE_CURVE ( 'NONE', #728, #675, #4321, .T. ) ;
#3151 = EDGE_LOOP ( 'NONE', ( #3760, #1227, #4219, #1764 ) ) ;
#3152 = DIRECTION ( 'NONE',  ( 0.4472135954999587000, 0.7745966692414826300, -0.4472135954999587000 ) ) ;
#3153 = CARTESIAN_POINT ( 'NONE',  ( 0.9499999999999999600, -0.5518088380019495800, -0.6689339828211781100 ) ) ;
#3154 = ORIENTED_EDGE ( 'NONE', *, *, #1646, .F. ) ;
#3155 = CARTESIAN_POINT ( 'NONE',  ( 0.1750000000000000200, 3.990192378864668900, -0.2500000000000000000 ) ) ;
#3156 = AXIS2_PLACEMENT_3D ( 'NONE', #1843, #1835, #1826 ) ;
#3157 = VERTEX_POINT ( 'NONE', #1215 ) ;
#3158 = VERTEX_POINT ( 'NONE', #1164 ) ;
#3159 =( NAMED_UNIT ( * ) PLANE_ANGLE_UNIT ( ) SI_UNIT ( $, .RADIAN. ) );
#3160 = CARTESIAN_POINT ( 'NONE',  ( 0.8792893218813445700, -0.6500000000000001300, 0.6999999999999998400 ) ) ;
#3161 = CARTESIAN_POINT ( 'NONE',  ( -0.2500000000000000000, 3.990192378864668900, 0.1750000000000008500 ) ) ;
#3162 =( GEOMETRIC_REPRESENTATION_CONTEXT ( 3 ) GLOBAL_UNCERTAINTY_ASSIGNED_CONTEXT ( ( #736 ) ) GLOBAL_UNIT_ASSIGNED_CONTEXT ( ( #3999, #3967, #3963 ) ) REPRESENTATION_CONTEXT ( 'NONE', 'WORKASPACE' ) );
#3163 = PRESENTATION_STYLE_ASSIGNMENT (( #4262 ) ) ;
#3164 = FACE_OUTER_BOUND ( 'NONE', #78, .T. ) ;
#3165 = ORIENTED_EDGE ( 'NONE', *, *, #1065, .T. ) ;
#3166 = DIRECTION ( 'NONE',  ( -0.7071067812224953700, 0.0000000000000000000, -0.7071067811505996600 ) ) ;
#3167 =( LENGTH_UNIT ( ) NAMED_UNIT ( * ) SI_UNIT ( .MILLI., .METRE. ) );
#3168 = SPHERICAL_SURFACE ( 'NONE', #555, 0.05000000000000000300 ) ;
#3169 = SURFACE_STYLE_USAGE ( .BOTH. , #3343 ) ;
#3170 = DIRECTION ( 'NONE',  ( 0.6812359763068548400, -0.2680206877763732800, -0.6812359763761205400 ) ) ;
#3171 = EDGE_CURVE ( 'NONE', #1879, #2245, #3561, .T. ) ;
#3172 = PRESENTATION_LAYER_ASSIGNMENT (  '', '', ( #2037 ) ) ;
#3173 = CYLINDRICAL_SURFACE ( 'NONE', #475, 0.07500000000000001100 ) ;
#3174 = VECTOR ( 'NONE', #2081, 1000.000000000000000 ) ;
#3175 = EDGE_CURVE ( 'NONE', #1180, #1451, #390, .T. ) ;
#3176 = TOROIDAL_SURFACE ( 'NONE', #939, 0.1000000000000000100, 0.05000000000000000300 ) ;
#3177 = DIRECTION ( 'NONE',  ( 1.000000000000000000, 0.0000000000000000000, -0.0000000000000000000 ) ) ;
#3178 = CYLINDRICAL_SURFACE ( 'NONE', #3632, 0.05000000000000002400 ) ;
#3179 = LINE ( 'NONE', #332, #337 ) ;
#3180 = STYLED_ITEM ( 'NONE', ( #1005 ), #623 ) ;
#3181 =( BOUNDED_CURVE ( )  B_SPLINE_CURVE ( 3, ( #4391, #4377, #4336, #4318 ),
 .UNSPECIFIED., .F., .F. ) 
 B_SPLINE_CURVE_WITH_KNOTS ( ( 4, 4 ),
 ( 0.0000000000000000000, 1.195963977675893000 ),
 .UNSPECIFIED. ) 
 CURVE ( )  GEOMETRIC_REPRESENTATION_ITEM ( )  RATIONAL_B_SPLINE_CURVE ( ( 1.000000000000000000, 0.8843155922767614900, 0.8843155922767614900, 1.000000000000000000 ) ) 
 REPRESENTATION_ITEM ( '' )  );
#3182 = CARTESIAN_POINT ( 'NONE',  ( -0.9426776695308618500, -0.5569430985247876300, -0.6866116523504836000 ) ) ;
#3183 = ORIENTED_EDGE ( 'NONE', *, *, #3375, .T. ) ;
#3184 = CARTESIAN_POINT ( 'NONE',  ( 0.6689339828220163300, -0.7000000000000000700, 0.9499999999999997300 ) ) ;
#3185 = VECTOR ( 'NONE', #4069, 1000.000000000000000 ) ;
#3186 = DIRECTION ( 'NONE',  ( 0.0000000000000000000, 0.0000000000000000000, 1.000000000000000000 ) ) ;
#3187 =( GEOMETRIC_REPRESENTATION_CONTEXT ( 3 ) GLOBAL_UNCERTAINTY_ASSIGNED_CONTEXT ( ( #2247 ) ) GLOBAL_UNIT_ASSIGNED_CONTEXT ( ( #3748, #3770, #3746 ) ) REPRESENTATION_CONTEXT ( 'NONE', 'WORKASPACE' ) );
#3188 = VERTEX_POINT ( 'NONE', #1051 ) ;
#3189 = CARTESIAN_POINT ( 'NONE',  ( -1.000000000000000000, 0.7500000000000002200, 0.6689339828220161000 ) ) ;
#3190 = CIRCLE ( 'NONE', #3773, 0.05000000000000006500 ) ;
#3191 =( REPRESENTATION_RELATIONSHIP ('NONE','NONE', #3630, #2862 ) REPRESENTATION_RELATIONSHIP_WITH_TRANSFORMATION ( #805 )SHAPE_REPRESENTATION_RELATIONSHIP( ) );
#3192 = EDGE_LOOP ( 'NONE', ( #912, #1434, #4029, #4119 ) ) ;
#3193 = FILL_AREA_STYLE_COLOUR ( '', #4366 ) ;
#3194 = CARTESIAN_POINT ( 'NONE',  ( -0.9250000000000000400, 0.7500000000000002200, 0.6689339828220165500 ) ) ;
#3195 = LINE ( 'NONE', #50, #3099 ) ;
#3196 = AXIS2_PLACEMENT_3D ( 'NONE', #2604, #2603, #2596 ) ;
#3197 = ORIENTED_EDGE ( 'NONE', *, *, #2283, .T. ) ;
#3198 = PLANE ( 'NONE',  #4294 ) ;
#3199 = AXIS2_PLACEMENT_3D ( 'NONE', #3538, #274, #586 ) ;
#3200 = ORIENTED_EDGE ( 'NONE', *, *, #607, .F. ) ;
#3201 = EDGE_CURVE ( 'NONE', #3138, #1921, #3217, .T. ) ;
#3202 = STYLED_ITEM ( 'NONE', ( #2569 ), #3681 ) ;
#3203 = CARTESIAN_POINT ( 'NONE',  ( -0.9499999999999998400, -0.6009044190009749100, 0.6594669914105887300 ) ) ;
#3204 =( REPRESENTATION_RELATIONSHIP ('NONE','NONE', #3630, #2862 ) REPRESENTATION_RELATIONSHIP_WITH_TRANSFORMATION ( #4413 )SHAPE_REPRESENTATION_RELATIONSHIP( ) );
#3205 = VECTOR ( 'NONE', #1776, 1000.000000000000000 ) ;
#3206 = EDGE_LOOP ( 'NONE', ( #1660, #273, #2043, #2451 ) ) ;
#3207 = UNCERTAINTY_MEASURE_WITH_UNIT (LENGTH_MEASURE( 1.000000000000000100E-005 ), #319, 'distance_accuracy_value', 'NONE');
#3208 = AXIS2_PLACEMENT_3D ( 'NONE', #631, #647, #653 ) ;
#3209 = ORIENTED_EDGE ( 'NONE', *, *, #3093, .T. ) ;
#3210 = DIRECTION ( 'NONE',  ( -0.7071067811865502400, 0.0000000000000000000, 0.7071067811865448000 ) ) ;
#3211 = CARTESIAN_POINT ( 'NONE',  ( 0.1844503219471100900, -2.791227751672055400, 0.2494022272309424600 ) ) ;
#3212 = CARTESIAN_POINT ( 'NONE',  ( 1.000000000000000000, -0.7500000000000001100, 0.9499999999999997300 ) ) ;
#3213 = FACE_OUTER_BOUND ( 'NONE', #3808, .T. ) ;
#3214 = ORIENTED_EDGE ( 'NONE', *, *, #4437, .T. ) ;
#3215 = PRESENTATION_LAYER_ASSIGNMENT (  '', '', ( #2993 ) ) ;
#3216 = FILL_AREA_STYLE ('',( #1594 ) ) ;
#3217 = CIRCLE ( 'NONE', #134, 0.07499999999999998300 ) ;
#3218 = FACE_OUTER_BOUND ( 'NONE', #3960, .T. ) ;
#3219 = DIRECTION ( 'NONE',  ( -0.0000000000000000000, 1.000000000000000000, -0.0000000000000000000 ) ) ;
#3220 = LINE ( 'NONE', #2077, #3174 ) ;
#3221 = PRODUCT_DEFINITION_CONTEXT ( 'detailed design', #4414, 'design' ) ;
#3222 = SURFACE_STYLE_FILL_AREA ( #1301 ) ;
#3223 = AXIS2_PLACEMENT_3D ( 'NONE', #2139, #2162, #1965 ) ;
#3224 = EDGE_CURVE ( 'NONE', #778, #675, #3121, .T. ) ;
#3225 = SURFACE_SIDE_STYLE ('',( #463 ) ) ;
#3226 = STYLED_ITEM ( 'NONE', ( #2364 ), #3342 ) ;
#3227 = SURFACE_STYLE_FILL_AREA ( #922 ) ;
#3228 = CARTESIAN_POINT ( 'NONE',  ( 0.2500000000000000000, 4.250000000000000000, 0.0000000000000000000 ) ) ;
#3229 = EDGE_CURVE ( 'NONE', #4416, #4153, #1416, .T. ) ;
#3230 = CIRCLE ( 'NONE', #3935, 0.05000000000000002400 ) ;
#3231 = ORIENTED_EDGE ( 'NONE', *, *, #970, .T. ) ;
#3232 = CARTESIAN_POINT ( 'NONE',  ( 0.1844503219471102800, -2.791227751672055400, -0.2494022272309434400 ) ) ;
#3233 =( BOUNDED_CURVE ( )  B_SPLINE_CURVE ( 3, ( #1718, #1525, #1515, #4062 ),
 .UNSPECIFIED., .F., .F. ) 
 B_SPLINE_CURVE_WITH_KNOTS ( ( 4, 4 ),
 ( 3.141592653589793100, 3.267932781228565900 ),
 .UNSPECIFIED. ) 
 CURVE ( )  GEOMETRIC_REPRESENTATION_ITEM ( )  RATIONAL_B_SPLINE_CURVE ( ( 1.000000000000000000, 0.9986702899464854300, 0.9986702899464854300, 1.000000000000000000 ) ) 
 REPRESENTATION_ITEM ( '' )  );
#3234 = DIRECTION ( 'NONE',  ( 0.0000000000000000000, 1.000000000000000000, -0.0000000000000000000 ) ) ;
#3235 = VECTOR ( 'NONE', #3807, 1000.000000000000000 ) ;
#3236 = PRESENTATION_LAYER_ASSIGNMENT (  '', '', ( #3025 ) ) ;
#3237 = VERTEX_POINT ( 'NONE', #999 ) ;
#3238 = MECHANICAL_DESIGN_GEOMETRIC_PRESENTATION_REPRESENTATION (  '', ( #1882 ), #3445 ) ;
#3239 = SURFACE_STYLE_FILL_AREA ( #16 ) ;
#3240 = DIRECTION ( 'NONE',  ( -0.4472135954999587000, 0.7745966692414826300, -0.4472135954999587000 ) ) ;
#3241 = CARTESIAN_POINT ( 'NONE',  ( 1.000000000000000000, 0.0000000000000000000, -0.6689339828220164400 ) ) ;
#3242 = EDGE_LOOP ( 'NONE', ( #2286, #900, #210, #4215 ) ) ;
#3243 = CARTESIAN_POINT ( 'NONE',  ( 0.1813149072743188200, -2.790537962666718400, -0.2498004770988585800 ) ) ;
#3244 = PRESENTATION_LAYER_ASSIGNMENT (  '', '', ( #2562 ) ) ;
#3245 =( REPRESENTATION_RELATIONSHIP ('NONE','NONE', #3630, #2862 ) REPRESENTATION_RELATIONSHIP_WITH_TRANSFORMATION ( #2899 )SHAPE_REPRESENTATION_RELATIONSHIP( ) );
#3246 = CARTESIAN_POINT ( 'NONE',  ( -0.2494022272309433000, 3.991227751672056000, -0.1844503219471106100 ) ) ;
#3247 = VERTEX_POINT ( 'NONE', #601 ) ;
#3248 = SPHERICAL_SURFACE ( 'NONE', #2820, 0.07499999999999999700 ) ;
#3249 =( REPRESENTATION_RELATIONSHIP ('NONE','NONE', #3630, #2862 ) REPRESENTATION_RELATIONSHIP_WITH_TRANSFORMATION ( #2094 )SHAPE_REPRESENTATION_RELATIONSHIP( ) );
#3250 = DIRECTION ( 'NONE',  ( 0.7071067811865453500, 0.0000000000000000000, 0.7071067811865496800 ) ) ;
#3251 = MECHANICAL_DESIGN_GEOMETRIC_PRESENTATION_REPRESENTATION (  '', ( #3025 ), #3295 ) ;
#3252 = ORIENTED_EDGE ( 'NONE', *, *, #2396, .F. ) ;
#3253 =( GEOMETRIC_REPRESENTATION_CONTEXT ( 3 ) GLOBAL_UNCERTAINTY_ASSIGNED_CONTEXT ( ( #3429 ) ) GLOBAL_UNIT_ASSIGNED_CONTEXT ( ( #1947, #1935, #2761 ) ) REPRESENTATION_CONTEXT ( 'NONE', 'WORKASPACE' ) );
#3254 = SURFACE_STYLE_FILL_AREA ( #1192 ) ;
#3255 = ADVANCED_FACE ( 'NONE', ( #3021 ), #4427, .T. ) ;
#3256 = VERTEX_POINT ( 'NONE', #976 ) ;
#3257 = EDGE_CURVE ( 'NONE', #2937, #1664, #2695, .T. ) ;
#3258 = ORIENTED_EDGE ( 'NONE', *, *, #1165, .T. ) ;
#3259 = DIRECTION ( 'NONE',  ( -0.7071067811865497900, 2.044391222244499600E-015, 0.7071067811865453500 ) ) ;
#3260 =( BOUNDED_SURFACE ( )  B_SPLINE_SURFACE ( 3, 2, ( 
 ( #1610, #464, #459 ),
 ( #455, #453, #448 ),
 ( #446, #434, #432 ),
 ( #416, #409, #401 ),
 ( #399, #394, #385 ),
 ( #379, #377, #372 ) ),
 .UNSPECIFIED., .F., .F., .F. ) 
 B_SPLINE_SURFACE_WITH_KNOTS ( ( 4, 2, 4 ),
 ( 3, 3 ),
 ( 5.087221329472874300, 5.685203318326230700, 6.283185307179586200 ),
 ( 0.0000000000000000000, 1.000000000000000000 ),
 .UNSPECIFIED. ) 
 GEOMETRIC_REPRESENTATION_ITEM ( )  RATIONAL_B_SPLINE_SURFACE ( (
 ( 1.000000000000000000, 0.6087349684128130500, 1.000000000000000000),
 ( 1.000000000000000000, 0.5551947689710073900, 1.000000000000000000),
 ( 1.000000000000000000, 0.4993640558079199300, 1.000000000000000000),
 ( 1.000000000000000000, 0.4123322341785741200, 1.000000000000000000),
 ( 1.000000000000000000, 0.3820761696031794200, 1.000000000000000000),
 ( 1.000000000000000000, 0.3826834323650912300, 1.000000000000000000) ) ) 
 REPRESENTATION_ITEM ( '' )  SURFACE ( )  );
#3261 = DIRECTION ( 'NONE',  ( -0.0000000000000000000, 1.000000000000000000, 1.548860246407863300E-016 ) ) ;
#3262 = ORIENTED_EDGE ( 'NONE', *, *, #1165, .F. ) ;
#3263 = COLOUR_RGB ( '',0.1098039215686274500, 0.1098039215686274500, 0.1098039215686274500 ) ;
#3264 = ORIENTED_EDGE ( 'NONE', *, *, #1929, .F. ) ;
#3265 = CIRCLE ( 'NONE', #2515, 0.05000000000000002400 ) ;
#3266 = CARTESIAN_POINT ( 'NONE',  ( 0.6689339828220163300, 0.6750000000000002700, 0.9249999999999999300 ) ) ;
#3267 = MECHANICAL_DESIGN_GEOMETRIC_PRESENTATION_REPRESENTATION (  '', ( #2811 ), #3467 ) ;
#3268 = LINE ( 'NONE', #130, #450 ) ;
#3269 = LINE ( 'NONE', #3379, #451 ) ;
#3270 = ORIENTED_EDGE ( 'NONE', *, *, #2638, .F. ) ;
#3271 = FACE_OUTER_BOUND ( 'NONE', #3242, .T. ) ;
#3272 = MECHANICAL_DESIGN_GEOMETRIC_PRESENTATION_REPRESENTATION (  '', ( #2586 ), #3473 ) ;
#3273 = FACE_OUTER_BOUND ( 'NONE', #3667, .T. ) ;
#3274 = CARTESIAN_POINT ( 'NONE',  ( 0.2500000000000000000, 0.0000000000000000000, -0.2500000000000000000 ) ) ;
#3275 = FACE_OUTER_BOUND ( 'NONE', #2067, .T. ) ;
#3276 = CARTESIAN_POINT ( 'NONE',  ( -0.6689339828220179900, -0.7000000000000000700, 0.9999999999999997800 ) ) ;
#3277 = ADVANCED_FACE ( 'NONE', ( #3461 ), #1692, .T. ) ;
#3278 = DIRECTION ( 'NONE',  ( 0.0000000000000000000, 7.228014483236698500E-016, 1.000000000000000000 ) ) ;
#3279 = FACE_BOUND ( 'NONE', #2992, .T. ) ;
#3280 = AXIS2_PLACEMENT_3D ( 'NONE', #3184, #852, #3141 ) ;
#3281 = CARTESIAN_POINT ( 'NONE',  ( -0.6689339828220182100, 0.6750000000000002700, 0.9249999999999998200 ) ) ;
#3282 = PRESENTATION_LAYER_ASSIGNMENT (  '', '', ( #2834 ) ) ;
#3283 = EDGE_CURVE ( 'NONE', #1732, #3137, #1789, .T. ) ;
#3284 = CARTESIAN_POINT ( 'NONE',  ( -0.9146446609406716500, -0.6999999999999999600, 0.7853553390593270800 ) ) ;
#3285 = STYLED_ITEM ( 'NONE', ( #3618 ), #3612 ) ;
#3286 = FACE_OUTER_BOUND ( 'NONE', #1683, .T. ) ;
#3287 = PRESENTATION_STYLE_ASSIGNMENT (( #3593 ) ) ;
#3288 = ORIENTED_EDGE ( 'NONE', *, *, #1876, .T. ) ;
#3289 =( NAMED_UNIT ( * ) PLANE_ANGLE_UNIT ( ) SI_UNIT ( $, .RADIAN. ) );
#3290 =( LENGTH_UNIT ( ) NAMED_UNIT ( * ) SI_UNIT ( .MILLI., .METRE. ) );
#3291 = EDGE_CURVE ( 'NONE', #1223, #2795, #3564, .T. ) ;
#3292 = EDGE_LOOP ( 'NONE', ( #3258, #3654, #1540, #870 ) ) ;
#3293 = CARTESIAN_POINT ( 'NONE',  ( -1.000000000000000000, 0.6750000000000000400, -0.6999999999999998400 ) ) ;
#3294 = SURFACE_STYLE_USAGE ( .BOTH. , #3335 ) ;
#3295 =( GEOMETRIC_REPRESENTATION_CONTEXT ( 3 ) GLOBAL_UNCERTAINTY_ASSIGNED_CONTEXT ( ( #2610 ) ) GLOBAL_UNIT_ASSIGNED_CONTEXT ( ( #3167, #3159, #3334 ) ) REPRESENTATION_CONTEXT ( 'NONE', 'WORKASPACE' ) );
#3296 =( GEOMETRIC_REPRESENTATION_CONTEXT ( 3 ) GLOBAL_UNCERTAINTY_ASSIGNED_CONTEXT ( ( #278 ) ) GLOBAL_UNIT_ASSIGNED_CONTEXT ( ( #1243, #1632, #1625 ) ) REPRESENTATION_CONTEXT ( 'NONE', 'WORKASPACE' ) );
#3298 = ADVANCED_FACE ( 'NONE', ( #2579 ), #838, .F. ) ;
#3297 = ORIENTED_EDGE ( 'NONE', *, *, #1787, .T. ) ;
#3299 =( REPRESENTATION_RELATIONSHIP ('NONE','NONE', #3630, #2862 ) REPRESENTATION_RELATIONSHIP_WITH_TRANSFORMATION ( #3668 )SHAPE_REPRESENTATION_RELATIONSHIP( ) );
#3300 = DIRECTION ( 'NONE',  ( 1.000000000000000000, 0.0000000000000000000, 0.0000000000000000000 ) ) ;
#3301 = LINE ( 'NONE', #119, #1502 ) ;
#3302 = EDGE_LOOP ( 'NONE', ( #2920, #2408, #977, #3288, #1780, #3876, #3536, #3739 ) ) ;
#3303 =( GEOMETRIC_REPRESENTATION_CONTEXT ( 3 ) GLOBAL_UNCERTAINTY_ASSIGNED_CONTEXT ( ( #2065 ) ) GLOBAL_UNIT_ASSIGNED_CONTEXT ( ( #3692, #3690, #3684 ) ) REPRESENTATION_CONTEXT ( 'NONE', 'WORKASPACE' ) );
#3304 = VERTEX_POINT ( 'NONE', #810 ) ;
#3305 = CARTESIAN_POINT ( 'NONE',  ( -0.7219669914110090600, 0.6750000000000001600, 0.9780330085889907800 ) ) ;
#3306 = STYLED_ITEM ( 'NONE', ( #511 ), #4011 ) ;
#3307 = VERTEX_POINT ( 'NONE', #3534 ) ;
#3308 = EDGE_CURVE ( 'NONE', #1437, #1063, #2476, .T. ) ;
#3309 = PRESENTATION_LAYER_ASSIGNMENT (  '', '', ( #2633 ) ) ;
#3310 = DIRECTION ( 'NONE',  ( 0.0000000000000000000, 0.0000000000000000000, 1.000000000000000000 ) ) ;
#3311 = ORIENTED_EDGE ( 'NONE', *, *, #3407, .F. ) ;
#3312 = UNCERTAINTY_MEASURE_WITH_UNIT (LENGTH_MEASURE( 1.000000000000000100E-005 ), #2817, 'distance_accuracy_value', 'NONE');
#3313 = EDGE_CURVE ( 'NONE', #2301, #3930, #3361, .T. ) ;
#3314 = CARTESIAN_POINT ( 'NONE',  ( 0.1750000000000000200, -2.790192378864667400, -0.2500000000000003300 ) ) ;
#3315 = SURFACE_STYLE_FILL_AREA ( #3625 ) ;
#3316 = VERTEX_POINT ( 'NONE', #814 ) ;
#3317 = DIRECTION ( 'NONE',  ( 0.0000000000000000000, 1.000000000000000000, -0.0000000000000000000 ) ) ;
#3318 = COLOUR_RGB ( '',0.1098039215686274500, 0.1098039215686274500, 0.1098039215686274500 ) ;
#3319 = DIRECTION ( 'NONE',  ( 0.0000000000000000000, -1.000000000000000000, -1.548860246407862100E-016 ) ) ;
#3320 = PRESENTATION_LAYER_ASSIGNMENT (  '', '', ( #3531 ) ) ;
#3321 = COLOUR_RGB ( '',0.1098039215686274500, 0.1098039215686274500, 0.1098039215686274500 ) ;
#3322 = CARTESIAN_POINT ( 'NONE',  ( -0.8792893218813445700, -0.6499999999999999100, -0.7500000000000003300 ) ) ;
#3323 = PRODUCT_CONTEXT ( 'NONE', #3373, 'mechanical' ) ;
#3324 = DIRECTION ( 'NONE',  ( 0.0000000000000000000, 0.0000000000000000000, -1.000000000000000000 ) ) ;
#3325 = CIRCLE ( 'NONE', #1254, 0.07499999999999998300 ) ;
#3326 = AXIS2_PLACEMENT_3D ( 'NONE', #1590, #1520, #1497 ) ;
#3327 = MECHANICAL_DESIGN_GEOMETRIC_PRESENTATION_REPRESENTATION (  '', ( #2198 ), #3544 ) ;
#3328 = LINE ( 'NONE', #3189, #1538 ) ;
#3329 = CARTESIAN_POINT ( 'NONE',  ( 0.2500000000000000000, -2.790192378864667400, -0.2500000000000003900 ) ) ;
#3330 = ORIENTED_EDGE ( 'NONE', *, *, #3814, .F. ) ;
#3331 =( GEOMETRIC_REPRESENTATION_CONTEXT ( 3 ) GLOBAL_UNCERTAINTY_ASSIGNED_CONTEXT ( ( #2088 ) ) GLOBAL_UNIT_ASSIGNED_CONTEXT ( ( #4198, #4239, #4289 ) ) REPRESENTATION_CONTEXT ( 'NONE', 'WORKASPACE' ) );
#3332 = EDGE_CURVE ( 'NONE', #2351, #1629, #694, .T. ) ;
#3333 = VERTEX_POINT ( 'NONE', #760 ) ;
#3334 =( NAMED_UNIT ( * ) SI_UNIT ( $, .STERADIAN. ) SOLID_ANGLE_UNIT ( ) );
#3335 = SURFACE_SIDE_STYLE ('',( #3752 ) ) ;
#3336 = VERTEX_POINT ( 'NONE', #727 ) ;
#3337 = FILL_AREA_STYLE_COLOUR ( '', #1633 ) ;
#3338 = ORIENTED_EDGE ( 'NONE', *, *, #1651, .F. ) ;
#3339 = ORIENTED_EDGE ( 'NONE', *, *, #3519, .T. ) ;
#3340 = COLOUR_RGB ( '',0.1098039215686274500, 0.1098039215686274500, 0.1098039215686274500 ) ;
#3341 = VERTEX_POINT ( 'NONE', #766 ) ;
#3342 = ADVANCED_FACE ( 'NONE', ( #3273 ), #1122, .T. ) ;
#3343 = SURFACE_SIDE_STYLE ('',( #1466 ) ) ;
#3344 = DIRECTION ( 'NONE',  ( 0.0000000000000000000, 1.000000000000000000, 0.0000000000000000000 ) ) ;
#3345 = CARTESIAN_POINT ( 'NONE',  ( -0.1750000000000000200, -2.790192378864667400, 0.2499999999999994200 ) ) ;
#3346 = VECTOR ( 'NONE', #764, 1000.000000000000000 ) ;
#3347 = ORIENTED_EDGE ( 'NONE', *, *, #2021, .F. ) ;
#3348 = CARTESIAN_POINT ( 'NONE',  ( -0.1844503219471100900, -2.791227751672055400, 0.2494022272309424600 ) ) ;
#3349 = FILL_AREA_STYLE ('',( #3366 ) ) ;
#3350 = AXIS2_PLACEMENT_3D ( 'NONE', #893, #879, #872 ) ;
#3351 = EDGE_CURVE ( 'NONE', #4170, #4160, #2055, .T. ) ;
#3352 = VERTEX_POINT ( 'NONE', #649 ) ;
#3353 = ORIENTED_EDGE ( 'NONE', *, *, #3728, .T. ) ;
#3354 = UNCERTAINTY_MEASURE_WITH_UNIT (LENGTH_MEASURE( 1.000000000000000100E-005 ), #583, 'distance_accuracy_value', 'NONE');
#3355 = CARTESIAN_POINT ( 'NONE',  ( 0.2500000000000000000, 3.990192378864668900, -0.2500000000000000000 ) ) ;
#3356 = CIRCLE ( 'NONE', #2561, 0.05000000000000002400 ) ;
#3357 = ORIENTED_EDGE ( 'NONE', *, *, #335, .T. ) ;
#3358 = EDGE_CURVE ( 'NONE', #292, #2404, #1197, .T. ) ;
#3359 = CARTESIAN_POINT ( 'NONE',  ( 0.1781606056539944100, -2.790192378864667900, -0.2500000000000003300 ) ) ;
#3360 = DIRECTION ( 'NONE',  ( -0.4472135954999595900, 0.7745966692414815200, 0.4472135954999594800 ) ) ;
#3361 = LINE ( 'NONE', #801, #576 ) ;
#3362 = CARTESIAN_POINT ( 'NONE',  ( -0.1750000000000000200, -0.5999999999999999800, -0.2500000000000000000 ) ) ;
#3363 = DIRECTION ( 'NONE',  ( 0.0000000000000000000, 0.0000000000000000000, 1.000000000000000000 ) ) ;
#3364 = SURFACE_STYLE_FILL_AREA ( #3471 ) ;
#3365 =( LENGTH_UNIT ( ) NAMED_UNIT ( * ) SI_UNIT ( .MILLI., .METRE. ) );
#3366 = FILL_AREA_STYLE_COLOUR ( '', #4042 ) ;
#3367 = AXIS2_PLACEMENT_3D ( 'NONE', #1868, #1865, #1857 ) ;
#3368 = DIRECTION ( 'NONE',  ( -1.000000000000000000, -0.0000000000000000000, -0.0000000000000000000 ) ) ;
#3369 = ADVANCED_FACE ( 'NONE', ( #107 ), #753, .T. ) ;
#3370 =( NAMED_UNIT ( * ) SI_UNIT ( $, .STERADIAN. ) SOLID_ANGLE_UNIT ( ) );
#3371 = DIRECTION ( 'NONE',  ( 0.0000000000000000000, -1.548860246407863300E-016, 1.000000000000000000 ) ) ;
#3372 = VECTOR ( 'NONE', #185, 1000.000000000000000 ) ;
#3373 = APPLICATION_CONTEXT ( 'automotive_design' ) ;
#3374 = VECTOR ( 'NONE', #3529, 1000.000000000000000 ) ;
#3375 = EDGE_CURVE ( 'NONE', #845, #526, #2525, .T. ) ;
#3376 = APPLICATION_PROTOCOL_DEFINITION ( 'draft international standard', 'automotive_design', 1998, #3373 ) ;
#3377 = MECHANICAL_DESIGN_GEOMETRIC_PRESENTATION_REPRESENTATION (  '', ( #2037 ), #3600 ) ;
#3378 = ORIENTED_EDGE ( 'NONE', *, *, #3465, .F. ) ;
#3379 = CARTESIAN_POINT ( 'NONE',  ( 1.000000000000000000, 0.0000000000000000000, 0.6689339828220174400 ) ) ;
#3380 =( BOUNDED_CURVE ( )  B_SPLINE_CURVE ( 3, ( #3566, #3492, #3447, #3414 ),
 .UNSPECIFIED., .F., .T. ) 
 B_SPLINE_CURVE_WITH_KNOTS ( ( 4, 4 ),
 ( 1.945628675883078800, 3.141592653589793100 ),
 .UNSPECIFIED. ) 
 CURVE ( )  GEOMETRIC_REPRESENTATION_ITEM ( )  RATIONAL_B_SPLINE_CURVE ( ( 1.000000000000000000, 0.8843155922709776700, 0.8843155922709776700, 1.000000000000000000 ) ) 
 REPRESENTATION_ITEM ( '' )  );
#3381 = EDGE_LOOP ( 'NONE', ( #452, #34, #2989, #4136 ) ) ;
#3382 = PRODUCT_CONTEXT ( 'NONE', #3694, 'mechanical' ) ;
#3383 = EDGE_CURVE ( 'NONE', #4206, #4463, #4275, .T. ) ;
#3384 = EDGE_LOOP ( 'NONE', ( #2446, #3891, #1106, #546 ) ) ;
#3385 = ADVANCED_FACE ( 'NONE', ( #3409 ), #616, .T. ) ;
#3386 = CARTESIAN_POINT ( 'NONE',  ( -0.2500000000000000000, 3.990192378864668900, -0.1750000000000000200 ) ) ;
#3387 = DIRECTION ( 'NONE',  ( 0.0000000000000000000, 0.0000000000000000000, 1.000000000000000000 ) ) ;
#3388 = LINE ( 'NONE', #173, #1611 ) ;
#3389 = AXIS2_PLACEMENT_3D ( 'NONE', #4421, #3261, #1666 ) ;
#3390 = ORIENTED_EDGE ( 'NONE', *, *, #4411, .T. ) ;
#3391 =( REPRESENTATION_RELATIONSHIP ('NONE','NONE', #3630, #2862 ) REPRESENTATION_RELATIONSHIP_WITH_TRANSFORMATION ( #4092 )SHAPE_REPRESENTATION_RELATIONSHIP( ) );
#3392 = DIRECTION ( 'NONE',  ( -0.7071067811865455700, 5.110978055611263900E-016, -0.7071067811865496800 ) ) ;
#3393 = CARTESIAN_POINT ( 'NONE',  ( -0.7219669914110071800, 0.6750000000000000400, -0.9780330085889915600 ) ) ;
#3394 = ORIENTED_EDGE ( 'NONE', *, *, #614, .T. ) ;
#3395 = STYLED_ITEM ( 'NONE', ( #662 ), #1926 ) ;
#3396 = ORIENTED_EDGE ( 'NONE', *, *, #607, .T. ) ;
#3397 =( NAMED_UNIT ( * ) PLANE_ANGLE_UNIT ( ) SI_UNIT ( $, .RADIAN. ) );
#3398 = COLOUR_RGB ( '',0.1098039215686274500, 0.1098039215686274500, 0.1098039215686274500 ) ;
#3399 = ORIENTED_EDGE ( 'NONE', *, *, #3847, .F. ) ;
#3400 = CARTESIAN_POINT ( 'NONE',  ( -0.09999999999999909000, -3.050000000000000300, -0.07483595050107565100 ) ) ;
#3401 = AXIS2_PLACEMENT_3D ( 'NONE', #2514, #2510, #2507 ) ;
#3402 = DIRECTION ( 'NONE',  ( 0.0000000000000000000, 0.0000000000000000000, -1.000000000000000000 ) ) ;
#3403 = ORIENTED_EDGE ( 'NONE', *, *, #1587, .T. ) ;
#3404 = CARTESIAN_POINT ( 'NONE',  ( 0.9780330085918578200, -0.5569430985241306000, -0.7219669914081408000 ) ) ;
#3405 = UNCERTAINTY_MEASURE_WITH_UNIT (LENGTH_MEASURE( 1.000000000000000100E-005 ), #1831, 'distance_accuracy_value', 'NONE');
#3406 = ADVANCED_FACE ( 'NONE', ( #2419 ), #3260, .T. ) ;
#3407 = EDGE_CURVE ( 'NONE', #1175, #3304, #2475, .T. ) ;
#3408 = AXIS2_PLACEMENT_3D ( 'NONE', #1082, #501, #400 ) ;
#3409 = FACE_OUTER_BOUND ( 'NONE', #1554, .T. ) ;
#3410 = DIRECTION ( 'NONE',  ( 0.0000000000000000000, -1.000000000000000000, 0.0000000000000000000 ) ) ;
#3411 = FACE_OUTER_BOUND ( 'NONE', #619, .T. ) ;
#3412 = AXIS2_PLACEMENT_3D ( 'NONE', #523, #504, #534 ) ;
#3413 = LINE ( 'NONE', #2658, #2422 ) ;
#3414 = CARTESIAN_POINT ( 'NONE',  ( 0.9146446609406715400, -0.6499999999999999100, -0.7853553390593276400 ) ) ;
#3415 = DIRECTION ( 'NONE',  ( 0.0000000000000000000, -7.228014483236698500E-016, 1.000000000000000000 ) ) ;
#3416 = FILL_AREA_STYLE ('',( #3957 ) ) ;
#3417 = PRESENTATION_STYLE_ASSIGNMENT (( #1849 ) ) ;
#3418 = UNCERTAINTY_MEASURE_WITH_UNIT (LENGTH_MEASURE( 1.000000000000000100E-005 ), #674, 'distance_accuracy_value', 'NONE');
#3419 =( NAMED_UNIT ( * ) SI_UNIT ( $, .STERADIAN. ) SOLID_ANGLE_UNIT ( ) );
#3420 = MECHANICAL_DESIGN_GEOMETRIC_PRESENTATION_REPRESENTATION (  '', ( #2993 ), #3651 ) ;
#3421 = AXIS2_PLACEMENT_3D ( 'NONE', #3130, #3152, #3149 ) ;
#3422 = CARTESIAN_POINT ( 'NONE',  ( 0.9892935543301788500, -0.5552616905053077100, -0.7085145382581418100 ) ) ;
#3423 = VECTOR ( 'NONE', #2462, 1000.000000000000000 ) ;
#3424 = CIRCLE ( 'NONE', #3280, 0.05000000000000002400 ) ;
#3425 = ORIENTED_EDGE ( 'NONE', *, *, #614, .F. ) ;
#3426 = SURFACE_STYLE_USAGE ( .BOTH. , #3983 ) ;
#3427 = CARTESIAN_POINT ( 'NONE',  ( 0.1844503219471100900, -2.791227751672055400, 0.2494022272309424600 ) ) ;
#3428 = ORIENTED_EDGE ( 'NONE', *, *, #3895, .T. ) ;
#3429 = UNCERTAINTY_MEASURE_WITH_UNIT (LENGTH_MEASURE( 1.000000000000000100E-005 ), #1947, 'distance_accuracy_value', 'NONE');
#3430 = PRESENTATION_LAYER_ASSIGNMENT (  '', '', ( #2770 ) ) ;
#3431 = EDGE_CURVE ( 'NONE', #2472, #2551, #3890, .T. ) ;
#3432 = PRESENTATION_LAYER_ASSIGNMENT (  '', '', ( #3226 ) ) ;
#3433 =( NAMED_UNIT ( * ) SI_UNIT ( $, .STERADIAN. ) SOLID_ANGLE_UNIT ( ) );
#3434 = ORIENTED_EDGE ( 'NONE', *, *, #4141, .F. ) ;
#3435 = FILL_AREA_STYLE ('',( #2891 ) ) ;
#3436 = CARTESIAN_POINT ( 'NONE',  ( 0.09999999999999910300, 4.250000000000000000, -0.07483595050107526300 ) ) ;
#3437 = FACE_OUTER_BOUND ( 'NONE', #2553, .T. ) ;
#3438 = SURFACE_STYLE_USAGE ( .BOTH. , #2901 ) ;
#3439 = ORIENTED_EDGE ( 'NONE', *, *, #1728, .T. ) ;
#3440 = EDGE_CURVE ( 'NONE', #2841, #3003, #3015, .T. ) ;
#3441 = DIRECTION ( 'NONE',  ( 1.000000000000000000, 0.0000000000000000000, 0.0000000000000000000 ) ) ;
#3442 = ORIENTED_EDGE ( 'NONE', *, *, #2928, .F. ) ;
#3443 =( NAMED_UNIT ( * ) PLANE_ANGLE_UNIT ( ) SI_UNIT ( $, .RADIAN. ) );
#3444 = CARTESIAN_POINT ( 'NONE',  ( 0.2500000000000000000, 0.7500000000000001100, -0.2500000000000000000 ) ) ;
#3445 =( GEOMETRIC_REPRESENTATION_CONTEXT ( 3 ) GLOBAL_UNCERTAINTY_ASSIGNED_CONTEXT ( ( #3875 ) ) GLOBAL_UNIT_ASSIGNED_CONTEXT ( ( #2454, #2450, #2439 ) ) REPRESENTATION_CONTEXT ( 'NONE', 'WORKASPACE' ) );
#3446 = EDGE_LOOP ( 'NONE', ( #2239, #3545, #4012, #745, #196, #2597 ) ) ;
#3447 = CARTESIAN_POINT ( 'NONE',  ( 0.9146446609406715400, -0.6075584558831340600, -0.7853553390593276400 ) ) ;
#3448 = ORIENTED_EDGE ( 'NONE', *, *, #3291, .T. ) ;
#3449 = MECHANICAL_DESIGN_GEOMETRIC_PRESENTATION_REPRESENTATION (  '', ( #2562 ), #3685 ) ;
#3450 = ORIENTED_EDGE ( 'NONE', *, *, #2226, .T. ) ;
#3451 = DIRECTION ( 'NONE',  ( 0.0000000000000000000, 0.0000000000000000000, 1.000000000000000000 ) ) ;
#3452 = SPHERICAL_SURFACE ( 'NONE', #3408, 0.07499999999999999700 ) ;
#3453 = VERTEX_POINT ( 'NONE', #311 ) ;
#3454 = ORIENTED_EDGE ( 'NONE', *, *, #2751, .T. ) ;
#3455 = LINE ( 'NONE', #4004, #813 ) ;
#3456 =( LENGTH_UNIT ( ) NAMED_UNIT ( * ) SI_UNIT ( .MILLI., .METRE. ) );
#3457 = CIRCLE ( 'NONE', #2480, 0.07500000000000002500 ) ;
#3458 = ORIENTED_EDGE ( 'NONE', *, *, #1866, .T. ) ;
#3459 = CARTESIAN_POINT ( 'NONE',  ( -0.9499999999999999600, -0.5500000000000000400, 0.6499999999999999100 ) ) ;
#3460 = DIRECTION ( 'NONE',  ( 0.0000000000000000000, 0.0000000000000000000, 1.000000000000000000 ) ) ;
#3461 = FACE_OUTER_BOUND ( 'NONE', #2877, .T. ) ;
#3462 = CARTESIAN_POINT ( 'NONE',  ( 0.9780330085901890500, -0.5569430985247877400, 0.7219669914098106900 ) ) ;
#3463 = CARTESIAN_POINT ( 'NONE',  ( 0.1750000000000000200, 2.710505431213760500E-017, -0.1749999999999999100 ) ) ;
#3464 = VECTOR ( 'NONE', #2943, 1000.000000000000000 ) ;
#3465 = EDGE_CURVE ( 'NONE', #3188, #2341, #3793, .T. ) ;
#3466 = DIRECTION ( 'NONE',  ( -0.0000000000000000000, -1.000000000000000000, 1.084202172485504400E-016 ) ) ;
#3467 =( GEOMETRIC_REPRESENTATION_CONTEXT ( 3 ) GLOBAL_UNCERTAINTY_ASSIGNED_CONTEXT ( ( #2371 ) ) GLOBAL_UNIT_ASSIGNED_CONTEXT ( ( #3989, #3397, #3993 ) ) REPRESENTATION_CONTEXT ( 'NONE', 'WORKASPACE' ) );
#3468 = SURFACE_SIDE_STYLE ('',( #101 ) ) ;
#3469 = FILL_AREA_STYLE_COLOUR ( '', #4329 ) ;
#3470 = SURFACE_STYLE_FILL_AREA ( #3802 ) ;
#3471 = FILL_AREA_STYLE ('',( #3469 ) ) ;
#3472 = VECTOR ( 'NONE', #4350, 1000.000000000000000 ) ;
#3473 =( GEOMETRIC_REPRESENTATION_CONTEXT ( 3 ) GLOBAL_UNCERTAINTY_ASSIGNED_CONTEXT ( ( #957 ) ) GLOBAL_UNIT_ASSIGNED_CONTEXT ( ( #344, #341, #339 ) ) REPRESENTATION_CONTEXT ( 'NONE', 'WORKASPACE' ) );
#3474 = CARTESIAN_POINT ( 'NONE',  ( 0.9989911887243729800, -0.5528665609552800800, -0.6840045603157112200 ) ) ;
#3475 = DIRECTION ( 'NONE',  ( 0.0000000000000000000, -1.000000000000000000, 0.0000000000000000000 ) ) ;
#3476 = EDGE_LOOP ( 'NONE', ( #4459, #3706, #4326, #2294 ) ) ;
#3477 = CARTESIAN_POINT ( 'NONE',  ( 0.0000000000000000000, 0.0000000000000000000, 0.0000000000000000000 ) ) ;
#3478 = CARTESIAN_POINT ( 'NONE',  ( 0.6689339828220163300, 0.7500000000000002200, 0.9999999999999997800 ) ) ;
#3479 = CARTESIAN_POINT ( 'NONE',  ( 0.1750000000000000200, 0.7500000000000001100, 0.1750000000000000400 ) ) ;
#3480 = DIRECTION ( 'NONE',  ( 0.0000000000000000000, -1.000000000000000000, -1.548860246407863800E-016 ) ) ;
#3481 = COLOUR_RGB ( '',0.1098039215686274500, 0.1098039215686274500, 0.1098039215686274500 ) ;
#3482 = AXIS2_PLACEMENT_3D ( 'NONE', #3228, #220, #218 ) ;
#3483 = EDGE_LOOP ( 'NONE', ( #2078, #651, #989, #3147 ) ) ;
#3484 = UNCERTAINTY_MEASURE_WITH_UNIT (LENGTH_MEASURE( 1.000000000000000100E-005 ), #1893, 'distance_accuracy_value', 'NONE');
#3485 = CARTESIAN_POINT ( 'NONE',  ( 0.7219669914110090600, 0.6750000000000001600, -0.9780330085889912300 ) ) ;
#3486 = LINE ( 'NONE', #2944, #2607 ) ;
#3487 = CARTESIAN_POINT ( 'NONE',  ( 1.000000000000000000, -0.5518088380021112200, -0.6689339828220164400 ) ) ;
#3488 = VERTEX_POINT ( 'NONE', #306 ) ;
#3489 = MECHANICAL_DESIGN_GEOMETRIC_PRESENTATION_REPRESENTATION (  '', ( #2834 ), #3726 ) ;
#3490 = EDGE_CURVE ( 'NONE', #797, #4083, #2907, .T. ) ;
#3491 = AXIS2_PLACEMENT_3D ( 'NONE', #3800, #3777, #3540 ) ;
#3492 = CARTESIAN_POINT ( 'NONE',  ( 0.9385382226981888700, -0.5724816491076656400, -0.7614617773018103100 ) ) ;
#3493 = ORIENTED_EDGE ( 'NONE', *, *, #1442, .T. ) ;
#3494 = FACE_OUTER_BOUND ( 'NONE', #3045, .T. ) ;
#3495 = DIRECTION ( 'NONE',  ( 0.0000000000000000000, -1.084202172485504000E-014, -1.000000000000000000 ) ) ;
#3496 = EDGE_CURVE ( 'NONE', #1437, #845, #1179, .T. ) ;
#3497 = ORIENTED_EDGE ( 'NONE', *, *, #283, .T. ) ;
#3498 = DIRECTION ( 'NONE',  ( 0.0000000000000000000, 0.0000000000000000000, -1.000000000000000000 ) ) ;
#3499 = LINE ( 'NONE', #384, #4358 ) ;
#3500 = ORIENTED_EDGE ( 'NONE', *, *, #4034, .T. ) ;
#3501 = STYLED_ITEM ( 'NONE', ( #1883 ), #1320 ) ;
#3502 = ORIENTED_EDGE ( 'NONE', *, *, #3951, .T. ) ;
#3503 = DIRECTION ( 'NONE',  ( -1.000000000000000000, 0.0000000000000000000, -0.0000000000000000000 ) ) ;
#3504 = CARTESIAN_POINT ( 'NONE',  ( 1.000000000000000000, -0.5518088380021117800, 0.6689339828220174400 ) ) ;
#3505 = DIRECTION ( 'NONE',  ( 0.0000000000000000000, 1.548860246407864100E-016, -1.000000000000000000 ) ) ;
#3506 = APPLICATION_PROTOCOL_DEFINITION ( 'draft international standard', 'automotive_design', 1998, #2018 ) ;
#3507 = DIRECTION ( 'NONE',  ( 0.0000000000000000000, 0.0000000000000000000, -1.000000000000000000 ) ) ;
#3508 = CIRCLE ( 'NONE', #3367, 0.02499999999999995600 ) ;
#3509 = FILL_AREA_STYLE_COLOUR ( '', #2554 ) ;
#3510 = PRESENTATION_STYLE_ASSIGNMENT (( #2991 ) ) ;
#3511 = ORIENTED_EDGE ( 'NONE', *, *, #4382, .T. ) ;
#3512 = CARTESIAN_POINT ( 'NONE',  ( 1.000000000000000000, 0.0000000000000000000, 0.6999999999999998400 ) ) ;
#3513 =( BOUNDED_SURFACE ( )  B_SPLINE_SURFACE ( 3, 2, ( 
 ( #1643, #1512, #1508 ),
 ( #1501, #1494, #1488 ),
 ( #1483, #1472, #1463 ),
 ( #1457, #1275, #1267 ) ),
 .UNSPECIFIED., .F., .F., .F. ) 
 B_SPLINE_SURFACE_WITH_KNOTS ( ( 4, 4 ),
 ( 3, 3 ),
 ( 8.179730087304546200E-005, 0.0001019673504704721000 ),
 ( 0.0000000000000000000, 1.000000000000000000 ),
 .UNSPECIFIED. ) 
 GEOMETRIC_REPRESENTATION_ITEM ( )  RATIONAL_B_SPLINE_SURFACE ( (
 ( 1.000000000000000000, 0.7071067811874121000, 1.000000000000000000),
 ( 1.000000000000000000, 0.6898491212567147100, 1.000000000000000000),
 ( 1.000000000000000000, 0.6504848785875947400, 1.000000000000000000),
 ( 1.000000000000000000, 0.6087349684149362400, 1.000000000000000000) ) ) 
 REPRESENTATION_ITEM ( '' )  SURFACE ( )  );
#3514 = SURFACE_STYLE_USAGE ( .BOTH. , #3468 ) ;
#3515 = SURFACE_STYLE_FILL_AREA ( #2477 ) ;
#3516 = CARTESIAN_POINT ( 'NONE',  ( 1.000000000000000000, -0.6499999999999999100, -0.6500000000000002400 ) ) ;
#3517 =( NAMED_UNIT ( * ) SI_UNIT ( $, .STERADIAN. ) SOLID_ANGLE_UNIT ( ) );
#3518 = AXIS2_PLACEMENT_3D ( 'NONE', #2713, #2589, #2575 ) ;
#3519 = EDGE_CURVE ( 'NONE', #312, #797, #1694, .T. ) ;
#3520 = MECHANICAL_DESIGN_GEOMETRIC_PRESENTATION_REPRESENTATION (  '', ( #2633 ), #3756 ) ;
#3521 = CIRCLE ( 'NONE', #3975, 0.05000000000000002400 ) ;
#3522 =( LENGTH_UNIT ( ) NAMED_UNIT ( * ) SI_UNIT ( .MILLI., .METRE. ) );
#3523 = VECTOR ( 'NONE', #1887, 1000.000000000000000 ) ;
#3524 = CARTESIAN_POINT ( 'NONE',  ( 0.07803847577293307500, -2.975538475772932800, 0.1429903810567654800 ) ) ;
#3525 = EDGE_CURVE ( 'NONE', #4083, #88, #2793, .T. ) ;
#3526 = PRESENTATION_STYLE_ASSIGNMENT (( #3426 ) ) ;
#3527 = DIRECTION ( 'NONE',  ( 0.0000000000000000000, 0.0000000000000000000, 1.000000000000000000 ) ) ;
#3528 = DIRECTION ( 'NONE',  ( 0.4472135954999594800, -0.7745966692414815200, -0.4472135954999595900 ) ) ;
#3529 = DIRECTION ( 'NONE',  ( 0.4472135954999587000, 0.7745966692414824100, 0.4472135954999586500 ) ) ;
#3530 = COLOUR_RGB ( '',0.1098039215686274500, 0.1098039215686274500, 0.1098039215686274500 ) ;
#3531 = STYLED_ITEM ( 'NONE', ( #2478 ), #885 ) ;
#3532 =( LENGTH_UNIT ( ) NAMED_UNIT ( * ) SI_UNIT ( .MILLI., .METRE. ) );
#3533 = ORIENTED_EDGE ( 'NONE', *, *, #3821, .F. ) ;
#3534 = CARTESIAN_POINT ( 'NONE',  ( -0.1844503219471100900, -2.791227751672055400, 0.2494022272309424600 ) ) ;
#3535 = AXIS2_PLACEMENT_3D ( 'NONE', #2100, #1744, #1710 ) ;
#3536 = ORIENTED_EDGE ( 'NONE', *, *, #1937, .T. ) ;
#3537 = DIRECTION ( 'NONE',  ( 0.0000000000000000000, 0.0000000000000000000, -1.000000000000000000 ) ) ;
#3538 = CARTESIAN_POINT ( 'NONE',  ( 0.2500000000000000000, 4.250000000000000000, -0.09999999999999917300 ) ) ;
#3539 = ORIENTED_EDGE ( 'NONE', *, *, #798, .F. ) ;
#3540 = DIRECTION ( 'NONE',  ( 0.0000000000000000000, 0.0000000000000000000, -1.000000000000000000 ) ) ;
#3541 = UNCERTAINTY_MEASURE_WITH_UNIT (LENGTH_MEASURE( 1.000000000000000100E-005 ), #1923, 'distance_accuracy_value', 'NONE');
#3542 = AXIS2_PLACEMENT_3D ( 'NONE', #1101, #3371, #3319 ) ;
#3543 = CARTESIAN_POINT ( 'NONE',  ( 0.8792893218813445700, 0.0000000000000000000, 0.7499999999999998900 ) ) ;
#3544 =( GEOMETRIC_REPRESENTATION_CONTEXT ( 3 ) GLOBAL_UNCERTAINTY_ASSIGNED_CONTEXT ( ( #3767 ) ) GLOBAL_UNIT_ASSIGNED_CONTEXT ( ( #2314, #2310, #3804 ) ) REPRESENTATION_CONTEXT ( 'NONE', 'WORKASPACE' ) );
#3545 = ORIENTED_EDGE ( 'NONE', *, *, #1702, .F. ) ;
#3546 = CARTESIAN_POINT ( 'NONE',  ( 0.8792893218813440100, -0.6499999999999999100, -0.7500000000000003300 ) ) ;
#3547 = SURFACE_STYLE_FILL_AREA ( #431 ) ;
#3548 = ORIENTED_EDGE ( 'NONE', *, *, #1728, .F. ) ;
#3549 = EDGE_CURVE ( 'NONE', #1090, #3256, #46, .T. ) ;
#3550 = FILL_AREA_STYLE ('',( #3837 ) ) ;
#3551 = DIRECTION ( 'NONE',  ( 0.0000000000000000000, 0.0000000000000000000, -1.000000000000000000 ) ) ;
#3552 = EDGE_LOOP ( 'NONE', ( #2519, #1095, #4250, #2790, #365, #15 ) ) ;
#3553 = EDGE_LOOP ( 'NONE', ( #749, #3717, #187, #2691 ) ) ;
#3554 = PRODUCT_DEFINITION_SHAPE ( 'NONE', 'NONE',  #4478 ) ;
#3555 = ORIENTED_EDGE ( 'NONE', *, *, #1479, .F. ) ;
#3556 = LINE ( 'NONE', #81, #4417 ) ;
#3557 = PRESENTATION_STYLE_ASSIGNMENT (( #77 ) ) ;
#3558 = VECTOR ( 'NONE', #4201, 1000.000000000000200 ) ;
#3559 = ORIENTED_EDGE ( 'NONE', *, *, #1708, .F. ) ;
#3560 = DIRECTION ( 'NONE',  ( 0.0000000000000000000, 0.0000000000000000000, 1.000000000000000000 ) ) ;
#3561 = B_SPLINE_CURVE_WITH_KNOTS ( 'NONE', 3,
 ( #1159, #1161, #1143, #1136, #1133, #1132, #1126, #1125, #1116, #1103, #1093, #1089, #1083 ),
 .UNSPECIFIED., .F., .F.,
 ( 4, 3, 3, 3, 4 ),
 ( 0.0000000000000000000, 2.028566164123762100E-006, 7.754038643419035100E-006, 1.032198108579847600E-005, 1.236343080134059800E-005 ),
 .UNSPECIFIED. ) ;
#3562 = CARTESIAN_POINT ( 'NONE',  ( 0.9999103881446974600, -0.5520886949970685900, -0.6731650505992576900 ) ) ;
#3563 = ADVANCED_FACE ( 'NONE', ( #4420 ), #2360, .T. ) ;
#3564 = LINE ( 'NONE', #862, #4236 ) ;
#3565 = PLANE ( 'NONE',  #3199 ) ;
#3566 = CARTESIAN_POINT ( 'NONE',  ( 0.9780330085918578200, -0.5569430985241306000, -0.7219669914081408000 ) ) ;
#3567 =( NAMED_UNIT ( * ) SI_UNIT ( $, .STERADIAN. ) SOLID_ANGLE_UNIT ( ) );
#3568 = COLOUR_RGB ( '',0.1098039215686274500, 0.1098039215686274500, 0.1098039215686274500 ) ;
#3569 = CARTESIAN_POINT ( 'NONE',  ( 0.9997317764904160000, -0.5522398438365188100, -0.6752712994928560300 ) ) ;
#3570 = SURFACE_STYLE_FILL_AREA ( #3435 ) ;
#3571 = STYLED_ITEM ( 'NONE', ( #3666 ), #4231 ) ;
#3572 = EDGE_CURVE ( 'NONE', #812, #3247, #1576, .T. ) ;
#3573 = CARTESIAN_POINT ( 'NONE',  ( 0.9966629491164643600, -0.5536362343794686300, -0.6927240390962563500 ) ) ;
#3574 = LINE ( 'NONE', #1070, #1794 ) ;
#3575 = DIRECTION ( 'NONE',  ( 0.7071067811865495700, 0.0000000000000000000, -0.7071067811865454600 ) ) ;
#3576 = CARTESIAN_POINT ( 'NONE',  ( 0.9929629187523560900, -0.5544523444123200500, -0.7006521428358106800 ) ) ;
#3577 = CARTESIAN_POINT ( 'NONE',  ( -1.221012267728740300, 0.0000000000000000000, 0.0000000000000000000 ) ) ;
#3578 = EDGE_CURVE ( 'NONE', #2117, #2098, #3268, .T. ) ;
#3579 = PRESENTATION_STYLE_ASSIGNMENT (( #2717 ) ) ;
#3580 = ORIENTED_EDGE ( 'NONE', *, *, #932, .T. ) ;
#3581 = DIRECTION ( 'NONE',  ( 1.000000000000000000, 0.0000000000000000000, 0.0000000000000000000 ) ) ;
#3582 = CARTESIAN_POINT ( 'NONE',  ( -0.7000000000000000700, 0.0000000000000000000, 0.9999999999999997800 ) ) ;
#3583 = ORIENTED_EDGE ( 'NONE', *, *, #4008, .T. ) ;
#3584 = AXIS2_PLACEMENT_3D ( 'NONE', #1902, #1944, #1901 ) ;
#3585 = ADVANCED_FACE ( 'NONE', ( #1464 ), #1949, .T. ) ;
#3586 = FILL_AREA_STYLE_COLOUR ( '', #2957 ) ;
#3587 = VECTOR ( 'NONE', #4190, 1000.000000000000200 ) ;
#3588 = CARTESIAN_POINT ( 'NONE',  ( 0.9841685238832480500, -0.5561384605251500400, -0.7158314761167506900 ) ) ;
#3589 =( NAMED_UNIT ( * ) PLANE_ANGLE_UNIT ( ) SI_UNIT ( $, .RADIAN. ) );
#3590 =( LENGTH_UNIT ( ) NAMED_UNIT ( * ) SI_UNIT ( .MILLI., .METRE. ) );
#3591 = ORIENTED_EDGE ( 'NONE', *, *, #3762, .F. ) ;
#3592 = AXIS2_PLACEMENT_3D ( 'NONE', #3889, #3884, #3879 ) ;
#3593 = SURFACE_STYLE_USAGE ( .BOTH. , #3595 ) ;
#3594 = ORIENTED_EDGE ( 'NONE', *, *, #2095, .F. ) ;
#3595 = SURFACE_SIDE_STYLE ('',( #4248 ) ) ;
#3596 = FILL_AREA_STYLE ('',( #3586 ) ) ;
#3597 = DIRECTION ( 'NONE',  ( 0.0000000000000000000, 0.0000000000000000000, 1.000000000000000000 ) ) ;
#3598 = ORIENTED_EDGE ( 'NONE', *, *, #3951, .F. ) ;
#3599 = EDGE_CURVE ( 'NONE', #4265, #1090, #3737, .T. ) ;
#3600 =( GEOMETRIC_REPRESENTATION_CONTEXT ( 3 ) GLOBAL_UNCERTAINTY_ASSIGNED_CONTEXT ( ( #166 ) ) GLOBAL_UNIT_ASSIGNED_CONTEXT ( ( #1631, #1626, #1624 ) ) REPRESENTATION_CONTEXT ( 'NONE', 'WORKASPACE' ) );
#3601 = COLOUR_RGB ( '',0.1098039215686274500, 0.1098039215686274500, 0.1098039215686274500 ) ;
#3602 = SURFACE_SIDE_STYLE ('',( #2049 ) ) ;
#3603 = CARTESIAN_POINT ( 'NONE',  ( -0.07483595050107520700, -3.050000000000000300, -0.09999999999999947800 ) ) ;
#3604 = ORIENTED_EDGE ( 'NONE', *, *, #223, .T. ) ;
#3605 = CARTESIAN_POINT ( 'NONE',  ( -0.09999999999999917300, -3.049999999999999800, -0.03504809471616659300 ) ) ;
#3606 = EDGE_CURVE ( 'NONE', #408, #1934, #1117, .T. ) ;
#3607 = UNCERTAINTY_MEASURE_WITH_UNIT (LENGTH_MEASURE( 1.000000000000000100E-005 ), #2824, 'distance_accuracy_value', 'NONE');
#3608 = ORIENTED_EDGE ( 'NONE', *, *, #2064, .F. ) ;
#3609 = DIRECTION ( 'NONE',  ( 0.0000000000000000000, 1.000000000000000000, 0.0000000000000000000 ) ) ;
#3610 = CARTESIAN_POINT ( 'NONE',  ( -0.03504809471616622500, -3.049999999999999800, -0.09999999999999953400 ) ) ;
#3611 = FILL_AREA_STYLE_COLOUR ( '', #4158 ) ;
#3612 = ADVANCED_FACE ( 'NONE', ( #2850 ), #2413, .T. ) ;
#3613 = DIRECTION ( 'NONE',  ( 0.0000000000000000000, 1.548860246407863300E-016, -1.000000000000000000 ) ) ;
#3614 = VERTEX_POINT ( 'NONE', #3203 ) ;
#3615 = SURFACE_STYLE_USAGE ( .BOTH. , #3602 ) ;
#3616 = CARTESIAN_POINT ( 'NONE',  ( -0.8792893218813441200, -0.6500000000000001300, 0.7499999999999998900 ) ) ;
#3617 = CARTESIAN_POINT ( 'NONE',  ( 0.6689339828220163300, -0.7500000000000001100, 0.9499999999999997300 ) ) ;
#3618 = PRESENTATION_STYLE_ASSIGNMENT (( #3514 ) ) ;
#3619 = LINE ( 'NONE', #3293, #874 ) ;
#3620 = ORIENTED_EDGE ( 'NONE', *, *, #643, .F. ) ;
#3621 = CARTESIAN_POINT ( 'NONE',  ( -0.2449180696087138700, 3.998994540498081600, 0.2197540201128000700 ) ) ;
#3622 = AXIS2_PLACEMENT_3D ( 'NONE', #4080, #3633, #3415 ) ;
#3623 = CARTESIAN_POINT ( 'NONE',  ( -0.2500000000000000000, 0.7500000000000001100, -0.1750000000000000200 ) ) ;
#3624 = UNCERTAINTY_MEASURE_WITH_UNIT (LENGTH_MEASURE( 1.000000000000000100E-005 ), #3857, 'distance_accuracy_value', 'NONE');
#3625 = FILL_AREA_STYLE ('',( #3337 ) ) ;
#3626 = CARTESIAN_POINT ( 'NONE',  ( -0.9499999999999998400, -0.5999999999999999800, -9.293161478447179300E-017 ) ) ;
#3627 = DIRECTION ( 'NONE',  ( 1.000000000000000000, 0.0000000000000000000, 0.0000000000000000000 ) ) ;
#3628 = CIRCLE ( 'NONE', #2868, 0.07499999999999998300 ) ;
#3629 = CARTESIAN_POINT ( 'NONE',  ( -0.2197540201127994000, 3.998994540498081600, 0.2449180696087146200 ) ) ;
#3630 = SHAPE_REPRESENTATION ( 'M22-2510846', ( #3791, #1529, #1758, #1983, #2204, #2429, #2669, #2894, #3124 ), #3331 ) ;
#3631 =( LENGTH_UNIT ( ) NAMED_UNIT ( * ) SI_UNIT ( .MILLI., .METRE. ) );
#3632 = AXIS2_PLACEMENT_3D ( 'NONE', #2766, #2754, #2697 ) ;
#3633 = DIRECTION ( 'NONE',  ( -0.0000000000000000000, 1.000000000000000000, 7.228014483236698500E-016 ) ) ;
#3634 = CARTESIAN_POINT ( 'NONE',  ( -0.2494022272309432400, 3.991227751672056000, 0.1844503219471111700 ) ) ;
#3635 = CIRCLE ( 'NONE', #2350, 0.05000000000000002400 ) ;
#3636 = ADVANCED_FACE ( 'NONE', ( #627 ), #2149, .T. ) ;
#3637 = UNCERTAINTY_MEASURE_WITH_UNIT (LENGTH_MEASURE( 1.000000000000000100E-005 ), #3522, 'distance_accuracy_value', 'NONE');
#3638 = EDGE_CURVE ( 'NONE', #3061, #660, #1173, .T. ) ;
#3639 = PRESENTATION_LAYER_ASSIGNMENT (  '', '', ( #3202 ) ) ;
#3640 = FACE_OUTER_BOUND ( 'NONE', #1505, .T. ) ;
#3641 = ORIENTED_EDGE ( 'NONE', *, *, #2483, .F. ) ;
#3642 = DIRECTION ( 'NONE',  ( 0.0000000000000000000, 0.0000000000000000000, -1.000000000000000000 ) ) ;
#3643 = DIRECTION ( 'NONE',  ( 1.000000000000000000, -0.0000000000000000000, 0.0000000000000000000 ) ) ;
#3644 = STYLED_ITEM ( 'NONE', ( #2651 ), #200 ) ;
#3645 = CIRCLE ( 'NONE', #3592, 0.05000000000000006500 ) ;
#3646 = ORIENTED_EDGE ( 'NONE', *, *, #2599, .T. ) ;
#3647 = DIRECTION ( 'NONE',  ( 0.0000000000000000000, -1.000000000000000000, 0.0000000000000000000 ) ) ;
#3648 = DIRECTION ( 'NONE',  ( -0.0000000000000000000, -1.000000000000000000, 0.0000000000000000000 ) ) ;
#3649 = CARTESIAN_POINT ( 'NONE',  ( -0.1844503219471105800, 3.991227751672056000, 0.2494022272309441600 ) ) ;
#3650 = LINE ( 'NONE', #254, #1028 ) ;
#3651 =( GEOMETRIC_REPRESENTATION_CONTEXT ( 3 ) GLOBAL_UNCERTAINTY_ASSIGNED_CONTEXT ( ( #4419 ) ) GLOBAL_UNIT_ASSIGNED_CONTEXT ( ( #1181, #1174, #1163 ) ) REPRESENTATION_CONTEXT ( 'NONE', 'WORKASPACE' ) );
#3652 = ADVANCED_BREP_SHAPE_REPRESENTATION ( '', ( #510, #9 ), #4281 ) ;
#3653 = EDGE_LOOP ( 'NONE', ( #148, #1376, #3262, #3347 ) ) ;
#3654 = ORIENTED_EDGE ( 'NONE', *, *, #3903, .F. ) ;
#3655 = DIRECTION ( 'NONE',  ( -0.7071067811865496800, 0.0000000000000000000, 0.7071067811865453500 ) ) ;
#3656 = FILL_AREA_STYLE ('',( #3611 ) ) ;
#3657 = DIRECTION ( 'NONE',  ( 0.0000000000000000000, 0.0000000000000000000, -1.000000000000000000 ) ) ;
#3658 = VERTEX_POINT ( 'NONE', #3026 ) ;
#3659 =( NAMED_UNIT ( * ) PLANE_ANGLE_UNIT ( ) SI_UNIT ( $, .RADIAN. ) );
#3660 = VECTOR ( 'NONE', #1518, 1000.000000000000000 ) ;
#3661 = DIRECTION ( 'NONE',  ( 1.000000000000000000, -0.0000000000000000000, 0.0000000000000000000 ) ) ;
#3662 = MECHANICAL_DESIGN_GEOMETRIC_PRESENTATION_REPRESENTATION (  '', ( #2770 ), #3894 ) ;
#3663 = EDGE_LOOP ( 'NONE', ( #2102, #3722, #1443, #3699 ) ) ;
#3664 = EDGE_CURVE ( 'NONE', #936, #382, #3885, .T. ) ;
#3665 = MECHANICAL_DESIGN_GEOMETRIC_PRESENTATION_REPRESENTATION (  '', ( #3226 ), #3896 ) ;
#3666 = PRESENTATION_STYLE_ASSIGNMENT (( #840 ) ) ;
#3667 = EDGE_LOOP ( 'NONE', ( #1572, #1044, #4208, #1837 ) ) ;
#3668 = ITEM_DEFINED_TRANSFORMATION ( 'NONE', 'NONE', #2669,  #9 ) ;
#3669 = EDGE_CURVE ( 'NONE', #2897, #997, #2097, .T. ) ;
#3670 = DIRECTION ( 'NONE',  ( 0.7071067811865453500, -0.0000000000000000000, 0.7071067811865497900 ) ) ;
#3671 = FILL_AREA_STYLE_COLOUR ( '', #2588 ) ;
#3672 = COLOUR_RGB ( '',0.1098039215686274500, 0.1098039215686274500, 0.1098039215686274500 ) ;
#3673 = ORIENTED_EDGE ( 'NONE', *, *, #1904, .T. ) ;
#3674 =( NAMED_UNIT ( * ) SI_UNIT ( $, .STERADIAN. ) SOLID_ANGLE_UNIT ( ) );
#3675 = VECTOR ( 'NONE', #245, 1000.000000000000000 ) ;
#3676 = TOROIDAL_SURFACE ( 'NONE', #1531, 0.02499999999999999100, 0.05000000000000000300 ) ;
#3677 = ORIENTED_EDGE ( 'NONE', *, *, #3700, .F. ) ;
#3678 = PRESENTATION_LAYER_ASSIGNMENT (  '', '', ( #3905 ) ) ;
#3679 = ADVANCED_FACE ( 'NONE', ( #3787 ), #3452, .T. ) ;
#3680 =( LENGTH_UNIT ( ) NAMED_UNIT ( * ) SI_UNIT ( .MILLI., .METRE. ) );
#3681 = ADVANCED_FACE ( 'NONE', ( #4277 ), #3119, .T. ) ;
#3682 = CARTESIAN_POINT ( 'NONE',  ( 0.0000000000000000000, 0.0000000000000000000, 0.0000000000000000000 ) ) ;
#3683 =( BOUNDED_SURFACE ( )  B_SPLINE_SURFACE ( 3, 2, ( 
 ( #1229, #1146, #1144 ),
 ( #1139, #1134, #1131 ),
 ( #1124, #704, #1120 ),
 ( #1107, #1100, #1094 ),
 ( #1087, #1085, #1081 ),
 ( #1072, #1061, #1060 ) ),
 .UNSPECIFIED., .F., .F., .F. ) 
 B_SPLINE_SURFACE_WITH_KNOTS ( ( 4, 2, 4 ),
 ( 3, 3 ),
 ( 5.087221329490818200, 5.685203318335202200, 6.283185307179586200 ),
 ( 0.0000000000000000000, 1.000000000000000000 ),
 .UNSPECIFIED. ) 
 GEOMETRIC_REPRESENTATION_ITEM ( )  RATIONAL_B_SPLINE_SURFACE ( (
 ( 1.000000000000000000, 0.6087349684079640400, 1.000000000000000000),
 ( 1.000000000000000000, 0.5551947689669035600, 1.000000000000000000),
 ( 1.000000000000000000, 0.4993640558049160000, 1.000000000000000000),
 ( 1.000000000000000000, 0.4123322341776538000, 1.000000000000000000),
 ( 1.000000000000000000, 0.3820761696031949600, 1.000000000000000000),
 ( 1.000000000000000000, 0.3826834323650883900, 1.000000000000000000) ) ) 
 REPRESENTATION_ITEM ( '' )  SURFACE ( )  );
#3684 =( NAMED_UNIT ( * ) SI_UNIT ( $, .STERADIAN. ) SOLID_ANGLE_UNIT ( ) );
#3685 =( GEOMETRIC_REPRESENTATION_CONTEXT ( 3 ) GLOBAL_UNCERTAINTY_ASSIGNED_CONTEXT ( ( #221 ) ) GLOBAL_UNIT_ASSIGNED_CONTEXT ( ( #59, #99, #61 ) ) REPRESENTATION_CONTEXT ( 'NONE', 'WORKASPACE' ) );
#3686 = FACE_OUTER_BOUND ( 'NONE', #1889, .T. ) ;
#3687 = VECTOR ( 'NONE', #806, 1000.000000000000000 ) ;
#3688 = CARTESIAN_POINT ( 'NONE',  ( 0.6689339828220177700, 0.6750000000000000400, -0.9250000000000002700 ) ) ;
#3689 = CARTESIAN_POINT ( 'NONE',  ( -0.9146446609406716500, -0.6999999999999999600, 0.7853553390593270800 ) ) ;
#3690 =( NAMED_UNIT ( * ) PLANE_ANGLE_UNIT ( ) SI_UNIT ( $, .RADIAN. ) );
#3691 = CARTESIAN_POINT ( 'NONE',  ( -0.9499999999999998400, -0.6499999999999999100, -0.6500000000000002400 ) ) ;
#3692 =( LENGTH_UNIT ( ) NAMED_UNIT ( * ) SI_UNIT ( .MILLI., .METRE. ) );
#3693 = CYLINDRICAL_SURFACE ( 'NONE', #1993, 0.05000000000000002400 ) ;
#3694 = APPLICATION_CONTEXT ( 'automotive_design' ) ;
#3695 = AXIS2_PLACEMENT_3D ( 'NONE', #1861, #1858, #1855 ) ;
#3696 = CARTESIAN_POINT ( 'NONE',  ( -1.000000000000000000, -0.5510781424257875600, -0.6689339828220179900 ) ) ;
#3697 = SURFACE_STYLE_USAGE ( .BOTH. , #3702 ) ;
#3698 = DIRECTION ( 'NONE',  ( 0.0000000000000000000, 0.0000000000000000000, -1.000000000000000000 ) ) ;
#3699 = ORIENTED_EDGE ( 'NONE', *, *, #2457, .F. ) ;
#3700 = EDGE_CURVE ( 'NONE', #102, #1934, #3996, .T. ) ;
#3701 = COLOUR_RGB ( '',0.1098039215686274500, 0.1098039215686274500, 0.1098039215686274500 ) ;
#3702 = SURFACE_SIDE_STYLE ('',( #2024 ) ) ;
#3703 = VERTEX_POINT ( 'NONE', #366 ) ;
#3704 = ADVANCED_FACE ( 'NONE', ( #2304 ), #3676, .T. ) ;
#3705 = FILL_AREA_STYLE ('',( #2059 ) ) ;
#3706 = ORIENTED_EDGE ( 'NONE', *, *, #76, .F. ) ;
#3707 = PLANE ( 'NONE',  #4369 ) ;
#3708 = PRESENTATION_LAYER_ASSIGNMENT (  '', '', ( #3927 ) ) ;
#3709 = UNCERTAINTY_MEASURE_WITH_UNIT (LENGTH_MEASURE( 1.000000000000000100E-005 ), #3456, 'distance_accuracy_value', 'NONE');
#3710 = ORIENTED_EDGE ( 'NONE', *, *, #3407, .T. ) ;
#3711 = DIRECTION ( 'NONE',  ( 0.0000000000000000000, -0.9819116199804988100, 0.1893398282117954600 ) ) ;
#3712 = FILL_AREA_STYLE_COLOUR ( '', #1424 ) ;
#3713 = LINE ( 'NONE', #294, #1092 ) ;
#3714 = ORIENTED_EDGE ( 'NONE', *, *, #2465, .F. ) ;
#3715 = SURFACE_STYLE_USAGE ( .BOTH. , #3741 ) ;
#3716 = CIRCLE ( 'NONE', #4296, 0.05000000000000002400 ) ;
#3717 = ORIENTED_EDGE ( 'NONE', *, *, #2396, .T. ) ;
#3718 = DIRECTION ( 'NONE',  ( 0.0000000000000000000, 0.1893398282117954600, 0.9819116199804989200 ) ) ;
#3719 = CARTESIAN_POINT ( 'NONE',  ( 0.9499999999999999600, -0.5518088380019501300, 0.6689339828211792200 ) ) ;
#3720 = AXIS2_PLACEMENT_3D ( 'NONE', #1157, #1150, #1147 ) ;
#3721 = CARTESIAN_POINT ( 'NONE',  ( -0.9499999999999999600, -0.5518088380019499100, -0.6689339828211797700 ) ) ;
#3722 = ORIENTED_EDGE ( 'NONE', *, *, #3669, .F. ) ;
#3723 = CARTESIAN_POINT ( 'NONE',  ( 0.0000000000000000000, 0.0000000000000000000, 0.0000000000000000000 ) ) ;
#3724 = CARTESIAN_POINT ( 'NONE',  ( 0.2500000000000000000, 0.0000000000000000000, 0.0000000000000000000 ) ) ;
#3725 = DIRECTION ( 'NONE',  ( 0.0000000000000000000, 0.1893398282117934000, -0.9819116199804993600 ) ) ;
#3726 =( GEOMETRIC_REPRESENTATION_CONTEXT ( 3 ) GLOBAL_UNCERTAINTY_ASSIGNED_CONTEXT ( ( #3207 ) ) GLOBAL_UNIT_ASSIGNED_CONTEXT ( ( #319, #308, #305 ) ) REPRESENTATION_CONTEXT ( 'NONE', 'WORKASPACE' ) );
#3727 = ADVANCED_FACE ( 'NONE', ( #1899 ), #4300, .T. ) ;
#3728 = EDGE_CURVE ( 'NONE', #1217, #1516, #935, .T. ) ;
#3729 = UNCERTAINTY_MEASURE_WITH_UNIT (LENGTH_MEASURE( 1.000000000000000100E-005 ), #3532, 'distance_accuracy_value', 'NONE');
#3730 = AXIS2_PLACEMENT_3D ( 'NONE', #22, #65, #313 ) ;
#3731 = FACE_OUTER_BOUND ( 'NONE', #2027, .T. ) ;
#3732 = ORIENTED_EDGE ( 'NONE', *, *, #2516, .T. ) ;
#3733 = DIRECTION ( 'NONE',  ( 0.0000000000000000000, 0.0000000000000000000, 1.000000000000000000 ) ) ;
#3734 = DIRECTION ( 'NONE',  ( 0.0000000000000000000, 0.9819116199804994700, 0.1893398282117929600 ) ) ;
#3735 = ORIENTED_EDGE ( 'NONE', *, *, #4089, .T. ) ;
#3736 = CARTESIAN_POINT ( 'NONE',  ( 0.09999999999999917300, -3.049999999999999800, -0.03504809471616664200 ) ) ;
#3737 = CIRCLE ( 'NONE', #3491, 0.05000000000000002400 ) ;
#3738 = VECTOR ( 'NONE', #3074, 1000.000000000000200 ) ;
#3739 = ORIENTED_EDGE ( 'NONE', *, *, #346, .T. ) ;
#3740 = EDGE_CURVE ( 'NONE', #2841, #845, #2794, .T. ) ;
#3741 = SURFACE_SIDE_STYLE ('',( #536 ) ) ;
#3742 = DIRECTION ( 'NONE',  ( 1.000000000000000000, 0.0000000000000000000, 0.0000000000000000000 ) ) ;
#3743 = SURFACE_STYLE_FILL_AREA ( #612 ) ;
#3744 = CARTESIAN_POINT ( 'NONE',  ( 0.2500000000000000000, -2.790192378864667400, 0.1749999999999994600 ) ) ;
#3745 = SURFACE_STYLE_FILL_AREA ( #4179 ) ;
#3746 =( NAMED_UNIT ( * ) SI_UNIT ( $, .STERADIAN. ) SOLID_ANGLE_UNIT ( ) );
#3747 = DIRECTION ( 'NONE',  ( 0.0000000000000000000, 0.0000000000000000000, 1.000000000000000000 ) ) ;
#3748 =( LENGTH_UNIT ( ) NAMED_UNIT ( * ) SI_UNIT ( .MILLI., .METRE. ) );
#3749 = ADVANCED_FACE ( 'NONE', ( #1784 ), #4325, .T. ) ;
#3750 = DIRECTION ( 'NONE',  ( -0.0000000000000000000, 1.000000000000000000, -0.0000000000000000000 ) ) ;
#3751 = DIRECTION ( 'NONE',  ( 1.000000000000000000, 0.0000000000000000000, 0.0000000000000000000 ) ) ;
#3752 = SURFACE_STYLE_FILL_AREA ( #3216 ) ;
#3753 = PRESENTATION_LAYER_ASSIGNMENT (  '', '', ( #3306 ) ) ;
#3754 = EDGE_CURVE ( 'NONE', #1459, #3247, #2690, .T. ) ;
#3755 = DIRECTION ( 'NONE',  ( 1.000000000000000000, 0.0000000000000000000, 0.0000000000000000000 ) ) ;
#3756 =( GEOMETRIC_REPRESENTATION_CONTEXT ( 3 ) GLOBAL_UNCERTAINTY_ASSIGNED_CONTEXT ( ( #673 ) ) GLOBAL_UNIT_ASSIGNED_CONTEXT ( ( #1318, #1310, #1306 ) ) REPRESENTATION_CONTEXT ( 'NONE', 'WORKASPACE' ) );
#3757 = VERTEX_POINT ( 'NONE', #4035 ) ;
#3758 = DIRECTION ( 'NONE',  ( 0.0000000000000000000, 1.000000000000000000, 0.0000000000000000000 ) ) ;
#3759 = SURFACE_STYLE_USAGE ( .BOTH. , #3781 ) ;
#3760 = ORIENTED_EDGE ( 'NONE', *, *, #2205, .F. ) ;
#3761 = CARTESIAN_POINT ( 'NONE',  ( 0.7789877322712597300, 0.0000000000000000000, 0.0000000000000000000 ) ) ;
#3762 = EDGE_CURVE ( 'NONE', #2994, #408, #4422, .T. ) ;
#3763 = ORIENTED_EDGE ( 'NONE', *, *, #2403, .T. ) ;
#3764 = FACE_OUTER_BOUND ( 'NONE', #129, .T. ) ;
#3765 = FILL_AREA_STYLE ('',( #3982 ) ) ;
#3766 = AXIS2_PLACEMENT_3D ( 'NONE', #2981, #3013, #2953 ) ;
#3767 = UNCERTAINTY_MEASURE_WITH_UNIT (LENGTH_MEASURE( 1.000000000000000100E-005 ), #2314, 'distance_accuracy_value', 'NONE');
#3768 = VERTEX_POINT ( 'NONE', #3970 ) ;
#3769 = CARTESIAN_POINT ( 'NONE',  ( -0.1844503219471101100, -2.791227751672055400, -0.2494022272309434900 ) ) ;
#3770 =( NAMED_UNIT ( * ) PLANE_ANGLE_UNIT ( ) SI_UNIT ( $, .RADIAN. ) );
#3771 = ORIENTED_EDGE ( 'NONE', *, *, #3125, .F. ) ;
#3772 = ADVANCED_FACE ( 'NONE', ( #2576 ), #4229, .T. ) ;
#3773 = AXIS2_PLACEMENT_3D ( 'NONE', #1313, #1334, #1262 ) ;
#3774 = DIRECTION ( 'NONE',  ( 1.000000000000000000, 0.0000000000000000000, 0.0000000000000000000 ) ) ;
#3775 = VERTEX_POINT ( 'NONE', #3809 ) ;
#3776 =( NAMED_UNIT ( * ) SI_UNIT ( $, .STERADIAN. ) SOLID_ANGLE_UNIT ( ) );
#3777 = DIRECTION ( 'NONE',  ( 1.000000000000000000, -0.0000000000000000000, 0.0000000000000000000 ) ) ;
#3778 = CARTESIAN_POINT ( 'NONE',  ( -0.1750000000000000200, 0.7500000000000001100, 0.1750000000000000400 ) ) ;
#3779 = FACE_OUTER_BOUND ( 'NONE', #2810, .T. ) ;
#3780 = ORIENTED_EDGE ( 'NONE', *, *, #1037, .F. ) ;
#3781 = SURFACE_SIDE_STYLE ('',( #2883 ) ) ;
#3782 = DIRECTION ( 'NONE',  ( -0.0000000000000000000, -1.000000000000000000, 1.084202172485504400E-016 ) ) ;
#3783 = CONTEXT_DEPENDENT_SHAPE_REPRESENTATION ( #3249, #2441 ) ;
#3784 = PRODUCT_DEFINITION_SHAPE ( 'NONE', 'NONE',  #4007 ) ;
#3785 = STYLED_ITEM ( 'NONE', ( #4431 ), #2760 ) ;
#3786 =( NAMED_UNIT ( * ) PLANE_ANGLE_UNIT ( ) SI_UNIT ( $, .RADIAN. ) );
#3787 = FACE_OUTER_BOUND ( 'NONE', #2716, .T. ) ;
#3788 = ORIENTED_EDGE ( 'NONE', *, *, #1563, .T. ) ;
#3789 = CARTESIAN_POINT ( 'NONE',  ( -0.9146446609406718700, -0.6499999999999999100, -0.7853553390593278600 ) ) ;
#3790 = FILL_AREA_STYLE ('',( #3817 ) ) ;
#3791 = AXIS2_PLACEMENT_3D ( 'NONE', #3682, #3527, #3627 ) ;
#3792 = EDGE_CURVE ( 'NONE', #3453, #2673, #690, .T. ) ;
#3793 = LINE ( 'NONE', #280, #2005 ) ;
#3794 = ORIENTED_EDGE ( 'NONE', *, *, #4282, .F. ) ;
#3795 = DIRECTION ( 'NONE',  ( 0.0000000000000000000, 0.0000000000000000000, 1.000000000000000000 ) ) ;
#3796 = DIRECTION ( 'NONE',  ( 0.0000000000000000000, 0.0000000000000000000, 1.000000000000000000 ) ) ;
#3797 = VECTOR ( 'NONE', #2363, 1000.000000000000000 ) ;
#3798 = CARTESIAN_POINT ( 'NONE',  ( -0.9250000000000000400, 0.6750000000000000400, -0.6689339828220179900 ) ) ;
#3799 = CYLINDRICAL_SURFACE ( 'NONE', #2646, 0.07499999999999999700 ) ;
#3800 = CARTESIAN_POINT ( 'NONE',  ( 0.9499999999999999600, -0.6499999999999999100, -0.6500000000000002400 ) ) ;
#3801 = COLOUR_RGB ( '',0.1098039215686274500, 0.1098039215686274500, 0.1098039215686274500 ) ;
#3802 = FILL_AREA_STYLE ('',( #3671 ) ) ;
#3803 = SURFACE_SIDE_STYLE ('',( #3470 ) ) ;
#3804 =( NAMED_UNIT ( * ) SI_UNIT ( $, .STERADIAN. ) SOLID_ANGLE_UNIT ( ) );
#3805 = CARTESIAN_POINT ( 'NONE',  ( -3.221012267728740500, 0.0000000000000000000, 0.0000000000000000000 ) ) ;
#3806 = SURFACE_STYLE_USAGE ( .BOTH. , #3803 ) ;
#3807 = DIRECTION ( 'NONE',  ( 1.000000000000000000, 0.0000000000000000000, -0.0000000000000000000 ) ) ;
#3808 = EDGE_LOOP ( 'NONE', ( #2188, #3646, #2052, #559 ) ) ;
#3809 = CARTESIAN_POINT ( 'NONE',  ( -0.8792893218813441200, -0.7500000000000000000, 0.7499999999999998900 ) ) ;
#3810 = LINE ( 'NONE', #3744, #1078 ) ;
#3811 = ORIENTED_EDGE ( 'NONE', *, *, #2342, .F. ) ;
#3812 = DIRECTION ( 'NONE',  ( 0.0000000000000000000, -1.000000000000000000, -1.106328747434188200E-016 ) ) ;
#3813 = PRESENTATION_LAYER_ASSIGNMENT (  '', '', ( #3571 ) ) ;
#3814 = EDGE_CURVE ( 'NONE', #526, #2795, #3457, .T. ) ;
#3815 = VECTOR ( 'NONE', #4410, 1000.000000000000000 ) ;
#3816 = EDGE_LOOP ( 'NONE', ( #3357, #261, #1500, #421 ) ) ;
#3817 = FILL_AREA_STYLE_COLOUR ( '', #2321 ) ;
#3818 =( NAMED_UNIT ( * ) PLANE_ANGLE_UNIT ( ) SI_UNIT ( $, .RADIAN. ) );
#3819 = CARTESIAN_POINT ( 'NONE',  ( 1.000000000000000000, -0.7500000000000000000, 0.7499999999999998900 ) ) ;
#3820 = ORIENTED_EDGE ( 'NONE', *, *, #3754, .F. ) ;
#3821 = EDGE_CURVE ( 'NONE', #1762, #4312, #3356, .T. ) ;
#3822 = UNCERTAINTY_MEASURE_WITH_UNIT (LENGTH_MEASURE( 1.000000000000000100E-005 ), #217, 'distance_accuracy_value', 'NONE');
#3823 = ORIENTED_EDGE ( 'NONE', *, *, #2727, .T. ) ;
#3824 = CARTESIAN_POINT ( 'NONE',  ( -0.6999999999999998400, -0.7000000000000001800, 1.000000000000000000 ) ) ;
#3825 = STYLED_ITEM ( 'NONE', ( #4386 ), #1228 ) ;
#3826 = ORIENTED_EDGE ( 'NONE', *, *, #4031, .T. ) ;
#3827 =( NAMED_UNIT ( * ) SI_UNIT ( $, .STERADIAN. ) SOLID_ANGLE_UNIT ( ) );
#3828 = DIRECTION ( 'NONE',  ( -1.000000000000000000, 0.0000000000000000000, -0.0000000000000000000 ) ) ;
#3829 = DIRECTION ( 'NONE',  ( 0.0000000000000000000, 0.0000000000000000000, -1.000000000000000000 ) ) ;
#3830 = SURFACE_STYLE_FILL_AREA ( #466 ) ;
#3831 = EDGE_LOOP ( 'NONE', ( #2847, #3252, #68, #3116 ) ) ;
#3832 = AXIS2_PLACEMENT_3D ( 'NONE', #4013, #4040, #3959 ) ;
#3833 = DIRECTION ( 'NONE',  ( 0.0000000000000000000, 1.000000000000000000, 0.0000000000000000000 ) ) ;
#3834 = CARTESIAN_POINT ( 'NONE',  ( 1.000000000000000000, 0.0000000000000000000, 0.9999999999999997800 ) ) ;
#3835 = SURFACE_STYLE_FILL_AREA ( #1791 ) ;
#3836 = ORIENTED_EDGE ( 'NONE', *, *, #474, .T. ) ;
#3837 = FILL_AREA_STYLE_COLOUR ( '', #4469 ) ;
#3838 = DIRECTION ( 'NONE',  ( 1.000000000000000000, -0.0000000000000000000, 0.0000000000000000000 ) ) ;
#3839 = EDGE_CURVE ( 'NONE', #3237, #3341, #2471, .T. ) ;
#3840 = CARTESIAN_POINT ( 'NONE',  ( 0.9499999999999999600, -0.6500000000000001300, 0.6499999999999999100 ) ) ;
#3841 = ORIENTED_EDGE ( 'NONE', *, *, #3549, .T. ) ;
#3842 = FACE_OUTER_BOUND ( 'NONE', #1048, .T. ) ;
#3843 = VECTOR ( 'NONE', #750, 1000.000000000000000 ) ;
#3844 =( NAMED_UNIT ( * ) SI_UNIT ( $, .STERADIAN. ) SOLID_ANGLE_UNIT ( ) );
#3845 = CARTESIAN_POINT ( 'NONE',  ( 0.9385382226969522000, -0.5724816491095583400, 0.7614617773030473200 ) ) ;
#3846 = PRESENTATION_STYLE_ASSIGNMENT (( #2685 ) ) ;
#3847 = EDGE_CURVE ( 'NONE', #3256, #3768, #1578, .T. ) ;
#3848 = UNCERTAINTY_MEASURE_WITH_UNIT (LENGTH_MEASURE( 1.000000000000000100E-005 ), #2500, 'distance_accuracy_value', 'NONE');
#3849 =( NAMED_UNIT ( * ) PLANE_ANGLE_UNIT ( ) SI_UNIT ( $, .RADIAN. ) );
#3850 = FACE_OUTER_BOUND ( 'NONE', #296, .T. ) ;
#3851 = CARTESIAN_POINT ( 'NONE',  ( 0.9146446609406718700, -0.6075584558843721800, 0.7853553390593274200 ) ) ;
#3852 = FACE_OUTER_BOUND ( 'NONE', #2758, .T. ) ;
#3853 = CARTESIAN_POINT ( 'NONE',  ( -0.9250000000000000400, 0.6750000000000000400, -0.6689339828220179900 ) ) ;
#3854 = PRESENTATION_LAYER_ASSIGNMENT (  '', '', ( #3395 ) ) ;
#3855 = DIRECTION ( 'NONE',  ( -0.0000000000000000000, -1.000000000000000000, -0.0000000000000000000 ) ) ;
#3856 = CARTESIAN_POINT ( 'NONE',  ( 0.9146446609406718700, -0.6500000000000001300, 0.7853553390593274200 ) ) ;
#3857 =( LENGTH_UNIT ( ) NAMED_UNIT ( * ) SI_UNIT ( .MILLI., .METRE. ) );
#3858 = CIRCLE ( 'NONE', #1207, 0.05000000000000002400 ) ;
#3859 = ORIENTED_EDGE ( 'NONE', *, *, #456, .T. ) ;
#3860 = CARTESIAN_POINT ( 'NONE',  ( -0.8792893218813441200, -0.6999999999999999600, 0.7499999999999998900 ) ) ;
#3861 = SURFACE_STYLE_USAGE ( .BOTH. , #3871 ) ;
#3862 = AXIS2_PLACEMENT_3D ( 'NONE', #2648, #2640, #2657 ) ;
#3863 = EDGE_LOOP ( 'NONE', ( #3448, #3971, #1754, #2047, #1561, #2926, #3214, #1722 ) ) ;
#3864 = CARTESIAN_POINT ( 'NONE',  ( -0.07483595050107542900, 4.250000000000000000, -0.09999999999999924200 ) ) ;
#3865 = CARTESIAN_POINT ( 'NONE',  ( 0.9780330085889910000, -0.5569430985252592500, 0.7219669914110087300 ) ) ;
#3866 = EDGE_LOOP ( 'NONE', ( #3330, #2739, #2235 ) ) ;
#3867 = EDGE_CURVE ( 'NONE', #969, #4230, #815, .T. ) ;
#3868 = MECHANICAL_DESIGN_GEOMETRIC_PRESENTATION_REPRESENTATION (  '', ( #3202 ), #4090 ) ;
#3869 = CARTESIAN_POINT ( 'NONE',  ( -0.03504809471616647500, 4.250000000000000000, -0.09999999999999917300 ) ) ;
#3870 = LINE ( 'NONE', #47, #2076 ) ;
#3871 = SURFACE_SIDE_STYLE ('',( #11 ) ) ;
#3872 = ORIENTED_EDGE ( 'NONE', *, *, #483, .F. ) ;
#3873 = DIRECTION ( 'NONE',  ( 0.0000000000000000000, -1.000000000000000000, -2.478176394252581600E-016 ) ) ;
#3874 = PRESENTATION_LAYER_ASSIGNMENT (  '', '', ( #3644 ) ) ;
#3875 = UNCERTAINTY_MEASURE_WITH_UNIT (LENGTH_MEASURE( 1.000000000000000100E-005 ), #2454, 'distance_accuracy_value', 'NONE');
#3876 = ORIENTED_EDGE ( 'NONE', *, *, #3358, .T. ) ;
#3877 = FILL_AREA_STYLE ('',( #3897 ) ) ;
#3878 = ORIENTED_EDGE ( 'NONE', *, *, #3144, .T. ) ;
#3879 = DIRECTION ( 'NONE',  ( -0.7071067811865497900, 0.0000000000000000000, 0.7071067811865453500 ) ) ;
#3880 = AXIS2_PLACEMENT_3D ( 'NONE', #3281, #916, #41 ) ;
#3881 = ORIENTED_EDGE ( 'NONE', *, *, #4196, .F. ) ;
#3882 = FACE_OUTER_BOUND ( 'NONE', #2072, .T. ) ;
#3883 = FILL_AREA_STYLE_COLOUR ( '', #1354 ) ;
#3884 = DIRECTION ( 'NONE',  ( -0.7071067811865453500, -0.0000000000000000000, -0.7071067811865497900 ) ) ;
#3885 = CIRCLE ( 'NONE', #1371, 0.04999999999999998900 ) ;
#3886 = ORIENTED_EDGE ( 'NONE', *, *, #1904, .F. ) ;
#3887 = CIRCLE ( 'NONE', #334, 0.07499999999999998300 ) ;
#3888 = DIRECTION ( 'NONE',  ( 0.7071067811865454600, -5.110978055611262900E-016, 0.7071067811865495700 ) ) ;
#3889 = CARTESIAN_POINT ( 'NONE',  ( -0.8792893218813441200, -0.6999999999999999600, 0.7499999999999998900 ) ) ;
#3890 = LINE ( 'NONE', #342, #162 ) ;
#3891 = ORIENTED_EDGE ( 'NONE', *, *, #2021, .T. ) ;
#3892 = FACE_OUTER_BOUND ( 'NONE', #2612, .T. ) ;
#3893 = FILL_AREA_STYLE ('',( #3883 ) ) ;
#3894 =( GEOMETRIC_REPRESENTATION_CONTEXT ( 3 ) GLOBAL_UNCERTAINTY_ASSIGNED_CONTEXT ( ( #613 ) ) GLOBAL_UNIT_ASSIGNED_CONTEXT ( ( #1775, #1766, #1755 ) ) REPRESENTATION_CONTEXT ( 'NONE', 'WORKASPACE' ) );
#3895 = EDGE_CURVE ( 'NONE', #850, #566, #3380, .T. ) ;
#3896 =( GEOMETRIC_REPRESENTATION_CONTEXT ( 3 ) GLOBAL_UNCERTAINTY_ASSIGNED_CONTEXT ( ( #2020 ) ) GLOBAL_UNIT_ASSIGNED_CONTEXT ( ( #689, #688, #682 ) ) REPRESENTATION_CONTEXT ( 'NONE', 'WORKASPACE' ) );
#3897 = FILL_AREA_STYLE_COLOUR ( '', #902 ) ;
#3898 = VECTOR ( 'NONE', #985, 1000.000000000000000 ) ;
#3899 = CARTESIAN_POINT ( 'NONE',  ( -0.6689339828220179900, -0.7500000000000001100, 0.9499999999999997300 ) ) ;
#3900 = CIRCLE ( 'NONE', #1738, 0.05000000000000002400 ) ;
#3901 = DIRECTION ( 'NONE',  ( -0.7071067811865497900, 0.0000000000000000000, 0.7071067811865453500 ) ) ;
#3902 =( BOUNDED_CURVE ( )  B_SPLINE_CURVE ( 3, ( #1605, #1616, #1580, #1573 ),
 .UNSPECIFIED., .F., .T. ) 
 B_SPLINE_CURVE_WITH_KNOTS ( ( 4, 4 ),
 ( 2.482534617831120300, 3.800650689348465900 ),
 .UNSPECIFIED. ) 
 CURVE ( )  GEOMETRIC_REPRESENTATION_ITEM ( )  RATIONAL_B_SPLINE_CURVE ( ( 1.000000000000000000, 0.8603796100557163900, 0.8603796100557163900, 1.000000000000000000 ) ) 
 REPRESENTATION_ITEM ( '' )  );
#3903 = EDGE_CURVE ( 'NONE', #2140, #2631, #3269, .T. ) ;
#3904 = FACE_OUTER_BOUND ( 'NONE', #4345, .T. ) ;
#3905 = STYLED_ITEM ( 'NONE', ( #167 ), #1006 ) ;
#3906 = ADVANCED_FACE ( 'NONE', ( #3164 ), #1951, .T. ) ;
#3907 = COLOUR_RGB ( '',0.1098039215686274500, 0.1098039215686274500, 0.1098039215686274500 ) ;
#3908 = SURFACE_SIDE_STYLE ('',( #331 ) ) ;
#3909 = VERTEX_POINT ( 'NONE', #3305 ) ;
#3910 = DIRECTION ( 'NONE',  ( -0.6812359763535859000, -0.2680206877148619300, -0.6812359763535900100 ) ) ;
#3911 = AXIS2_PLACEMENT_3D ( 'NONE', #1838, #4253, #4241 ) ;
#3912 = SURFACE_STYLE_USAGE ( .BOTH. , #3908 ) ;
#3913 = ORIENTED_EDGE ( 'NONE', *, *, #1591, .T. ) ;
#3914 = FILL_AREA_STYLE ('',( #516 ) ) ;
#3915 =( LENGTH_UNIT ( ) NAMED_UNIT ( * ) SI_UNIT ( .MILLI., .METRE. ) );
#3916 = ORIENTED_EDGE ( 'NONE', *, *, #290, .F. ) ;
#3917 = LINE ( 'NONE', #3107, #3044 ) ;
#3918 = AXIS2_PLACEMENT_3D ( 'NONE', #1922, #1918, #1916 ) ;
#3919 = ORIENTED_EDGE ( 'NONE', *, *, #4334, .F. ) ;
#3920 = CARTESIAN_POINT ( 'NONE',  ( -0.2494022272309433000, 3.991227751672056000, -0.1844503219471106100 ) ) ;
#3921 = ORIENTED_EDGE ( 'NONE', *, *, #3638, .F. ) ;
#3922 = EDGE_CURVE ( 'NONE', #4037, #3050, #1822, .T. ) ;
#3923 = CARTESIAN_POINT ( 'NONE',  ( -0.2449180696087139800, 3.998994540498080700, -0.2197540201127995700 ) ) ;
#3924 =( NAMED_UNIT ( * ) SI_UNIT ( $, .STERADIAN. ) SOLID_ANGLE_UNIT ( ) );
#3925 = ADVANCED_FACE ( 'NONE', ( #996 ), #3198, .F. ) ;
#3926 = ORIENTED_EDGE ( 'NONE', *, *, #442, .T. ) ;
#3927 = STYLED_ITEM ( 'NONE', ( #524 ), #510 ) ;
#3928 = ORIENTED_EDGE ( 'NONE', *, *, #2615, .F. ) ;
#3929 = ORIENTED_EDGE ( 'NONE', *, *, #839, .F. ) ;
#3930 = VERTEX_POINT ( 'NONE', #3139 ) ;
#3931 = STYLED_ITEM ( 'NONE', ( #974 ), #1723 ) ;
#3932 = CARTESIAN_POINT ( 'NONE',  ( -0.1844503219471105600, 3.991227751672056000, -0.2494022272309433000 ) ) ;
#3933 = ORIENTED_EDGE ( 'NONE', *, *, #3358, .F. ) ;
#3934 = DIRECTION ( 'NONE',  ( 1.000000000000000000, 0.0000000000000000000, 0.0000000000000000000 ) ) ;
#3935 = AXIS2_PLACEMENT_3D ( 'NONE', #2983, #2971, #2966 ) ;
#3936 = COLOUR_RGB ( '',0.1098039215686274500, 0.1098039215686274500, 0.1098039215686274500 ) ;
#3937 = CARTESIAN_POINT ( 'NONE',  ( -0.9499999999999998400, -0.6009044190009748000, -0.6594669914105899500 ) ) ;
#3938 = DIRECTION ( 'NONE',  ( 1.000000000000000000, -0.0000000000000000000, 0.0000000000000000000 ) ) ;
#3939 = COLOUR_RGB ( '',0.1098039215686274500, 0.1098039215686274500, 0.1098039215686274500 ) ;
#3940 = ADVANCED_FACE ( 'NONE', ( #3882 ), #2742, .T. ) ;
#3941 = DIRECTION ( 'NONE',  ( -0.4472135954999594800, -0.7745966692414815200, 0.4472135954999595900 ) ) ;
#3942 = AXIS2_PLACEMENT_3D ( 'NONE', #165, #155, #1517 ) ;
#3943 = EDGE_CURVE ( 'NONE', #102, #3775, #1118, .T. ) ;
#3944 = DIRECTION ( 'NONE',  ( 0.0000000000000000000, 0.0000000000000000000, -1.000000000000000000 ) ) ;
#3945 = PRESENTATION_LAYER_ASSIGNMENT (  '', '', ( #3285 ) ) ;
#3946 = LINE ( 'NONE', #486, #2167 ) ;
#3947 =( BOUNDED_CURVE ( )  B_SPLINE_CURVE ( 3, ( #1113, #2684, #154, #2177 ),
 .UNSPECIFIED., .F., .F. ) 
 B_SPLINE_CURVE_WITH_KNOTS ( ( 4, 4 ),
 ( 3.141592653589793100, 3.267932781228570300 ),
 .UNSPECIFIED. ) 
 CURVE ( )  GEOMETRIC_REPRESENTATION_ITEM ( )  RATIONAL_B_SPLINE_CURVE ( ( 1.000000000000000000, 0.9986702899464854300, 0.9986702899464854300, 1.000000000000000000 ) ) 
 REPRESENTATION_ITEM ( '' )  );
#3948 = PRESENTATION_STYLE_ASSIGNMENT (( #3912 ) ) ;
#3949 = CARTESIAN_POINT ( 'NONE',  ( -0.1750000000000000200, 3.990192378864668900, -0.2500000000000000000 ) ) ;
#3950 = PLANE ( 'NONE',  #1233 ) ;
#3951 = EDGE_CURVE ( 'NONE', #4133, #3237, #3619, .T. ) ;
#3952 = FACE_OUTER_BOUND ( 'NONE', #846, .T. ) ;
#3953 = FACE_OUTER_BOUND ( 'NONE', #369, .T. ) ;
#3954 = DIRECTION ( 'NONE',  ( 0.0000000000000000000, 0.0000000000000000000, 1.000000000000000000 ) ) ;
#3955 = CARTESIAN_POINT ( 'NONE',  ( 0.9426776695325302900, -0.5569430985241306000, -0.6866116523488134900 ) ) ;
#3956 = ORIENTED_EDGE ( 'NONE', *, *, #2959, .F. ) ;
#3957 = FILL_AREA_STYLE_COLOUR ( '', #4372 ) ;
#3958 = FACE_OUTER_BOUND ( 'NONE', #3553, .T. ) ;
#3959 = DIRECTION ( 'NONE',  ( 0.0000000000000000000, 0.0000000000000000000, -1.000000000000000000 ) ) ;
#3960 = EDGE_LOOP ( 'NONE', ( #563, #1455, #2769, #532 ) ) ;
#3961 = AXIS2_PLACEMENT_3D ( 'NONE', #1637, #3661, #3657 ) ;
#3962 = FACE_OUTER_BOUND ( 'NONE', #920, .T. ) ;
#3963 =( NAMED_UNIT ( * ) SI_UNIT ( $, .STERADIAN. ) SOLID_ANGLE_UNIT ( ) );
#3964 = DIRECTION ( 'NONE',  ( 0.0000000000000000000, -1.000000000000000000, 0.0000000000000000000 ) ) ;
#3966 = ADVANCED_FACE ( 'NONE', ( #2852 ), #3038, .T. ) ;
#3965 = EDGE_LOOP ( 'NONE', ( #3714, #2492, #3555, #1264 ) ) ;
#3967 =( NAMED_UNIT ( * ) PLANE_ANGLE_UNIT ( ) SI_UNIT ( $, .RADIAN. ) );
#3968 = CIRCLE ( 'NONE', #1111, 0.05000000000000006500 ) ;
#3969 = DIRECTION ( 'NONE',  ( 0.0000000000000000000, 1.000000000000000000, 2.478176394252581600E-016 ) ) ;
#3970 = CARTESIAN_POINT ( 'NONE',  ( 1.000000000000000000, -0.5518088380021112200, -0.6689339828220164400 ) ) ;
#3971 = ORIENTED_EDGE ( 'NONE', *, *, #2718, .T. ) ;
#3972 = DIRECTION ( 'NONE',  ( 0.0000000000000000000, 0.0000000000000000000, -1.000000000000000000 ) ) ;
#3973 = MECHANICAL_DESIGN_GEOMETRIC_PRESENTATION_REPRESENTATION (  '', ( #3306 ), #4184 ) ;
#3974 = EDGE_CURVE ( 'NONE', #1925, #3488, #4095, .T. ) ;
#3975 = AXIS2_PLACEMENT_3D ( 'NONE', #1214, #1209, #1203 ) ;
#3976 = FACE_OUTER_BOUND ( 'NONE', #3142, .T. ) ;
#3977 = UNCERTAINTY_MEASURE_WITH_UNIT (LENGTH_MEASURE( 1.000000000000000100E-005 ), #437, 'distance_accuracy_value', 'NONE');
#3978 = VERTEX_POINT ( 'NONE', #3120 ) ;
#3979 = EDGE_CURVE ( 'NONE', #429, #3061, #103, .T. ) ;
#3980 = ORIENTED_EDGE ( 'NONE', *, *, #2727, .F. ) ;
#3981 = DIRECTION ( 'NONE',  ( 1.000000000000000000, 0.0000000000000000000, 0.0000000000000000000 ) ) ;
#3982 = FILL_AREA_STYLE_COLOUR ( '', #2990 ) ;
#3983 = SURFACE_SIDE_STYLE ('',( #1850 ) ) ;
#3984 = SURFACE_STYLE_USAGE ( .BOTH. , #3994 ) ;
#3985 = ORIENTED_EDGE ( 'NONE', *, *, #3922, .T. ) ;
#3986 = DIRECTION ( 'NONE',  ( 0.0000000000000000000, 1.084202172485504000E-014, -1.000000000000000000 ) ) ;
#3987 = DIRECTION ( 'NONE',  ( -0.0000000000000000000, 1.000000000000000000, 1.548860246407863800E-016 ) ) ;
#3988 = MECHANICAL_DESIGN_GEOMETRIC_PRESENTATION_REPRESENTATION (  '', ( #3531 ), #4200 ) ;
#3989 =( LENGTH_UNIT ( ) NAMED_UNIT ( * ) SI_UNIT ( .MILLI., .METRE. ) );
#3990 = SURFACE_STYLE_FILL_AREA ( #2535 ) ;
#3991 = VERTEX_POINT ( 'NONE', #2720 ) ;
#3992 = FACE_OUTER_BOUND ( 'NONE', #1260, .T. ) ;
#3993 =( NAMED_UNIT ( * ) SI_UNIT ( $, .STERADIAN. ) SOLID_ANGLE_UNIT ( ) );
#3994 = SURFACE_SIDE_STYLE ('',( #348 ) ) ;
#3995 = STYLED_ITEM ( 'NONE', ( #3094 ), #2030 ) ;
#3996 = CIRCLE ( 'NONE', #12, 0.05000000000000006500 ) ;
#3997 = CARTESIAN_POINT ( 'NONE',  ( 0.2500000000000000000, 2.710505431213760500E-017, -0.1749999999999999100 ) ) ;
#3998 = VECTOR ( 'NONE', #1076, 1000.000000000000000 ) ;
#3999 =( LENGTH_UNIT ( ) NAMED_UNIT ( * ) SI_UNIT ( .MILLI., .METRE. ) );
#4000 = LINE ( 'NONE', #3329, #3123 ) ;
#4001 = AXIS2_PLACEMENT_3D ( 'NONE', #2447, #2293, #1077 ) ;
#4002 = SURFACE_STYLE_FILL_AREA ( #1763 ) ;
#4003 = FILL_AREA_STYLE ('',( #4016 ) ) ;
#4004 = CARTESIAN_POINT ( 'NONE',  ( -0.09299038105676603300, -3.062141016151376700, 0.02803847577293245400 ) ) ;
#4005 =( BOUNDED_SURFACE ( )  B_SPLINE_SURFACE ( 3, 2, ( 
 ( #1815, #1602, #1599 ),
 ( #1581, #1577, #1569 ),
 ( #1558, #1555, #1547 ),
 ( #1544, #1067, #1539 ) ),
 .UNSPECIFIED., .F., .F., .F. ) 
 B_SPLINE_SURFACE_WITH_KNOTS ( ( 4, 4 ),
 ( 3, 3 ),
 ( 8.159007782568022300E-005, 0.0001017853762841895600 ),
 ( 0.0000000000000000000, 1.000000000000000000 ),
 .UNSPECIFIED. ) 
 GEOMETRIC_REPRESENTATION_ITEM ( )  RATIONAL_B_SPLINE_SURFACE ( (
 ( 1.000000000000000000, 0.6087349684300544800, 1.000000000000000000),
 ( 1.000000000000000000, 0.6504267891776562800, 1.000000000000000000),
 ( 1.000000000000000000, 0.6897848316320599500, 1.000000000000000000),
 ( 1.000000000000000000, 0.7071067811887922200, 1.000000000000000000) ) ) 
 REPRESENTATION_ITEM ( '' )  SURFACE ( )  );
#4006 = DIRECTION ( 'NONE',  ( -1.000000000000000000, -0.0000000000000000000, -0.0000000000000000000 ) ) ;
#4007 = PRODUCT_DEFINITION ( 'UNKNOWN', '', #670, #2661 ) ;
#4008 = EDGE_CURVE ( 'NONE', #28, #3157, #1405, .T. ) ;
#4009 = ADVANCED_FACE ( 'NONE', ( #3213 ), #2831, .T. ) ;
#4010 = VECTOR ( 'NONE', #2987, 1000.000000000000000 ) ;
#4011 = ADVANCED_FACE ( 'NONE', ( #381 ), #1057, .T. ) ;
#4012 = ORIENTED_EDGE ( 'NONE', *, *, #3008, .F. ) ;
#4013 = CARTESIAN_POINT ( 'NONE',  ( 1.000000000000000000, -0.6999999999999998400, -0.9500000000000001800 ) ) ;
#4014 = AXIS2_PLACEMENT_3D ( 'NONE', #3778, #3782, #3796 ) ;
#4015 = ORIENTED_EDGE ( 'NONE', *, *, #2035, .F. ) ;
#4016 = FILL_AREA_STYLE_COLOUR ( '', #2276 ) ;
#4017 = STYLED_ITEM ( 'NONE', ( #494 ), #1617 ) ;
#4018 = MECHANICAL_DESIGN_GEOMETRIC_PRESENTATION_REPRESENTATION (  '', ( #4389 ), #1445 ) ;
#4019 = ORIENTED_EDGE ( 'NONE', *, *, #3431, .F. ) ;
#4020 = CARTESIAN_POINT ( 'NONE',  ( -7.221012267728740500, 0.0000000000000000000, 0.0000000000000000000 ) ) ;
#4021 = ORIENTED_EDGE ( 'NONE', *, *, #547, .F. ) ;
#4022 = DIRECTION ( 'NONE',  ( 1.000000000000000000, 0.0000000000000000000, 0.0000000000000000000 ) ) ;
#4023 = PRESENTATION_STYLE_ASSIGNMENT (( #352 ) ) ;
#4024 = VERTEX_POINT ( 'NONE', #2443 ) ;
#4025 = UNCERTAINTY_MEASURE_WITH_UNIT (LENGTH_MEASURE( 1.000000000000000100E-005 ), #497, 'distance_accuracy_value', 'NONE');
#4026 = CARTESIAN_POINT ( 'NONE',  ( -0.9146446609406716500, -0.6500000000000001300, 0.7853553390593270800 ) ) ;
#4027 = SURFACE_SIDE_STYLE ('',( #3222 ) ) ;
#4028 = MECHANICAL_DESIGN_GEOMETRIC_PRESENTATION_REPRESENTATION (  '', ( #3571 ), #4233 ) ;
#4029 = ORIENTED_EDGE ( 'NONE', *, *, #4310, .F. ) ;
#4030 = ADVANCED_FACE ( 'NONE', ( #2789 ), #565, .T. ) ;
#4031 = EDGE_CURVE ( 'NONE', #3307, #292, #4225, .T. ) ;
#4032 = SURFACE_STYLE_USAGE ( .BOTH. , #4027 ) ;
#4033 = ORIENTED_EDGE ( 'NONE', *, *, #3903, .T. ) ;
#4034 = EDGE_CURVE ( 'NONE', #1734, #1938, #2273, .T. ) ;
#4035 = CARTESIAN_POINT ( 'NONE',  ( 0.03504809471616631600, 4.250000000000000000, 0.09999999999999999200 ) ) ;
#4036 = ORIENTED_EDGE ( 'NONE', *, *, #1840, .T. ) ;
#4037 = VERTEX_POINT ( 'NONE', #2246 ) ;
#4038 = CARTESIAN_POINT ( 'NONE',  ( -0.9146446609406716500, -0.6075584558831344000, 0.7853553390593272000 ) ) ;
#4039 =( LENGTH_UNIT ( ) NAMED_UNIT ( * ) SI_UNIT ( .MILLI., .METRE. ) );
#4040 = DIRECTION ( 'NONE',  ( 1.000000000000000000, 0.0000000000000000000, 0.0000000000000000000 ) ) ;
#4041 = COLOUR_RGB ( '',0.1098039215686274500, 0.1098039215686274500, 0.1098039215686274500 ) ;
#4042 = COLOUR_RGB ( '',0.1098039215686274500, 0.1098039215686274500, 0.1098039215686274500 ) ;
#4043 = ORIENTED_EDGE ( 'NONE', *, *, #3019, .T. ) ;
#4044 = CARTESIAN_POINT ( 'NONE',  ( -0.3146446609406778300, -0.7000000000000004000, 1.314644660940669700 ) ) ;
#4045 = PRESENTATION_LAYER_ASSIGNMENT (  '', '', ( #3825 ) ) ;
#4046 = CARTESIAN_POINT ( 'NONE',  ( 0.07483595050107516600, -3.049999999999999800, 0.09999999999999846500 ) ) ;
#4047 = PRESENTATION_LAYER_ASSIGNMENT (  '', '', ( #4389 ) ) ;
#4048 = FACE_OUTER_BOUND ( 'NONE', #1109, .T. ) ;
#4049 = PRESENTATION_STYLE_ASSIGNMENT (( #2445 ) ) ;
#4050 = ADVANCED_FACE ( 'NONE', ( #4137 ), #1108, .T. ) ;
#4051 =( NAMED_UNIT ( * ) PLANE_ANGLE_UNIT ( ) SI_UNIT ( $, .RADIAN. ) );
#4052 = CARTESIAN_POINT ( 'NONE',  ( -0.9780330085918578200, -0.5569430985241308200, 0.7219669914081404700 ) ) ;
#4053 = LINE ( 'NONE', #2203, #1352 ) ;
#4054 = EDGE_CURVE ( 'NONE', #324, #1090, #209, .T. ) ;
#4055 = DIRECTION ( 'NONE',  ( 0.0000000000000000000, 0.0000000000000000000, 1.000000000000000000 ) ) ;
#4056 = SURFACE_STYLE_FILL_AREA ( #2504 ) ;
#4057 =( NAMED_UNIT ( * ) SI_UNIT ( $, .STERADIAN. ) SOLID_ANGLE_UNIT ( ) );
#4058 = CYLINDRICAL_SURFACE ( 'NONE', #2290, 0.07500000000000001100 ) ;
#4059 = DIRECTION ( 'NONE',  ( 1.000000000000000000, 0.0000000000000000000, 0.0000000000000000000 ) ) ;
#4060 = EDGE_CURVE ( 'NONE', #875, #1921, #2046, .T. ) ;
#4061 = EDGE_LOOP ( 'NONE', ( #1634, #3604, #2822, #3458, #1393, #4256 ) ) ;
#4062 = CARTESIAN_POINT ( 'NONE',  ( -0.1844503219471100900, -2.791227751672055400, 0.2494022272309424600 ) ) ;
#4063 = CARTESIAN_POINT ( 'NONE',  ( -11.22101226772874000, 0.0000000000000000000, 0.0000000000000000000 ) ) ;
#4064 = ORIENTED_EDGE ( 'NONE', *, *, #2173, .F. ) ;
#4065 = PRESENTATION_LAYER_ASSIGNMENT (  '', '', ( #3180 ) ) ;
#4066 = SPHERICAL_SURFACE ( 'NONE', #3535, 0.05000000000000000300 ) ;
#4067 = DIRECTION ( 'NONE',  ( 0.0000000000000000000, 2.478176394252581600E-016, -1.000000000000000000 ) ) ;
#4068 = ORIENTED_EDGE ( 'NONE', *, *, #3821, .T. ) ;
#4069 = DIRECTION ( 'NONE',  ( 0.0000000000000000000, -1.000000000000000000, 0.0000000000000000000 ) ) ;
#4070 = ADVANCED_FACE ( 'NONE', ( #3731 ), #1628, .T. ) ;
#4071 = CARTESIAN_POINT ( 'NONE',  ( 0.9146446609406715400, -0.6999999999999997300, -0.7853553390593276400 ) ) ;
#4072 = MECHANICAL_DESIGN_GEOMETRIC_PRESENTATION_REPRESENTATION (  '', ( #3395 ), #4271 ) ;
#4073 = LINE ( 'NONE', #191, #2285 ) ;
#4074 = VERTEX_POINT ( 'NONE', #1689 ) ;
#4075 = FACE_OUTER_BOUND ( 'NONE', #725, .T. ) ;
#4076 = ORIENTED_EDGE ( 'NONE', *, *, #4109, .T. ) ;
#4077 = DIRECTION ( 'NONE',  ( 0.0000000000000000000, 1.106328747434188300E-016, -1.000000000000000000 ) ) ;
#4078 = CARTESIAN_POINT ( 'NONE',  ( 0.6646446609406708700, -0.7500000000000001100, 0.9646446609406724700 ) ) ;
#4079 = AXIS2_PLACEMENT_3D ( 'NONE', #2538, #2537, #2532 ) ;
#4080 = CARTESIAN_POINT ( 'NONE',  ( -0.6689339828220179900, -0.7000000000000000700, 0.9249999999999998200 ) ) ;
#4081 = SURFACE_STYLE_FILL_AREA ( #1635 ) ;
#4082 =( BOUNDED_CURVE ( )  B_SPLINE_CURVE ( 3, ( #3098, #3085, #3082, #3071 ),
 .UNSPECIFIED., .F., .T. ) 
 B_SPLINE_CURVE_WITH_KNOTS ( ( 4, 4 ),
 ( 5.087221329490818200, 6.283185307179586200 ),
 .UNSPECIFIED. ) 
 CURVE ( )  GEOMETRIC_REPRESENTATION_ITEM ( )  RATIONAL_B_SPLINE_CURVE ( ( 1.000000000000000000, 0.8843155922743453100, 0.8843155922743453100, 1.000000000000000000 ) ) 
 REPRESENTATION_ITEM ( '' )  );
#4083 = VERTEX_POINT ( 'NONE', #1665 ) ;
#4084 = DIRECTION ( 'NONE',  ( 0.0000000000000000000, -1.000000000000000000, -1.106328747434188200E-016 ) ) ;
#4085 = DIRECTION ( 'NONE',  ( -0.7071067811865495700, -5.110978055611233300E-016, 0.7071067811865454600 ) ) ;
#4086 = CARTESIAN_POINT ( 'NONE',  ( -0.9780330085889910000, -0.5569430985252588100, -0.7219669914110092800 ) ) ;
#4087 = DIRECTION ( 'NONE',  ( -0.0000000000000000000, 1.000000000000000000, 0.0000000000000000000 ) ) ;
#4088 = CARTESIAN_POINT ( 'NONE',  ( -0.9385382226981888700, -0.5724816491076659700, 0.7614617773018095300 ) ) ;
#4089 = EDGE_CURVE ( 'NONE', #722, #2278, #4269, .T. ) ;
#4090 =( GEOMETRIC_REPRESENTATION_CONTEXT ( 3 ) GLOBAL_UNCERTAINTY_ASSIGNED_CONTEXT ( ( #462 ) ) GLOBAL_UNIT_ASSIGNED_CONTEXT ( ( #249, #183, #24 ) ) REPRESENTATION_CONTEXT ( 'NONE', 'WORKASPACE' ) );
#4091 = ORIENTED_EDGE ( 'NONE', *, *, #3351, .T. ) ;
#4092 = ITEM_DEFINED_TRANSFORMATION ( 'NONE', 'NONE', #1529,  #9 ) ;
#4093 = APPLICATION_PROTOCOL_DEFINITION ( 'draft international standard', 'automotive_design', 1998, #3694 ) ;
#4094 = CARTESIAN_POINT ( 'NONE',  ( -0.2500000000000000000, -2.790192378864667400, -0.1750000000000003500 ) ) ;
#4095 = LINE ( 'NONE', #2890, #1521 ) ;
#4096 = ORIENTED_EDGE ( 'NONE', *, *, #2372, .F. ) ;
#4097 = MECHANICAL_DESIGN_GEOMETRIC_PRESENTATION_REPRESENTATION (  '', ( #3644 ), #4290 ) ;
#4098 = ADVANCED_FACE ( 'NONE', ( #744 ), #3513, .T. ) ;
#4099 = DIRECTION ( 'NONE',  ( 0.0000000000000000000, 0.0000000000000000000, -1.000000000000000000 ) ) ;
#4100 =( NAMED_UNIT ( * ) SI_UNIT ( $, .STERADIAN. ) SOLID_ANGLE_UNIT ( ) );
#4101 = CIRCLE ( 'NONE', #4188, 0.07499999999999998300 ) ;
#4102 = VECTOR ( 'NONE', #3300, 1000.000000000000000 ) ;
#4103 = VECTOR ( 'NONE', #4006, 1000.000000000000000 ) ;
#4104 = PRESENTATION_STYLE_ASSIGNMENT (( #1033 ) ) ;
#4105 =( NAMED_UNIT ( * ) SI_UNIT ( $, .STERADIAN. ) SOLID_ANGLE_UNIT ( ) );
#4106 = CARTESIAN_POINT ( 'NONE',  ( -0.09999999999999917300, -3.049999999999999800, 0.0000000000000000000 ) ) ;
#4107 = FILL_AREA_STYLE ('',( #3509 ) ) ;
#4108 = STYLED_ITEM ( 'NONE', ( #624 ), #4098 ) ;
#4109 = EDGE_CURVE ( 'NONE', #4398, #2679, #264, .T. ) ;
#4110 = DIRECTION ( 'NONE',  ( 0.0000000000000000000, 0.0000000000000000000, 1.000000000000000000 ) ) ;
#4111 = EDGE_LOOP ( 'NONE', ( #268, #1619, #1372, #4043, #2783, #1148 ) ) ;
#4112 =( NAMED_UNIT ( * ) SI_UNIT ( $, .STERADIAN. ) SOLID_ANGLE_UNIT ( ) );
#4113 =( NAMED_UNIT ( * ) PLANE_ANGLE_UNIT ( ) SI_UNIT ( $, .RADIAN. ) );
#4114 = FACE_OUTER_BOUND ( 'NONE', #2764, .T. ) ;
#4115 = ORIENTED_EDGE ( 'NONE', *, *, #3102, .F. ) ;
#4116 = DIRECTION ( 'NONE',  ( 1.000000000000000000, 0.0000000000000000000, 0.0000000000000000000 ) ) ;
#4117 = EDGE_CURVE ( 'NONE', #4439, #3237, #2195, .T. ) ;
#4118 = CIRCLE ( 'NONE', #2111, 0.07499999999999998300 ) ;
#4119 = ORIENTED_EDGE ( 'NONE', *, *, #2431, .F. ) ;
#4120 = CARTESIAN_POINT ( 'NONE',  ( 0.9146446609406715400, -0.6499999999999999100, -0.7853553390593276400 ) ) ;
#4121 = PLANE ( 'NONE',  #848 ) ;
#4122 =( LENGTH_UNIT ( ) NAMED_UNIT ( * ) SI_UNIT ( .MILLI., .METRE. ) );
#4123 = AXIS2_PLACEMENT_3D ( 'NONE', #2531, #2544, #2426 ) ;
#4124 = EDGE_LOOP ( 'NONE', ( #3710, #118, #3881, #3390, #2977, #1460 ) ) ;
#4125 = ORIENTED_EDGE ( 'NONE', *, *, #3599, .F. ) ;
#4126 = SURFACE_STYLE_USAGE ( .BOTH. , #4130 ) ;
#4127 = AXIS2_PLACEMENT_3D ( 'NONE', #410, #3, #19 ) ;
#4128 = FACE_OUTER_BOUND ( 'NONE', #1609, .T. ) ;
#4129 = ORIENTED_EDGE ( 'NONE', *, *, #3440, .F. ) ;
#4130 = SURFACE_SIDE_STYLE ('',( #2714 ) ) ;
#4131 =( BOUNDED_CURVE ( )  B_SPLINE_CURVE ( 3, ( #721, #723, #667, #663 ),
 .UNSPECIFIED., .F., .F. ) 
 B_SPLINE_CURVE_WITH_KNOTS ( ( 4, 4 ),
 ( 0.0000000000000000000, 0.1263401276387750000 ),
 .UNSPECIFIED. ) 
 CURVE ( )  GEOMETRIC_REPRESENTATION_ITEM ( )  RATIONAL_B_SPLINE_CURVE ( ( 1.000000000000000000, 0.9986702899464854300, 0.9986702899464854300, 1.000000000000000000 ) ) 
 REPRESENTATION_ITEM ( '' )  );
#4132 = PRESENTATION_STYLE_ASSIGNMENT (( #703 ) ) ;
#4133 = VERTEX_POINT ( 'NONE', #1357 ) ;
#4134 = STYLED_ITEM ( 'NONE', ( #3417 ), #2951 ) ;
#4135 = DIRECTION ( 'NONE',  ( 0.0000000000000000000, 1.000000000000000000, 0.0000000000000000000 ) ) ;
#4136 = ORIENTED_EDGE ( 'NONE', *, *, #905, .F. ) ;
#4137 = FACE_OUTER_BOUND ( 'NONE', #2934, .T. ) ;
#4138 = ORIENTED_EDGE ( 'NONE', *, *, #4374, .T. ) ;
#4139 = VECTOR ( 'NONE', #2036, 1000.000000000000200 ) ;
#4140 = FILL_AREA_STYLE ('',( #4383 ) ) ;
#4141 = EDGE_CURVE ( 'NONE', #2949, #3703, #2748, .T. ) ;
#4142 = VECTOR ( 'NONE', #26, 1000.000000000000000 ) ;
#4143 = ORIENTED_EDGE ( 'NONE', *, *, #3867, .T. ) ;
#4144 = DIRECTION ( 'NONE',  ( 0.8660254037844380400, 0.5000000000000010000, 0.0000000000000000000 ) ) ;
#4145 = SURFACE_STYLE_FILL_AREA ( #707 ) ;
#4146 = AXIS2_PLACEMENT_3D ( 'NONE', #1495, #3981, #3698 ) ;
#4147 = FACE_OUTER_BOUND ( 'NONE', #2522, .T. ) ;
#4148 = VECTOR ( 'NONE', #2598, 1000.000000000000000 ) ;
#4149 =( NAMED_UNIT ( * ) PLANE_ANGLE_UNIT ( ) SI_UNIT ( $, .RADIAN. ) );
#4150 = AXIS2_PLACEMENT_3D ( 'NONE', #326, #318, #314 ) ;
#4151 = DIRECTION ( 'NONE',  ( 1.000000000000000000, 0.0000000000000000000, -0.0000000000000000000 ) ) ;
#4152 = FILL_AREA_STYLE_COLOUR ( '', #391 ) ;
#4153 = VERTEX_POINT ( 'NONE', #1261 ) ;
#4154 = CARTESIAN_POINT ( 'NONE',  ( -0.2197540201127995700, 3.998994540498080700, -0.2449180696087140400 ) ) ;
#4155 = UNCERTAINTY_MEASURE_WITH_UNIT (LENGTH_MEASURE( 1.000000000000000100E-005 ), #4394, 'distance_accuracy_value', 'NONE');
#4156 =( NAMED_UNIT ( * ) PLANE_ANGLE_UNIT ( ) SI_UNIT ( $, .RADIAN. ) );
#4157 = VECTOR ( 'NONE', #4308, 1000.000000000000000 ) ;
#4158 = COLOUR_RGB ( '',0.1098039215686274500, 0.1098039215686274500, 0.1098039215686274500 ) ;
#4159 = DIRECTION ( 'NONE',  ( 0.0000000000000000000, 0.0000000000000000000, -1.000000000000000000 ) ) ;
#4160 = VERTEX_POINT ( 'NONE', #1153 ) ;
#4161 = CARTESIAN_POINT ( 'NONE',  ( 0.2500000000000000000, 0.7500000000000001100, 0.2500000000000000000 ) ) ;
#4162 = LINE ( 'NONE', #2259, #4210 ) ;
#4163 = AXIS2_PLACEMENT_3D ( 'NONE', #234, #215, #269 ) ;
#4164 = EDGE_CURVE ( 'NONE', #3775, #2994, #1272, .T. ) ;
#4165 = MECHANICAL_DESIGN_GEOMETRIC_PRESENTATION_REPRESENTATION (  '', ( #3285 ), #4354 ) ;
#4166 = PLANE ( 'NONE',  #3389 ) ;
#4167 = ORIENTED_EDGE ( 'NONE', *, *, #3229, .F. ) ;
#4168 = DIRECTION ( 'NONE',  ( -1.000000000000000000, -0.0000000000000000000, -0.0000000000000000000 ) ) ;
#4169 = CARTESIAN_POINT ( 'NONE',  ( -0.03504809471616658600, 4.250000000000000000, 0.1000000000000000700 ) ) ;
#4170 = VERTEX_POINT ( 'NONE', #1714 ) ;
#4171 = EDGE_CURVE ( 'NONE', #3137, #2140, #2092, .T. ) ;
#4172 = CYLINDRICAL_SURFACE ( 'NONE', #1604, 0.07500000000000002500 ) ;
#4173 = ORIENTED_EDGE ( 'NONE', *, *, #2431, .T. ) ;
#4174 = DIRECTION ( 'NONE',  ( -0.0000000000000000000, 1.000000000000000000, -0.0000000000000000000 ) ) ;
#4175 = ORIENTED_EDGE ( 'NONE', *, *, #335, .F. ) ;
#4176 = CARTESIAN_POINT ( 'NONE',  ( 0.1750000000000000200, -2.790192378864667400, 0.2499999999999994200 ) ) ;
#4177 = ORIENTED_EDGE ( 'NONE', *, *, #2516, .F. ) ;
#4178 = STYLED_ITEM ( 'NONE', ( #3287 ), #2354 ) ;
#4179 = FILL_AREA_STYLE ('',( #4404 ) ) ;
#4180 = CARTESIAN_POINT ( 'NONE',  ( 0.7000000000000000700, -0.6999999999999998400, -1.000000000000000200 ) ) ;
#4181 =( BOUNDED_CURVE ( )  B_SPLINE_CURVE ( 3, ( #3427, #2410, #2608, #4176 ),
 .UNSPECIFIED., .F., .F. ) 
 B_SPLINE_CURVE_WITH_KNOTS ( ( 4, 4 ),
 ( 6.156845179540813000, 6.283185307179586200 ),
 .UNSPECIFIED. ) 
 CURVE ( )  GEOMETRIC_REPRESENTATION_ITEM ( )  RATIONAL_B_SPLINE_CURVE ( ( 1.000000000000000000, 0.9986702899464854300, 0.9986702899464854300, 1.000000000000000000 ) ) 
 REPRESENTATION_ITEM ( '' )  );
#4182 = ORIENTED_EDGE ( 'NONE', *, *, #2226, .F. ) ;
#4183 = CARTESIAN_POINT ( 'NONE',  ( -0.2494022272309431300, -2.791227751672055400, -0.1844503219471105600 ) ) ;
#4184 =( GEOMETRIC_REPRESENTATION_CONTEXT ( 3 ) GLOBAL_UNCERTAINTY_ASSIGNED_CONTEXT ( ( #3848 ) ) GLOBAL_UNIT_ASSIGNED_CONTEXT ( ( #2500, #2494, #2482 ) ) REPRESENTATION_CONTEXT ( 'NONE', 'WORKASPACE' ) );
#4185 = EDGE_CURVE ( 'NONE', #845, #4153, #3002, .T. ) ;
#4186 = PRESENTATION_STYLE_ASSIGNMENT (( #2946 ) ) ;
#4187 = CARTESIAN_POINT ( 'NONE',  ( 0.09999999999999917300, 4.250000000000000000, 0.0000000000000000000 ) ) ;
#4188 = AXIS2_PLACEMENT_3D ( 'NONE', #1245, #1236, #1234 ) ;
#4189 = ORIENTED_EDGE ( 'NONE', *, *, #4164, .F. ) ;
#4190 = DIRECTION ( 'NONE',  ( -0.7071067811865495700, 7.666467083416848500E-017, 0.7071067811865454600 ) ) ;
#4191 = CARTESIAN_POINT ( 'NONE',  ( 1.000000000000000000, -0.6500000000000001300, 0.6499999999999999100 ) ) ;
#4192 = PRESENTATION_STYLE_ASSIGNMENT (( #503 ) ) ;
#4193 = CARTESIAN_POINT ( 'NONE',  ( -0.2969669914110033000, 0.7500000000000000000, -1.296966991411010900 ) ) ;
#4194 = CARTESIAN_POINT ( 'NONE',  ( 0.2500000000000000000, 3.990192378864668900, -0.1750000000000000200 ) ) ;
#4195 = VECTOR ( 'NONE', #2493, 1000.000000000000000 ) ;
#4196 = EDGE_CURVE ( 'NONE', #2193, #3757, #150, .T. ) ;
#4197 = UNCERTAINTY_MEASURE_WITH_UNIT (LENGTH_MEASURE( 1.000000000000000100E-005 ), #4257, 'distance_accuracy_value', 'NONE');
#4198 =( LENGTH_UNIT ( ) NAMED_UNIT ( * ) SI_UNIT ( .MILLI., .METRE. ) );
#4199 = CYLINDRICAL_SURFACE ( 'NONE', #746, 0.05000000000000002400 ) ;
#4200 =( GEOMETRIC_REPRESENTATION_CONTEXT ( 3 ) GLOBAL_UNCERTAINTY_ASSIGNED_CONTEXT ( ( #1853 ) ) GLOBAL_UNIT_ASSIGNED_CONTEXT ( ( #2910, #2885, #2879 ) ) REPRESENTATION_CONTEXT ( 'NONE', 'WORKASPACE' ) );
#4201 = DIRECTION ( 'NONE',  ( -0.7071067811865454600, -5.110978055611262900E-016, -0.7071067811865495700 ) ) ;
#4202 = PRESENTATION_LAYER_ASSIGNMENT (  '', '', ( #3995 ) ) ;
#4203 = CARTESIAN_POINT ( 'NONE',  ( -0.6689339828220179900, -0.7000000000000000700, 0.9999999999999997800 ) ) ;
#4204 =( BOUNDED_CURVE ( )  B_SPLINE_CURVE ( 3, ( #2010, #3436, #1998, #1992 ),
 .UNSPECIFIED., .F., .T. ) 
 B_SPLINE_CURVE_WITH_KNOTS ( ( 4, 4 ),
 ( 2.482534617763385600, 3.800650689416199300 ),
 .UNSPECIFIED. ) 
 CURVE ( )  GEOMETRIC_REPRESENTATION_ITEM ( )  RATIONAL_B_SPLINE_CURVE ( ( 1.000000000000000000, 0.8603796100280640700, 0.8603796100280640700, 1.000000000000000000 ) ) 
 REPRESENTATION_ITEM ( '' )  );
#4205 = FACE_OUTER_BOUND ( 'NONE', #2380, .T. ) ;
#4206 = VERTEX_POINT ( 'NONE', #1091 ) ;
#4207 = PRESENTATION_LAYER_ASSIGNMENT (  '', '', ( #3785 ) ) ;
#4208 = ORIENTED_EDGE ( 'NONE', *, *, #1507, .F. ) ;
#4209 = EDGE_LOOP ( 'NONE', ( #2180, #2355, #2464, #1152 ) ) ;
#4210 = VECTOR ( 'NONE', #2254, 1000.000000000000200 ) ;
#4211 = EDGE_CURVE ( 'NONE', #2152, #1223, #1169, .T. ) ;
#4212 = VECTOR ( 'NONE', #2075, 1000.000000000000000 ) ;
#4213 = ORIENTED_EDGE ( 'NONE', *, *, #1733, .F. ) ;
#4214 = STYLED_ITEM ( 'NONE', ( #708 ), #423 ) ;
#4215 = ORIENTED_EDGE ( 'NONE', *, *, #2718, .F. ) ;
#4216 = SPHERICAL_SURFACE ( 'NONE', #1384, 0.05000000000000000300 ) ;
#4217 = DIRECTION ( 'NONE',  ( -0.0000000000000000000, 1.000000000000000000, 7.228014483236698500E-016 ) ) ;
#4218 = CIRCLE ( 'NONE', #817, 0.07499999999999998300 ) ;
#4219 = ORIENTED_EDGE ( 'NONE', *, *, #4242, .T. ) ;
#4220 = AXIS2_PLACEMENT_3D ( 'NONE', #681, #637, #622 ) ;
#4221 = LINE ( 'NONE', #779, #3346 ) ;
#4222 = ORIENTED_EDGE ( 'NONE', *, *, #2041, .T. ) ;
#4223 =( NAMED_UNIT ( * ) PLANE_ANGLE_UNIT ( ) SI_UNIT ( $, .RADIAN. ) );
#4224 = ORIENTED_EDGE ( 'NONE', *, *, #1470, .T. ) ;
#4225 = LINE ( 'NONE', #1435, #2468 ) ;
#4226 = ORIENTED_EDGE ( 'NONE', *, *, #2632, .T. ) ;
#4227 = FACE_OUTER_BOUND ( 'NONE', #2721, .T. ) ;
#4228 = ORIENTED_EDGE ( 'NONE', *, *, #3700, .T. ) ;
#4229 = CYLINDRICAL_SURFACE ( 'NONE', #2539, 0.07499999999999999700 ) ;
#4230 = VERTEX_POINT ( 'NONE', #940 ) ;
#4231 = ADVANCED_FACE ( 'NONE', ( #1052 ), #1676, .T. ) ;
#4232 = CARTESIAN_POINT ( 'NONE',  ( 0.9780330085889910000, -0.5569430985252592500, 0.7219669914110087300 ) ) ;
#4233 =( GEOMETRIC_REPRESENTATION_CONTEXT ( 3 ) GLOBAL_UNCERTAINTY_ASSIGNED_CONTEXT ( ( #1967 ) ) GLOBAL_UNIT_ASSIGNED_CONTEXT ( ( #826, #822, #804 ) ) REPRESENTATION_CONTEXT ( 'NONE', 'WORKASPACE' ) );
#4234 = EDGE_CURVE ( 'NONE', #3188, #778, #4221, .T. ) ;
#4235 = CARTESIAN_POINT ( 'NONE',  ( -0.6999999999999984000, -0.6999999999999998400, -1.000000000000000200 ) ) ;
#4236 = VECTOR ( 'NONE', #878, 1000.000000000000200 ) ;
#4237 = FACE_OUTER_BOUND ( 'NONE', #3384, .T. ) ;
#4238 = DIRECTION ( 'NONE',  ( -0.7071067811865496800, 0.0000000000000000000, 0.7071067811865453500 ) ) ;
#4239 =( NAMED_UNIT ( * ) PLANE_ANGLE_UNIT ( ) SI_UNIT ( $, .RADIAN. ) );
#4240 = DIRECTION ( 'NONE',  ( -0.7071067811865496800, 1.445602896647338700E-015, 0.7071067811865453500 ) ) ;
#4241 = DIRECTION ( 'NONE',  ( 0.0000000000000000000, 0.0000000000000000000, -1.000000000000000000 ) ) ;
#4242 = EDGE_CURVE ( 'NONE', #1175, #3158, #679, .T. ) ;
#4243 = DIRECTION ( 'NONE',  ( -1.000000000000000000, 0.0000000000000000000, 0.0000000000000000000 ) ) ;
#4244 = MECHANICAL_DESIGN_GEOMETRIC_PRESENTATION_REPRESENTATION (  '', ( #3825 ), #4452 ) ;
#4245 = SURFACE_SIDE_STYLE ('',( #3227 ) ) ;
#4246 = VECTOR ( 'NONE', #4433, 1000.000000000000000 ) ;
#4247 =( BOUNDED_CURVE ( )  B_SPLINE_CURVE ( 3, ( #2349, #2275, #2207, #2236 ),
 .UNSPECIFIED., .F., .F. ) 
 B_SPLINE_CURVE_WITH_KNOTS ( ( 4, 4 ),
 ( 5.624127271420915600, 6.942243342938258600 ),
 .UNSPECIFIED. ) 
 CURVE ( )  GEOMETRIC_REPRESENTATION_ITEM ( )  RATIONAL_B_SPLINE_CURVE ( ( 1.000000000000000000, 0.8603796100557168400, 0.8603796100557168400, 1.000000000000000000 ) ) 
 REPRESENTATION_ITEM ( '' )  );
#4248 = SURFACE_STYLE_FILL_AREA ( #3656 ) ;
#4249 = STYLED_ITEM ( 'NONE', ( #4388 ), #2264 ) ;
#4250 = ORIENTED_EDGE ( 'NONE', *, *, #2250, .F. ) ;
#4251 = ADVANCED_FACE ( 'NONE', ( #3779 ), #726, .F. ) ;
#4252 = ORIENTED_EDGE ( 'NONE', *, *, #2234, .F. ) ;
#4253 = DIRECTION ( 'NONE',  ( -1.000000000000000000, 0.0000000000000000000, -0.0000000000000000000 ) ) ;
#4254 = EDGE_CURVE ( 'NONE', #2679, #997, #246, .T. ) ;
#4255 = AXIS2_PLACEMENT_3D ( 'NONE', #1657, #1695, #1621 ) ;
#4256 = ORIENTED_EDGE ( 'NONE', *, *, #2918, .T. ) ;
#4257 =( LENGTH_UNIT ( ) NAMED_UNIT ( * ) SI_UNIT ( .MILLI., .METRE. ) );
#4258 = ORIENTED_EDGE ( 'NONE', *, *, #3440, .T. ) ;
#4259 = EDGE_CURVE ( 'NONE', #1762, #1925, #1216, .T. ) ;
#4260 = CARTESIAN_POINT ( 'NONE',  ( -0.1750000000000000200, -1.936075308009826400E-017, 0.1749999999999997700 ) ) ;
#4261 = ORIENTED_EDGE ( 'NONE', *, *, #4185, .T. ) ;
#4262 = SURFACE_STYLE_USAGE ( .BOTH. , #4316 ) ;
#4263 = MECHANICAL_DESIGN_GEOMETRIC_PRESENTATION_REPRESENTATION (  '', ( #3180 ), #2299 ) ;
#4264 = DIRECTION ( 'NONE',  ( 0.0000000000000000000, 1.000000000000000000, 0.0000000000000000000 ) ) ;
#4265 = VERTEX_POINT ( 'NONE', #531 ) ;
#4266 = UNCERTAINTY_MEASURE_WITH_UNIT (LENGTH_MEASURE( 1.000000000000000100E-005 ), #1536, 'distance_accuracy_value', 'NONE');
#4267 = ADVANCED_FACE ( 'NONE', ( #204 ), #484, .F. ) ;
#4268 = CARTESIAN_POINT ( 'NONE',  ( 0.02196152422706719500, 4.348743556529822000, -0.04299038105676547500 ) ) ;
#4269 = CIRCLE ( 'NONE', #4309, 0.05000000000000002400 ) ;
#4270 = ORIENTED_EDGE ( 'NONE', *, *, #4141, .T. ) ;
#4271 =( GEOMETRIC_REPRESENTATION_CONTEXT ( 3 ) GLOBAL_UNCERTAINTY_ASSIGNED_CONTEXT ( ( #1474 ) ) GLOBAL_UNIT_ASSIGNED_CONTEXT ( ( #3058, #3052, #3048 ) ) REPRESENTATION_CONTEXT ( 'NONE', 'WORKASPACE' ) );
#4272 = DIRECTION ( 'NONE',  ( 0.0000000000000000000, -1.000000000000000000, -0.0000000000000000000 ) ) ;
#4273 = ORIENTED_EDGE ( 'NONE', *, *, #514, .F. ) ;
#4274 = CARTESIAN_POINT ( 'NONE',  ( -0.6689339828220163300, 0.0000000000000000000, -1.000000000000000200 ) ) ;
#4275 = CIRCLE ( 'NONE', #1303, 0.05000000000000002400 ) ;
#4276 = AXIS2_PLACEMENT_3D ( 'NONE', #2583, #2636, #2623 ) ;
#4277 = FACE_OUTER_BOUND ( 'NONE', #3381, .T. ) ;
#4278 = DIRECTION ( 'NONE',  ( 0.0000000000000000000, -1.000000000000000000, -2.478176394252581600E-016 ) ) ;
#4279 = VECTOR ( 'NONE', #116, 1000.000000000000000 ) ;
#4280 =( NAMED_UNIT ( * ) PLANE_ANGLE_UNIT ( ) SI_UNIT ( $, .RADIAN. ) );
#4281 =( GEOMETRIC_REPRESENTATION_CONTEXT ( 3 ) GLOBAL_UNCERTAINTY_ASSIGNED_CONTEXT ( ( #4385 ) ) GLOBAL_UNIT_ASSIGNED_CONTEXT ( ( #3365, #4223, #3370 ) ) REPRESENTATION_CONTEXT ( 'NONE', 'WORKASPACE' ) );
#4282 = EDGE_CURVE ( 'NONE', #1217, #1363, #3499, .T. ) ;
#4283 = STYLED_ITEM ( 'NONE', ( #1284 ), #3704 ) ;
#4284 = CARTESIAN_POINT ( 'NONE',  ( 0.03504809471616614900, -3.049999999999999800, 0.09999999999999856200 ) ) ;
#4285 = COLOUR_RGB ( '',0.1098039215686274500, 0.1098039215686274500, 0.1098039215686274500 ) ;
#4286 = CARTESIAN_POINT ( 'NONE',  ( 0.2500000000000000000, -6.195440985631449200E-017, 0.2499999999999998300 ) ) ;
#4287 = CARTESIAN_POINT ( 'NONE',  ( 1.000000000000003600, -0.5519447713929666000, -0.6710488243312601200 ) ) ;
#4288 = CARTESIAN_POINT ( 'NONE',  ( -0.7219669914110090600, 0.7500000000000002200, 0.9780330085889907800 ) ) ;
#4289 =( NAMED_UNIT ( * ) SI_UNIT ( $, .STERADIAN. ) SOLID_ANGLE_UNIT ( ) );
#4290 =( GEOMETRIC_REPRESENTATION_CONTEXT ( 3 ) GLOBAL_UNCERTAINTY_ASSIGNED_CONTEXT ( ( #3418 ) ) GLOBAL_UNIT_ASSIGNED_CONTEXT ( ( #674, #782, #863 ) ) REPRESENTATION_CONTEXT ( 'NONE', 'WORKASPACE' ) );
#4291 = PRESENTATION_STYLE_ASSIGNMENT (( #2430 ) ) ;
#4292 = CARTESIAN_POINT ( 'NONE',  ( 1.000000000000000000, 0.6750000000000002700, 0.6689339828220174400 ) ) ;
#4293 = TOROIDAL_SURFACE ( 'NONE', #3064, 0.02499999999999999100, 0.05000000000000000300 ) ;
#4294 = AXIS2_PLACEMENT_3D ( 'NONE', #3274, #3186, #3177 ) ;
#4295 = ORIENTED_EDGE ( 'NONE', *, *, #1097, .F. ) ;
#4296 = AXIS2_PLACEMENT_3D ( 'NONE', #901, #896, #891 ) ;
#4297 = B_SPLINE_CURVE_WITH_KNOTS ( 'NONE', 3,
 ( #2056, #2039, #2023, #2013, #2009, #2008, #2003, #1991, #1982, #3504 ),
 .UNSPECIFIED., .F., .F.,
 ( 4, 3, 3, 4 ),
 ( 0.0000000000000000000, 7.852076479156697400E-006, 3.354020026583984200E-005, 5.955511527377672500E-005 ),
 .UNSPECIFIED. ) ;
#4298 = CARTESIAN_POINT ( 'NONE',  ( -0.03504809471616622500, -3.049999999999999800, -0.09999999999999953400 ) ) ;
#4299 = ORIENTED_EDGE ( 'NONE', *, *, #4437, .F. ) ;
#4300 = PLANE ( 'NONE',  #1986 ) ;
#4301 = CARTESIAN_POINT ( 'NONE',  ( -1.000000000000000000, -0.5499999999999998200, -0.6500000000000002400 ) ) ;
#4302 = CARTESIAN_POINT ( 'NONE',  ( 0.9780330085889914500, 0.6750000000000001600, -0.7219669914110074000 ) ) ;
#4303 = EDGE_LOOP ( 'NONE', ( #4252, #572, #2996, #4068 ) ) ;
#4304 = COLOUR_RGB ( '',0.1098039215686274500, 0.1098039215686274500, 0.1098039215686274500 ) ;
#4305 = PRODUCT_DEFINITION_SHAPE ( 'NONE', 'NONE',  #4473 ) ;
#4306 = ADVANCED_FACE ( 'NONE', ( #2625 ), #1280, .T. ) ;
#4307 = ORIENTED_EDGE ( 'NONE', *, *, #3073, .T. ) ;
#4308 = DIRECTION ( 'NONE',  ( 0.4472135954999595900, 0.7745966692414815200, -0.4472135954999594800 ) ) ;
#4309 = AXIS2_PLACEMENT_3D ( 'NONE', #1592, #1585, #1565 ) ;
#4310 = EDGE_CURVE ( 'NONE', #2442, #1363, #2202, .T. ) ;
#4311 = STYLED_ITEM ( 'NONE', ( #2857 ), #3369 ) ;
#4312 = VERTEX_POINT ( 'NONE', #549 ) ;
#4313 = CIRCLE ( 'NONE', #461, 0.05000000000000001000 ) ;
#4314 = EDGE_CURVE ( 'NONE', #3614, #1996, #3117, .T. ) ;
#4315 = ORIENTED_EDGE ( 'NONE', *, *, #4031, .F. ) ;
#4316 = SURFACE_SIDE_STYLE ('',( #569 ) ) ;
#4317 = DIRECTION ( 'NONE',  ( -0.7071067811865454600, -7.666467083416892900E-017, -0.7071067811865495700 ) ) ;
#4318 = CARTESIAN_POINT ( 'NONE',  ( -0.9780330085889910000, -0.5569430985252588100, -0.7219669914110092800 ) ) ;
#4319 = ORIENTED_EDGE ( 'NONE', *, *, #3762, .T. ) ;
#4320 = MECHANICAL_DESIGN_GEOMETRIC_PRESENTATION_REPRESENTATION (  '', ( #3905 ), #54 ) ;
#4321 =( BOUNDED_CURVE ( )  B_SPLINE_CURVE ( 3, ( #1340, #1221, #1195, #1188 ),
 .UNSPECIFIED., .F., .F. ) 
 B_SPLINE_CURVE_WITH_KNOTS ( ( 4, 4 ),
 ( 3.015252525951015000, 3.141592653589793100 ),
 .UNSPECIFIED. ) 
 CURVE ( )  GEOMETRIC_REPRESENTATION_ITEM ( )  RATIONAL_B_SPLINE_CURVE ( ( 1.000000000000000000, 0.9986702899464854300, 0.9986702899464854300, 1.000000000000000000 ) ) 
 REPRESENTATION_ITEM ( '' )  );
#4322 = SURFACE_SIDE_STYLE ('',( #1359 ) ) ;
#4323 = ORIENTED_EDGE ( 'NONE', *, *, #4314, .F. ) ;
#4324 = EDGE_LOOP ( 'NONE', ( #2960, #1564, #3434, #3060 ) ) ;
#4325 = CYLINDRICAL_SURFACE ( 'NONE', #2322, 0.07499999999999999700 ) ;
#4326 = ORIENTED_EDGE ( 'NONE', *, *, #672, .F. ) ;
#4327 = ADVANCED_FACE ( 'NONE', ( #270 ), #176, .F. ) ;
#4328 = VECTOR ( 'NONE', #876, 1000.000000000000000 ) ;
#4329 = COLOUR_RGB ( '',0.1098039215686274500, 0.1098039215686274500, 0.1098039215686274500 ) ;
#4330 = CARTESIAN_POINT ( 'NONE',  ( 2.778987732271259900, 0.0000000000000000000, 0.0000000000000000000 ) ) ;
#4331 = PRESENTATION_LAYER_ASSIGNMENT (  '', '', ( #4134 ) ) ;
#4332 = FACE_OUTER_BOUND ( 'NONE', #1166, .T. ) ;
#4333 = CARTESIAN_POINT ( 'NONE',  ( 0.2500000000000000000, -3.049999999999999800, 0.09999999999999856200 ) ) ;
#4334 = EDGE_CURVE ( 'NONE', #2098, #2551, #3887, .T. ) ;
#4335 = CIRCLE ( 'NONE', #4014, 0.07500000000000001100 ) ;
#4336 = CARTESIAN_POINT ( 'NONE',  ( -0.9385382226969522000, -0.5724816491095581200, -0.7614617773030477600 ) ) ;
#4337 = FACE_OUTER_BOUND ( 'NONE', #561, .T. ) ;
#4338 = LINE ( 'NONE', #4187, #3472 ) ;
#4339 = MECHANICAL_DESIGN_GEOMETRIC_PRESENTATION_REPRESENTATION (  '', ( #3927 ), #82 ) ;
#4340 = ORIENTED_EDGE ( 'NONE', *, *, #2866, .T. ) ;
#4341 = ADVANCED_FACE ( 'NONE', ( #3992 ), #109, .T. ) ;
#4342 = VECTOR ( 'NONE', #4168, 1000.000000000000000 ) ;
#4343 = ORIENTED_EDGE ( 'NONE', *, *, #2632, .F. ) ;
#4344 = PRESENTATION_STYLE_ASSIGNMENT (( #1905 ) ) ;
#4345 = EDGE_LOOP ( 'NONE', ( #4177, #4453, #1158 ) ) ;
#4346 = DIRECTION ( 'NONE',  ( 0.0000000000000000000, -7.228014483236698500E-016, 1.000000000000000000 ) ) ;
#4347 = ORIENTED_EDGE ( 'NONE', *, *, #2490, .T. ) ;
#4348 = DIRECTION ( 'NONE',  ( -0.0000000000000000000, 1.000000000000000000, 7.228014483236698500E-016 ) ) ;
#4349 = SURFACE_STYLE_FILL_AREA ( #748 ) ;
#4350 = DIRECTION ( 'NONE',  ( 0.0000000000000000000, 0.0000000000000000000, -1.000000000000000000 ) ) ;
#4351 = AXIS2_PLACEMENT_3D ( 'NONE', #364, #356, #293 ) ;
#4352 = ORIENTED_EDGE ( 'NONE', *, *, #4211, .F. ) ;
#4353 = EDGE_CURVE ( 'NONE', #4439, #1921, #3556, .T. ) ;
#4354 =( GEOMETRIC_REPRESENTATION_CONTEXT ( 3 ) GLOBAL_UNCERTAINTY_ASSIGNED_CONTEXT ( ( #3709 ) ) GLOBAL_UNIT_ASSIGNED_CONTEXT ( ( #3456, #3443, #3433 ) ) REPRESENTATION_CONTEXT ( 'NONE', 'WORKASPACE' ) );
#4355 = PRESENTATION_STYLE_ASSIGNMENT (( #1705 ) ) ;
#4356 = DIRECTION ( 'NONE',  ( 1.000000000000000000, 0.0000000000000000000, 0.0000000000000000000 ) ) ;
#4357 = CARTESIAN_POINT ( 'NONE',  ( -0.02803847577293297800, -3.024641016151377000, -0.02803847577293329000 ) ) ;
#4358 = VECTOR ( 'NONE', #392, 1000.000000000000000 ) ;
#4359 = EDGE_LOOP ( 'NONE', ( #2271, #3353, #3771 ) ) ;
#4360 = EDGE_CURVE ( 'NONE', #1806, #2667, #2688, .T. ) ;
#4361 = ADVANCED_FACE ( 'NONE', ( #1782 ), #1684, .T. ) ;
#4362 = FILL_AREA_STYLE ('',( #49 ) ) ;
#4363 = ORIENTED_EDGE ( 'NONE', *, *, #2980, .F. ) ;
#4364 = SURFACE_STYLE_USAGE ( .BOTH. , #2 ) ;
#4365 =( BOUNDED_CURVE ( )  B_SPLINE_CURVE ( 3, ( #3932, #4154, #3923, #3920 ),
 .UNSPECIFIED., .F., .F. ) 
 B_SPLINE_CURVE_WITH_KNOTS ( ( 4, 4 ),
 ( 5.624127271420915600, 6.942243342938256000 ),
 .UNSPECIFIED. ) 
 CURVE ( )  GEOMETRIC_REPRESENTATION_ITEM ( )  RATIONAL_B_SPLINE_CURVE ( ( 1.000000000000000000, 0.8603796100557175000, 0.8603796100557175000, 1.000000000000000000 ) ) 
 REPRESENTATION_ITEM ( '' )  );
#4366 = COLOUR_RGB ( '',0.1098039215686274500, 0.1098039215686274500, 0.1098039215686274500 ) ;
#4367 = ORIENTED_EDGE ( 'NONE', *, *, #1302, .T. ) ;
#4368 = FACE_OUTER_BOUND ( 'NONE', #3552, .T. ) ;
#4369 = AXIS2_PLACEMENT_3D ( 'NONE', #3724, #3643, #3642 ) ;
#4370 = COLOUR_RGB ( '',0.1098039215686274500, 0.1098039215686274500, 0.1098039215686274500 ) ;
#4371 = SURFACE_STYLE_FILL_AREA ( #1852 ) ;
#4372 = COLOUR_RGB ( '',0.1098039215686274500, 0.1098039215686274500, 0.1098039215686274500 ) ;
#4373 = STYLED_ITEM ( 'NONE', ( #1894 ), #4030 ) ;
#4374 = EDGE_CURVE ( 'NONE', #2404, #1205, #3455, .T. ) ;
#4375 = AXIS2_PLACEMENT_3D ( 'NONE', #1290, #1350, #1281 ) ;
#4376 =( NAMED_UNIT ( * ) SI_UNIT ( $, .STERADIAN. ) SOLID_ANGLE_UNIT ( ) );
#4377 = CARTESIAN_POINT ( 'NONE',  ( -0.9146446609406718700, -0.6075584558843718500, -0.7853553390593278600 ) ) ;
#4378 = ADVANCED_FACE ( 'NONE', ( #4227 ), #3565, .T. ) ;
#4379 = VECTOR ( 'NONE', #460, 1000.000000000000000 ) ;
#4380 =( LENGTH_UNIT ( ) NAMED_UNIT ( * ) SI_UNIT ( .MILLI., .METRE. ) );
#4381 = CARTESIAN_POINT ( 'NONE',  ( -0.2129903810567662900, 4.054294919243113200, -0.1480384757729336100 ) ) ;
#4382 = EDGE_CURVE ( 'NONE', #3050, #929, #1641, .T. ) ;
#4383 = FILL_AREA_STYLE_COLOUR ( '', #3481 ) ;
#4384 = ORIENTED_EDGE ( 'NONE', *, *, #113, .T. ) ;
#4385 = UNCERTAINTY_MEASURE_WITH_UNIT (LENGTH_MEASURE( 1.000000000000000100E-005 ), #3365, 'distance_accuracy_value', 'NONE');
#4386 = PRESENTATION_STYLE_ASSIGNMENT (( #2601 ) ) ;
#4387 =( NAMED_UNIT ( * ) PLANE_ANGLE_UNIT ( ) SI_UNIT ( $, .RADIAN. ) );
#4388 = PRESENTATION_STYLE_ASSIGNMENT (( #3861 ) ) ;
#4389 = STYLED_ITEM ( 'NONE', ( #3510 ), #3966 ) ;
#4390 = EDGE_LOOP ( 'NONE', ( #1816, #1190, #37, #2394, #1973, #321, #3442, #1307 ) ) ;
#4391 = CARTESIAN_POINT ( 'NONE',  ( -0.9146446609406718700, -0.6499999999999999100, -0.7853553390593278600 ) ) ;
#4392 = AXIS2_PLACEMENT_3D ( 'NONE', #2738, #2733, #2725 ) ;
#4393 = PRESENTATION_STYLE_ASSIGNMENT (( #910 ) ) ;
#4394 =( LENGTH_UNIT ( ) NAMED_UNIT ( * ) SI_UNIT ( .MILLI., .METRE. ) );
#4395 = EDGE_LOOP ( 'NONE', ( #3820, #1185, #1273, #1719, #2175, #3264 ) ) ;
#4396 = MECHANICAL_DESIGN_GEOMETRIC_PRESENTATION_REPRESENTATION (  '', ( #3995 ), #153 ) ;
#4397 = APPLICATION_PROTOCOL_DEFINITION ( 'draft international standard', 'automotive_design', 1998, #4414 ) ;
#4398 = VERTEX_POINT ( 'NONE', #1519 ) ;
#4399 = LINE ( 'NONE', #3212, #2676 ) ;
#4400 = ORIENTED_EDGE ( 'NONE', *, *, #2950, .F. ) ;
#4401 = SURFACE_STYLE_USAGE ( .BOTH. , #4407 ) ;
#4402 = LINE ( 'NONE', #2071, #4212 ) ;
#4403 = CARTESIAN_POINT ( 'NONE',  ( -0.2500000000000000000, -0.5999999999999999800, 0.1749999999999997100 ) ) ;
#4404 = FILL_AREA_STYLE_COLOUR ( '', #1961 ) ;
#4405 = MECHANICAL_DESIGN_GEOMETRIC_PRESENTATION_REPRESENTATION (  '', ( #3785 ), #163 ) ;
#4406 = ORIENTED_EDGE ( 'NONE', *, *, #3847, .T. ) ;
#4407 = SURFACE_SIDE_STYLE ('',( #2206 ) ) ;
#4408 = CARTESIAN_POINT ( 'NONE',  ( -0.9250000000000000400, 0.7500000000000002200, 0.6999999999999975100 ) ) ;
#4409 = PRODUCT_DEFINITION ( 'UNKNOWN', '', #171, #3221 ) ;
#4410 = DIRECTION ( 'NONE',  ( 1.000000000000000000, -0.0000000000000000000, -0.0000000000000000000 ) ) ;
#4411 = EDGE_CURVE ( 'NONE', #2193, #3336, #687, .T. ) ;
#4412 = EDGE_LOOP ( 'NONE', ( #1688, #3109, #603, #2763 ) ) ;
#4413 = ITEM_DEFINED_TRANSFORMATION ( 'NONE', 'NONE', #2894,  #9 ) ;
#4414 = APPLICATION_CONTEXT ( 'automotive_design' ) ;
#4415 =( NAMED_UNIT ( * ) SI_UNIT ( $, .STERADIAN. ) SOLID_ANGLE_UNIT ( ) );
#4416 = VERTEX_POINT ( 'NONE', #1265 ) ;
#4417 = VECTOR ( 'NONE', #93, 1000.000000000000200 ) ;
#4418 = PRESENTATION_LAYER_ASSIGNMENT (  '', '', ( #4214 ) ) ;
#4419 = UNCERTAINTY_MEASURE_WITH_UNIT (LENGTH_MEASURE( 1.000000000000000100E-005 ), #1181, 'distance_accuracy_value', 'NONE');
#4420 = FACE_OUTER_BOUND ( 'NONE', #3292, .T. ) ;
#4421 = CARTESIAN_POINT ( 'NONE',  ( 1.000000000000000000, -0.5999999999999999800, -9.293161478447179300E-017 ) ) ;
#4422 = CIRCLE ( 'NONE', #2432, 0.05000000000000002400 ) ;
#4423 = ORIENTED_EDGE ( 'NONE', *, *, #4468, .F. ) ;
#4424 = CARTESIAN_POINT ( 'NONE',  ( 0.6689339828220163300, 0.6750000000000002700, 0.9999999999999997800 ) ) ;
#4425 = DIRECTION ( 'NONE',  ( -0.7071067811865497900, 0.0000000000000000000, 0.7071067811865453500 ) ) ;
#4426 = PRESENTATION_LAYER_ASSIGNMENT (  '', '', ( #4017 ) ) ;
#4427 = SPHERICAL_SURFACE ( 'NONE', #2087, 0.07499999999999999700 ) ;
#4428 = CYLINDRICAL_SURFACE ( 'NONE', #2485, 0.07499999999999999700 ) ;
#4429 =( REPRESENTATION_RELATIONSHIP ('NONE','NONE', #3630, #2862 ) REPRESENTATION_RELATIONSHIP_WITH_TRANSFORMATION ( #375 )SHAPE_REPRESENTATION_RELATIONSHIP( ) );
#4430 = FACE_OUTER_BOUND ( 'NONE', #355, .T. ) ;
#4431 = PRESENTATION_STYLE_ASSIGNMENT (( #2263 ) ) ;
#4432 = DIRECTION ( 'NONE',  ( -0.7071067811865453500, -0.0000000000000000000, -0.7071067811865496800 ) ) ;
#4433 = DIRECTION ( 'NONE',  ( -0.4472135954999595900, -0.7745966692414815200, -0.4472135954999594800 ) ) ;
#4434 = VECTOR ( 'NONE', #1235, 1000.000000000000000 ) ;
#4435 = VECTOR ( 'NONE', #3110, 1000.000000000000000 ) ;
#4436 = STYLED_ITEM ( 'NONE', ( #4132 ), #4251 ) ;
#4437 = EDGE_CURVE ( 'NONE', #1516, #3991, #2573, .T. ) ;
#4438 = AXIS2_PLACEMENT_3D ( 'NONE', #202, #197, #190 ) ;
#4439 = VERTEX_POINT ( 'NONE', #1278 ) ;
#4440 = CARTESIAN_POINT ( 'NONE',  ( -0.6866116523516817600, -0.7000000000000000700, 0.9426776695296637000 ) ) ;
#4441 = CARTESIAN_POINT ( 'NONE',  ( 1.000000000000000000, -0.7499999999999997800, -0.7500000000000003300 ) ) ;
#4442 = CARTESIAN_POINT ( 'NONE',  ( 0.09999999999999917300, -3.049999999999999800, 0.03504809471616566300 ) ) ;
#4443 = ORIENTED_EDGE ( 'NONE', *, *, #1332, .T. ) ;
#4444 = UNCERTAINTY_MEASURE_WITH_UNIT (LENGTH_MEASURE( 1.000000000000000100E-005 ), #2904, 'distance_accuracy_value', 'NONE');
#4445 = FILL_AREA_STYLE ('',( #4450 ) ) ;
#4446 = EDGE_CURVE ( 'NONE', #1205, #3307, #767, .T. ) ;
#4447 = CARTESIAN_POINT ( 'NONE',  ( 1.000000000000000000, -0.7000000000000000700, 0.9999999999999997800 ) ) ;
#4448 = LINE ( 'NONE', #4161, #4342 ) ;
#4449 = EDGE_LOOP ( 'NONE', ( #553, #2025, #1406 ) ) ;
#4450 = FILL_AREA_STYLE_COLOUR ( '', #1411 ) ;
#4451 = CIRCLE ( 'NONE', #1745, 0.05000000000000002400 ) ;
#4452 =( GEOMETRIC_REPRESENTATION_CONTEXT ( 3 ) GLOBAL_UNCERTAINTY_ASSIGNED_CONTEXT ( ( #2777 ) ) GLOBAL_UNIT_ASSIGNED_CONTEXT ( ( #1812, #1804, #1802 ) ) REPRESENTATION_CONTEXT ( 'NONE', 'WORKASPACE' ) );
#4453 = ORIENTED_EDGE ( 'NONE', *, *, #2950, .T. ) ;
#4454 = ORIENTED_EDGE ( 'NONE', *, *, #1702, .T. ) ;
#4455 = CARTESIAN_POINT ( 'NONE',  ( -0.9426776695308618500, -0.6034715492623937700, -0.6683058261752419200 ) ) ;
#4456 = PRESENTATION_LAYER_ASSIGNMENT (  '', '', ( #4249 ) ) ;
#4457 = VECTOR ( 'NONE', #25, 1000.000000000000000 ) ;
#4458 = DIRECTION ( 'NONE',  ( 0.0000000000000000000, -2.478176394252581600E-016, 1.000000000000000000 ) ) ;
#4459 = ORIENTED_EDGE ( 'NONE', *, *, #1369, .T. ) ;
#4460 = CARTESIAN_POINT ( 'NONE',  ( 0.9771307726134779200, -0.6526842615543946300, -0.7228692273865182600 ) ) ;
#4461 = ORIENTED_EDGE ( 'NONE', *, *, #643, .T. ) ;
#4462 = EDGE_CURVE ( 'NONE', #324, #2245, #3265, .T. ) ;
#4463 = VERTEX_POINT ( 'NONE', #2272 ) ;
#4464 = CARTESIAN_POINT ( 'NONE',  ( 0.6689339828220163300, -0.7000000000000000700, 0.9249999999999998200 ) ) ;
#4465 = CARTESIAN_POINT ( 'NONE',  ( 0.09999999999999900600, -3.049999999999999800, 0.07483595050107469400 ) ) ;
#4466 = CARTESIAN_POINT ( 'NONE',  ( -5.221012267728740500, 0.0000000000000000000, 0.0000000000000000000 ) ) ;
#4467 = DIRECTION ( 'NONE',  ( 0.0000000000000000000, 1.000000000000000000, -0.0000000000000000000 ) ) ;
#4468 = EDGE_CURVE ( 'NONE', #2656, #1981, #1461, .T. ) ;
#4469 = COLOUR_RGB ( '',0.1098039215686274500, 0.1098039215686274500, 0.1098039215686274500 ) ;
#4470 = LINE ( 'NONE', #1504, #888 ) ;
#4471 = NEXT_ASSEMBLY_USAGE_OCCURRENCE ( 'NAUO1', ' ', ' ', #4409, #4007, $ ) ;
#4472 = NEXT_ASSEMBLY_USAGE_OCCURRENCE ( 'NAUO2', ' ', ' ', #4409, #4007, $ ) ;
#4473 = NEXT_ASSEMBLY_USAGE_OCCURRENCE ( 'NAUO3', ' ', ' ', #4409, #4007, $ ) ;
#4474 = NEXT_ASSEMBLY_USAGE_OCCURRENCE ( 'NAUO4', ' ', ' ', #4409, #4007, $ ) ;
#4475 = NEXT_ASSEMBLY_USAGE_OCCURRENCE ( 'NAUO5', ' ', ' ', #4409, #4007, $ ) ;
#4476 = NEXT_ASSEMBLY_USAGE_OCCURRENCE ( 'NAUO6', ' ', ' ', #4409, #4007, $ ) ;
#4477 = NEXT_ASSEMBLY_USAGE_OCCURRENCE ( 'NAUO7', ' ', ' ', #4409, #4007, $ ) ;
#4478 = NEXT_ASSEMBLY_USAGE_OCCURRENCE ( 'NAUO8', ' ', ' ', #4409, #4007, $ ) ;
ENDSEC;
END-ISO-10303-21;
